param_id,smirks,ff_equilibrium,Training_n,Training_mean,Training_std,Training_min,Training_q1,Training_median,Training_q3,Training_max,Training_iqr,Training_whisker_low,Training_whisker_high,Validation_n,Validation_mean,Validation_std,Validation_min,Validation_q1,Validation_median,Validation_q3,Validation_max,Validation_iqr,Validation_whisker_low,Validation_whisker_high,Sage 2.3.0 Train_n,Sage 2.3.0 Train_mean,Sage 2.3.0 Train_std,Sage 2.3.0 Train_min,Sage 2.3.0 Train_q1,Sage 2.3.0 Train_median,Sage 2.3.0 Train_q3,Sage 2.3.0 Train_max,Sage 2.3.0 Train_iqr,Sage 2.3.0 Train_whisker_low,Sage 2.3.0 Train_whisker_high
b0,[#1X1;!r3;!r4;!r5;!r6;!r7;!r8:1]~[#6X4;!r3;!r4;!r5;!r6;!r7;!r8:2],1.0914485454559326,7637044,1.0954650403454278,0.028405529362498527,0.9063470278206465,1.079749631096047,1.0950397493079014,1.1107076568221925,1.2746280642520524,0.030958025726145477,1.033312592506829,1.1571446954114109,357122,1.0958147940096379,0.028385576203107808,0.933366946597592,1.0801006227239878,1.0953297461422506,1.111014300114452,1.2571237222098965,0.030913677390464134,1.0337301066382916,1.157384816200148,10694,1.093000473991599,0.006888203552878579,1.0618321366778862,1.0922016422832392,1.0948069581624422,1.0965313656961153,1.1374656578211269,0.004329723412876074,1.0857070571639251,1.1030259508154294
b1,[#1X1;!r3;!r4;!r5;!r6;!r7;!r8:1]~[#6X3;r6:2],1.0812537670135498,4647161,1.0869874379557076,0.027151158670401267,0.9162578720012525,1.072248766675351,1.08655824374903,1.1012453818750172,1.2704748586740444,0.02899661519966612,1.028753843875852,1.1447403046745164,126031,1.086889367674845,0.027255369024856,0.9349580440907302,1.072243125396859,1.086401602251808,1.1012315813214484,1.2334391323167642,0.02898845592458943,1.028760441509975,1.1447142652083326,4722,1.0861840992256016,0.002319160491239856,1.0769565746679544,1.085100891934353,1.086367929659848,1.0869843307347453,1.1058690629705334,0.001883438800392323,1.0822757337337645,1.0898094889353338
b2,[#1X1;!r3;!r4;!r5;!r6;!r7;!r8:1]~[#6X4;r6:2],1.0935728549957275,2318314,1.0960470210958646,0.028285184133941668,0.9252261849071413,1.080456825678215,1.0955939805375507,1.1111198939850548,1.2699324214634622,0.030663068306839847,1.0344622232179552,1.1571144964453146,125796,1.0961156582019074,0.028297001946263726,0.9298689370841949,1.0805116710972134,1.0955752319778607,1.1111404758965575,1.2481193205813792,0.030628804799344156,1.0345684638981971,1.1570836830955737,5116,1.0973179664992432,0.004474609168979081,1.0598304102704563,1.0954234214076688,1.096780628846136,1.098311389939457,1.1630599091873752,0.0028879685317881876,1.0910914686099864,1.1026433427371392
b3,[#6X4;!r3;!r4;!r5;!r6;!r7;!r8:1]~[#6X4;!r3;!r4;!r5;!r6;!r7;!r8:2],1.5183680057525635,1185609,1.5407260591978262,0.03365731230627283,1.3217615096148028,1.5210190108185753,1.539468399238028,1.5591960928487818,1.7740851714785817,0.03817708203020653,1.4637533877732656,1.6164617158940917,55923,1.5416327545473019,0.03447300156762598,1.3573496407071486,1.521287214795354,1.5399264821572285,1.560357738546784,1.7150503080351107,0.03907052375142994,1.462681429168209,1.6189635241739289,1946,1.531558374907529,0.01040380489345621,1.4849508445554607,1.5266813192223851,1.53112635869828,1.5350070746406308,1.6058474937993465,0.00832575541824565,1.5141926860950168,1.5474957077679994
b4,[#1X1;!r3;!r4;!r5;!r6;!r7;!r8:1]~[#6X4;r5:2],1.0920841693878174,1126548,1.096149111666199,0.028336932364175716,0.9156243073745163,1.0804773997830508,1.0957276622552514,1.111307310127405,1.2719970567400185,0.030829910344354117,1.0342325342665197,1.1575521756439362,75544,1.0964465874136544,0.028329510247621547,0.9603588944983842,1.080794268605054,1.0959547064684383,1.1116893844945395,1.2424775357054951,0.03089511588948546,1.0344515947708257,1.1580320583287675,3264,1.095497210474838,0.004371725082216752,1.0287945919640509,1.093665769134966,1.0949812608283684,1.096908037685764,1.1503031475277223,0.003242268550798011,1.088802366308769,1.101771440511961
b5,[#1X1;!r3;!r4;!r5;!r6;!r7;!r8:1]~[#7X3;!r3;!r4;!r5;!r6;!r7;!r8:2],1.0123867988586426,899589,1.0168837699793314,0.02522564840610596,0.8698886155988778,1.0025180558318227,1.0166532603920921,1.030948530058288,1.1818970524520027,0.028430474226465163,0.959872344492125,1.0735942413979855,35795,1.0183645372463557,0.025003480740967348,0.882544975402169,1.0042453681964416,1.01811412730707,1.0321704349841492,1.1567076832047147,0.027925066787707564,0.9623577680148803,1.0740580351657105,1242,1.012900341700923,0.011090163263165748,0.9584988250025634,1.0112821877692935,1.0158506251812485,1.018960994944978,1.0637325700653684,0.007678807175684588,0.9997639770057666,1.030479205708505
b6,[#6X3;!r3;!r4;!r5;!r6;!r7;!r8:1]~[#8X1;!r3;!r4;!r5;!r6;!r7;!r8:2],1.211145281791687,676782,1.22726853206364,0.023709651552890943,1.092366768030431,1.2135782120385743,1.2267297933216283,1.2404177052585474,1.3783173773284636,0.026839493219973143,1.1733189722086146,1.2806769450885072,15799,1.2275658412564046,0.024355504471104537,1.08765731792887,1.2133004899643205,1.2264546544095765,1.241029885252533,1.3581976544334293,0.0277293952882125,1.1717063970320019,1.2826239781848519,870,1.2324893310794538,0.02138558731882822,1.1906026210198735,1.2220312636098511,1.2243254476288314,1.2336377378126049,1.4022411566379878,0.011606474202753736,1.2046215523057207,1.2510474491167356
b7,[#1X1;!r3;!r4;!r5;!r6;!r7;!r8:1]~[#6X3;r5:2],1.0903083086013794,650705,1.0871546302858364,0.027291963586960212,0.920219062388163,1.0722301427930905,1.0867489490045588,1.101640823712549,1.2590828611061924,0.02941068091945853,1.0281141214139027,1.1457568450917368,28795,1.0875953261739604,0.02722660767869037,0.9541542632755532,1.0727077324699974,1.0870998788145607,1.102101161290054,1.2168678362585523,0.029393428820056577,1.0286175892399125,1.1461913045201388,1519,1.0820789336869205,0.003991884152645193,1.071783602704739,1.0800873731147422,1.0815261906411866,1.0835964848505824,1.1116911881196065,0.0035091117358401203,1.074823705510982,1.0888601524543424
b8,[#6X4;!r3;!r4;!r5;!r6;!r7;!r8:1]~[#7X3;!r3;!r4;!r5;!r6;!r7;!r8:2],1.4480880498886108,518610,1.4749316887973531,0.02985708857211959,1.3073328247696618,1.4574020294712144,1.4743249356394628,1.4917807545701944,1.6456749345934325,0.03437872509897999,1.4058339418227446,1.5433488422186645,18999,1.476814753960186,0.029900140487254572,1.3292446945728777,1.4593341712228785,1.4762652976237178,1.493286353545171,1.6183314624373097,0.03395218232229258,1.4084058977394396,1.54421462702861,441,1.461956897023345,0.01381645438909715,1.4139883773143134,1.4552062817584543,1.4624555084673105,1.4697086332170777,1.5268874519784386,0.01450235145862333,1.4334527545705193,1.4914621604050127
b9,[#6X4;!r3;!r4;!r5;!r6;!r7;!r8:1]~[#8X2;!r3;!r4;!r5;!r6;!r7;!r8:2],1.4295952320098877,481492,1.4376234663964575,0.029131346184609056,1.2482568459371652,1.421156695483961,1.4371794373124458,1.4535515740542684,1.6083351071820169,0.03239487857030743,1.3725643776284997,1.5021438919097294,23096,1.436576025226094,0.029303059471899127,1.2983162617150774,1.4198466708469102,1.436272634555373,1.4529188780972122,1.5845607544502829,0.03307220725030202,1.3702383599714572,1.5025271889726652,627,1.4255793615497727,0.012008777766902531,1.358878999584223,1.4205206327735622,1.4244601943302637,1.4309995127018231,1.4785345057096786,0.010478879928260909,1.4048023128811709,1.4467178325942145
b10,[#6X3;!r3;!r4;!r5;!r6;!r7;!r8:1]~[#6X4;!r3;!r4;!r5;!r6;!r7;!r8:2],1.5182329416275024,466369,1.5287908045489824,0.033811923406276145,1.3339855305393156,1.507930460632443,1.5281710860605104,1.5491343791626777,1.7152127309955376,0.04120391853023464,1.4461245828370912,1.6109402569580298,18046,1.5214475130289322,0.03404052390402687,1.3800177674591443,1.5006107624228118,1.520084000896585,1.5414759567419567,1.681784326150783,0.040865194319144926,1.4393129709440944,1.602773748220674,899,1.511242338430343,0.013296265094094935,1.4753354674154548,1.5017520166701548,1.5083986593312493,1.5175677799003355,1.5952681276610645,0.015815763230180746,1.4780283718248837,1.5412914247456067
b11,[#6X3;r6:1]~[#6X4;!r3;!r4;!r5;!r6;!r7;!r8:2],1.499259352684021,447241,1.5169123312718293,0.032919830609390424,1.3411418403228925,1.4974055371979218,1.515843911661344,1.5354530732753473,1.724951119825271,0.0380475360774255,1.4403342330817837,1.5925243773914857,14299,1.5184539334693812,0.03288836691091149,1.3702737307745771,1.4986995669648557,1.517560708568276,1.537451048319761,1.6847758125065642,0.03875148135490525,1.4405723449324979,1.5955782703521189,266,1.508033216894596,0.010590066584545354,1.484862067343389,1.499921830279629,1.5087379987054828,1.5157319262884645,1.5395529020786902,0.015810096008835428,1.484862067343389,1.5394470703017178
b12,[#6X3;!r3;!r4;!r5;!r6;!r7;!r8:1]~[#7X3;!r3;!r4;!r5;!r6;!r7;!r8:2],1.3617583513259888,439454,1.3690322902732353,0.035349252192861676,1.1659920552386989,1.344966406931126,1.3719126354118645,1.3926188174641811,1.5431279009675918,0.047652410533055134,1.2734877911315432,1.4640974332637637,11699,1.3776509156656624,0.033378551423110664,1.2062334038392022,1.358661410813585,1.3794280730692856,1.3984521149871796,1.5195287904071864,0.03979070417359454,1.2989753545531932,1.4581381712475714,377,1.3657105612379206,0.03208748977068634,1.2701971102208158,1.3411862460043003,1.3699282713446577,1.3849560112523132,1.5518358265309276,0.043769765248012904,1.275531598132281,1.4506106591243326
b13,[#1X1;!r3;!r4;!r5;!r6;!r7;!r8:1]~[#8X2;!r3;!r4;!r5;!r6;!r7;!r8:2],0.9693056344985962,421936,0.9754499068993882,0.024216243648887026,0.8274798609754365,0.961512873631116,0.9750895043283534,0.9890457125115781,1.1311762429504733,0.027532838880462096,0.9202136153104229,1.0303449708322714,27451,0.9763647178982109,0.02413964896699833,0.8555248155427672,0.9624689080562375,0.9761627351372014,0.9899686013865581,1.1012622950148934,0.02749969333032054,0.9212193680607568,1.031218141382039,1078,0.9741951032510031,0.008238820416487394,0.9570191522389487,0.9696490882026378,0.9723803349682687,0.9790790850647932,1.0836299597647463,0.009429996862155399,0.9570191522389487,0.9932240803580263
b14,[#1X1;!r3;!r4;!r5;!r6;!r7;!r8:1]~[#6X3;!r3;!r4;!r5;!r6;!r7;!r8:2],1.0927350521087646,310898,1.0871520243805624,0.027348252678439464,0.9108215402143104,1.0721208255524561,1.0867307852026693,1.1017517349512338,1.2429399802867123,0.02963090939877766,1.0276744614542896,1.1461980990494003,25794,1.0872180101053601,0.027555735295842106,0.971292616433005,1.0719584565974425,1.0868191673564465,1.1018609651686815,1.2398283894644284,0.029902508571238995,1.027104693740584,1.14671472802554,1536,1.0895624618260624,0.007639794164941878,1.0748008175221548,1.0848573170340088,1.0869784688722444,1.0897942743171865,1.1509044949772693,0.004936957283177668,1.0774518811092424,1.097199710241953
b15,[#6X3;r6:1]~[#8X2;!r3;!r4;!r5;!r6;!r7;!r8:2],1.3683544397354126,304488,1.3731466682033018,0.027597414157540235,1.214524060886924,1.3575738078387731,1.373174542965828,1.3886210621143678,1.523733618952059,0.031047254275594627,1.311002926425381,1.4351919435277596,11148,1.3721033550514532,0.028480791434497187,1.2119622294198307,1.35625697471671,1.371908774319863,1.387914039057069,1.5135572049869912,0.03165706434035909,1.3087713782061714,1.4353996355676077,253,1.3666091798087099,0.019141890931684696,1.2886143635337497,1.3614586820521086,1.363438410395549,1.3775421745688636,1.4107245055870097,0.016083492516755005,1.3373334432769761,1.4016674133439961
b16,[#6X3;r6:1]~[#7X3;!r3;!r4;!r5;!r6;!r7;!r8:2],1.3998006582260132,303748,1.3875723296181357,0.03600376017585651,1.206617845560432,1.3653738748370199,1.3900892026471263,1.4109190593615606,1.5527723445897936,0.045545184524540705,1.2970560980502088,1.4792368361483716,10497,1.3813097281320474,0.037380002894540375,1.2048819981220509,1.357276358595181,1.3835648884026066,1.4061556822981793,1.5231321751264906,0.0488793237029983,1.2839573730406837,1.479474667852677,208,1.403728152936434,0.020244284137135048,1.3486304562632312,1.391645670673872,1.4091813809493048,1.4148890596702424,1.44810455734033,0.02324338899637035,1.3567805871793164,1.44810455734033
b17,[#6X4;!r3;!r4;!r5;!r6;!r7;!r8:1]~[#9X1;!r3;!r4;!r5;!r6;!r7;!r8:2],1.3409826755523682,300561,1.3628354649600745,0.029383586747515844,1.1959865470536262,1.3464586310590547,1.3624218147910083,1.3786417740555603,1.5328664660920728,0.0321831429965056,1.2981839165642963,1.4269164885503187,14731,1.362896256342663,0.029372815554728007,1.2249681941094652,1.3466380185076454,1.362438247065699,1.3784128646367804,1.4993521886110526,0.03177484612913495,1.2989757493139429,1.4260751338304827,174,1.3546838030052561,0.01260617435705636,1.3293861104443754,1.349018452431085,1.3530472791713524,1.358841013373112,1.4062377588881936,0.009822560942026826,1.3342846110180449,1.3735748547861522
b18,[#6X3;r6:1]~[#8X1;!r3;!r4;!r5;!r6;!r7;!r8:2],1.1996244192123413,250317,1.2253835771162944,0.023208535395785993,1.085611632891726,1.2121230073526954,1.2251689845354958,1.2382901890421814,1.3796267632790493,0.026167181689485952,1.1728722348184664,1.2775409615764102,10047,1.227032565854185,0.024727871851093985,1.1217223306528645,1.2126976744224631,1.226098809691505,1.23993392419712,1.3808097206167849,0.027236249774656773,1.171843299760478,1.280788298859105,351,1.225283391380128,0.009973782991063156,1.1960035725634863,1.2210011531872333,1.2247077636684804,1.2299597655983212,1.2851271891549791,0.008958612411087863,1.2075632345706016,1.243397684214953
b19,[#6X3;r5:1]~[#6X4;!r3;!r4;!r5;!r6;!r7;!r8:2],1.5109505653381348,233580,1.5093612857407075,0.03254497884225728,1.3396448826476224,1.4906009659823913,1.50851479205497,1.5274261126877766,1.6884200043377342,0.03682514670538528,1.4353632459243135,1.5826638327458546,10450,1.509216950550662,0.032609918637593195,1.3730003484129014,1.4899657139906874,1.5084197810653706,1.5271348758091732,1.6427270526487485,0.03716916181848573,1.4342119712629589,1.5828886185369018,213,1.4978249707421214,0.013253454892901691,1.4587692548257107,1.4903405290918315,1.500323484955756,1.5077066089270976,1.5212221109855149,0.01736607983526617,1.4642914093389323,1.5212221109855149
b20,[#17X1;!r3;!r4;!r5;!r6;!r7;!r8:1]~[#6X3;r6:2],1.748051404953003,224755,1.7504811087613423,0.03705112581690604,1.54589860734249,1.7294829683110509,1.7500188225594395,1.7709684654494922,1.991147900937934,0.041485497138441296,1.667254722603389,1.833196711157154,6750,1.7517914277140743,0.03746348216566357,1.5829312129037971,1.7305493058640633,1.7510989172906641,1.771991656570255,1.907824750002402,0.04144235070619162,1.6683857798047759,1.8341551826295424,45,1.742100281386386,0.019298392625393325,1.687839059623128,1.7217224877932098,1.7451576684897199,1.7578414913369076,1.772556195539673,0.03611900354369779,1.687839059623128,1.772556195539673
b21,[#1X1;!r3;!r4;!r5;!r6;!r7;!r8:1]~[#6X4;r3:2],1.0873303413391113,222185,1.0962314479250452,0.02820918195578835,0.9350421844913283,1.080773765222307,1.0957138309468795,1.1110939890259932,1.2496607600392335,0.030320223803686153,1.035293429516778,1.1565743247315226,16250,1.0956921952480971,0.028188199217750162,0.9520298542020003,1.0803289767354811,1.0953891055367475,1.1109231675325613,1.2266635628690348,0.030594190797080145,1.034437690539861,1.1568144537281815,1605,1.0849142236978189,0.0037884228643640565,1.0610252822131332,1.0832215284399962,1.0854185421225597,1.0867374716255296,1.099718980823415,0.003515943185533388,1.0779476136616961,1.0920113864038297
b22,[#6X3;!r3;!r4;!r5;!r6;!r7;!r8:1]~[#6X3;r6:2],1.4963711500167847,213302,1.4722393383557324,0.04027791416871596,1.276993960502689,1.4526385585106256,1.4754892206499108,1.4961649152833076,1.7008177869990355,0.04352635677268202,1.3873490233516026,1.5614544504423307,5649,1.4531527949194831,0.04998644823566828,1.2810656092109332,1.4135351530947198,1.4636418361217607,1.4877725515576714,1.6275584059810613,0.07423739846295163,1.3021790554002923,1.5991286492520989,142,1.4420948233596775,0.06527928028671688,1.3315350638002945,1.3524828151168764,1.4671157349532211,1.4918804988482588,1.561769932420627,0.1393976837313824,1.3315350638002945,1.561769932420627
b23,[#6X3;!r3;!r4;!r5;!r6;!r7;!r8:1]~[#8X2;!r3;!r4;!r5;!r6;!r7;!r8:2],1.3500803709030151,206576,1.3607912209541078,0.0304451569000853,1.1258414450677177,1.3434559497199903,1.3602246682202277,1.3776454865880985,1.5456506011013003,0.03418953686810822,1.292171644417828,1.4289297918902608,6650,1.3605518832207164,0.02998689933926445,1.2099490186987418,1.3436596866345294,1.3600934493696153,1.3770982980149555,1.5068879301715434,0.03343861138042614,1.2935017695638902,1.4272562150855947,320,1.3488926951783078,0.026744184979860273,1.2935888306398602,1.3447814356455883,1.358551876084512,1.3640125325022774,1.4338725129202474,0.01923109685668911,1.3159347903605547,1.3928591777873112
b24,[#16X4;!r3;!r4;!r5;!r6;!r7;!r8:1]~[#8X1;!r3;!r4;!r5;!r6;!r7;!r8:2],1.437515377998352,194468,1.470749581522865,0.023359448780040367,1.3301598311711673,1.4575872240483756,1.4705609923727962,1.4837118118433215,1.6227000247501793,0.026124587794945864,1.4184003423559568,1.5228986935357403,6186,1.4702905168382692,0.023616513988942295,1.357265362547781,1.4569092082249295,1.4698917656532737,1.4830266662066478,1.5717578348021868,0.026117457981718273,1.417733021252352,1.522202853179225,888,1.4612241218348678,0.008913513091078998,1.4407176092826637,1.4530484998087243,1.461893121492233,1.4671525648878212,1.5092373316503147,0.014104065079096895,1.4407176092826637,1.4883086625064665
b25,[#1X1;!r3;!r4;!r5;!r6;!r7;!r8:1]~[#7X3;r5:2],1.0070502758026123,191720,1.0194822204312768,0.02484978405017644,0.875746507970542,1.0056009373491936,1.0192017253097005,1.032960390637703,1.161245883305768,0.027359453288509306,0.9645617574164297,1.073999570570467,10346,1.0204185329230502,0.02451434228745588,0.9211159927998657,1.0067613286894956,1.0198228369572484,1.0338072343966171,1.1337318767515918,0.02704590570712151,0.9661924701288134,1.0743760929572994,678,1.0150303161873961,0.004360607765215223,1.006396593819184,1.011676105812961,1.0147922435542256,1.0174547092502828,1.037774809363296,0.005778603437321728,1.006396593819184,1.0261226144062654
b26,[#6X3;!r3;!r4;!r5;!r6;!r7;!r8:1]~[#6X3;!r3;!r4;!r5;!r6;!r7;!r8:2],0.5942203998565674,170681,1.412892673773988,0.051723049752962345,1.2449235127595726,1.3757160925051448,1.3975503088292753,1.4525763325000307,1.6614006727821946,0.07686023999488589,1.2604257325128159,1.5678666924923594,12197,1.4045947227960582,0.04846935868509262,1.2573694768890602,1.3724696618998717,1.391215218168665,1.4328568959506107,1.6247258297549867,0.06038723405073898,1.2818888108237632,1.523437747026719,608,1.3755697240311504,0.05646315535066095,1.3270639463603182,1.3411062884250897,1.3437808985313753,1.4450605585221297,1.5730443545527084,0.10395427009703995,1.3270639463603182,1.5730443545527084
b27,[#1X1;!r3;!r4;!r5;!r6;!r7;!r8:1]~[#6X4;r7:2],1.094441294670105,161803,1.0958727488916036,0.028285725912195237,0.937605711062193,1.0803086617900923,1.0953881059070987,1.1109415948478112,1.2594804065001137,0.03063293305771886,1.034359262203514,1.1568909944343895,7298,1.096243502272984,0.027939605153569077,0.9619664665731699,1.0813387916583859,1.0957564970982938,1.110915262462115,1.2222937407767702,0.02957647080372916,1.0369740854527922,1.1552799686677089,519,1.0971449304977714,0.003212541301721811,1.0877410675075998,1.0951171475763268,1.0971355853837617,1.098395915169747,1.110942982439013,0.003278767593420273,1.0901989961861964,1.1033140665598775
b28,[#6X4;!r3;!r4;!r5;!r6;!r7;!r8:1]~[#6X4;r6:2],1.5197221040725708,155994,1.5477699279559802,0.03462751304966245,1.3799310347606941,1.527074503478226,1.546066464867954,1.567018290362988,1.7415702463760867,0.039943786884761856,1.4671588231510833,1.6269339706901307,10450,1.546972971197044,0.033989500626321306,1.3910725164385067,1.5269043201855552,1.545512998356335,1.5660307922320518,1.7031158156982038,0.03912647204649655,1.4682146121158104,1.6247205003017966,283,1.539774748369949,0.012213241892782327,1.492152419780412,1.5303769584290496,1.5399780879187503,1.5472426375540245,1.6047954040784926,0.01686567912497483,1.5050784397415873,1.5725411562414866
b29,[#6X3;r6:1]~[#9X1;!r3;!r4;!r5;!r6;!r7;!r8:2],1.3571614027023315,153881,1.355147709828611,0.02694422277496658,1.2016167610726576,1.3401525820181466,1.3547629941795387,1.369798112801823,1.5132980840499035,0.029645530783676488,1.2956842858426318,1.4142664089773378,6040,1.3557978286389933,0.027092198032246998,1.238950585423698,1.3407924903613968,1.3554253426191447,1.3702484151296246,1.4841567957153876,0.02945592476822778,1.2966086032090551,1.4144323022819663,34,1.3462704330910735,0.006725949087172033,1.3354640376413758,1.3410008031498504,1.345324890733338,1.3490211372797274,1.3623851824865512,0.008020334129877016,1.3354640376413758,1.3610516384745428
b30,[#6X4;!r3;!r4;!r5;!r6;!r7;!r8:1]~[#7X3;r5:2],1.4484819173812866,153181,1.4733491748479997,0.02899027429726513,1.3287732335983597,1.4565980684281403,1.4727442865683522,1.4894125799086386,1.6376360282629638,0.0328145114804983,1.407376301207393,1.5386343471293862,5250,1.4721868210878917,0.028819642448443584,1.3622859386918755,1.4554706907238388,1.4715863922139845,1.4881575258111799,1.6179904093968807,0.03268683508734105,1.4064404380928273,1.5371877784421915,107,1.4574952195691195,0.01527147674756385,1.410183396038905,1.4470673094563136,1.4560347490649301,1.4674698397880825,1.4879498853798534,0.020402530331768975,1.41646351395866,1.4879498853798534
b31,[#6X3;r5:1]~[#8X1;!r3;!r4;!r5;!r6;!r7;!r8:2],1.205061912536621,147931,1.2245414039138616,0.02296335663649628,1.0993446109021137,1.2114143809787348,1.2242817353474948,1.2373635211728953,1.37398628684595,0.025949140194160503,1.172490670687494,1.276287231464136,5499,1.224269849829215,0.023170803470014937,1.1178631513429933,1.2110348847674706,1.224296148879588,1.2374953122824728,1.3156895656872962,0.026460427515002216,1.1713442434949672,1.277185953554976,295,1.2164235669067591,0.007910297785319475,1.1926167130060314,1.2112362666024628,1.2176359251640065,1.2215038052778129,1.253988998815545,0.01026753867535013,1.1958349585894377,1.2369051132908382
b32,[#6X3;r5:1]~[#6X3;r6:2],1.484386682510376,140444,1.4756426360523287,0.033662965867965064,1.2818749034260197,1.4567668935564284,1.475647782747687,1.4948747442586454,1.6513110352648954,0.038107850702217005,1.399605117503103,1.552036520311971,3450,1.474242279853805,0.03486825577544063,1.3227734300977623,1.454827307165626,1.4747236359968139,1.4944950788295823,1.6158378273591691,0.03966777166395641,1.3953256496696913,1.553996736325517,42,1.4616179412038994,0.023763098750073947,1.3386598940336363,1.4620133985935801,1.4658939202333974,1.4709043428508328,1.494878860236923,0.008890944257252675,1.4486769822077012,1.484240759236712
b33,[#6X3;!r3;!r4;!r5;!r6;!r7;!r8:1]~[#6X3;r5:2],1.4515550136566162,137693,1.4567217627721063,0.04722159857348734,1.267775290754977,1.430183158184197,1.463815295895404,1.487327122651855,1.6698810488774622,0.057143964467657904,1.3444672114827103,1.573043069353342,6849,1.4442773503332134,0.052601358283647565,1.2700965368734454,1.3991430643163127,1.4545710339239284,1.4823303830136114,1.6269823112993018,0.08318731869729867,1.2743620862703646,1.6071113610595593,134,1.416424515170543,0.07161431130331083,1.328777772671537,1.3375745695629726,1.4308062610992862,1.4822283624503318,1.5375219288268904,0.14465379288735924,1.328777772671537,1.5375219288268904
b34,[#6X4;!r3;!r4;!r5;!r6;!r7;!r8:1]~[#6X4;r5:2],1.516057014465332,120733,1.5453568206186956,0.034242875320649895,1.3588417807553308,1.5247925810365606,1.5439126405187986,1.5645585791008854,1.7304857565218559,0.03976599806432479,1.4651435839400735,1.6242075761973727,8450,1.5465267640421552,0.034871796015087435,1.3985839515591385,1.5253165322608537,1.5449931135869015,1.566191007014027,1.7029335867624438,0.040874474753173295,1.4640048201310938,1.627502719143787,225,1.5328384966987152,0.01551670829632644,1.4748977881790046,1.5219902119979194,1.5300485561778827,1.5425689004061955,1.586986267382633,0.020578688408276147,1.4911221793855052,1.5734369330186098
b35,[#1X1;!r3;!r4;!r5;!r6;!r7;!r8:1]~[#7X3;r6:2],1.0182231664657593,118141,1.0166663397700857,0.024740559373946792,0.8849559901823064,1.0027298367982165,1.0165115164203846,1.030382180812805,1.1524927207282731,0.027652344014588603,0.9612513207763336,1.071860696834688,6496,1.017541804839299,0.02475618693016086,0.8805882931120579,1.003180976289515,1.017336580405703,1.0309567823643229,1.1194661206728826,0.027775806074807896,0.9615172671773031,1.0726204914765347,330,1.016077978965208,0.004215647557650103,1.006444405839533,1.0136350165622505,1.0156775614770899,1.0185800107732663,1.053260552661588,0.004944994211015796,1.006444405839533,1.02599750208979
b36,[#1X1;!r3;!r4;!r5;!r6;!r7;!r8:1]~[#6X4;r4:2],1.0912928581237793,111338,1.0962890195097843,0.028114689067278445,0.926899938258762,1.0808836707887606,1.0959891858356037,1.1111803693729756,1.2587308635211472,0.03029669858421502,1.0354386229124382,1.1566254172492982,5636,1.0962523818624794,0.028133238836296176,0.9793017475737181,1.0810004170564849,1.095658360058025,1.1117083570258917,1.219630501688766,0.030707939969406794,1.0349385071023747,1.1577702669800018,537,1.0944381278790727,0.0031866167613905897,1.0686582196568282,1.0929025730243624,1.0944855126938768,1.0959318747306972,1.1145429325362763,0.0030293017063347527,1.0883586204648603,1.1004758272901993
b37,[#6X4;!r3;!r4;!r5;!r6;!r7;!r8:1]~[#7X3;r6:2],1.4638433456420898,110440,1.4785909731359133,0.029264806868365918,1.331108235076019,1.4614028988529553,1.477913233653216,1.494971112866234,1.6492645537539419,0.0335682140132787,1.4110505778330373,1.5453234338861521,3000,1.479421607739864,0.02981150206849344,1.3673015481110515,1.461770706903859,1.478502091314866,1.4951948725849762,1.6284219010976382,0.03342416568111717,1.4116344583821832,1.5453311211066518,94,1.466469398746137,0.011697624577770788,1.4412391620490261,1.4592070010996725,1.4670118633073568,1.4721631685191126,1.4990097527493356,0.012956167419440057,1.4412391620490261,1.4915974196482726
b38,[#16X2;!r3;!r4;!r5;!r6;!r7;!r8:1]~[#6X4;!r3;!r4;!r5;!r6;!r7;!r8:2],1.8316872119903564,105992,1.84260944231264,0.03572242591509948,1.6366114067188895,1.82216522904928,1.8420407216725239,1.86247374218737,2.0291366412127685,0.04030851313809003,1.7617024593421449,1.922936511894505,5000,1.8441903465041716,0.035161248832720926,1.699610780004804,1.824424530054857,1.8437305615328636,1.8637662099325174,1.999057144846936,0.03934167987766046,1.7654120102383661,1.922778729749008,99,1.839716033113937,0.020867510590560325,1.8020915743263268,1.8260166097893336,1.838272799288375,1.8512704529901558,1.911047426608644,0.025253843200822246,1.8020915743263268,1.8891512177913892
b39,[#6X2;!r3;!r4;!r5;!r6;!r7;!r8:1]~[#7X1;!r3;!r4;!r5;!r6;!r7;!r8:2],1.1494139432907104,91646,1.1660269067678175,0.019434923905760966,1.0672681073913397,1.1548204704607379,1.16595472440925,1.1771303756699627,1.2715164077993923,0.022309905209224823,1.1213556126469006,1.2105952334838,4100,1.1663433804982617,0.019688510649153796,1.0813705079072227,1.1549595994584003,1.166385432057655,1.177559288752418,1.254154514908053,0.022599689294017677,1.1210600655173737,1.2114588226934444,117,1.1614831113440351,0.002590714723406101,1.1542364378254144,1.160276923201425,1.1606737079969531,1.1610802378857497,1.1771728337072782,0.0008033146843247074,1.1590719511749379,1.1622852099122367
b40,[#6X3;r5:1]~[#7X3;!r3;!r4;!r5;!r6;!r7;!r8:2],1.4068279266357422,89893,1.385117904089344,0.03285869542947265,1.1969820843125718,1.364766289358387,1.3853921320099332,1.405811926814006,1.544450810884097,0.041045637455618955,1.3031978331749585,1.4673803829974343,2950,1.386554550005738,0.03282907613034799,1.2435377838262092,1.366638409433216,1.3865283654688247,1.406890372205601,1.5133553736415064,0.040251962772384964,1.3062604652746386,1.4672683163641784,112,1.3851688559207243,0.019276431497658127,1.3442396869399402,1.3696335239166153,1.3869837388326207,1.3958646636966616,1.4402258716619636,0.02623113978004632,1.3442396869399402,1.435211373366731
b41,[#6X3;r6:1]~[#6X3;r6:2],1.4839537143707275,87431,1.4792765591374153,0.03382069389204893,1.2663688026911537,1.4598709960826841,1.4790286646525082,1.4985169086502963,1.6605601497572076,0.038645912567612184,1.4019021272312657,1.5564857775017145,1698,1.47482795540029,0.035316220009232555,1.3381072620365517,1.455764596754243,1.47777499310198,1.4964420058740688,1.6022773380849897,0.04067740911982587,1.3947484830745043,1.5574581195538078,50,1.4724557487752734,0.01681682014492898,1.4394535485912543,1.4514269714369579,1.4806013446388915,1.4874032744512375,1.4923921751736013,0.035976303014279676,1.4394535485912543,1.4923921751736013
b42,[#7X3;!r3;!r4;!r5;!r6;!r7;!r8:1]~[#8X1;!r3;!r4;!r5;!r6;!r7;!r8:2],1.2066432237625122,86591,1.2369676310286009,0.027966615490705782,1.0916164170490186,1.2215538195067215,1.2366035203325303,1.2520948042953357,1.3983884351246172,0.030540984788614223,1.1757423423238,1.297906281478257,2699,1.236707534137297,0.027968984422444377,1.1257389408726628,1.221019341157006,1.2362686412208932,1.251841259853237,1.383914008433882,0.030821918696230854,1.1747864631126599,1.2980741378975833,91,1.2659276645117354,0.05510266997381618,1.2056768896309633,1.2353822719926082,1.2476921718820417,1.2727468170561405,1.4594335883708336,0.03736454506353226,1.2056768896309633,1.3287936346514388
b43,[#6X3;r6:1]~[#7X3;r5:2],1.4191124439239502,73595,1.4077175335594165,0.02813670563105219,1.2654625551471035,1.3914380612651591,1.4076829760933152,1.4237405902458398,1.554023542823584,0.032302528980680645,1.3429842677941382,1.4721943837168607,1649,1.403642030859699,0.03145081913855386,1.2774715708594717,1.387518444382477,1.405484321949195,1.4222132129564182,1.5192441090692754,0.03469476857394116,1.3354762915215654,1.47425536581733,31,1.409293637959209,0.020487029082292517,1.3442999720573425,1.409670162906597,1.414053816734744,1.4222966324597865,1.4288667092870733,0.012626469553189468,1.390730458576813,1.4288667092870733
b44,[#35X1;!r3;!r4;!r5;!r6;!r7;!r8:1]~[#6X3;r6:2],1.9117311239242554,70247,1.9163995913768366,0.03835612547790192,1.7384381773980475,1.894349316371012,1.9160122248157556,1.9379980649372888,2.1276847464444013,0.043648748566276874,1.8288761935215967,2.003471187786704,3850,1.9185774699674853,0.03908010930661365,1.7572002620256018,1.896328344750701,1.9177687637758427,1.9392278662399194,2.0966614214723736,0.042899521489218495,1.831979062516873,2.003577148473747,14,1.8864555562557175,0.002236386350449471,1.8815220234305816,1.8854722623920974,1.8854725342551317,1.8877698524528164,1.8899275667654585,0.002297590060718946,1.882025877301019,1.8899275667654585
b45,[#6X3;!r3;!r4;!r5;!r6;!r7;!r8:1]~[#7X2;!r3;!r4;!r5;!r6;!r7;!r8:2],1.2087342739105225,68943,1.3151800289840638,0.03652045431647981,1.1559242154337066,1.2927238430228374,1.312107351886641,1.3317972542441974,1.5174241263599324,0.03907341122135999,1.2341137261907975,1.3904073710762375,4200,1.3191429069376719,0.04231381724983448,1.183769865696065,1.2919737291976592,1.313202356961748,1.3384292084078497,1.4907072969087947,0.04645547921019055,1.2222905103823734,1.4081124272231356,71,1.3151057465400138,0.04961358669150545,1.264811425396327,1.2855763911617986,1.2936604387738084,1.327134268966165,1.4660472917812664,0.04155787780436637,1.264811425396327,1.3894710856727146
b46,[#6X4;r6:1]~[#8X2;!r3;!r4;!r5;!r6;!r7;!r8:2],1.4134279489517212,66379,1.436548646766424,0.03087419400158565,1.2766004887442979,1.4189484384823416,1.4360987659505409,1.4535683945443896,2.093699222481972,0.03461995606204793,1.3670185043892698,1.5054983286374615,7000,1.4346899295218967,0.03045208459359676,1.3115137600900257,1.4168051999762707,1.434541648998841,1.4521037045844345,1.5711767935861647,0.03529850460816375,1.3638574430640251,1.5050514614966801,359,1.4278518507385412,0.0073801514034205935,1.4020414331069275,1.424919832567367,1.4268142339850043,1.428521802364703,1.4716614391026388,0.0036019697973359577,1.4195168778713632,1.433924757060707
b47,[#16X4;!r3;!r4;!r5;!r6;!r7;!r8:1]~[#6X3;r6:2],1.8229025602340698,57537,1.8239671631251106,0.0342866856546898,1.6680246240855117,1.8036112147587209,1.8231240661987285,1.8433696809019844,2.004068931135292,0.039758466143263504,1.7439735155438256,1.9030073801168796,1100,1.8255397117135863,0.03388034806461941,1.6799544251384835,1.8045099912267601,1.8245488555600176,1.8447068884806601,1.9585072543526634,0.040196897253899966,1.7442146453459102,1.90500223436151,135,1.7847206230343806,0.023767466687541393,1.7253067160732638,1.765220671221551,1.7909577570175514,1.800884736258822,1.830675321472843,0.03566406503727104,1.7253067160732638,1.830675321472843
b48,[#16X2;!r3;!r4;!r5;!r6;!r7;!r8:1]~[#6X3;r6:2],1.7899657487869263,51394,1.7676451271749811,0.03357131532149632,1.5992621563636595,1.7484823046870992,1.7670483530833452,1.786160256633956,1.9364248626378386,0.03767795194685686,1.691965376766814,1.8426771845542413,2200,1.7665179349462248,0.03386487770180815,1.6339343820107501,1.7466858965205334,1.7663028521814064,1.7855211352087936,1.9161685652627252,0.03883523868826022,1.6884330384881432,1.843773993241184,30,1.7837994809201447,0.014166892288772789,1.7363606100946147,1.7788706337718492,1.7845733687923944,1.7939280801794202,1.8117828061531904,0.015057446407571007,1.7562844641604927,1.8117828061531904
b49,[#6X2;!r3;!r4;!r5;!r6;!r7;!r8:1]~[#6X3;r6:2],1.4352834224700928,50446,1.43154396380881,0.020073500490904745,1.2696697288249055,1.4204999324844552,1.431644597977948,1.442682703927664,1.5390350981765757,0.022182771443208793,1.387225775319642,1.4759568610924771,1750,1.4315229170445811,0.018837366402198956,1.3560048511835558,1.4207062845960405,1.4321187872689638,1.4425315893234572,1.5007745166562603,0.021825304727416617,1.3879683275049155,1.475269546414582,41,1.4104178691620055,0.04257435389625865,1.3043707197722214,1.4231664986424521,1.427007241274608,1.4293196214907011,1.4376289676443086,0.006153122848248982,1.4139368143700786,1.4376289676443086
b50,[#17X1;!r3;!r4;!r5;!r6;!r7;!r8:1]~[#6X4;!r3;!r4;!r5;!r6;!r7;!r8:2],1.7766696214675903,45389,1.7995062543351847,0.04151550428623375,1.5760524591360374,1.7761645198266254,1.7988568096841406,1.822214053600655,2.022180534255897,0.04604953377402965,1.7070902191655808,1.8912883542616994,6100,1.79920121324015,0.04155340097279038,1.6373326634584924,1.7758455763637548,1.7979826850791674,1.8206373359675008,1.9807306123060044,0.04479175960374593,1.708657936958136,1.8878249753731198,118,1.7900004565124714,0.016809117550615926,1.7608352461027037,1.778615493405395,1.7886383282918894,1.801080250147133,1.833644366652325,0.02246475674173798,1.7608352461027037,1.833644366652325
b51,[#16X4;!r3;!r4;!r5;!r6;!r7;!r8:1]~[#7X3;!r3;!r4;!r5;!r6;!r7;!r8:2],1.713715672492981,43693,1.699701206528126,0.05080853268702729,1.4741839828198315,1.6655225001396339,1.6990987402564417,1.7331262679199957,1.939224766521399,0.06760376778036181,1.5641168484690913,1.8345319195905385,1148,1.6945091267782524,0.048264951487518186,1.5434627905153377,1.6613818528994513,1.6937652998131028,1.7283068286537873,1.8374522432994693,0.06692497575433598,1.5609943892679472,1.8286942922852911,171,1.6997730855510509,0.020216163123681557,1.643802279237971,1.689801113628768,1.698854214749362,1.705765938837625,1.7868127005733532,0.015964825208856892,1.6658538758154826,1.7297131766509102
b52,[#6X3;r6:1]~[#7X3;r6:2],1.4067291021347046,42496,1.4046532384948665,0.028715034851881777,1.2290793631214803,1.3877954653351794,1.4043197912769698,1.4210545108352148,1.5450716454154323,0.033259045500035445,1.3379068970851262,1.470943079085268,700,1.39854841225157,0.034884099520522585,1.2647101124147224,1.3831301859905099,1.4030828603297314,1.4190006649606506,1.5008966251187454,0.03587047897014073,1.3293244675352986,1.4728063834158616,22,1.421382761364658,0.022185047706867893,1.3757873217624192,1.404864995088645,1.4291671485780972,1.439327160324058,1.450203720647133,0.03446216523541312,1.3757873217624192,1.450203720647133
b53,[#15X4;!r3;!r4;!r5;!r6;!r7;!r8:1]~[#8X2;!r3;!r4;!r5;!r6;!r7;!r8:2],1.6373358964920044,42298,1.6190372017965018,0.04643622919663524,1.3765710019575128,1.5872053213926938,1.6230354915387917,1.650054131726545,1.8167926549113163,0.06284881033385115,1.4929321058919172,1.7443273472273217,2850,1.6172557067204156,0.04811791502091391,1.4220507869095247,1.5840895635568724,1.6217931956072844,1.6502927832349714,1.8007653489988458,0.06620321967809906,1.4847847340397238,1.74959761275212,292,1.6216157220599907,0.013134606012100128,1.5753476816433307,1.616288633048383,1.6196181860955923,1.6275541291019047,1.6844298163921838,0.011265496053521673,1.5993903889681005,1.6444523731821872
b54,[#6X2;!r3;!r4;!r5;!r6;!r7;!r8:1]~[#6X4;!r3;!r4;!r5;!r6;!r7;!r8:2],1.469276785850525,41449,1.470095389714858,0.027941995161600407,1.3201703006783154,1.4540405871437434,1.4697433444245946,1.4857461164228871,1.6216497557657679,0.03170552927914372,1.4064822932250278,1.5333044103416027,3700,1.4701510430814964,0.02746022662215755,1.3388681214997176,1.4537778305638736,1.4698582276463288,1.486261869646752,1.5860743003724158,0.032484039082878446,1.4050517719395559,1.5349879282710697,130,1.4638298570574326,0.007175376150832671,1.440497504318589,1.4620064363665848,1.4635137401327967,1.468332850133023,1.4752612542063068,0.006326413766438277,1.4525168157169275,1.4752612542063068
b55,[#6X3;r6:1]~[#7X2;!r3;!r4;!r5;!r6;!r7;!r8:2],0.9894953370094299,40891,1.3607839703839737,0.04783337000552388,1.1823662382184683,1.3195849163206443,1.3718112356377932,1.3963478767207782,1.536214738650432,0.07676296040013386,1.2044404757204434,1.5114923173209789,3199,1.3525832269487004,0.049787987653703535,1.1941475412764297,1.3099336295734654,1.354450286444869,1.393743229685351,1.512287441430024,0.08380960011188554,1.1941475412764297,1.512287441430024,12,1.3657518172274477,0.048848658693566936,1.2766084508011113,1.340274675706473,1.3890684080092632,1.4052922856694336,1.4129588042524375,0.06501760996296069,1.2766084508011113,1.4129588042524375
b56,[#6X4;r5:1]~[#8X2;!r3;!r4;!r5;!r6;!r7;!r8:2],1.4162918329238892,40346,1.4351134898962685,0.030830399142696766,1.2627390705545067,1.4175137350154876,1.4350497629056236,1.4525122916076005,1.578583967688318,0.03499855659211293,1.365015900127318,1.5050101264957698,2375,1.4316212914056285,0.03179109427978175,1.3024832840989193,1.412960115856499,1.431917074306397,1.4496057352263207,1.566948971300674,0.03664561936982169,1.3579916868017665,1.5045741642810533,65,1.4237620595687164,0.01115886238376521,1.4009883358626005,1.4196537225128452,1.4216383717459227,1.4268314141747886,1.4552194961330955,0.007177691661943486,1.40888718501993,1.437597951667704
b57,[#16X4;!r3;!r4;!r5;!r6;!r7;!r8:1]~[#6X4;!r3;!r4;!r5;!r6;!r7;!r8:2],1.841733455657959,39396,1.807288468737205,0.035771823241882245,1.6372284958191212,1.7856423344859815,1.8054659448465,1.8275232558979848,1.9916344078807182,0.04188092141200328,1.7228209523679765,1.8903446380159896,1638,1.80710321418525,0.035532535873641476,1.6576965235087477,1.7860207558669883,1.806279454404392,1.8280100011193776,1.942400117166271,0.04198924525238934,1.7230368879884042,1.8909938689979615,222,1.8045520806653463,0.028030786789876062,1.7515423748029912,1.7776382321918496,1.8056729819678,1.8250679535288368,1.8736318815393331,0.047429721336987196,1.7515423748029912,1.8736318815393331
b58,[#6X2;!r3;!r4;!r5;!r6;!r7;!r8:1]~[#6X2;!r3;!r4;!r5;!r6;!r7;!r8:2],1.1781409978866577,35298,1.225678201509227,0.04940839337914873,1.0897601649844624,1.2034437154663067,1.2174632162128511,1.232452754947787,1.5062921388840653,0.02900903948148037,1.1599301562440862,1.2759663141700077,4025,1.2352113779614415,0.06569997503705774,1.1133754442838577,1.2036149997879768,1.218975060190066,1.236049332521413,1.5110955800051553,0.03243433273343621,1.1549635006878225,1.2847008316215673,249,1.2131705080948918,0.0449814321892574,1.095350154606586,1.2003468922252571,1.200630393205204,1.2010321313950159,1.3726208269313656,0.0006852391697587112,1.1993190334706192,1.202059990149654
b59,[#6X3;r6:1]~[#6X4;r6:2],1.5090744495391846,34097,1.529309955032875,0.0326669019876118,1.3856773713390222,1.5094320689598697,1.5283356265037813,1.5480630532767004,1.694871262307837,0.03863098431683065,1.4514855924846237,1.6060095297519463,1400,1.532030652790277,0.033037676250374626,1.4159212704028417,1.5120171408733019,1.5302751371211007,1.5494296654924276,1.66973728889687,0.0374125246191257,1.4558983539446133,1.605548452421116,24,1.5186884024336378,0.008694967400983028,1.5040930592490203,1.5132674189788684,1.518522455692013,1.5227730154455832,1.539192763152119,0.009505596466714783,1.5040930592490203,1.5370314101456555
b60,[#6X3;r5:1]~[#6X3;r5:2],1.508193016052246,33340,1.465968544190405,0.03780190154174226,1.2750609476965882,1.4468549950190757,1.4680773192336543,1.4881995412247429,1.6397488342469546,0.04134454620566719,1.3848381757105748,1.5502163605332435,1350,1.4658375337887213,0.03454869128890154,1.3068302192843286,1.4482768232712457,1.466921979182469,1.4861002018688112,1.5823428887374278,0.03782337859756546,1.3915417553748974,1.5428352697651593,23,1.4418083148079488,0.01368482791563932,1.4150030288636875,1.440798774233301,1.4458079703234719,1.4509131139598566,1.4590326078694258,0.01011433972655551,1.4256272646434678,1.4590326078694258
b61,[#6X3;!r3;!r4;!r5;!r6;!r7;!r8:1]~[#7X3;r5:2],1.3767770528793335,31649,1.3940733233105191,0.02856965941872057,1.2533597108872028,1.378326318992409,1.3952992180339159,1.410712196571057,1.5372668666877543,0.03238587757864786,1.3297475026244374,1.4592910129390289,850,1.3974801869342643,0.025948364374798354,1.2901459633105812,1.3811170665952015,1.3957886628716252,1.4113772578450077,1.4874176555154466,0.030260191249806168,1.3357267797204924,1.456767544719717,34,1.3953340272416686,0.05762674326825255,1.3201206225855497,1.355914653213921,1.381813798759957,1.4123134098671335,1.5366162620941246,0.05639875665321248,1.3201206225855497,1.4969115448469523
b62,[#6X3;!r3;!r4;!r5;!r6;!r7;!r8:1]~[#7X3;r6:2],1.352294683456421,31346,1.4022423637447765,0.025508752831451605,1.2757223874834154,1.3875512975059112,1.4017615686353941,1.4164230418152683,1.5305580081146022,0.028871744309357128,1.3442436810418754,1.459730658279304,850,1.3967794994236904,0.030473323596647197,1.2373495456542796,1.3826797774247497,1.399392381933763,1.4149903533289976,1.5079515672141597,0.03231057590424791,1.334213913568378,1.4634562171853696,28,1.3910095953907664,0.03921524235467688,1.352582887789507,1.3724992173150545,1.3788556817439293,1.3981629893013579,1.558990034183847,0.02566377198630332,1.352582887789507,1.436658647280813
b63,[#6X4;r6:1]~[#7X3;!r3;!r4;!r5;!r6;!r7;!r8:2],1.4522182941436768,30797,1.4736474028948146,0.03164481486579076,1.3188513955558423,1.455015100707016,1.4729368459317218,1.4920539658412058,1.6310016226730804,0.03703886513418975,1.3994568030057315,1.5476122635424905,1899,1.471626573712032,0.03090079738107012,1.3510506618825961,1.4538717383370119,1.4713006129735777,1.4894154065918328,1.5930153863051175,0.035543668254820915,1.4005562359547805,1.5427309089740642,52,1.464072721817234,0.017021618945874846,1.412145409581942,1.458889972350198,1.4682241568575445,1.4755535621662146,1.488735145509199,0.016663589816016566,1.433894587626173,1.488735145509199
b64,[#6X3;!r3;!r4;!r5;!r6;!r7;!r8:1]~[#6X4;r6:2],1.5219380855560303,30739,1.5392362698257536,0.0338691622621999,1.3722175559313805,1.518420331092489,1.5390668888944066,1.5594247031410449,1.6970882853209839,0.04100437204855578,1.4569137730196555,1.6209312612138786,950,1.5331738686694774,0.03419879604800777,1.4120833027879642,1.511254365846924,1.532649702287528,1.552803421143372,1.6631355356312671,0.041549055296448145,1.4489307829022517,1.6151270040880443,43,1.5125156233961825,0.01487141051739314,1.4934499641055676,1.4978073139125958,1.5070985819424738,1.5246813781242659,1.5420491285869933,0.026874064211670046,1.4934499641055676,1.5420491285869933
b65,[#6X3;!r3;!r4;!r5;!r6;!r7;!r8:1]~[#6X4;r5:2],1.526569128036499,30043,1.5418472668962029,0.03329422137833355,1.3727860776940108,1.5216171819878774,1.541953228065485,1.5615625080355953,1.7152993481295051,0.03994532604771783,1.4616991929163006,1.621480497107172,1849,1.5348385433389473,0.034374056206080084,1.4009473044624372,1.5126515664037232,1.535892118603434,1.5566104696701406,1.674891291901959,0.04395890326641738,1.4467132115040973,1.6225488245697668,43,1.51800212856415,0.022963304607322998,1.4872455370566904,1.4945752325601154,1.5262943004589584,1.5380652934532102,1.5534274033481097,0.04349006089309482,1.4872455370566904,1.5534274033481097
b66,[#16X2;!r3;!r4;!r5;!r6;!r7;!r8:1]~[#6X3;r5:2],1.7847011089324951,28400,1.765306164282517,0.03414352436611337,1.582717335481384,1.7465091443435234,1.7652197792062605,1.7841626804610529,1.9393805014586134,0.03765353611752942,1.6900288401672294,1.840642984637347,1850,1.7637022453824303,0.03384252810137686,1.5955262925462153,1.7445392391120862,1.7634343914682993,1.7821560184122531,1.9204556955429026,0.037616779300166936,1.6881140701618358,1.8385811873625035,39,1.759658994822765,0.014596735196351403,1.7279004022784406,1.7504700596516538,1.7610950197867696,1.769867102729852,1.7876809597972447,0.01939704307819823,1.7279004022784406,1.7876809597972447
b67,[#6X4;!r3;!r4;!r5;!r6;!r7;!r8:1]~[#6X4;r3:2],1.4972511529922485,28047,1.5384261044453333,0.03403305351385034,1.3876490952760538,1.5188029380212196,1.5370891605428643,1.557363487564617,1.712500122349138,0.03856054954339738,1.4609621137061235,1.615204311879713,2700,1.5425807851754163,0.03587933920751243,1.418793100653097,1.5199086383511409,1.5407747075201281,1.5633659001036724,1.7010010969368963,0.043457261752531506,1.4547227457223437,1.6285517927324697,140,1.5050520369932685,0.011238601353514814,1.4835674846840223,1.4966335079732043,1.506189702428023,1.5139998561245651,1.5266138613484566,0.017366348151360844,1.4835674846840223,1.5266138613484566
b68,[#6X3;r5:1]~[#8X2;!r3;!r4;!r5;!r6;!r7;!r8:2],1.3658419847488403,25950,1.3689864431787226,0.02973671335670726,1.2321093621426271,1.3519427137668973,1.3692201711031526,1.3860727025235358,1.5096858509729694,0.03412998875663842,1.3007477306319397,1.4372676856584934,1250,1.3713258123763732,0.030101277679827874,1.261558453609248,1.3533938279409983,1.3712650925856988,1.3887005293697177,1.5054352180746724,0.03530670142871939,1.3004337757979192,1.4416605815127967,34,1.3548890233111277,0.038166224561062424,1.2844494299755327,1.3286883275802968,1.3589301258997644,1.390296211712863,1.3988878042180208,0.06160788413256624,1.2844494299755327,1.3988878042180208
b69,[#6X3;r6:1]~[#6X4;r5:2],1.5072252750396729,25690,1.526749918247208,0.032385451812998636,1.3651301893963173,1.507353590051173,1.5258836357530943,1.5449884799597846,1.7026443366342956,0.037634889908611635,1.4509012551882554,1.601440814822702,150,1.5200535234706627,0.02824074427900169,1.459368585672642,1.502395942244613,1.5172157024998358,1.5340900081826925,1.618233518882046,0.03169406593807955,1.459368585672642,1.581631107089812,24,1.5168027046549273,0.012647205144359297,1.4935141374038245,1.510908732068869,1.5162795566279497,1.5209795245323665,1.550157833254877,0.010070792463497513,1.4958025433736228,1.536085713227613
b70,[#15X4;!r3;!r4;!r5;!r6;!r7;!r8:1]~[#8X1;!r3;!r4;!r5;!r6;!r7;!r8:2],1.4801180362701416,24748,1.4824242243766745,0.024530062051778486,1.3504825912573957,1.4681385854062672,1.4823908661564227,1.4967885946777542,1.5969506028129026,0.028650009271486976,1.4251635714990367,1.5397636085849846,2350,1.486463796022077,0.02634103736375762,1.3775839155904017,1.4714951062224733,1.4865241039835417,1.5017162711481609,1.617263165334403,0.030221164925687605,1.426163358833942,1.5470480185366924,203,1.4995112936666724,0.014317155366525067,1.4749245307517698,1.4880201220562592,1.5007560343728612,1.5076202131605068,1.5855766857331168,0.01960009110424754,1.4749245307517698,1.5370203498168782
b71,[#6X3;r5:1]~[#7X2;!r3;!r4;!r5;!r6;!r7;!r8:2],1.0125706195831299,24146,1.3330442967712892,0.04531080752779264,1.1813310883396844,1.3008769569606207,1.322241069649253,1.3690451918991242,1.5119752716272161,0.06816823493850355,1.1986246045528652,1.4712975443068794,1800,1.3233124966406846,0.03953012337189137,1.2165044060767862,1.2985399729451848,1.3170015520617087,1.3416525278607065,1.47157301247937,0.043112554915521795,1.233871140571902,1.4063213602339892,25,1.3369229331116141,0.058491104370472065,1.2816278747725367,1.2887048789994369,1.2946042307592585,1.3700178227915463,1.4548909034136221,0.0813129437921094,1.2816278747725367,1.4548909034136221
b72,[#1X1;!r3;!r4;!r5;!r6;!r7;!r8:1]~[#7X2;!r3;!r4;!r5;!r6;!r7;!r8:2],1.0127965211868286,24048,1.0178625485269868,0.0242258013227602,0.8639390845597446,1.0043911790070044,1.017673914619807,1.0309139132547367,1.1304405799515067,0.026522734247732327,0.9646070776354059,1.0706980146263352,1750,1.018756093728517,0.02493250993202933,0.9075672600447131,1.0051123246318197,1.0182877731995998,1.0314010694390918,1.1297100381762921,0.02628874480727217,0.9656792074209114,1.07083418665,125,1.0251590975018492,0.0018740476693717115,1.0090221080524877,1.02432970507456,1.0258548866631956,1.0259949966924657,1.027584503737238,0.0016652916179058508,1.0218317676477011,1.027584503737238
b73,[#6X4;!r3;!r4;!r5;!r6;!r7;!r8:1]~[#7X4;!r3;!r4;!r5;!r6;!r7;!r8:2],1.511980652809143,23996,1.4877821467337955,0.029339756025938746,1.3442031136068286,1.4707163627719653,1.487045308378442,1.5038954773204516,1.631324290498247,0.03317911454848632,1.4209476909492358,1.553664149143181,2600,1.4841302885775818,0.030534969348580517,1.3577001358193903,1.4668435582874344,1.4842084780734033,1.5010319925120823,1.6202347300790778,0.0341884342246479,1.4155609069504624,1.552314643849054,163,1.5159050434853354,0.017171027333126213,1.4834197628074743,1.503364652179734,1.5218759595205809,1.5304657608777852,1.5474970040195017,0.02710110869805127,1.4834197628074743,1.5474970040195017
b74,[#7X2;!r3;!r4;!r5;!r6;!r7;!r8:1]~[#7X3;!r3;!r4;!r5;!r6;!r7;!r8:2],1.3425899744033813,23097,1.3711212394137753,0.030317530755585423,1.1681580882584615,1.356339443833451,1.3722290883985826,1.3879658904803096,1.5205179507937705,0.03162644664685854,1.3088997738631631,1.4354055604505973,1249,1.3637585764846694,0.03485888572825039,1.2171044409807052,1.347592918958205,1.3671244667350255,1.3841238722056666,1.4687020776380888,0.036530953247461584,1.2927964890870127,1.438920302076859,26,1.3480577352873122,0.06201517086515204,1.2621456365050365,1.3198426594512545,1.3477956918044054,1.3669333136381046,1.4786169351332747,0.0470906541868501,1.2621456365050365,1.4375692949183798
b75,[#17X1;!r3;!r4;!r5;!r6;!r7;!r8:1]~[#6X3;r5:2],1.743797779083252,20945,1.7493811583958088,0.036740694693153574,1.5599221057339945,1.7285992652317994,1.7488948844034928,1.7698127084507334,1.9506171263675727,0.04121344321893394,1.6667791004033985,1.8316328732791343,2350,1.7497715009493828,0.03751462332717097,1.5733725499649929,1.7283375924379278,1.7487058485200748,1.7703621044443398,1.9006839279223293,0.042024512006411996,1.6653008244283098,1.8333988724539578,3,1.722121603142316,0.020616528864175365,1.693122679769505,1.7135624138209216,1.7340021478723382,1.7366210648287217,1.7392399817851052,0.023058651007800135,1.693122679769505,1.7392399817851052
b76,[#16X1;!r3;!r4;!r5;!r6;!r7;!r8:1]~[#6X3;!r3;!r4;!r5;!r6;!r7;!r8:2],1.6329907178878784,19695,1.6688485834358955,0.03644821286089253,1.528503313714977,1.647599158149248,1.6667810218636143,1.6867624844270388,1.9060046053648538,0.039163326277790844,1.5888541687325617,1.745507473843725,1550,1.6729103009147943,0.03941075148933528,1.529205707916915,1.650400954710593,1.6697044632093387,1.6904755253998738,1.868030917070976,0.040074570689280886,1.5902890986766716,1.750587381433795,24,1.672497658042273,0.017700655666339046,1.6393462289766965,1.6621868773035708,1.6713677181302442,1.6809689118621922,1.7087473123483097,0.018782034558621374,1.6393462289766965,1.7087473123483097
b77,[#1X1;!r3;!r4;!r5;!r6;!r7;!r8:1]~[#7X4;!r3;!r4;!r5;!r6;!r7;!r8:2],1.032364010810852,18650,1.0211017430667555,0.02612131564622929,0.9029807050789695,1.0061768981115797,1.021126015421072,1.0359191762317885,1.151863258959921,0.029742278120208798,0.9615634809312665,1.0805325934121017,2100,1.024935472506154,0.025162299873447987,0.9395540718695226,1.0102297910165194,1.0247440535030494,1.038862288815635,1.1199121220781882,0.028632497799115475,0.9672810443178462,1.081811035514308,95,1.0296065654324023,0.005814509386567069,1.0176364645833014,1.027399083055171,1.0284475830251454,1.0292979616535585,1.046202570480383,0.0018988785983875545,1.0245507651575896,1.0321462795511398
b78,[#16X2;!r3;!r4;!r5;!r6;!r7;!r8:1]~[#1X1;!r3;!r4;!r5;!r6;!r7;!r8:2],1.3495585918426514,18150,1.3503798306657484,0.03169336893109171,1.155425953451232,1.3328418456121311,1.35012896081702,1.3677253768846662,1.5090164636097274,0.03488353127253507,1.2805165487033285,1.4200506737934688,2850,1.3526620354778727,0.031756807693093754,1.2065549461467115,1.3344253423604377,1.3527499210528995,1.369605332588844,1.509725828423706,0.03517999022840623,1.2816553570178284,1.4223753179314533,110,1.3464798059357754,0.005864419584184865,1.3393035428276412,1.340963416399965,1.3468700917386824,1.3504126157823557,1.3682676398134703,0.009449199382390638,1.3393035428276412,1.3645864148559417
b79,[#16X4;r6:1]~[#8X1;!r3;!r4;!r5;!r6;!r7;!r8:2],1.4366211891174316,17698,1.47096041898841,0.023288907998973266,1.3664643129864338,1.4581671982804345,1.470658523339903,1.483755666784967,1.584695364969058,0.025588468504532447,1.4197844955236358,1.5221383695417656,1496,1.4717285578360597,0.022984872527410615,1.381230253697788,1.458771483653413,1.4712326477511741,1.4843617843504637,1.572340145083716,0.025590300697050816,1.4203860326078366,1.5227472353960398,156,1.4647353485866335,0.008688107655035733,1.446905116968354,1.456956959832595,1.466852507224767,1.4719132776995338,1.493004641044913,0.01495631786693874,1.446905116968354,1.493004641044913
b80,[#7X3;!r3;!r4;!r5;!r6;!r7;!r8:1]~[#8X2;!r3;!r4;!r5;!r6;!r7;!r8:2],1.397768497467041,17648,1.429766618483791,0.03184576047118637,1.2637407199979427,1.411368838939776,1.4294554776447632,1.4473813292103375,1.591026371759833,0.036012490270561415,1.357350103533934,1.5014000646161796,900,1.4284908098489548,0.03367139503094755,1.3269548431098261,1.4088424675644906,1.428796101197272,1.4479069748859483,1.5557861306724037,0.03906450732145772,1.350245706582304,1.5065037358681348,34,1.425623551751524,0.01980145585637524,1.3678972088898154,1.416376388123244,1.4247971871504137,1.437700954291456,1.4649179385794417,0.02132456616821199,1.3843895388709262,1.4649179385794417
b81,[#6X2;!r3;!r4;!r5;!r6;!r7;!r8:1]~[#6X3;!r3;!r4;!r5;!r6;!r7;!r8:2],1.4474642276763916,17577,1.4108514854693497,0.04840813465407671,1.2242390327154884,1.406409813442409,1.4265569165899705,1.4394171099443218,1.5198991978588825,0.03300729650191281,1.3568988686895398,1.488928054697191,2550,1.3744339143210353,0.06206909782575192,1.2423256978671033,1.3158843246021004,1.3856710550015903,1.4315697649688452,1.50260581999427,0.11568544036674488,1.2423256978671033,1.50260581999427,157,1.361988628639761,0.06503044860420625,1.2931170132544125,1.2993208032592893,1.3086058887320544,1.4240352516908834,1.4498817243841249,0.12471444843159407,1.2931170132544125,1.4498817243841249
b82,[#6X4;r5:1]~[#7X3;!r3;!r4;!r5;!r6;!r7;!r8:2],1.4555703401565552,17498,1.471804834618934,0.0313482372970248,1.3266147254303515,1.4528207698852862,1.4713645361334755,1.4903991858015346,1.614077727410684,0.03757841591624844,1.3964531460109135,1.5467668096759073,1250,1.471716296431259,0.03249169290323602,1.3516302884727989,1.4523157597229739,1.4711109117474555,1.4905852728342897,1.576083385335347,0.03826951311131577,1.3949114900560002,1.5479895425012633,34,1.4592345747158466,0.01313546411324772,1.4246146096969,1.451143409988005,1.458985724099216,1.467672037261973,1.4815929212755177,0.016528627273967977,1.426350469077053,1.4815929212755177
b83,[#6X4;!r3;!r4;!r5;!r6;!r7;!r8:1]~[#7X2;!r3;!r4;!r5;!r6;!r7;!r8:2],1.4635154008865356,17250,1.476916385057846,0.02850927511545423,1.337802286073798,1.4606075749167553,1.4761168234760267,1.4929355393742996,1.6364685156975705,0.03232796445754427,1.4121156282304388,1.5414274860606159,1850,1.476331424330094,0.030100915309310174,1.3614014857841374,1.4594078639216268,1.4756995829631014,1.4920124837039483,1.589091588991632,0.03260461978232154,1.4105009342481445,1.5409194133774307,50,1.4421104030329799,0.021615603691945835,1.4179287997964354,1.4275563723181552,1.430495302270916,1.4537727148844612,1.5271765539166156,0.026216342566306006,1.4179287997964354,1.4930972287339204
b84,[#16X4;r5:1]~[#8X1;!r3;!r4;!r5;!r6;!r7;!r8:2],1.4369529485702515,16538,1.4714387857383933,0.023047201913801,1.361908697022438,1.4584521649642186,1.471235661870378,1.4842745686108687,1.580481859923216,0.025822403646650116,1.4197185594942434,1.5230081740808439,1250,1.4725062100266346,0.02351009720473173,1.3650353015098644,1.4595574594827943,1.4729012329656033,1.4860586495718793,1.573155407593306,0.026501190089085025,1.4198056743491667,1.5258104347055068,111,1.464824157582359,0.009700268870419249,1.445527985041237,1.4582383024410617,1.4682881690027745,1.4723494344333194,1.4862747562622076,0.014111131992257775,1.445527985041237,1.4862747562622076
b85,[#16X2;!r3;!r4;!r5;!r6;!r7;!r8:1]~[#6X3;!r3;!r4;!r5;!r6;!r7;!r8:2],1.8072046041488647,16399,1.765352184541881,0.03588573393914334,1.563298524502556,1.7455575078159962,1.7655091093384359,1.785697290684606,1.9268531806677573,0.04013978286860986,1.6853478335130814,1.8459069649875208,1250,1.7598350471195578,0.04367821691249292,1.5827175613881215,1.7399349184731623,1.7634418491401853,1.7859594897682673,1.8819278647572757,0.046024571295105066,1.6708980615305047,1.854996346710925,107,1.7199378435691244,0.07177516443938181,1.6241481741544728,1.6332772262720292,1.7564544125160275,1.7715955475115286,1.8413249712683781,0.1383183212394994,1.6241481741544728,1.8413249712683781
b86,[#7X3;!r3;!r4;!r5;!r6;!r7;!r8:1]~[#7X3;!r3;!r4;!r5;!r6;!r7;!r8:2],1.3888996839523315,15998,1.44342014621468,0.02674997858346943,1.303323600426251,1.4279237305875252,1.4431913790476842,1.4585236601097442,1.5633312296680588,0.030599929522219016,1.3820238363041968,1.5044235543930728,500,1.4428255467407631,0.026794242883321346,1.3412670208796962,1.4273967356834818,1.442341620144804,1.457875030505005,1.557304888115272,0.0304782948215232,1.381679293451197,1.5035924727372898,43,1.4048281587447569,0.027774747610109344,1.290083638329122,1.3915366169450336,1.4044771996006251,1.4153861732440183,1.4729785403175575,0.023849556298984664,1.3557622824965567,1.4511605076924954
b87,[#6X3;r7:1]~[#8X1;!r3;!r4;!r5;!r6;!r7;!r8:2],1.2120541334152222,15147,1.2264851728949044,0.022725840082199137,1.1180803783519988,1.213491744279343,1.2262550314084548,1.2391157898968572,1.3337636702327529,0.0256240456175143,1.1750556758530715,1.2775518583231287,350,1.2286897497218903,0.02481142705432113,1.1498398253528204,1.215046227035164,1.228728338141484,1.2428022756358175,1.300618299583232,0.027756048600653394,1.173412154134184,1.2844363485367976,21,1.2209108687036057,0.007256651748312195,1.2043933885369473,1.217231537958038,1.2230625330902456,1.2257535593938944,1.2325440832812875,0.008522021435856342,1.2044485058042536,1.2325440832812875
b88,[#1X1;!r3;!r4;!r5;!r6;!r7;!r8:1]~[#6X3;r7:2],1.0863245725631714,15050,1.086776235699636,0.027267323633146715,0.9339040589938004,1.0719774922556469,1.0865324585859668,1.1009467013327185,1.2108174066123385,0.028969209077071678,1.0285236786400394,1.144400514948326,3649,1.0868437198001946,0.027135823583729953,0.9560123451476495,1.0728095529268153,1.0866108599759945,1.1012002916229855,1.2069731419864933,0.028390738696170148,1.03022344488256,1.1437863996672406,34,1.0882914518459317,0.00247310307825143,1.0839231959568922,1.0865171515307277,1.088233596884006,1.0895693116077307,1.0947756432253037,0.003052160077003041,1.0839231959568922,1.0941475517232353
b89,[#16X1;!r3;!r4;!r5;!r6;!r7;!r8:1]~[#6X3;r5:2],1.6514376401901245,14750,1.668649167223457,0.03250778496834624,1.5123226213835903,1.650023209593191,1.6682109939072753,1.6864682317423028,1.8324301949483557,0.03644502214911172,1.5953556763695236,1.7411357649659704,900,1.674658778986369,0.03804254734147512,1.5645398776356105,1.6518739980311306,1.6713911663460612,1.6922585559244125,1.8233943510696489,0.04038455789328199,1.5912971611912075,1.7528353927643354,24,1.6532701791926911,0.010684594967669103,1.6336340797871052,1.6443838553487944,1.6555135985953782,1.6594292986096402,1.6784136900999478,0.015045443260845781,1.6336340797871052,1.6784136900999478
b90,[#6X2;!r3;!r4;!r5;!r6;!r7;!r8:1]~[#6X3;r5:2],1.4218858480453491,14697,1.4304688068737943,0.021717810139465304,1.245338928949033,1.419623726474787,1.4308443486503144,1.4421396813313245,1.5262815600658803,0.022515954856537457,1.3858497941899808,1.4759136136161306,1100,1.4251867392829318,0.030873570934560432,1.2801324201174882,1.4167307892500656,1.4301709304847423,1.4406176965224886,1.520294205134116,0.02388690727242304,1.380900428341431,1.4764480574311232,12,1.4070191751292904,0.03203796503323709,1.3021035365466405,1.411585756935296,1.4149854050795345,1.4194242388704286,1.4248576263768031,0.00783848193513248,1.3998280340325975,1.4248576263768031
b91,[#53X1;!r3;!r4;!r5;!r6;!r7;!r8:1]~[#6X3;r6:2],2.038548469543457,14396,2.2541348459038,0.041529089093821206,2.0697497082795095,2.2297700751222074,2.253350368650304,2.2780248763274487,2.449010056921444,0.04825480120524128,2.1573878733143452,2.3504070781353104,697,2.2524035947851453,0.043405454847793144,2.1048979045648317,2.229981962436577,2.2507179728305604,2.2762524552432084,2.416837251840596,0.046270492806631314,2.16057622322663,2.345658194453155,51,2.086337422360122,0.016283958154336666,2.0382847576161747,2.0777355184692654,2.085534681567675,2.094817856719308,2.140848435110506,0.01708233825004246,2.0521120110942017,2.1204413640943716
b92,[#7X2;!r3;!r4;!r5;!r6;!r7;!r8:1]~[#8X2;!r3;!r4;!r5;!r6;!r7;!r8:2],1.426908016204834,13946,1.4247582768693425,0.0318300821175789,1.2738804069448562,1.406512964631362,1.424142872600517,1.4424390315410096,1.5740199353658475,0.0359260669096475,1.3526238642668909,1.4963281319054809,950,1.4262415553470165,0.03345931638400911,1.3026083024156725,1.4069465549284765,1.4256044012928748,1.445004397055262,1.5821485107988953,0.038057842126785424,1.3498597917382984,1.50209116024544,5,1.417473177154351,0.011345726201554301,1.3988192552121141,1.4168810287310485,1.4180069158290798,1.4190850704065892,1.4345736155929227,0.002204041675540669,1.4135749662177375,1.4223911329199002
b93,[#1X1;!r3;!r4;!r5;!r6;!r7;!r8:1]~[#6X4;r8:2],1.0827957391738892,13950,1.0955021120647577,0.027928388707269786,0.9577341175264225,1.0799417586616658,1.0949303395871843,1.110291620674336,1.254148438962632,0.030349862012670314,1.0344169656426603,1.1558164136933415,2550,1.096037767962746,0.027359813883452513,0.9793207177870944,1.0809028316075895,1.095478787288757,1.1102064345611462,1.2187100875668946,0.029303602953556718,1.0369474271772545,1.1541618389914814,115,1.0974734993191786,0.008202009240431362,1.0512281584906833,1.0962032058500462,1.0970603694887398,1.0981509190270464,1.144645468327477,0.0019477131770002654,1.0932816360845456,1.1010724887925467
b94,[#1X1;!r3;!r4;!r5;!r6;!r7;!r8:1]~[#7X3;r7:2],1.0293471813201904,13346,1.0184896251719486,0.024342725835243214,0.8983097702182707,1.004691409940863,1.0181894563635319,1.031881739556866,1.1260005558889448,0.027190329616002984,0.9639059155168586,1.0726672339808705,600,1.0199694300231905,0.024677549535531376,0.917589002046609,1.006568003797787,1.0190824559902165,1.0330716051294866,1.136353571241587,0.02650360133169949,0.9668126018002379,1.0728270071270358,49,1.0160554647886213,0.0026508070171473498,1.0104513866043203,1.0136736359441227,1.015820977115136,1.0177002775368762,1.0229558692872307,0.004026641592753455,1.0104513866043203,1.0229558692872307
b95,[#16X4;!r3;!r4;!r5;!r6;!r7;!r8:1]~[#8X2;!r3;!r4;!r5;!r6;!r7;!r8:2],1.6695036888122559,13246,1.6580952880943276,0.03980472458688114,1.486428404218645,1.6309271100019485,1.657805778109338,1.6845700777667159,1.839505947725432,0.0536429677647674,1.5504626583547974,1.765034529413867,830,1.6593575037722612,0.03898759396791614,1.5291356959654034,1.6329127233591514,1.6581259938227775,1.684178610936634,1.8068028630399255,0.051265887577482516,1.5560138919929276,1.7610774423028577,148,1.6354187598987728,0.015498736837063211,1.6023739786798439,1.6311322357784146,1.6314160797241142,1.6337731758564356,1.7433644928305863,0.002640940078020959,1.6271708256613833,1.637734585973467
b96,[#7X2;!r3;!r4;!r5;!r6;!r7;!r8:1]~[#7X2;!r3;!r4;!r5;!r6;!r7;!r8:2],1.0787345170974731,13048,1.294702325363768,0.04431500246845563,1.1379542722068268,1.2671923882703302,1.2856061334741267,1.3144562468100447,1.4882485885078818,0.04726385853971449,1.1962966004607585,1.3853520346196164,900,1.2973690316632511,0.04810791734190798,1.166158551700162,1.265099080397479,1.285805137532293,1.3265863879071444,1.4504297494717833,0.061487307509665357,1.172868119132981,1.4188173491716425,18,1.265340314911719,0.06842643481856792,1.2335642942202225,1.2387779923184556,1.2422916414061973,1.2429821197663378,1.4593096250877993,0.004204127447882122,1.2335642942202225,1.249288310938161
b97,[#6X3;r5:1]~[#6X4;r6:2],1.5263855457305908,12749,1.519513107512183,0.03214906368389389,1.3704605288512852,1.5002894856048279,1.5184281536596513,1.5375100056414641,1.7003140792324603,0.03722052003663623,1.4444587055498737,1.5933407856964186,650,1.521364808852443,0.03343749326552026,1.4173942237333477,1.5013442819676324,1.5200166132877992,1.5393236496779963,1.6548647019623035,0.03797936771036392,1.4443752304020865,1.5962927012435422,14,1.5071304712250435,0.0068811508492924185,1.4933563628879738,1.5011904635853746,1.5098493383961626,1.512192198158877,1.5180287185444752,0.011001734573502508,1.4933563628879738,1.5180287185444752
b98,[#16X4;!r3;!r4;!r5;!r6;!r7;!r8:1]~[#6X3;r5:2],1.859874963760376,12700,1.8173798249896422,0.03828524748231706,1.6561487738757752,1.792705037535533,1.8156228636843594,1.8412633630435686,2.001415463160568,0.04855832550803574,1.7198675492734794,1.9141008513056224,350,1.8256301889346693,0.03348903694607998,1.737151386059632,1.8048353012371563,1.8233337334907727,1.8479975862681375,1.9309145792343196,0.043162285030981185,1.7400918736906845,1.9127410138146093,58,1.7733275065644702,0.020250249836365898,1.7085510216938389,1.763790102275661,1.772824761993102,1.7842726388582266,1.81717423888331,0.020482536582565603,1.7330662974018125,1.814996443732075
b99,[#15X4;!r3;!r4;!r5;!r6;!r7;!r8:1]~[#6X4;!r3;!r4;!r5;!r6;!r7;!r8:2],1.8785101175308228,12547,1.8287127106375691,0.05998834568878492,1.5810937588055407,1.7885122440292014,1.824095950110706,1.8671970507542246,2.0781633089359826,0.0786848067250232,1.6704850339416666,1.9852242608417594,1150,1.845047004781888,0.053712981385276276,1.6529503369294218,1.8101974664900444,1.84460250129449,1.880205925595603,2.0310321241180778,0.07000845910555853,1.7051847778317066,1.9852186142539407,46,1.8269851748619133,0.0370778207935327,1.77194276769905,1.8063488858733519,1.8175936102546089,1.8433348709117636,1.9446298707059209,0.03698598503841177,1.77194276769905,1.8988138484693813
b100,[#35X1;!r3;!r4;!r5;!r6;!r7;!r8:1]~[#6X3;r5:2],1.89308762550354,12147,1.915100198982587,0.03873136600025138,1.7284426773591663,1.8925467250580326,1.9148714480532338,1.9365046612387586,2.0909549528881732,0.043957936180726076,1.8266098207869434,2.002441565509848,1300,1.915841376531258,0.03852588424960865,1.7485126856457187,1.8947463060488232,1.915951346750525,1.935445184616305,2.0510369002864177,0.04069887856748178,1.8336979881976005,1.9964935024675277,,,,,,,,,,,
b101,[#35X1;!r3;!r4;!r5;!r6;!r7;!r8:1]~[#6X4;!r3;!r4;!r5;!r6;!r7;!r8:2],1.9278287887573242,11950,1.9900716058273256,0.040566241299031844,1.7827429292984511,1.9673536064437829,1.9892489745421034,2.0119746247598926,2.180688114149458,0.04462101831610976,1.9004220789696182,2.0789061522340573,2250,1.9890631828162724,0.041502409580794375,1.8425073838508434,1.9652588794298573,1.9880922726547583,2.0095819000663973,2.1711707073052082,0.04432302063653992,1.8987743484750474,2.076066431021207,75,1.963547206274996,0.021629775576030286,1.9335382682388678,1.9474419927025968,1.9566654639550305,1.9733045890730248,2.0414516001957974,0.02586259637042798,1.9335382682388678,2.012098483628667
b102,[#1X1;!r3;!r4;!r5;!r6;!r7;!r8:1]~[#6X2;!r3;!r4;!r5;!r6;!r7;!r8:2],1.0710887908935547,11849,1.0731839540213142,0.025750201213241636,0.9468408431690678,1.0584617190356864,1.0726071501402483,1.0871078893783752,1.1963854292964078,0.028646170342688793,1.0154924635216531,1.1300771448924083,1150,1.0717244549545255,0.027009474784195273,0.9846863208073142,1.0572864896716379,1.071154007717929,1.0859427896958436,1.1762860741233727,0.028656300024205716,1.0143020396353293,1.1289272397321521,101,1.0651251473106513,0.0007934730237631045,1.0637902346745267,1.0648725998320476,1.0649735690807434,1.0653501131757521,1.068023809391188,0.0004775133437044943,1.0641563298164909,1.0660663831913089
b103,[#6X4;r6:1]~[#9X1;!r3;!r4;!r5;!r6;!r7;!r8:2],1.3669739961624146,11600,1.3651059700255572,0.029254331666354334,1.228618149683292,1.3488107699896161,1.3645434211209264,1.3807247021789701,1.4992796373713437,0.03191393218935401,1.3009398717055851,1.4285956004630012,2100,1.3662703785080907,0.029455847441076193,1.230339929014503,1.3499537744383363,1.3658399397087204,1.3822797221149599,1.4944486262230579,0.032325947676623557,1.301464852923401,1.4307686436298952,5,1.3817295361189994,0.02024114689242268,1.3626921411355088,1.3636447434720478,1.3724237216464215,1.3950779370335338,1.4148091373074858,0.031433193561485995,1.3626921411355088,1.4148091373074858
b104,[#6X3;!r3;!r4;!r5;!r6;!r7;!r8:1]~[#6X4;r3:2],1.4947596788406372,11449,1.531622660559955,0.032615927828029696,1.3825818350926506,1.5120855833190123,1.5312441867395432,1.550958141561721,1.6861911490341983,0.038872558242708743,1.4537767459549493,1.6092669789257843,500,1.521719825732687,0.03658520937767922,1.3925480532947117,1.5003161513920715,1.5213055402189515,1.5442049688803412,1.6513975876043125,0.04388881748826967,1.4344829251596671,1.6100381951127458,111,1.473463118000962,0.02005573011870653,1.4352395963452924,1.4582160028563627,1.470009704752119,1.4920294798610163,1.51848943327804,0.03381347700465365,1.4352395963452924,1.51848943327804
b105,[#16X1;!r3;!r4;!r5;!r6;!r7;!r8:1]~[#6X3;r6:2],1.6262943744659424,11299,1.6655854902910439,0.03316075761766215,1.5094786002884073,1.646262731518168,1.6651783496964192,1.6838627953046212,1.844481477211659,0.03760006378645331,1.589862635838488,1.7402628909843012,550,1.6666064597890025,0.03310243837514322,1.5561904696347117,1.647140331052569,1.6655420538948253,1.6867576553814825,1.7714074273873222,0.03961732432891352,1.5877143445591986,1.7461836418748526,13,1.6700567937049642,0.009984247156745271,1.653663684568294,1.664223882932351,1.668395245109647,1.678935727806532,1.6908097739002894,0.01471184487418098,1.653663684568294,1.6908097739002894
b106,[#6X4;!r3;!r4;!r5;!r6;!r7;!r8:1]~[#6X4;r4:2],1.5000709295272827,10899,1.544356455024166,0.033501792021855464,1.3763753348318526,1.5245139845046327,1.5433372750425904,1.562943770668387,1.6920659627488865,0.038429786163754365,1.4668693052590012,1.6205884499140186,550,1.5416350379508763,0.03280361442918017,1.4324586021913135,1.5214287959120485,1.5414235525320477,1.5607277320013575,1.6470049556629718,0.03929893608930901,1.4624803917780849,1.619676136135321,8,1.5208023164914795,0.0050301201980710464,1.5104084875773074,1.5186868692817521,1.521108262683232,1.5251610840084873,1.5267962211788006,0.00647421472673515,1.5104084875773074,1.5267962211788006
b107,[#16X3;!r3;!r4;!r5;!r6;!r7;!r8:1]~[#6X4;!r3;!r4;!r5;!r6;!r7;!r8:2],1.8329750299453735,10600,1.8283964684816796,0.03417246153608601,1.6774948157474527,1.808036422425031,1.8269893030621902,1.8474054034085514,1.9974275887281627,0.039368980983520485,1.7489829509497503,1.9064588748838323,1099,1.8289112168653037,0.034651136575396334,1.6803920202865963,1.8085609970131502,1.8282552291689842,1.848399325072159,1.9490476716246514,0.03983832805900889,1.7488035049246369,1.9081568171606724,27,1.8625553369238992,0.03412032207395631,1.8088507026465879,1.8332946228364864,1.8767989789962414,1.884969337927859,1.9469068305377983,0.05167471509137256,1.8088507026465879,1.9469068305377983
b108,[#16X3;!r3;!r4;!r5;!r6;!r7;!r8:1]~[#8X1;!r3;!r4;!r5;!r6;!r7;!r8:2],1.5023053884506226,10500,1.4763298872170136,0.0232821105749777,1.3576097204374167,1.4635610426591215,1.4763578739951986,1.4889798626966357,1.6000266966178422,0.025418820037514278,1.4254328126028502,1.5271080927529073,999,1.477275384508288,0.022434181638365313,1.409849418257613,1.4636283139756685,1.476069684886579,1.4900148370826147,1.568182731347787,0.026386523106946225,1.4240485293152492,1.529594621743034,68,1.4794080443295798,0.0329123168864827,1.4274670552312023,1.4442810709084413,1.499888235811928,1.511736480338561,1.5209434021230874,0.06745540943011963,1.4274670552312023,1.5209434021230874
b109,[#17X1;!r3;!r4;!r5;!r6;!r7;!r8:1]~[#6X3;!r3;!r4;!r5;!r6;!r7;!r8:2],1.7441891431808472,10446,1.7523868804218885,0.037509637930475695,1.5841824463904974,1.7309180493046692,1.7516541791091567,1.7725248474996351,1.9417740620778212,0.04160679819496593,1.6685078520122203,1.834935044792084,1750,1.7496483047100795,0.03717987978741833,1.6233229482637241,1.7299443966314185,1.7495084402275527,1.7707654054816764,1.9088514241678893,0.040821008850257856,1.6687128833560316,1.831996918757063,9,1.7348608120327524,0.015303143873820028,1.713292348124813,1.7214508008619989,1.739632991576312,1.745486246495409,1.7596666473095215,0.024035445633410202,1.713292348124813,1.7596666473095215
b110,[#7X2;!r3;!r4;!r5;!r6;!r7;!r8:1]~[#8X1;!r3;!r4;!r5;!r6;!r7;!r8:2],1.201876163482666,10300,1.236656064687109,0.028247688926284556,1.1045188268461665,1.2208962253722806,1.2361326383465419,1.2516231025224376,1.389019675261243,0.030726877150156984,1.1748059096470451,1.297713418247673,1000,1.2369796036868146,0.02884181690403084,1.1197027402872137,1.221045608430934,1.2360976448753664,1.252244026538087,1.3360159818200474,0.03119841810715296,1.1742479812702045,1.2990416536988163,13,1.2636280162510058,0.059954281784671645,1.2153748936995354,1.2269141065651479,1.2345860587272883,1.2472629214605395,1.3731611788048625,0.020348814895391643,1.2153748936995354,1.277786143803627
b111,[#6X3;r6:1]~[#6X4;r3:2],1.4718374013900757,9494,1.518351460619758,0.03197125235778563,1.3549161527863256,1.4997405390386551,1.5173777318559762,1.5362559072798185,1.6645252919074611,0.036515368241163415,1.44496748667691,1.5910289596415637,400,1.514256846552039,0.03262782138760209,1.3902063820141195,1.4944177030402002,1.5159811705880313,1.5331694490254395,1.6249749801908706,0.03875174598523934,1.4362900840623412,1.5912970680032985,33,1.4941230810480737,0.01605614967606297,1.4796003583122643,1.4875729485773515,1.4898884919352586,1.4982334239534452,1.5741611208635666,0.010660475376093714,1.4796003583122643,1.5142241370175857
b112,[#6X3;r5:1]~[#6X4;r5:2],1.509985327720642,8849,1.5181639807816378,0.032860094840965005,1.3635373135346938,1.498696577279231,1.5169530950129217,1.5368645055688746,1.6685977357371078,0.03816792828964366,1.4414446848447655,1.5941163980033402,350,1.5126161753533478,0.03198195503619132,1.4171307546830751,1.4934415641145153,1.5131532190388428,1.530762136558081,1.6134265990717798,0.03732057244356568,1.4374607054491668,1.5867429952234295,17,1.5004205865985811,0.007178626809782979,1.4900778275549873,1.4960780105574427,1.4999380503041004,1.50381833155574,1.517429038701026,0.007740320998297356,1.4900778275549873,1.515428813053186
b113,[#17X1;!r3;!r4;!r5;!r6;!r7;!r8:1]~[#6X4;r5:2],1.7696036100387573,8648,1.8028086214717878,0.04268242235476184,1.627668045907433,1.7788364904760048,1.8019181439459917,1.825832151383916,1.985442689231713,0.046995660907911185,1.7083429991141381,1.8963256427457829,2350,1.8032860949795984,0.041615791985587805,1.6215169142006378,1.7799923972927334,1.80246170492679,1.8269301384999455,1.9544943746037617,0.04693774120721206,1.7095857854819152,1.8973367503107634,13,1.8087498447835673,0.027090911432422655,1.7646187045020607,1.790351348733044,1.8184371547533047,1.8231444220873048,1.8565403595848924,0.03279307335426074,1.7646187045020607,1.8565403595848924
b114,[#6X3;r5:1]~[#7X3;r5:2],1.420000433921814,8549,1.403508677780919,0.028330210548386223,1.278966256152538,1.3866236653321096,1.4031863939447555,1.4196586018927846,1.5381266747192792,0.03303493656067502,1.337071260491097,1.4692110067337971,250,1.39680755134386,0.02771488255569851,1.2855166116972891,1.381001976917843,1.3962599849807633,1.4139368304510616,1.4967046555310468,0.03293485353321857,1.331599696618015,1.4633391107508893,12,1.3773528128991035,0.03006377321246356,1.3188499785314545,1.3656924600468647,1.372696554825084,1.395736450669872,1.441206314766822,0.030043990623007222,1.320626474112354,1.4408024366043828
b115,[#6X4;!r3;!r4;!r5;!r6;!r7;!r8:1]~[#6X4;r7:2],1.524716854095459,7950,1.5481988408903202,0.03440720001272113,1.407454138402248,1.5276584181466353,1.54651678709061,1.5677265399618059,1.7105336529301571,0.04006812181517061,1.4675562354238794,1.6278287226845618,700,1.5450422372726764,0.03535715991935985,1.412042068979021,1.5235066661506593,1.5437635353351737,1.564155780147088,1.6751734479088576,0.040649113996428676,1.4625329951560162,1.625129451141731,4,1.538354234057483,0.007604821729822346,1.5291381284768386,1.5322055226428615,1.5379075701016136,1.544056281516235,1.5484636675498655,0.011850758873373612,1.5291381284768386,1.5484636675498655
b116,[#7X3;r6:1]~[#8X1;!r3;!r4;!r5;!r6;!r7;!r8:2],1.2806696891784668,7549,1.2396526014779756,0.02903637907926735,1.1131117680913327,1.2233275666930226,1.239247654483211,1.2550198352668072,1.3707442014132711,0.0316922685737846,1.1757891638323457,1.302558238127484,450,1.2395507479166172,0.02728451547416228,1.1496969539076676,1.2235846902616194,1.240268268634622,1.2550511472065804,1.3323355963673682,0.031466456944960974,1.176385004844178,1.3022508326240219,2,1.2856316699642103,2.341468789279766e-05,1.2856082552763175,1.285619962620264,1.2856316699642103,1.2856433773081566,1.285655084652103,2.3414687892575614e-05,1.2856082552763175,1.285655084652103
b117,[#6X2;!r3;!r4;!r5;!r6;!r7;!r8:1]~[#6X4;r6:2],1.467743158340454,7300,1.4745028035426322,0.027909718776592117,1.3650134613872946,1.4580316907827156,1.4742565697440169,1.4903972937973782,1.5993865296840344,0.032365603014662625,1.4094832862607216,1.5389456983193721,350,1.4744800700880438,0.027935583181223994,1.3958700739583412,1.4559660002624717,1.4750107587589225,1.491112389074803,1.6102325647372313,0.03514638881233134,1.4032464170439747,1.5438319722933,2,1.4711968945766434,0.002561785247585213,1.4686351093290582,1.4699160019528508,1.4711968945766434,1.472477787200436,1.4737586798242286,0.002561785247585213,1.4686351093290582,1.4737586798242286
b118,[#6X4;r6:1]~[#7X3;r5:2],1.4500306844711304,7298,1.479767846141185,0.029000519437597037,1.3431767376380057,1.4630257478900306,1.4788335871077836,1.4960246350075532,1.627709585514937,0.032998887117522635,1.4135274172137466,1.5455229656838372,200,1.48492996052735,0.03136500518700238,1.4021015941362458,1.4661177129021619,1.4835596176853487,1.497624494998116,1.62543158150395,0.03150678209595403,1.4188575397582308,1.544884668142047,7,1.46716648645491,0.006755395132987636,1.4545606820339283,1.4658078789747528,1.4662457756725942,1.4692351565581763,1.4792728764119907,0.003427277583423427,1.4606669625996176,1.4743760729333113
b119,[#15X4;!r3;!r4;!r5;!r6;!r7;!r8:1]~[#7X3;!r3;!r4;!r5;!r6;!r7;!r8:2],1.722931146621704,7200,1.712849744494124,0.04248501059456871,1.5382915561470771,1.6866006765071426,1.7144190151828118,1.7407780432678972,1.9205861349538818,0.054177366760754575,1.6053346263660107,1.822044093409029,500,1.6815501427709822,0.05164185456741784,1.524511453978093,1.6421323157207368,1.6890892294974968,1.7194731967196666,1.7988317921137253,0.07734088099892977,1.5261209942223422,1.7988317921137253,60,1.6873130422353986,0.026586743611424084,1.639539208682935,1.6673791183125155,1.685070701161694,1.704293956607927,1.757270153911518,0.03691483829541142,1.639539208682935,1.757270153911518
b120,[#6X3;r5:1]~[#7X3;r6:2],1.388885259628296,7150,1.4056016448920576,0.0278820770725989,1.2824941051146617,1.3893414353605178,1.4054370142203558,1.4215117929626069,1.535133652672529,0.032170357602089084,1.3410858989573842,1.4697673293657405,300,1.4005013613233595,0.02672731401327921,1.2952962049803172,1.3844095710059592,1.400776194895907,1.4165062126272907,1.4939386134449537,0.03209664162133152,1.3362646085739618,1.4646511750592879,12,1.3948653647611848,0.02371139041655011,1.3587279813123303,1.3683506294586787,1.403283741883719,1.4166473740579457,1.4192950466347027,0.04829674459926703,1.3587279813123303,1.4192950466347027
b121,[#6X4;r3:1]~[#7X3;!r3;!r4;!r5;!r6;!r7;!r8:2],1.4444984197616577,7000,1.4649559913163264,0.029754110240721117,1.3231776144730187,1.447826159465723,1.464009500408305,1.4813043178368315,1.5994262788378815,0.03347815837110857,1.3976089219090602,1.5315215553934944,300,1.4679416704463641,0.031266943066939605,1.3511817298762738,1.4531536401049778,1.4643004142662333,1.4820154304323692,1.5949337813540394,0.028861790327391335,1.4098609546138907,1.525308115923456,68,1.4431722733085244,0.011104323540589201,1.418914008568658,1.4357682548877875,1.4382247237701191,1.4500113733095752,1.4781424032870105,0.014243118421787715,1.418914008568658,1.4713760509422569
b122,[#6X4;!r3;!r4;!r5;!r6;!r7;!r8:1]~[#7X3;r7:2],1.4645516872406006,6889,1.479270047514763,0.029370079166217106,1.3456887562018687,1.4621997101688293,1.4778123126751932,1.4953242353553176,1.624909459972348,0.03312452518648823,1.412512922389097,1.54501102313505,150,1.4798698768946053,0.02840714956173405,1.3876281895893237,1.46231508534829,1.4787337811868104,1.4958309628657902,1.5679045464942094,0.03351587751750018,1.4120412690720396,1.5461047791420404,9,1.4644876589927245,0.01665985268184156,1.43578454932995,1.4609362845140803,1.4648169469171564,1.477837148054789,1.484909420357214,0.016900863540708633,1.43578454932995,1.484909420357214
b123,[#6X4;r5:1]~[#9X1;!r3;!r4;!r5;!r6;!r7;!r8:2],1.3620432615280151,6850,1.3629823918110302,0.029776585021788232,1.2293189226117727,1.3471045729962414,1.3628212104333088,1.3788348840441378,1.4823478487074664,0.031730311047896365,1.2995091064243969,1.4264303506159823,950,1.364777661519741,0.028573607098004068,1.2332422964053027,1.3480983233493262,1.364179609885478,1.3807432449113066,1.4640555429131297,0.0326449215619804,1.2991309410063556,1.4297106272542772,4,1.3920102970303567,0.004330058199820406,1.3866214644144987,1.388322564006486,1.3925366170662785,1.396224350090149,1.3963464895743707,0.007901786083662987,1.3866214644144987,1.3963464895743707
b124,[#16X4;!r3;!r4;!r5;!r6;!r7;!r8:1]~[#7X3;r5:2],1.6793479919433594,6649,1.7536847547655248,0.044382145185220816,1.571158976794349,1.7239544890746394,1.753728375338222,1.7830634539695367,1.9267216439685553,0.059108964894897253,1.6352910417322937,1.8717269013118827,200,1.758472480725163,0.040187455271939516,1.6329905207282636,1.733516865640748,1.7590342325517363,1.7835394421982889,1.8814409706475708,0.05002257655754083,1.658483000804437,1.8585733070346002,38,1.7207202081961008,0.03264549232885018,1.6567767633390078,1.6963167720901764,1.7213281007836987,1.7514033318109474,1.771000425321738,0.05508655972077103,1.6567767633390078,1.771000425321738
b125,[#6X3;r4:1]~[#8X1;!r3;!r4;!r5;!r6;!r7;!r8:2],1.1983544826507568,6299,1.2271081808804543,0.02320865034276459,1.1192738964105495,1.2136222321392296,1.2263021233095164,1.2399335835001333,1.3440898306549107,0.02631135136090368,1.174155205097874,1.2794006105414888,300,1.2303294545622794,0.026063834347611968,1.1311017298833463,1.2153736099894155,1.2301043969417695,1.2435425063673693,1.3150161117407129,0.028168896377953834,1.1731202654224848,1.2857958509343002,33,1.2128999050460825,0.03423088483960312,1.1948976907621165,1.2033213503084328,1.206921308736003,1.209663316597379,1.404663464297624,0.0063419662889461215,1.1948976907621165,1.219176266030798
b126,[#6X3;r5:1]~[#6X4;r3:2],1.4768413305282593,6050,1.5104656767139295,0.031816943944036204,1.3450673758735379,1.4920053035914251,1.50953356667079,1.527407919983115,1.6535587781664518,0.035402616391689845,1.4389013790038905,1.5805118445706499,300,1.5140846438379,0.03474487722652744,1.3449507283953008,1.4949165549112375,1.5131103182608459,1.5300630190406594,1.6305660593656526,0.035146464129421906,1.4421968587171046,1.5827827152347922,31,1.488885081275869,0.026451971137296745,1.4522060725220551,1.4711788653563178,1.4787250052064227,1.5086023579380876,1.5412567254058638,0.0374234925817698,1.4522060725220551,1.5412567254058638
b127,[#16X4;!r3;!r4;!r5;!r6;!r7;!r8:1]~[#7X3;r6:2],1.6398731470108032,6000,1.7467560245337863,0.03645649023576547,1.5649610628781692,1.7254715492979282,1.7457308034671122,1.7671224128130048,1.9216598220506231,0.04165086351507652,1.6629952540253135,1.8295987080856195,100,1.745840620212529,0.033553539634165436,1.655206852068933,1.7257472636158542,1.7449360073335791,1.7622525609683906,1.8395779144067312,0.03650529735253638,1.6709893175870496,1.8170105069971951,19,1.6854522975380533,0.02599567839841092,1.6452198381364367,1.672323498802913,1.6782159910482457,1.6959977867461502,1.7672075217938366,0.023674287943237227,1.6452198381364367,1.7315092186610062
b128,[#6X4;r4:1]~[#9X1;!r3;!r4;!r5;!r6;!r7;!r8:2],1.3387969732284546,5850,1.364603475257111,0.029690775309837332,1.234795998447005,1.3483024188537138,1.3643627144611472,1.3804418852611535,1.5094726971561039,0.0321394664074397,1.3000932192425543,1.428651084872313,450,1.3629198114676229,0.030340860560760262,1.2754237924019833,1.34523761738546,1.3606155212895898,1.3803264715158017,1.4652014774817412,0.035088854130341574,1.2926043361899477,1.432959752711314,5,1.3459269511232528,0.011790211145347045,1.3224680245202713,1.3506949249534355,1.3509394746195023,1.3514786338371207,1.3540536976859332,0.0007837088836852857,1.3495193616279075,1.3526541971626487
b129,[#6X4;r5:1]~[#7X3;r5:2],1.4388757944107056,5700,1.476885845601925,0.029061481755784338,1.3464960118928835,1.4598046319185682,1.4767480288998778,1.4927585074414615,1.6237966988932946,0.032953875522893306,1.4103738186342283,1.5421893207258015,400,1.4758701147864008,0.030226577106986702,1.375626986292841,1.4575891256589635,1.475609764580733,1.4925300331640767,1.5987378140346609,0.03494090750511325,1.4051777644012935,1.5449413944217465,14,1.462567657289544,0.011020107753244981,1.4448054599540732,1.454483812577786,1.4612341718583792,1.468404204465005,1.4854679222444147,0.013920391887219052,1.4448054599540732,1.4854679222444147
b130,[#16X3;!r3;!r4;!r5;!r6;!r7;!r8:1]~[#6X3;r6:2],1.814265489578247,5650,1.8163934360744334,0.04171229442591784,1.6499279189171971,1.787619065854667,1.8209489837864727,1.8424541871231244,1.9670037041072148,0.054835121268457465,1.7053663839519806,1.9247068690258105,349,1.7951144066244238,0.06037561093805266,1.622057647920345,1.7625905058891098,1.8057656557697785,1.837328834350834,1.9355461076626481,0.07473832846172423,1.6504830131965234,1.9355461076626481,37,1.8090368843888334,0.03281033140436936,1.7458183972412227,1.7930950084337198,1.823451931821143,1.8293442358533023,1.8613574543757583,0.036249227419582475,1.7458183972412227,1.8613574543757583
b131,[#17X1;!r3;!r4;!r5;!r6;!r7;!r8:1]~[#6X4;r6:2],1.8225713968276978,5400,1.8021850840040077,0.05365412614534015,1.641195198555421,1.7760221546043269,1.8000121867345857,1.8244064593419465,2.8264345490739986,0.048384304737619566,1.7034456974978975,1.8969829164483758,850,1.7976779362546307,0.04212101946756587,1.6272878730346911,1.7749454578554078,1.7968690709018156,1.8210880817466304,1.9680529774472086,0.04614262389122259,1.7057315220185738,1.8903020175834642,10,1.8066669793211154,0.019094475401451445,1.7887079342097878,1.7963774705986133,1.799686551998402,1.8032804574899308,1.854772656419427,0.00690298689131752,1.7887079342097878,1.8136349378269072
b132,[#6X4;r4:1]~[#8X2;!r3;!r4;!r5;!r6;!r7;!r8:2],1.421932339668274,5100,1.438031518517176,0.029986733924029493,1.306359726948135,1.4206016211002834,1.4379323017750956,1.4550155544812529,1.5614455907601128,0.03441393338096943,1.3689807210288292,1.506636454552707,150,1.4374633939046624,0.028292112987585133,1.364200049546714,1.4225896956079402,1.4372634415741832,1.4510129804601926,1.5314549016656853,0.028423284852252317,1.3799547683295619,1.4936479077385711,8,1.4141673799379162,0.016204980646136794,1.3957625034380392,1.39901996931092,1.4099858155682305,1.4294276319047565,1.4374279646503847,0.030407662593836537,1.3957625034380392,1.4374279646503847
b133,[#7X3;!r3;!r4;!r5;!r6;!r7;!r8:1]~[#7X3;r5:2],1.3818799257278442,5100,1.4398066391839275,0.02838419092796253,1.2753848819197873,1.4232079671757867,1.4396491638582751,1.456214752801013,1.5780088722709382,0.0330067856252263,1.3736977887379473,1.5057249312388525,150,1.4406083624970534,0.030224185901753818,1.3441909354831865,1.4231900811814104,1.445262298352938,1.4606039125017853,1.5207270577950232,0.0374138313203749,1.3670693342008482,1.5167246594823478,37,1.3903792667379589,0.019760047233650886,1.3317202039160598,1.3801629781740992,1.3854229171160413,1.3980199930313906,1.4438666713019594,0.01785701485729141,1.353377455888162,1.4248055153173276
b134,[#6X4;r4:1]~[#7X3;!r3;!r4;!r5;!r6;!r7;!r8:2],1.439857006072998,4850,1.4734965491724081,0.030511940081347354,1.3411630100854466,1.4556104806657635,1.4732529901759048,1.4912985776504528,1.6085337176574557,0.03568809698468933,1.4020783351887296,1.544830723127487,100,1.4718086433580706,0.03124116759178183,1.3894530689549525,1.4557102490520926,1.4697095680193561,1.4893286897182425,1.563310569645449,0.03361844066614994,1.4052825880528677,1.5397563507174674,15,1.4537373072058635,0.014085011791406414,1.4219172989115187,1.44541370681602,1.4597074886593873,1.462002773588323,1.4728944015958159,0.016589066772302985,1.4219172989115187,1.4728944015958159
b135,[#15X4;!r3;!r4;!r5;!r6;!r7;!r8:1]~[#16X1;!r3;!r4;!r5;!r6;!r7;!r8:2],1.9196192026138306,4850,1.9668588296699203,0.03941003980590364,1.7758060778412108,1.9436621963271707,1.9668084051096042,1.9896549745785062,2.130114048386264,0.04599277825133541,1.8746730289501676,2.0586441419555093,500,1.9704752165830222,0.037774260385444035,1.8309059898132052,1.9488222984606411,1.969917696873161,1.9907144790420415,2.1083038436792623,0.04189218058140032,1.8859840275885407,2.053552749914142,58,1.9487963932725447,0.011003555120222852,1.9278488244915528,1.942267875227465,1.9462470902315672,1.954301708831953,1.976237570240668,0.012033833604488064,1.9278488244915528,1.9723524592386852
b136,[#15X4;!r3;!r4;!r5;!r6;!r7;!r8:1]~[#16X2;!r3;!r4;!r5;!r6;!r7;!r8:2],2.163465738296509,4550,2.113263035420656,0.04933135153991945,1.8970843911546111,2.083136649985798,2.1142263134982286,2.143042038955232,2.3207778553989455,0.05990538896943365,1.9932785665316477,2.232900122409382,350,2.112102888815718,0.04902533867713325,1.9618874148633787,2.078583148266116,2.109581598376014,2.1418932588966473,2.277661660237242,0.06331011063053138,1.9836179823203188,2.2368584248424446,24,2.1163121712418946,0.016389921747197025,2.080648985311484,2.1064972990039177,2.11323833153265,2.1249562542323908,2.158696480713574,0.018458955228473073,2.080648985311484,2.1526446870751004
b137,[#15X4;!r3;!r4;!r5;!r6;!r7;!r8:1]~[#6X3;r6:2],1.8234405517578125,4550,1.850671683975267,0.04978845144806328,1.6434825789322849,1.8194236842140217,1.8461629533642805,1.8770150396318437,2.1117326365456948,0.05759135541782201,1.7330366510872888,1.9634020727585768,50,1.845644777789877,0.042366934818651315,1.7373913114017756,1.8214037315618181,1.8419221034716617,1.8706108044619794,1.9666948023702386,0.04920707290016124,1.7475931222115761,1.9444214138122211,31,1.8075299772332056,0.02302630255138784,1.764257150225864,1.7997011854343326,1.8175340436938623,1.8237677725578272,1.841814039078495,0.02406658712349463,1.764257150225864,1.841814039078495
b138,[#7X3;r6:1]~[#8X2;!r3;!r4;!r5;!r6;!r7;!r8:2],1.3952593803405762,4497,1.4332090321702733,0.03244446739865199,1.288013812643006,1.4141435329847354,1.432272990292648,1.4504557480517346,1.5666958003325877,0.03631221506699922,1.3596752103842364,1.5049240706522333,50,1.423331824701962,0.02701436665768455,1.3721257918871825,1.4032792033943515,1.4229647227476327,1.4363006878570275,1.4984323815492377,0.03302148446267594,1.3721257918871825,1.4858329145510414,2,1.3888149412342314,0.020492797902683102,1.3683221433315484,1.37856854228289,1.3888149412342314,1.3990613401855732,1.4093077391369147,0.020492797902683213,1.3683221433315484,1.4093077391369147
b139,[#16X2;!r3;!r4;!r5;!r6;!r7;!r8:1]~[#6X4;r6:2],1.8396693468093872,4249,1.8454043578406882,0.03597757288355415,1.6689700586286225,1.8247428830811336,1.8451959189322444,1.8660066060386715,1.9957793305255278,0.041263722957537885,1.762847298644827,1.9279021904749785,400,1.843659987492236,0.03686338683262948,1.7350886930511213,1.8224847377875895,1.8399544106017034,1.8648444326198566,1.9882844324113678,0.04235969483226709,1.7589451955391888,1.9283839748682572,4,1.848303070485061,0.014287178572251605,1.8276348084145357,1.8424000012026354,1.848837302055566,1.8547403713379915,1.8679028694145765,0.01234037013535616,1.8276348084145357,1.8679028694145765
b140,[#6X2;!r3;!r4;!r5;!r6;!r7;!r8:1]~[#7X2;!r3;!r4;!r5;!r6;!r7;!r8:2],1.2109832763671875,4199,1.2447928955498009,0.07197679326579955,1.0922027488798942,1.1911760596400178,1.2112594217736734,1.3255823317493205,1.451288038815485,0.13440627210930267,1.0922027488798942,1.451288038815485,700,1.2235844587731102,0.06500949740187718,1.111641661218412,1.181783177005273,1.2010601622402022,1.2345886630198628,1.3917538079622132,0.0528054860145899,1.111641661218412,1.3137968920417475,50,1.2212275522236604,0.1057740839606078,1.113948182984085,1.172713754644389,1.174344821857249,1.2059379742025769,1.4575751563709778,0.03322421955818777,1.1228774253071074,1.2557743035398585
b141,[#16X2;!r3;!r4;!r5;!r6;!r7;!r8:1]~[#16X2;!r3;!r4;!r5;!r6;!r7;!r8:2],2.062034845352173,4100,2.0960246989257834,0.0443093600640395,1.909771814339357,2.070329705788032,2.0949457691704056,2.1205845151634164,2.3112620045150374,0.05025480937538429,1.9949474917249557,2.195966729226493,1300,2.0940444229621598,0.04405485480936756,1.9101306890913534,2.0691186796702032,2.0924006582009484,2.118006982643574,2.2960369835574777,0.048888302973370656,1.9957862252101473,2.19133943710363,17,2.0856363987702062,0.021718798421373114,2.049861111393669,2.073367739266327,2.0843932684527164,2.102083111899523,2.124430226630506,0.0287153726331959,2.049861111393669,2.124430226630506
b142,[#7X3;!r3;!r4;!r5;!r6;!r7;!r8:1]~[#7X3;r6:2],1.366137981414795,4049,1.442632696641148,0.02764636389374502,1.3287174830128954,1.4261843873617637,1.4417961372701842,1.458793385138944,1.5544110801085196,0.032608997777180404,1.3772708906959932,1.5077068818047148,50,1.4368308362772233,0.02372918102880285,1.3569208203707197,1.4235512724912913,1.438062507809299,1.4481560523099035,1.4911155698493652,0.0246047798186122,1.386644102763373,1.4850632220378217,26,1.4141903128842161,0.02458051664856546,1.3879475603855436,1.3957060924423144,1.4049490888586935,1.4244199997864015,1.4698363069277143,0.028713907344087186,1.3879475603855436,1.4674908608025323
b143,[#6X3;r6:1]~[#6X3;r7:2],1.4701566696166992,3950,1.4760086909478072,0.038274383924987276,1.3353605295340585,1.4570009689525896,1.4789311144059403,1.4983098462667086,1.6282074025808881,0.04130887731411903,1.395037652981411,1.5602731622378871,100,1.4719280864325297,0.03494315173376116,1.3883815950739051,1.4497488802457348,1.4707198848397889,1.499332823307952,1.546306411109805,0.04958394306221714,1.3883815950739051,1.546306411109805,1,1.4786415473136265,0.0,1.4786415473136265,1.4786415473136265,1.4786415473136265,1.4786415473136265,1.4786415473136265,0.0,1.4786415473136265,1.4786415473136265
b144,[#6X2;!r3;!r4;!r5;!r6;!r7;!r8:1]~[#6X4;r5:2],1.4657340049743652,3850,1.4756482827828898,0.0278027282081809,1.3604546774060298,1.4593049939364464,1.475162304723653,1.491509424168984,1.6095338535110733,0.032204430232537495,1.4109983485876403,1.5398160695177903,350,1.478308645368305,0.029056354979264672,1.3806396585611052,1.4601358969690894,1.4772147319101343,1.4932379528228328,1.606052377513122,0.03310205585374337,1.4104828131884743,1.5428910366034478,5,1.4661865885882064,0.004590455146892715,1.460727121145274,1.4643322361348607,1.4645259075136459,1.466860160467129,1.4744875176801227,0.0025279243322682277,1.460727121145274,1.4706520469655313
b145,[#7X3;r5:1]~[#8X2;!r3;!r4;!r5;!r6;!r7;!r8:2],1.3987605571746826,3850,1.4228044224073193,0.033660409380308856,1.2639977117296282,1.4031082135525117,1.4223987945407313,1.4416346258344324,1.5688833388338792,0.03852641228192066,1.3453185951296307,1.4994242442573134,200,1.4221511324930076,0.03828833504318871,1.2925926073769363,1.3953989071289397,1.421925062358448,1.4452252044891143,1.5392063465497183,0.04982629736017463,1.3206594610886777,1.5199646505293762,12,1.3933537582724427,0.023288027281643243,1.3624762250677878,1.3726674462324946,1.3951576263064096,1.4064693224289933,1.4471995242834983,0.03380187619649866,1.3624762250677878,1.4471995242834983
b146,[#6X4;r6:1]~[#7X3;r6:2],1.4662643671035767,3650,1.489261217848779,0.029861652730812177,1.3666634392797201,1.4710741971883194,1.4879837768330966,1.5066601832317053,1.6328953033538103,0.03558598604338581,1.4176952181232407,1.560039162296784,200,1.5024357053853101,0.0367093483747833,1.3956918725215268,1.4771587471577288,1.5019030280447239,1.5293538126370418,1.5890637556797613,0.052195065479313074,1.398866148938759,1.5890637556797613,8,1.476484710329835,0.010320538558535399,1.4591928181744398,1.4700760501858359,1.4792354877624012,1.4802366673546314,1.4959611797529884,0.010160617168795572,1.4591928181744398,1.4954775931078248
b147,[#16X2;!r3;!r4;!r5;!r6;!r7;!r8:1]~[#6X4;r5:2],1.8213194608688354,3600,1.8465620164898386,0.035446210833499525,1.7025952030009848,1.8259916589980036,1.845943935513103,1.8657273390480307,2.0248949005709616,0.039735680050027034,1.766388138922963,1.9253308591230711,350,1.8442908426288964,0.035738606369805394,1.703791159445498,1.8248177218248798,1.8449139221361248,1.8619236757153808,1.9664471612941892,0.037105953890500976,1.7691587909891284,1.9175826065511323,5,1.845183728915784,0.010823073111887084,1.8324478137752815,1.833353768810763,1.847052643830776,1.8531800291715368,1.8598843889905619,0.01982626036077373,1.8324478137752815,1.8598843889905619
b148,[#6X4;r5:1]~[#7X3;r6:2],1.4538302421569824,3550,1.481642852093791,0.030429706019731044,1.3525353229574504,1.4623666747472084,1.4802339313349246,1.4993774594172575,1.6140337375794849,0.037010784670049146,1.4068504977421346,1.5548936364223311,150,1.491802177688566,0.03517090501966811,1.4116055868072266,1.4661232575500898,1.4901951799319755,1.5144294982337823,1.595962872582778,0.04830624068369249,1.4116055868072266,1.586888859259321,13,1.4669883583435264,0.01823819467059468,1.4352398398531907,1.4539860710200574,1.4637301424125635,1.480398493289907,1.4977716265117984,0.026412422269849634,1.4352398398531907,1.4977716265117984
b149,[#6X4;!r3;!r4;!r5;!r6;!r7;!r8:1]~[#7X4;r6:2],1.5155646800994873,3550,1.489325934041055,0.0290344020582009,1.3528088412075499,1.4724668691406213,1.488438522693844,1.505157757304786,1.6468524181916038,0.032690888164164766,1.423430536894374,1.554194089551033,540,1.4880532828896693,0.029800439705858404,1.3523213137183119,1.4709757868715918,1.4880078756132056,1.502943806724082,1.5774848584898973,0.03196801985249009,1.4230237570928566,1.550895836502817,4,1.5206835108980683,0.011591483466413486,1.5043718668473098,1.5128063957305193,1.5220276050829207,1.5299047202504696,1.5343069665791231,0.017098324519950303,1.5043718668473098,1.5343069665791231
b150,[#6X3;r6:1]~[#6X4;r4:2],1.489991545677185,3248,1.5254576649202634,0.031719302279422636,1.3995067529626428,1.507580083176121,1.52434647181533,1.5422511579173734,1.6558449448807437,0.03467107474125242,1.4555734710642425,1.5942577700292522,,,,,,,,,,,,2,1.5159968850407917,0.013083189242226179,1.5029136957985656,1.5094552904196787,1.5159968850407917,1.5225384796619048,1.529080074283018,0.013083189242226068,1.5029136957985656,1.529080074283018
b151,[#6X3;!r3;!r4;!r5;!r6;!r7;!r8:1]~[#7X3;r4:2],1.379650354385376,3100,1.391052555058228,0.025583645081560892,1.2564646962155643,1.3755055497615567,1.3901387121450832,1.4055611692276972,1.5077234581735832,0.03005561946614055,1.3304221205623459,1.450644598426908,50,1.396059620996625,0.019688772325212774,1.3462824219824578,1.3871627389739158,1.396672507943952,1.4019760086685902,1.4694884202994265,0.014813269694674336,1.3649428344319043,1.4241959132106017,6,1.3933114212277289,0.02018463469316043,1.3539206148306628,1.386596331044854,1.3994749353789877,1.4074835013231144,1.4145415555397682,0.02088717027826048,1.3552655756274632,1.4145415555397682
b152,[#8X2;!r3;!r4;!r5;!r6;!r7;!r8:1]~[#8X2;!r3;!r4;!r5;!r6;!r7;!r8:2],1.4703431129455566,3099,1.4621220346534476,0.031953816351021444,1.2879400869475053,1.444298744767967,1.4614549425617835,1.4791188856257222,1.6021287689437387,0.03482014085775531,1.3920685334813339,1.531349096912355,300,1.452822778445631,0.033278349448347705,1.3559718784980623,1.4317295000764816,1.4504627420188234,1.4694383585022375,1.575205654444148,0.03770885842575589,1.3751662124378479,1.5260016461408714,47,1.4525508114360324,0.004763976151190219,1.4447611237877118,1.4507582646878658,1.4516830214648417,1.453244034017792,1.4746790285015592,0.0024857693299260575,1.4470296106929768,1.456972688012681
b153,[#6X3;!r3;!r4;!r5;!r6;!r7;!r8:1]~[#9X1;!r3;!r4;!r5;!r6;!r7;!r8:2],1.324222207069397,2946,1.3560198433373192,0.027595093865428955,1.2446510619994684,1.3407594149178397,1.3561617740587257,1.3709559143730476,1.4862811399559892,0.03019649945520797,1.2954646657350277,1.4162506635558596,550,1.355920376268215,0.02657387920349763,1.2715420201966472,1.3412995362048838,1.3553759314175078,1.3690107738627693,1.4534639950434463,0.027711237657885412,1.2997326797180557,1.4105776303495974,10,1.344010884712784,0.008236382017605624,1.332969566814555,1.337025442480467,1.3427749039641876,1.3527676150928691,1.354493311559756,0.015742172612402072,1.332969566814555,1.354493311559756
b154,[#6X3;r7:1]~[#6X4;!r3;!r4;!r5;!r6;!r7;!r8:2],1.5140479803085327,2900,1.5171937122106007,0.03250545004390041,1.3935324801871352,1.4979878682617143,1.5156936307480708,1.5359622759985394,1.6442569957948285,0.037974407736825144,1.4410262566564764,1.592923887603777,350,1.5139603052840438,0.03284703034007392,1.3926443603591003,1.4946571302014273,1.5114261203120691,1.533880315681059,1.639720726494088,0.03922318547963166,1.43582235198198,1.5927150939005066,5,1.5105360827957859,0.002203482988980333,1.5073375545682608,1.509036001017956,1.5103824257540537,1.5129621252535241,1.5129623073851333,0.003926124235568151,1.5073375545682608,1.5129623073851333
b155,[#6X3;r6:1]~[#7X3;r4:2],1.3951771259307861,2850,1.3991258344729802,0.02898176752198325,1.27423765712048,1.3821397043907138,1.39795597499627,1.4153836449000532,1.5354782973929784,0.03324394050933943,1.3322737936267046,1.4652495556640623,,,,,,,,,,,,1,1.3666762625161213,0.0,1.3666762625161213,1.3666762625161213,1.3666762625161213,1.3666762625161213,1.3666762625161213,0.0,1.3666762625161213,1.3666762625161213
b156,[#6X3;!r3;!r4;!r5;!r6;!r7;!r8:1]~[#7X3;r7:2],1.3611514568328857,2797,1.4037560969807577,0.025258692276520642,1.3001183616187995,1.3891496462186823,1.4031165505077863,1.4186409783304832,1.502151348584027,0.029491332111800883,1.344912648050981,1.4628779764981845,,,,,,,,,,,,3,1.374616992889728,0.016421533708330677,1.3517165088960705,1.367220343500668,1.3827241781052655,1.3860672348865568,1.3894102916678481,0.018846891385888798,1.3517165088960705,1.3894102916678481
b157,[#35X1;!r3;!r4;!r5;!r6;!r7;!r8:1]~[#6X3;!r3;!r4;!r5;!r6;!r7;!r8:2],1.883584976196289,2750,1.9191596861419769,0.038478655468469763,1.7542932427508868,1.897813062588115,1.9187000513956312,1.9410044402170163,2.120893017370193,0.04319137762890124,1.8330259961447632,2.005791506660368,450,1.9192923374202033,0.040663993932631516,1.7535723737022364,1.8955038224742253,1.9183093740705859,1.9395255001109286,2.0498027712412044,0.04402167763670328,1.8294713060191703,2.0055580165659834,14,1.8553227873135854,0.01770028345678134,1.841714236196569,1.8417148213702175,1.848085778340772,1.8563353829956764,1.8963041067335729,0.014620561625458883,1.841714236196569,1.8782662254338647
b158,[#6X4;r6:1]~[#7X2;!r3;!r4;!r5;!r6;!r7;!r8:2],1.4713069200515747,2700,1.4783131428308283,0.02895793832115964,1.352649458394094,1.4617130246867591,1.4776828290568125,1.4946640066065624,1.5871432223461286,0.03295098191980328,1.4122865518070542,1.5440904794862673,350,1.4789769248192066,0.02741977475529785,1.3841426040088944,1.4654051318663848,1.4780753995082738,1.4943044461174737,1.5608924429323092,0.028899314251088937,1.4220561604897513,1.537653417494107,3,1.4691126961653678,0.01934646301406202,1.4478967131126477,1.456328058817709,1.4647594045227705,1.479720687691728,1.494681970860685,0.02339262887401894,1.4478967131126477,1.494681970860685
b159,[#6X2;!r3;!r4;!r5;!r6;!r7;!r8:1]~[#6X4;r3:2],1.4409916400909424,2700,1.4703646380176438,0.02774472184973437,1.3679857915208182,1.4544443477946976,1.4700781416998185,1.4855588774566924,1.5797977550548976,0.031114529661994794,1.4077725533017054,1.5322306719496845,250,1.469398763979908,0.026963869422597105,1.367371484796001,1.4541615445614888,1.4688002846884647,1.4836071569379758,1.5815025681864148,0.029445612376487018,1.4099931259967584,1.5277755755027065,21,1.4379770570790116,0.00738658367241857,1.4294497254055103,1.432726876766378,1.4383286939582527,1.4404663754019928,1.4616142786106314,0.007739498635614739,1.4294497254055103,1.452075623355415
b160,[#16X4;!r3;!r4;!r5;!r6;!r7;!r8:1]~[#6X3;!r3;!r4;!r5;!r6;!r7;!r8:2],1.8585309982299805,2542,1.8082440981928265,0.045192182607081216,1.50532705893825,1.7891792767142911,1.808480320353677,1.8306048839058657,1.961193438997564,0.04142560719157462,1.7270408659269292,1.8927432946932277,200,1.7533085611922592,0.052200427190411264,1.597969203037054,1.718635944914596,1.7559567827085136,1.7923518167897516,1.8893089205444038,0.0737158718751556,1.6080621371018626,1.8893089205444038,11,1.7102290854557836,0.048067836654356155,1.625468522447275,1.697228579985641,1.718205796207964,1.7309592606789934,1.7993590389499177,0.03373068069335239,1.6466325589456123,1.7815552817190219
b161,[#16X1;!r3;!r4;!r5;!r6;!r7;!r8:1]~[#6X4;!r3;!r4;!r5;!r6;!r7;!r8:2],1.8140894174575806,2550,1.8260036754935953,0.03536588048376423,1.6753679791463243,1.8057234287963357,1.8250539822910272,1.8459842104973094,2.0109902360332357,0.04026078170097369,1.7453322562448752,1.90637538304877,50,1.821605009312147,0.03609388883962743,1.7192426992900522,1.8013803777516428,1.8201411884080452,1.8440813111592407,1.8977803650204281,0.04270093340759784,1.737328977640246,1.8977803650204281,1,1.8383619173974413,0.0,1.8383619173974413,1.8383619173974413,1.8383619173974413,1.8383619173974413,1.8383619173974413,0.0,1.8383619173974413,1.8383619173974413
b162,[#7X2;!r3;!r4;!r5;!r6;!r7;!r8:1]~[#7X3;r5:2],1.3567825555801392,2500,1.3748275052448233,0.02684530656995683,1.2598828425311406,1.3591973320167527,1.3741891071187404,1.3894165243069887,1.4797516951398408,0.030219192290235952,1.3138685435813988,1.4347453127423426,300,1.375755898480385,0.02675532141918147,1.3004238859737516,1.3598283027548148,1.3740516177332402,1.3905633687972971,1.5092575709423406,0.03073506604248233,1.3137257036910914,1.4366659678610207,10,1.3856340430824428,0.04610622461380421,1.3330548910288225,1.3428734728623501,1.3750056523824528,1.4332784816975987,1.4538587497662459,0.0904050088352486,1.3330548910288225,1.4538587497662459
b163,[#6X4;r7:1]~[#8X2;!r3;!r4;!r5;!r6;!r7;!r8:2],1.4217922687530518,2447,1.4346717305799346,0.030245646281843792,1.3134625958370432,1.4178317684827628,1.4343059216323992,1.451515097762322,1.5826349060629308,0.03368332927955908,1.3673067745634242,1.5020400916816605,200,1.400230834653801,0.028930062945815925,1.302942659455078,1.3828125816044596,1.399905918227773,1.4160246216050056,1.499645553326599,0.033212040000546006,1.3329945216036405,1.4658426816058245,4,1.438094607941297,0.005992936281762358,1.4287050238454315,1.4365300652513682,1.439138454161448,1.440702996851377,1.4453964995968605,0.004172931600008756,1.430270667851355,1.4453964995968605
b164,[#6X2;!r3;!r4;!r5;!r6;!r7;!r8:1]~[#7X3;!r3;!r4;!r5;!r6;!r7;!r8:2],1.3224842548370361,2350,1.3380095808526487,0.025338401697982533,1.2344727178136374,1.3233005454598386,1.3380950990855758,1.351927022415918,1.4415591384504436,0.02862647695607934,1.2803608300257197,1.394866737850037,150,1.3362580382354587,0.024428304756928504,1.2675364595505094,1.3232769216834748,1.3388690203102747,1.3509257818911842,1.4418530321883012,0.027648860207709403,1.2818036313719108,1.3923990722027484,35,1.405297060525309,0.04818822401862304,1.3337487708747435,1.3436089461205472,1.4374502498365387,1.4446159611926257,1.460749777641652,0.10100701507207854,1.3337487708747435,1.460749777641652
b165,[#6X3;!r3;!r4;!r5;!r6;!r7;!r8:1]~[#6X4;r4:2],1.480615496635437,2348,1.537630138037208,0.03254354057117754,1.4188727980439249,1.5177948448971914,1.536384376777284,1.5561837361797233,1.658803109152887,0.03838889128253187,1.4602115079733937,1.6137670731035212,150,1.5461664288049823,0.035812200206567515,1.442041419096118,1.5238798296181142,1.545037724232508,1.5694759271998446,1.6617909619971938,0.045596097581730444,1.4554856832455185,1.6378700735724403,9,1.513084817791837,0.021833911601151428,1.4713241827797685,1.4971666906352483,1.518712615319333,1.529968221100268,1.5383013946885797,0.03280153046501977,1.4713241827797685,1.5383013946885797
b166,[#35X1;!r3;!r4;!r5;!r6;!r7;!r8:1]~[#6X4;r6:2],1.9627846479415894,2300,1.9933539382539343,0.03977665280540982,1.8271958814259406,1.9693887730390893,1.9928082668550096,2.016387241146014,2.1612188581370244,0.04699846810692487,1.898891070878702,2.0868849433064014,600,1.9897177879146644,0.040287588166819904,1.84806083528597,1.9662240841627596,1.989235793736054,2.0131628052224957,2.121281724125327,0.046938721059736066,1.8958160025731554,2.0835708868120997,41,1.9617705923075195,0.012966518462228616,1.9450218752079118,1.9549126899123659,1.9568406358139452,1.9689325840924583,2.0106607641094394,0.014019894180092418,1.9450218752079118,1.989962425362597
b167,[#7X3;r5:1]~[#8X1;!r3;!r4;!r5;!r6;!r7;!r8:2],1.2805935144424438,2249,1.236798657603567,0.028451537029208152,1.1062250370989062,1.2215895815794497,1.2367033265513045,1.2511559264853633,1.37839710981875,0.02956634490591359,1.1772400642205794,1.2955054438442337,150,1.2401477288889162,0.027789606961110307,1.1712883394654132,1.2253315345870037,1.238898014627925,1.254538735978387,1.3352554019734466,0.02920720139138333,1.1815207324999286,1.298349538065462,6,1.2588654383562006,0.006718270401964248,1.2520545822806757,1.2533381763531297,1.2561125220078195,1.2652045322989127,1.2682644069767113,0.011866355945783003,1.2520545822806757,1.2682644069767113
b168,[#6X3;r6:1]~[#6X4;r7:2],1.5004886388778687,2199,1.5302492122737585,0.03314436297042697,1.3744248520044773,1.51070215705254,1.5293169708108314,1.5494059657276715,1.6976604501318393,0.03870380867513146,1.4526464440398428,1.6074616787403686,100,1.523950394018083,0.027294779960279316,1.4666593515696449,1.5052710382983099,1.5240256221577655,1.5421823088120978,1.616408286216629,0.03691127051378795,1.4666593515696449,1.5975492145827799,2,1.524903613353822,0.001324562344710456,1.5235790510091116,1.5242413321814667,1.524903613353822,1.5255658945261774,1.5262281756985325,0.001324562344710678,1.5235790510091116,1.5262281756985325
b169,[#6X1;!r3;!r4;!r5;!r6;!r7;!r8:1]~[#7X2;!r3;!r4;!r5;!r6;!r7;!r8:2],1.1659061908721924,2200,1.1680502978982945,0.02029149573913881,1.0899732913731208,1.155646968194568,1.1678432537389773,1.1800966977210983,1.2526773577978207,0.02444972952653024,1.1189723739047728,1.2167712920108937,350,1.1659304111765656,0.0199239118771848,1.0899699758469559,1.1543606134429976,1.1663533727525834,1.1767649366333612,1.2334465236364025,0.022404323190363673,1.120754128657452,1.2103714214189067,14,1.1674414917866922,0.01393322330394415,1.1172451420840415,1.1710900702555764,1.171530211707534,1.171590045380121,1.1718682861985894,0.0004999751245444717,1.1703401075687596,1.1718682861985894
b170,[#6X4;r7:1]~[#7X3;!r3;!r4;!r5;!r6;!r7;!r8:2],1.4625624418258667,2140,1.4768717158187703,0.03174221903693609,1.3548857409421056,1.4574159621270502,1.4758532816890448,1.4953094784144665,1.6061798418572972,0.03789351628741633,1.4005756876959257,1.552149752845591,100,1.4682108108541965,0.032464550633339216,1.393393102399041,1.4477104679383896,1.4662883135416998,1.4908323652677906,1.5813383714427132,0.04312189732940097,1.393393102399041,1.5555152112618922,1,1.4447562463173629,0.0,1.4447562463173629,1.4447562463173629,1.4447562463173629,1.4447562463173629,1.4447562463173629,0.0,1.4447562463173629,1.4447562463173629
b171,[#16X4;!r3;!r4;!r5;!r6;!r7;!r8:1]~[#7X2;!r3;!r4;!r5;!r6;!r7;!r8:2],1.5142512321472168,2150,1.7183372403806276,0.039294024534900295,1.5731140269327881,1.693857038743369,1.717996172813471,1.7422839901261924,1.8487803757003165,0.04842695138282349,1.6212166116691336,1.8149244172004275,150,1.7140843794452447,0.0394891143190387,1.5818198948803386,1.6890756114730205,1.7134352112273061,1.7391287335715488,1.8322951840924537,0.0500531220985283,1.613995928325228,1.8142084167193413,42,1.5692384403910002,0.05400284113240182,1.523328824618954,1.5435648503627295,1.5465101478476182,1.5578486324651972,1.7510884095810064,0.014283782102467724,1.523328824618954,1.579274305618899
b172,[#6X3;r7:1]~[#7X3;!r3;!r4;!r5;!r6;!r7;!r8:2],1.3799504041671753,2100,1.3807093147733274,0.03636641834375751,1.2571202321883566,1.3573856416574925,1.3810349176763714,1.4056420457038592,1.5025630106900272,0.04825640404636666,1.2850010355879427,1.4780266517734093,150,1.354027055300493,0.0589247737143212,1.2344734042228465,1.2951058590941429,1.3754941948790704,1.3967891033169173,1.4813111136468728,0.10168324422277442,1.2344734042228465,1.4813111136468728,1,1.424543720904167,0.0,1.424543720904167,1.424543720904167,1.424543720904167,1.424543720904167,1.424543720904167,0.0,1.424543720904167,1.424543720904167
b173,[#6X3;!r3;!r4;!r5;!r6;!r7;!r8:1]~[#6X3;r7:2],1.181899905204773,2100,1.441516240005309,0.056026415158319076,1.2659260045558625,1.3929331519456443,1.446116847889713,1.4855415869892206,1.6104928387715642,0.0926084350435763,1.2659260045558625,1.6104928387715642,250,1.423822657031606,0.05447382514717654,1.308433133384665,1.3818321717391768,1.4082823210698832,1.4663259995649718,1.5665669119441181,0.08449382782579495,1.308433133384665,1.5665669119441181,2,1.337829348508948,0.0005175152644275594,1.3373118332445204,1.3375705908767341,1.337829348508948,1.3380881061411618,1.3383468637733755,0.0005175152644276704,1.3373118332445204,1.3383468637733755
b174,[#53X1;!r3;!r4;!r5;!r6;!r7;!r8:1]~[#6X4;!r3;!r4;!r5;!r6;!r7;!r8:2],2.1548678874969482,2095,2.179808777308669,0.04640601963772967,1.9844558591876869,2.153139332506009,2.1782807321075226,2.205499353155984,2.387088811904435,0.05236002064997525,2.074599301531046,2.284039384130947,447,2.174675207741007,0.04860327278084,1.9720023213510667,2.1498465740172765,2.173096338796113,2.196779056015515,2.3384386704919127,0.04693248199823863,2.0794478510199186,2.267177779012873,31,2.1504782500179918,0.03525965099246522,2.0861781939032165,2.123405225625027,2.141781394472704,2.186383340537736,2.2040012762700423,0.06297811491270888,2.0861781939032165,2.2040012762700423
b175,[#15X4;r6:1]~[#8X1;!r3;!r4;!r5;!r6;!r7;!r8:2],1.4577393531799316,2100,1.4833133800134872,0.02394358257803018,1.3761871370013459,1.4697431624859005,1.4827882490080602,1.4971731799859214,1.5781648428759403,0.02743001750002083,1.4285981362358693,1.5383182062359526,400,1.4855664719154962,0.021866846853829405,1.4150647247539314,1.4713022342584672,1.4858425802423065,1.4975072237327982,1.5684413190488211,0.02620498947433103,1.4319947500469707,1.5368147079442949,28,1.4882997873380355,0.011134365480881729,1.4696881073325014,1.4799888545068973,1.4846126304206555,1.4993236443836884,1.5048167721904548,0.019334789876791048,1.4696881073325014,1.5048167721904548
b176,[#15X3;!r3;!r4;!r5;!r6;!r7;!r8:1]~[#8X2;!r3;!r4;!r5;!r6;!r7;!r8:2],1.6880214214324951,1990,1.645073583919527,0.03290889728574995,1.5190296647734751,1.6265469408075102,1.644553552130666,1.6641970452462314,1.792310826058183,0.03765010443872119,1.5700717841494285,1.7206722019043132,800,1.6458211905406452,0.034347178918430775,1.5252856540319792,1.6256798982577134,1.6457571218571374,1.665023743743736,1.7878466836229987,0.039343845486022655,1.5666641300286794,1.72403951197277,1,1.6195448243689539,0.0,1.6195448243689539,1.6195448243689539,1.6195448243689539,1.6195448243689539,1.6195448243689539,0.0,1.6195448243689539,1.6195448243689539
b177,[#6X4;!r3;!r4;!r5;!r6;!r7;!r8:1]~[#7X4;r5:2],1.519322395324707,2000,1.487165861226622,0.02803090740629552,1.3773311533840373,1.4713504779050135,1.4870540987515257,1.502510677926728,1.6292972235711483,0.0311602000217146,1.4246101778724416,1.5492509779593,450,1.486248044359005,0.02845783327994841,1.3984862730334584,1.4685927498000377,1.485975745710613,1.502830522829455,1.6372248038990247,0.03423777302941722,1.417236090255912,1.5541871823735809,4,1.5031578916750759,0.013180664255783169,1.4899533636665623,1.4899896652073312,1.5031044252612782,1.5162726517290228,1.5164693525111845,0.026282986521691587,1.4899533636665623,1.5164693525111845
b178,[#16X4;r7:1]~[#8X1;!r3;!r4;!r5;!r6;!r7;!r8:2],1.4283047914505005,1980,1.4733962035916872,0.023187053996200427,1.3926130383152218,1.4596637794559175,1.4732582716498475,1.4857607641872101,1.6094687508614898,0.026096984731292627,1.4205183023589787,1.5249062412841492,300,1.4735641351333038,0.024180283025982244,1.3886572337422691,1.461526986210432,1.4753699539588974,1.4866351063737882,1.5697851150084488,0.025108120163356062,1.423864805965398,1.5242972866188222,22,1.4654819728746658,0.004290557950932883,1.4540650002297983,1.463577092842234,1.4654018672325484,1.4681028248670203,1.4746321048733957,0.004525732024786233,1.4567884948050547,1.4746321048733957
b179,[#17X1;!r3;!r4;!r5;!r6;!r7;!r8:1]~[#6X4;r4:2],1.755767583847046,2000,1.798752487546001,0.0425261126699702,1.624325477282055,1.7746211958753235,1.7981792847589304,1.8220981150592808,1.9740023834716263,0.047476919183957245,1.7034058170993878,1.8933134938352167,900,1.798389384628184,0.04044330908772427,1.621835652040531,1.7750626858343712,1.7979073417185703,1.8201163394838697,1.9559958672549091,0.04505365364949854,1.7074822053601233,1.8876968199581174,9,1.7924463747183457,0.007089978641785255,1.778804112018981,1.7908454853092042,1.7936246233449262,1.7936624353461548,1.8020186630318518,0.002816950036950594,1.7866200602537783,1.7978878604015807
b180,[#15X3;!r3;!r4;!r5;!r6;!r7;!r8:1]~[#6X4;!r3;!r4;!r5;!r6;!r7;!r8:2],1.8271539211273193,1948,1.8438005959173782,0.04350739653562762,1.6670693605199034,1.8178989707360427,1.8428003180591115,1.868603181837061,2.0488705850469713,0.050704211101018304,1.741842654084515,1.9446594984885883,499,1.8415810441230394,0.042196347543726885,1.65287857951573,1.8182732452827304,1.8404872647634447,1.862548431691902,1.9598242588736003,0.04427518640917172,1.751860465668973,1.9289612113056598,5,1.8232021304183341,0.030213405269209726,1.7638619078682924,1.8342901527988,1.8343024245015942,1.8344741651448864,1.8490820017780976,0.00018401234608633743,1.8340141342796705,1.8347501836640159
b181,[#6X4;r5:1]~[#7X2;!r3;!r4;!r5;!r6;!r7;!r8:2],1.4570621252059937,1900,1.4772213181729115,0.029301585292938595,1.3524537722134056,1.4601504485801167,1.4757647690402136,1.493987290378462,1.6115687319084822,0.03383684179834523,1.4093951858825988,1.5447425530759797,100,1.47128001487726,0.02684018877379722,1.3821964203223793,1.4561062663426645,1.4718569331783802,1.4833230973452889,1.5587266891761762,0.027216831002624398,1.4152810198387278,1.5241483438492254,1,1.4955022038024937,0.0,1.4955022038024937,1.4955022038024937,1.4955022038024937,1.4955022038024937,1.4955022038024937,0.0,1.4955022038024937,1.4955022038024937
b182,[#16X1;!r3;!r4;!r5;!r6;!r7;!r8:1]~[#6X2;!r3;!r4;!r5;!r6;!r7;!r8:2],1.5939269065856934,1899,1.579732476367058,0.02524007997061495,1.4730988864826668,1.565311521176052,1.5794230215655558,1.5939891309100616,1.6841090395243086,0.028677609734009568,1.5222951065750376,1.637005545511076,250,1.5791679098357096,0.025483349471686078,1.493732845038964,1.565117029420751,1.5794647794089935,1.5956385515487492,1.648194487051442,0.03052152212799819,1.5193347462287536,1.6414208347407464,15,1.5913430861012505,0.006388376931278418,1.572739899426963,1.591239030828095,1.5936874020770504,1.5948373569194154,1.596897851104331,0.0035983260913203807,1.5858415416911145,1.596897851104331
b183,[#6X4;!r3;!r4;!r5;!r6;!r7;!r8:1]~[#7X3;r4:2],1.4047777652740479,1900,1.4786264470965618,0.029639924974353343,1.3725971596595925,1.4616691349608553,1.4783996702622941,1.495309743372907,1.614693135976115,0.03364060841205174,1.4112082223427778,1.5457706559909847,150,1.4723690537056264,0.032368428555397746,1.3930825682503463,1.4531205283549171,1.47352379349096,1.4899727075285498,1.6147228176731878,0.036852179173632704,1.397842259594468,1.5452509762889988,1,1.4582407005242597,0.0,1.4582407005242597,1.4582407005242597,1.4582407005242597,1.4582407005242597,1.4582407005242597,0.0,1.4582407005242597,1.4582407005242597
b184,[#6X3;r6:1]~[#7X3;r7:2],1.3894295692443848,1897,1.4090138078593153,0.02897732980492961,1.3064726352162497,1.3918308816267517,1.4088947312658204,1.4258115548436097,1.525342742060235,0.03398067321685794,1.3408598718014648,1.4767825646688966,,,,,,,,,,,,1,1.3965250557759368,0.0,1.3965250557759368,1.3965250557759368,1.3965250557759368,1.3965250557759368,1.3965250557759368,0.0,1.3965250557759368,1.3965250557759368
b185,[#16X3;r5:1]~[#8X1;!r3;!r4;!r5;!r6;!r7;!r8:2],1.4768478870391846,1850,1.4750566928755642,0.022016148063312747,1.378758079965211,1.4630555717098013,1.4746967537386741,1.4872961863391065,1.5681322838455793,0.024240614629305268,1.4266946497658433,1.5236571082830643,200,1.4785112747665878,0.022394169692502137,1.4143987539485816,1.4652316381681671,1.475608670372816,1.49098491576148,1.5539542585491624,0.025753277593312918,1.4266017217781979,1.5296148321514496,23,1.498244608144985,0.015137231921033565,1.4696143957317973,1.485247959539827,1.500259914114731,1.5118924368956375,1.5177788857836692,0.026644477355810547,1.4696143957317973,1.5177788857836692
b186,[#16X2;!r3;!r4;!r5;!r6;!r7;!r8:1]~[#7X3;!r3;!r4;!r5;!r6;!r7;!r8:2],1.6767315864562988,1850,1.6958945204681162,0.030796649661495656,1.5713757822065066,1.677940695266524,1.6947812707951109,1.7130347694284407,1.8216522749771318,0.03509407416191679,1.6252995840236486,1.7656758806713158,50,1.7064524403477273,0.030527794542968088,1.6318021027426888,1.6838107014005097,1.7039243379509013,1.7229584856269238,1.7850646642276757,0.03914778422641407,1.6318021027426888,1.7816801619665448,11,1.7170522471373388,0.035418451659194224,1.6527140743610318,1.706967191030897,1.7250589697113554,1.7395128051010218,1.7638806707189028,0.032545614070124795,1.6581487699257098,1.7638806707189028
b187,[#7X2;!r3;!r4;!r5;!r6;!r7;!r8:1]~[#7X3;r6:2],1.362364649772644,1800,1.3736426761611948,0.028689322592189596,1.265760658299331,1.3578905251014075,1.3730337952146288,1.3908835860507154,1.4802753222671543,0.03299306094930787,1.3084009336774458,1.4403731774746773,100,1.3616310892873025,0.02579110909930959,1.2863701451957317,1.3487934597133018,1.3610299804802475,1.3760027104262882,1.415075104981071,0.02720925071298641,1.3079795836438222,1.415075104981071,1,1.4689458691803157,0.0,1.4689458691803157,1.4689458691803157,1.4689458691803157,1.4689458691803157,1.4689458691803157,0.0,1.4689458691803157,1.4689458691803157
b188,[#6X4;r3:1]~[#9X1;!r3;!r4;!r5;!r6;!r7;!r8:2],1.34464430809021,1750,1.3613448464422102,0.029125060966294462,1.2441673120141146,1.3451571177604487,1.3615375085889052,1.3764471627315953,1.4906410044890372,0.031290044971146624,1.2982220503037287,1.4233822301883152,50,1.3578824197113764,0.025947778172292806,1.291326966182268,1.3440674799072507,1.3574338749286898,1.370479934919717,1.4298128249991704,0.02641245501246625,1.3044487973885515,1.4100986174384165,25,1.3819226258850554,0.009773989927962561,1.3477978026226962,1.3773842802985952,1.3839652578886752,1.3887000466921522,1.3907593115832135,0.011315766393557025,1.3604106307082597,1.3907593115832135
b189,[#6X4;r5:1]~[#6X4;r6:2],1.523593544960022,1750,1.561195542924579,0.03572141924665357,1.419609244377507,1.5398067167946983,1.5590912623665356,1.581053838918641,1.6919880654568185,0.04124712212394277,1.4779360336087841,1.6429245221045552,,,,,,,,,,,,8,1.5271626811603547,0.0063659071620891855,1.5189759482764238,1.5225371653507087,1.5241930339590677,1.5330885337811053,1.5375876637719998,0.010551368430396613,1.5189759482764238,1.5375876637719998
b190,[#16X2;!r3;!r4;!r5;!r6;!r7;!r8:1]~[#6X2;!r3;!r4;!r5;!r6;!r7;!r8:2],1.6373389959335327,1700,1.8144519794618303,0.03404192475856247,1.6709173415564105,1.7953816975037458,1.8131775270285615,1.832292354726453,1.9579948091602477,0.036910657222707144,1.740015711669685,1.8876583405605136,100,1.8132035307026217,0.03438604150184698,1.7264923238038483,1.795769212573422,1.8133273823915312,1.828948955297372,1.9051876368648721,0.03317974272394997,1.745999598487497,1.8787185693832968,33,1.6925208821568516,0.005564487887867131,1.6870925049813583,1.6898627843125023,1.690661232958838,1.6919679075173786,1.7187448096976474,0.0021051232048763246,1.6870925049813583,1.695125592324693
b191,[#1X1;!r3;!r4;!r5;!r6;!r7;!r8:1]~[#7X3;r4:2],1.0103718042373657,1650,1.0215649098563513,0.023982302242357877,0.9119088368244168,1.0083986649260532,1.0204512241932966,1.033953885230337,1.1302088619927566,0.0255552203042837,0.9700658344696277,1.0722867156867624,,,,,,,,,,,,43,1.0166090650695734,0.0039218190696577605,1.0087940688162658,1.0133347058043691,1.0185232107019644,1.0193292234096063,1.022831393680523,0.005994517605237171,1.0087940688162658,1.022831393680523
b192,[#53X1;!r3;!r4;!r5;!r6;!r7;!r8:1]~[#6X3;r5:2],2.0447850227355957,1624,2.250805932282117,0.04214120282898984,2.084190779346131,2.226207856852488,2.250095653681624,2.273545305865699,2.4169297437897836,0.0473374490132108,2.155201683332672,2.3445514793855153,543,2.2494314368900916,0.04309234638780066,2.1159892466770462,2.226254447612407,2.248829714002978,2.2727907815964907,2.4235901520541723,0.04653633398408363,2.1564499466362816,2.342595282572616,28,2.054632780108391,0.0207573824020366,1.9907129413185514,2.040488869400362,2.0589907573720616,2.0708039661156934,2.0914480812890055,0.030315096715331613,1.9950162243273644,2.0914480812890055
b193,[#16X3;!r3;!r4;!r5;!r6;!r7;!r8:1]~[#6X3;r5:2],1.8813343048095703,1500,1.8116318663688984,0.043664611562967776,1.6479242704702015,1.7798374942540893,1.8174424410865138,1.8413236987727615,1.9572886629276078,0.06148620451867215,1.687608187476081,1.9335530055507697,150,1.78443330179143,0.03783116946853074,1.6878925342610154,1.7592877404709257,1.7764626935835146,1.8111014921353006,1.8885141991865053,0.05181375166437485,1.6878925342610154,1.8885141991865053,6,1.7973072301007915,0.020419088623404844,1.757534323289789,1.795718624762219,1.7966870001772435,1.812494506168373,1.8197755491711782,0.016775881406154047,1.7705548026529878,1.8197755491711782
b194,[#15X4;!r3;!r4;!r5;!r6;!r7;!r8:1]~[#6X3;!r3;!r4;!r5;!r6;!r7;!r8:2],1.8636245727539062,1399,1.872216669557987,0.08529839126028667,1.6353476021715778,1.8044397271988872,1.8645793000524469,1.9318888114656119,2.1896097128573735,0.12744908426672463,1.6353476021715778,2.123062437865699,50,1.7879847200494583,0.039316210419164534,1.6991626150272685,1.7625943585332688,1.7873496083184008,1.8120529103362533,1.8805107566874197,0.04945855180298442,1.6991626150272685,1.8805107566874197,18,1.7944924607376902,0.05593885540516101,1.741416648152017,1.7506534458162877,1.7751248453386437,1.8188767570121138,1.9320915308679245,0.06822331119582614,1.741416648152017,1.921211723805853
b195,[#6X3;r5:1]~[#6X4;r4:2],1.5208086967468262,1400,1.5140735071289309,0.032349351824673446,1.394558036837217,1.4970465362077734,1.513471547237446,1.531442734159926,1.6581280167116565,0.03439619795215254,1.4454522392795446,1.5830370310881547,,,,,,,,,,,,3,1.5079335578745774,0.015173939140192544,1.4949335727792379,1.4972906099881236,1.4996476471970093,1.5144335504222475,1.5292194536474857,0.0171429404341239,1.4949335727792379,1.5292194536474857
b196,[#1X1;!r3;!r4;!r5;!r6;!r7;!r8:1]~[#7X4;r5:2],1.0404462814331055,1400,1.02682646516659,0.02421399246357002,0.9422397188662887,1.0132210939441182,1.026234409856196,1.0397011911368526,1.123418261817259,0.026480097192734364,0.9735009481550166,1.0794213369259542,400,1.0263420534305092,0.025724171669416644,0.9465129897694384,1.0124100916867755,1.0259993678447739,1.0408884306157706,1.1062384683863715,0.028478338928995095,0.9696925832932829,1.0836059390092632,19,1.029556320429198,0.004333629797067141,1.0210327905183325,1.0289120331007546,1.0290799981751722,1.0293672812213617,1.0403717458524089,0.00045524812060704356,1.0282291609198442,1.0300501534022724
b197,[#17X1;!r3;!r4;!r5;!r6;!r7;!r8:1]~[#6X4;r3:2],1.728011131286621,1400,1.7981588582675003,0.041827830885488575,1.6323856304707869,1.774346343280442,1.7970968075837472,1.8195115637904131,1.9797150625498328,0.04516522050997107,1.7065985125154854,1.8872593945553697,150,1.8001688617112686,0.040761690441030556,1.673740613560324,1.778657515699984,1.798516355488033,1.8186302003359867,1.938393605087422,0.039972684636002676,1.71869848874598,1.8785892272899907,10,1.7454975209105084,0.010356199890844207,1.7291441099600353,1.7403854705925932,1.7420863079222362,1.749860275050772,1.7685355778294523,0.00947480445817872,1.7291441099600353,1.76407248173804
b198,[#6X3;r6:1]~[#7X3;r3:2],1.4019070863723755,1400,1.407187733466255,0.031088448740845875,1.293759533345215,1.3868807840017854,1.4063666469930878,1.426911718346753,1.512570999549632,0.04003093434496763,1.3268343824843338,1.4869581198642043,150,1.4118582845194885,0.027601575375933444,1.3185732710940627,1.3982599626691528,1.4090101306990555,1.424844079895407,1.5182261924690017,0.0265841172262542,1.3583837868297715,1.4647202557347883,3,1.3915901885722126,0.00016713400089946157,1.3913925896483506,1.3914846268871515,1.3915766641259524,1.3916889880341436,1.3918013119423351,0.00020436114699218244,1.3913925896483506,1.3918013119423351
b199,[#35X1;!r3;!r4;!r5;!r6;!r7;!r8:1]~[#6X4;r5:2],1.9585599899291992,1350,1.9937843483802118,0.03953740094397343,1.867552128709115,1.971051941803491,1.9939548645431628,2.015467065329914,2.156759380733414,0.04441512352642296,1.9044292565138567,2.0820897506195486,200,1.9869546380518912,0.03973092501686466,1.870414141426271,1.9668234027893041,1.989874469963941,2.01039496512641,2.128272362573529,0.04357156233710602,1.9014660592836452,2.0757523086320693,6,1.9523786658860105,0.02550717981308101,1.9277272018887122,1.9446521919271726,1.9447104418817651,1.9447687059188588,2.0077030071236215,0.00011651399168610688,1.9444774209396436,1.944943476906388
b200,[#16X3;r6:1]~[#8X1;!r3;!r4;!r5;!r6;!r7;!r8:2],1.4806842803955078,1350,1.4768001713359296,0.02290609247417166,1.3836374478279152,1.4636149619884347,1.4762976549372633,1.4891389948578215,1.5728489151703355,0.02552403286938687,1.4253289126843542,1.5274250441619017,300,1.4750705801981,0.024912108713426907,1.3896436534327379,1.46250709817172,1.4755972488891518,1.4866952418220185,1.570138523144023,0.02418814365029842,1.4262248826962725,1.5229774572974661,30,1.509484979677065,0.01104070342146132,1.4655491543036399,1.5067735652054082,1.5131940635613708,1.5150902208575951,1.519057353216086,0.008316655652186977,1.4942985817271277,1.519057353216086
b201,[#6X4;r4:1]~[#7X3;r5:2],1.419624924659729,1350,1.4781285563940114,0.027942925965865187,1.3529342870802878,1.4612729106076254,1.4768008557714642,1.4943128035035773,1.572167157132084,0.03303989289595188,1.4117130712636976,1.5438726428475051,,,,,,,,,,,,,,,,,,,,,,
b202,[#15X4;!r3;!r4;!r5;!r6;!r7;!r8:1]~[#7X3;r3:2],1.7468756437301636,1350,1.732995533961598,0.032953705576261594,1.6087836190367621,1.7131842562618191,1.7319324314412405,1.7518421746387582,1.88039881636014,0.038657918376939104,1.6551973786964105,1.809829052204167,200,1.7268814537592032,0.03492670188933411,1.6188469799428933,1.7068388498801585,1.723996897287775,1.7452659277281648,1.8450471164697753,0.03842707784800625,1.6491982331081492,1.8029065445001742,23,1.6978555569196023,0.01579400892634663,1.6406821811983767,1.6973711943341507,1.7022755015693332,1.7084684537056076,1.7131842263152044,0.011097259371456891,1.6807253052769653,1.7131842263152044
b203,[#16X3;!r3;!r4;!r5;!r6;!r7;!r8:1]~[#8X2;!r3;!r4;!r5;!r6;!r7;!r8:2],1.6309858560562134,1300,1.6775194324189981,0.03497660949057355,1.5109350242798745,1.6564314899805281,1.6775585193994842,1.6980291759840926,1.8082318500203887,0.041597686003564505,1.5940349609751814,1.7604257049894394,150,1.679807068164549,0.030113036548499186,1.6047421879346968,1.663092465628178,1.6783897198230775,1.6992085022020276,1.7638255888251055,0.03611603657384954,1.6089184107674037,1.7533825570628019,2,1.673573949195766,0.013762073693811105,1.6598118755019549,1.6666929123488603,1.673573949195766,1.6804549860426716,1.687336022889577,0.013762073693811328,1.6598118755019549,1.687336022889577
b204,[#6X3;r5:1]~[#9X1;!r3;!r4;!r5;!r6;!r7;!r8:2],1.361198902130127,1300,1.3540070268200532,0.02754223558705702,1.2598235523688488,1.3386053837547551,1.3534283677941223,1.369394912890395,1.4836981420755808,0.030789529135639926,1.2924210900512954,1.415579206593855,50,1.354765330938942,0.024655131658434415,1.2814724793424013,1.339193948222018,1.3553704682674486,1.3710211770129148,1.4183703946127169,0.03182722879089672,1.291453105035673,1.4183703946127169,1,1.3361318379548517,0.0,1.3361318379548517,1.3361318379548517,1.3361318379548517,1.3361318379548517,1.3361318379548517,0.0,1.3361318379548517,1.3361318379548517
b205,[#1X1;!r3;!r4;!r5;!r6;!r7;!r8:1]~[#7X4;r6:2],1.0270406007766724,1250,1.0274871877107208,0.023693544072489692,0.9317088356037617,1.0129108796182433,1.027027297930208,1.040765959892222,1.1137995183613205,0.02785508027397876,0.9711282592072752,1.0825485803031902,140,1.0212080778904797,0.027062712019001355,0.9419923807562829,1.0080725263194767,1.0198865707355786,1.0354194464995097,1.125733633315599,0.02734692018003293,0.9670521460494274,1.0764398267695592,8,1.035996391779665,0.0049911637637275515,1.029228594462627,1.0323032027752632,1.0360824009847447,1.0392626534942413,1.0437175654360962,0.006959450718978077,1.029228594462627,1.0437175654360962
b206,[#6X3;r7:1]~[#8X2;!r3;!r4;!r5;!r6;!r7;!r8:2],1.3533504009246826,1250,1.3824907788496152,0.02873216217790711,1.2673398845534598,1.3664318082491336,1.381338717716144,1.3983842016337122,1.4909494027248273,0.03195239338457867,1.3185032181722656,1.4463127917105802,100,1.367124869195355,0.025631232511101457,1.2835795560076422,1.3520063622464578,1.3642988401458342,1.3846474158168107,1.4451671802718546,0.03264105357035296,1.3030447818909283,1.4336089961723402,,,,,,,,,,,
b207,[#6X4;r3:1]~[#7X3;r6:2],1.4356378316879272,1200,1.474907260420801,0.028397843021605074,1.379210319513211,1.4577782293917365,1.4739214642882228,1.491566192680827,1.5893277145736322,0.033787963289090506,1.4070962844581008,1.5422481376144628,50,1.4645610056672485,0.03589597972609786,1.3767122391669782,1.4408718726526575,1.4606330631997868,1.4885647536100448,1.5648024600396646,0.04769288095738733,1.3767122391669782,1.5601040750461257,10,1.442802471810758,0.006413412028505277,1.4340749163733146,1.4372198488420835,1.4422390797167655,1.4465409091505144,1.4563521584387473,0.009321060308430829,1.4340749163733146,1.4563521584387473
b208,[#6X4;r3:1]~[#7X3;r5:2],1.4093642234802246,1149,1.4737127336146119,0.029365274560974507,1.3687741068052164,1.4574205591173406,1.471975042875934,1.4904113269196273,1.6034703206752579,0.03299076780228671,1.4079344074139106,1.5398974786230575,150,1.4719387072862011,0.027282615463843272,1.3975438941943479,1.458157469289491,1.473630141482971,1.486986228760034,1.5859000511108998,0.028828759470542975,1.4149143300836764,1.5302293679658483,10,1.4389596551515644,0.007536590207428267,1.4289952451449426,1.435448531643756,1.4370096480425962,1.4413383650526195,1.4577321561986107,0.00588983340886351,1.4289952451449426,1.4501731151659147
b209,[#6X3;!r3;!r4;!r5;!r6;!r7;!r8:1]~[#6X4;r7:2],1.5385457277297974,1100,1.53683072246,0.03485728243224418,1.4108775179998962,1.514149950486836,1.5370036354648176,1.559594703884572,1.6432529920386254,0.045444753397736015,1.445982820390232,1.6277618339811761,50,1.5260141495343373,0.03911264583859869,1.4551126195013815,1.5054949757658436,1.5260197031833664,1.540791458885291,1.6335052741134841,0.03529648311944733,1.4551126195013815,1.593736183564462,,,,,,,,,,,
b210,[#6X2;!r3;!r4;!r5;!r6;!r7;!r8:1]~[#7X3;r5:2],1.3293614387512207,1100,1.3415515786190513,0.023154095755877166,1.2521671209561547,1.328533448986494,1.341688994961883,1.3550787183397437,1.4355952741288838,0.026545269353249745,1.2887155449566192,1.3948966223696182,50,1.341921919259113,0.026217209641251238,1.2791946073256977,1.3294559070256224,1.3414906025028204,1.3541369778936165,1.4074051958760092,0.024681070867994093,1.2924343007236314,1.3911585841956078,4,1.35125130124222,0.004574156595974008,1.3454576778526657,1.3487911639196857,1.3506743626345603,1.3531344999570947,1.3581988018470939,0.004343336037408996,1.3454576778526657,1.3581988018470939
b211,[#6X3;r7:1]~[#7X2;!r3;!r4;!r5;!r6;!r7;!r8:2],1.2106704711914062,1100,1.3331742953109154,0.04038443834326788,1.2364214606916062,1.3069274133416848,1.322675291700364,1.3532417171875857,1.4862403823303563,0.04631430384590085,1.2374559575728337,1.422713172956437,50,1.2971801468870114,0.026388325185931018,1.2251985335392013,1.2840901657004786,1.2957143677502705,1.3083692075455469,1.3725349023735205,0.02427904184506824,1.2476716029328763,1.3447877703131492,1,1.2985543543324227,0.0,1.2985543543324227,1.2985543543324227,1.2985543543324227,1.2985543543324227,1.2985543543324227,0.0,1.2985543543324227,1.2985543543324227
b212,[#6X4;!r3;!r4;!r5;!r6;!r7;!r8:1]~[#7X3;r3:2],1.4533218145370483,1100,1.4787591174649348,0.028419741510132657,1.3555455353997181,1.4636449553295132,1.4776523115152833,1.493538298699266,1.618505812880295,0.0298933433697528,1.418804940274884,1.538378313753895,400,1.477407258761919,0.028913677881929504,1.400311370191547,1.4584348952127582,1.4772099942041015,1.4938193625161704,1.5915865973517331,0.03538446730341227,1.4053581942576399,1.546896063471289,14,1.451405798445263,0.012046779029725528,1.4293285423517932,1.4407664612599633,1.456510010536195,1.459160080599109,1.4683866849366616,0.018393619339145628,1.4293285423517932,1.4683866849366616
b213,[#16X4;r4:1]~[#8X1;!r3;!r4;!r5;!r6;!r7;!r8:2],1.4334697723388672,1100,1.4728201162024805,0.023810898213148104,1.3808568134098718,1.45925543135875,1.4718257191128052,1.486068717244628,1.566400332443782,0.026813285885878058,1.4190355025299328,1.526288646073445,100,1.4702234144018131,0.02431559706173949,1.393331527733076,1.4572202301994395,1.4699811163221241,1.4847001974707368,1.532007863267289,0.027479967271297312,1.4160002792924935,1.5259201483776828,6,1.4667719386737463,0.0038472846319522174,1.4614529000727037,1.4632732012597023,1.4679518365988207,1.4692399328638177,1.4718921043399864,0.005966731604115427,1.4614529000727037,1.4718921043399864
b214,[#6X4;r6:1]~[#6X4;r6:2],1.5254836082458496,1000,1.5697211109772276,0.03465338772199569,1.4459443738172901,1.5476068582663354,1.5668592238687158,1.5897819984065835,1.6879954188325894,0.042175140140248146,1.4843441480559632,1.6530447086169557,50,1.569769234980418,0.03176168874038433,1.47948040973679,1.5542523037908353,1.5660520028003726,1.588143645672836,1.6898722465056182,0.0338913418820006,1.5034152909678344,1.6389806584958369,3,1.5354774566054676,0.009371593240315557,1.5226156887770292,1.5308771558073206,1.5391386228376123,1.5419083405196872,1.544678058201762,0.011031184712366526,1.5226156887770292,1.544678058201762
b215,[#7X4;r6:1]~[#8X1;!r3;!r4;!r5;!r6;!r7;!r8:2],1.3410749435424805,1050,1.2344068272403863,0.029253587867825847,1.115622347867558,1.2189035472872962,1.234009345363929,1.2499069733376467,1.3564012771055425,0.031003426050350447,1.1723984082117704,1.2964121124131722,100,1.2370706472495814,0.027352883426033127,1.1357603123713322,1.2227782805315432,1.2408836651181219,1.2519609872730146,1.3229356553436291,0.029182706741471387,1.179004220419336,1.2957350473852216,4,1.3504283918827102,0.008293133193548881,1.3409282549860182,1.342811141717035,1.350984637708013,1.3586018878736883,1.3588160371287967,0.015790746156653324,1.3409282549860182,1.3588160371287967
b216,[#15X4;!r3;!r4;!r5;!r6;!r7;!r8:1]~[#17X1;!r3;!r4;!r5;!r6;!r7;!r8:2],2.0486083030700684,1050,2.0483046213305127,0.04433669898726813,1.8512124347517291,2.0227533552969423,2.047209968270491,2.072791173705584,2.2056073658062716,0.050037818408641854,1.9476966276839796,2.147847901318547,100,2.0500819160820614,0.04194426082858486,1.9292626271000006,2.02593763200586,2.049558956010797,2.06598842603072,2.184100489532676,0.040050794024860004,1.96586144096857,2.12606461706801,28,2.013151383531682,0.006622077166437834,2.0007916389493663,2.010396098608838,2.014777773365907,2.0168161824671254,2.024705188668465,0.0064200838582872954,2.0007916389493663,2.024705188668465
b217,[#15X3;!r3;!r4;!r5;!r6;!r7;!r8:1]~[#6X3;r6:2],1.7780081033706665,1050,1.8385134661062907,0.04207397390376335,1.6710629320197512,1.8135924325219919,1.8375582031074105,1.864152812294526,2.0093422224459703,0.050560379772534025,1.737751862863191,1.939993381953327,200,1.8373495726313174,0.04106182209572769,1.7017626892420563,1.8136045917677246,1.8368953698279489,1.8607479620446186,1.944417470560375,0.04714337027689397,1.7428895363523838,1.9314630174599596,2,1.8226260270327144,0.0027416980134397084,1.8198843290192745,1.8212551780259945,1.8226260270327144,1.823996876039434,1.825367725046154,0.0027416980134395974,1.8198843290192745,1.825367725046154
b218,[#16X4;!r3;!r4;!r5;!r6;!r7;!r8:1]~[#6X4;r3:2],1.7803782224655151,1049,1.8224512503482446,0.03245845685213882,1.696969221003314,1.8027586892971315,1.8211033065726565,1.840117706223686,1.9456556782307042,0.03735901692655452,1.7467201639072996,1.8961562316135177,,,,,,,,,,,,10,1.7922226107103174,0.01283289607761776,1.774264058242184,1.7842839889482294,1.78684510312556,1.80002769825556,1.8149421559348196,0.01574370930733071,1.774264058242184,1.8149421559348196
b219,[#7X1;!r3;!r4;!r5;!r6;!r7;!r8:1]~[#7X2;!r3;!r4;!r5;!r6;!r7;!r8:2],1.1086304187774658,950,1.1994718854808064,0.037708386460560926,1.07973315407736,1.1701022906936696,1.205187930060105,1.2242332581279272,1.31697571970231,0.054130967434257604,1.0889058395422833,1.3054297092793137,150,1.198600552128165,0.040146754407406726,1.0829949899206675,1.1704290498050913,1.2048186801835241,1.2233339878675213,1.2910584531578033,0.05290493806243002,1.0910716427114462,1.2910584531578033,33,1.1081224930547098,0.03201607919218683,1.0166285665018941,1.0871540140170302,1.087883909681566,1.140959838137911,1.1503083498022444,0.05380582412088075,1.0166285665018941,1.1503083498022444
b220,[#16X4;!r3;!r4;!r5;!r6;!r7;!r8:1]~[#6X4;r6:2],1.8539186716079712,950,1.837495275046856,0.036127662731841446,1.7311042477473213,1.8139981019565288,1.8354045898100875,1.8569430291340108,1.9848811531456407,0.042944927177481995,1.7495807111903057,1.9213604199002337,,,,,,,,,,,,14,1.8198117816628525,0.029378248566811028,1.767386020543141,1.7964041567858258,1.8332156435568767,1.8378010496846016,1.8532016629940926,0.041396892898775794,1.767386020543141,1.8532016629940926
b221,[#17X1;!r3;!r4;!r5;!r6;!r7;!r8:1]~[#7X3;!r3;!r4;!r5;!r6;!r7;!r8:2],1.672128438949585,950,1.8106097862793569,0.045819046501544204,1.6512168675694254,1.785866382126827,1.8097342673448207,1.834644510075096,2.003065763954725,0.04877812794826908,1.7126991902044235,1.9078117019974998,250,1.806342619015579,0.04646877442502384,1.6175310458653729,1.7820037657664582,1.8024973801243094,1.8317637964894051,1.9391401705712372,0.04976003072294688,1.707363719682038,1.9064038425738254,17,1.7488448026874228,0.02304629914501889,1.7063825138382183,1.7255714847049701,1.7605071555677405,1.763559737094584,1.7721878835736622,0.037988252389613786,1.7063825138382183,1.7721878835736622
b222,[#16X2;!r3;!r4;!r5;!r6;!r7;!r8:1]~[#16X4;!r3;!r4;!r5;!r6;!r7;!r8:2],2.164095163345337,950,2.07311487139753,0.04383778870223063,1.9004188723208937,2.0467072691568875,2.073945775184322,2.098282728172499,2.271610110695422,0.05157545901561145,1.9693440806334703,2.175645916695916,150,2.0785255018646307,0.04467241953126006,1.975028950638064,2.048236449619102,2.081588874801695,2.10888162749773,2.1899127583752103,0.06064517787862789,1.975028950638064,2.1899127583752103,8,2.14185328438969,0.02423619826654645,2.094548611702663,2.135729215807907,2.1513598530060047,2.155465473946599,2.168844089465381,0.01973625813869173,2.1061248285998695,2.168844089465381
b223,[#6X3;r5:1]~[#6X3;r7:2],1.3363568782806396,900,1.4600758992158278,0.047292716964521656,1.3138955613921561,1.4293479667678897,1.4672839912386226,1.4909334275862494,1.6135487894532914,0.061585460818359694,1.33696977554035,1.5833116188137888,150,1.4518134914581688,0.05342309858338964,1.29122277616772,1.4067649018516797,1.4637193499338383,1.4873273832452907,1.6048429276759602,0.080562481393611,1.29122277616772,1.6048429276759602,,,,,,,,,,,
b224,[#15X4;!r3;!r4;!r5;!r6;!r7;!r8:1]~[#6X3;r5:2],1.845342755317688,900,1.859432853091799,0.05344700457022401,1.6365889698541782,1.8247169232618112,1.8596955119788614,1.8928582338067113,2.063979578428033,0.06814131054490002,1.7225049574444613,1.9950701996240614,,,,,,,,,,,,28,1.7977282925990001,0.036035527306346654,1.6895713474911491,1.7949441205057226,1.806157078531497,1.8188902281066432,1.8412265952429812,0.02394610760092064,1.7590249591043416,1.8412265952429812
b225,[#15X4;!r3;!r4;!r5;!r6;!r7;!r8:1]~[#7X3;r5:2],1.698833703994751,900,1.7384269294233738,0.03360581237455776,1.6247122207723133,1.7171249999287972,1.7370753792765752,1.7586681880427584,1.894075685824544,0.04154318811396118,1.6548102177578554,1.8209829702137001,50,1.7413162124596762,0.028099832916498913,1.6501976606664823,1.731312308437089,1.7424288793257028,1.7561699718467798,1.8128394612089933,0.024857663409690867,1.6940258133225528,1.7934564669613162,16,1.6859485961258835,0.0337521514729351,1.6190651250344275,1.6608868262776486,1.6874874214906508,1.7091815726705948,1.7439275859714243,0.048294746392946175,1.6190651250344275,1.7439275859714243
b226,[#6X3;r7:1]~[#7X3;r6:2],1.4006900787353516,850,1.4121571942548885,0.027167363072295978,1.3153632132751445,1.3965038315331122,1.4131941553415968,1.4283528909624401,1.5323233362500508,0.03184905942932792,1.3487302423891203,1.476126480106432,,,,,,,,,,,,,,,,,,,,,,
b227,[#6X4;r3:1]~[#6X4;r6:2],1.4810808897018433,850,1.5442576931179894,0.03597588202683546,1.4165328635667254,1.5229063577729045,1.5402848363728718,1.5635517270216153,1.703013742702546,0.04064536924871076,1.4619383038998384,1.6245197808946814,200,1.5485448533400603,0.038518600201884134,1.4502629674210938,1.5230348622995007,1.546018916153931,1.572492919021556,1.6532247224698777,0.04945805672205528,1.4502629674210938,1.6466800041046388,,,,,,,,,,,
b228,[#15X4;r5:1]~[#8X1;!r3;!r4;!r5;!r6;!r7;!r8:2],1.466204285621643,850,1.4828763113088492,0.02359835227114257,1.4035665358416909,1.4697677874600674,1.481944496933961,1.496041706729662,1.5838952650604583,0.02627391926959466,1.4303569085556753,1.535452585634054,200,1.4838935993458444,0.02476373900122909,1.4105744684158676,1.4692457481748114,1.482165297755869,1.4971671538377636,1.5612419504130404,0.027921405662952203,1.427363639680383,1.5390492623321919,24,1.4951926814306162,0.009445678997000537,1.477028208170068,1.4888144244138988,1.4941786638659158,1.5020083845293661,1.5123531277678557,0.013193960115467362,1.477028208170068,1.5123531277678557
b229,[#6X3;!r3;!r4;!r5;!r6;!r7;!r8:1]~[#6X3;r4:2],1.2890563011169434,800,1.3970772266783564,0.04132762880059105,1.2905668163043,1.370398220917604,1.3883502007019413,1.4165070200870113,1.5893174754778723,0.046108799169407355,1.301235022163493,1.4856702188411224,150,1.384254372327119,0.026246503033477107,1.3156952287613344,1.3684455233583326,1.3829994728892792,1.3959497938465697,1.4794852369193823,0.027504270488237115,1.327189117625977,1.4372061995789254,19,1.3329463277666986,0.002337904486327753,1.3269473296344019,1.3324977898803856,1.3340862991206475,1.3342071179980493,1.3372176980264092,0.0017093281176636665,1.32993379770389,1.3367711101745448
b230,[#7X4;!r3;!r4;!r5;!r6;!r7;!r8:1]~[#8X1;!r3;!r4;!r5;!r6;!r7;!r8:2],1.331434965133667,800,1.2337577861084597,0.028383306257991667,1.126453450211913,1.216021963004966,1.2321771636139807,1.2502448268907527,1.3349830580136322,0.03422286388578666,1.164687667176286,1.3015791227194327,100,1.2286132650587271,0.026532526704933883,1.168386673604629,1.2126044183147238,1.2283736320237284,1.2432731918666489,1.2988820239480796,0.0306687735519251,1.168386673604629,1.2892763521945365,11,1.352109243791124,0.0038870837739070478,1.3452248415120234,1.3506263907965848,1.3518341889657446,1.3532159407507194,1.361599906158527,0.002589549954134629,1.3467420658653828,1.3571002656819213
b231,[#15X4;r6:1]~[#8X2;!r3;!r4;!r5;!r6;!r7;!r8:2],1.6156896352767944,800,1.6237871400132327,0.043243700117401355,1.4181179243361013,1.595447665544738,1.6283527591287252,1.6541413530208744,1.751654606146507,0.05869368747613635,1.5074071343305335,1.742181884235079,300,1.6153547023260637,0.04929046919478263,1.4532918279346658,1.5829725467876712,1.614818920293336,1.649004845287188,1.7484099907781996,0.06603229849951675,1.4839240990383962,1.7480532930364632,7,1.6261830450144867,0.004711019103920024,1.6215502606263468,1.621644940361576,1.6243635083893249,1.6301426678154636,1.6337923297316546,0.008497727453887549,1.6215502606263468,1.6337923297316546
b232,[#6X3;r4:1]~[#7X3;!r3;!r4;!r5;!r6;!r7;!r8:2],1.3121317625045776,750,1.4048691626616756,0.028652416477579806,1.277597592536976,1.3890062974493365,1.4041889294405991,1.4208666782019608,1.5140709484688466,0.03186038075262432,1.3412157263203999,1.4686572493308971,100,1.4049818147377144,0.02802465213043937,1.3352080169081282,1.3874986210057796,1.406810128926327,1.4235011228018892,1.473262136298502,0.03600250179610964,1.3352080169081282,1.473262136298502,4,1.322904686757096,0.02198609542321019,1.29978945339668,1.3018133298997503,1.3214912312251605,1.3425825880825062,1.348846831181383,0.040769258182755896,1.29978945339668,1.348846831181383
b233,[#6X2;!r3;!r4;!r5;!r6;!r7;!r8:1]~[#6X4;r4:2],1.4448667764663696,750,1.470235025329911,0.027003864896436455,1.3723194135682435,1.4544798071479517,1.4706241431119147,1.4854440908456676,1.5637776461487367,0.030964283697715977,1.4080333816013777,1.5318905163922416,,,,,,,,,,,,4,1.4441627035361808,0.0034320152384461045,1.439273154569067,1.4418619505095591,1.444651120783667,1.446951873810289,1.4480754180083222,0.005089923300729771,1.439273154569067,1.4480754180083222
b234,[#1X1;!r3;!r4;!r5;!r6;!r7;!r8:1]~[#6X3;r4:2],1.1023112535476685,750,1.0869626054701176,0.028168406375597824,0.9765142770323312,1.0720245543642015,1.0863197814117815,1.1013985642615705,1.2061857933764226,0.029374009897368936,1.0279635395181481,1.1454595791076239,200,1.08807540072422,0.02766235543286134,1.0083905046395374,1.072097358716547,1.088927682305572,1.101974971259189,1.1997719620635254,0.029877612542642096,1.027280939902584,1.1467913900731523,25,1.0870207493847692,0.005003842022577136,1.080754798445948,1.0847226071681138,1.0849841367880286,1.0863726557732578,1.0960301914682407,0.001650048605144061,1.0822475342603977,1.088847728680974
b235,[#16X4;!r3;!r4;!r5;!r6;!r7;!r8:1]~[#17X1;!r3;!r4;!r5;!r6;!r7;!r8:2],2.1255247592926025,750,2.088473753558622,0.0357390879346521,1.9653052394679003,2.069928311883611,2.0887812871905447,2.10849622236411,2.229242881538029,0.03856791048049901,2.0120764461628626,2.1663480880848587,50,2.089606013955781,0.04964855785360058,1.9754911184552788,2.060985071257924,2.0913865980392328,2.115812244326501,2.2137239555518855,0.05482717306857676,1.978744311655059,2.198053003929366,4,2.1194526841373453,0.04163767059158715,2.048072202745249,2.114214660199991,2.1385835530919266,2.143821577029281,2.1525714276202796,0.02960691682928962,2.0698042849560565,2.1525714276202796
b236,[#6X3;r6:1]~[#7X4;!r3;!r4;!r5;!r6;!r7;!r8:2],1.5506407022476196,700,1.4900967649491381,0.03188124694625545,1.3571086420530836,1.4721706602533478,1.4907488417992603,1.5091551577775428,1.6335452976838616,0.03698449752419508,1.4166939139670551,1.5646319040638355,150,1.4902786045885141,0.02937604569639277,1.3830652745421002,1.4740920569686287,1.4884214966088234,1.508223652095508,1.5662652236879426,0.034131595126879244,1.4228946642783098,1.5594210447858268,4,1.4963484494758417,0.04824473410347542,1.4140841388786776,1.4859742914830587,1.520311833677302,1.530685991670085,1.530685991670085,0.044711700187026304,1.4189067412025191,1.530685991670085
b237,[#16X3;!r3;!r4;!r5;!r6;!r7;!r8:1]~[#7X3;!r3;!r4;!r5;!r6;!r7;!r8:2],1.6827473640441895,700,1.7476238526989365,0.040658847794386145,1.5838240939225816,1.7251572383799547,1.74762460459761,1.7717189387631667,1.8871531561826331,0.046561700383211946,1.6553146878051368,1.8415614893379846,50,1.746828946788075,0.03984684868741967,1.639285915364408,1.720824377231968,1.749130759309538,1.7741648010190996,1.8350983653872557,0.05334042378713155,1.6408137415512707,1.8350983653872557,11,1.7169082325267377,0.04284179514144883,1.661708220465022,1.6775754728576353,1.711274911787189,1.745687528060695,1.8028501845816969,0.06811205520305963,1.661708220465022,1.8028501845816969
b238,[#6X4;r3:1]~[#8X2;!r3;!r4;!r5;!r6;!r7;!r8:2],1.3886854648590088,700,1.4328970228989646,0.03064780967402929,1.3133146584111919,1.414653959214256,1.433260831364748,1.4514760891473075,1.5315057402914054,0.03682212993305156,1.3594207643146787,1.506709284046885,,,,,,,,,,,,38,1.4345109049013558,0.007835452497106567,1.4178022361182472,1.4308055642776827,1.4359522822864652,1.437848010881428,1.4471046413999136,0.0070424466037453115,1.4202418943720647,1.4471046413999136
b239,[#6X4;r5:1]~[#6X4;r5:2],1.528784155845642,700,1.5595551963225482,0.03488858580584186,1.4164456937455105,1.5376011598554162,1.557441771809894,1.5792752785576913,1.685910063672041,0.04167411870227511,1.4750899818020036,1.641786456611104,150,1.5500800903067489,0.03126928025765712,1.4646267818756389,1.5314027882800758,1.550167621960317,1.5660042311565512,1.6506024707068536,0.034601442876475375,1.4795006239653627,1.6179063954712642,5,1.5217691646035605,0.006301080733402862,1.5162421468982379,1.5165339544759173,1.518544964612408,1.5247401157801552,1.5327846412510833,0.008206161304237902,1.5162421468982379,1.5327846412510833
b240,[#15X3;!r3;!r4;!r5;!r6;!r7;!r8:1]~[#16X2;!r3;!r4;!r5;!r6;!r7;!r8:2],2.0213358402252197,700,2.1376272717576037,0.041868128530067605,1.964370317267133,2.1144839804855726,2.136757790249428,2.1623997383677995,2.2785990446580824,0.047915757882226906,2.0426103436622323,2.23427337519114,100,2.1165347512305512,0.04483090936172315,1.9921767206642331,2.0878008810719915,2.1184615945110474,2.1395911985320253,2.2354199448593675,0.05179031746003382,2.0101154048819407,2.217276674722076,,,,,,,,,,,
b241,[#15X4;!r3;!r4;!r5;!r6;!r7;!r8:1]~[#1X1;!r3;!r4;!r5;!r6;!r7;!r8:2],1.4420195817947388,700,1.4068164041956366,0.039086660808639206,1.2487591290514326,1.3861705641989013,1.4060673529264849,1.4289299723740227,1.5537151773538367,0.04275940817512147,1.322031451936219,1.493069084636705,150,1.4095028825962685,0.04193733122953669,1.306465576010739,1.3900741979030702,1.4042060815348507,1.4279191783059144,1.5893099810270195,0.03784498040284423,1.3333067272988037,1.4846866489101807,209,1.411729112378711,0.0053011022199841605,1.3975759270652888,1.410908005023305,1.4111022525421686,1.411576134897058,1.4496352434127957,0.0006681298737529762,1.4099058102126754,1.4125783297076873
b242,[#15X4;r6:1]~[#16X1;!r3;!r4;!r5;!r6;!r7;!r8:2],1.9137539863586426,700,1.9626040487457823,0.04105504995846686,1.8060394859385405,1.9405877372783593,1.9652199268902906,1.9870113802172893,2.0865080609426863,0.046423642938929977,1.8709522728699644,2.0566468446256843,300,1.9785700241669697,0.040361835885447984,1.860208877460017,1.9560082565949468,1.975925576924472,1.999293230021007,2.131022089901896,0.04328497342606008,1.8910807964558567,2.064220690160097,6,1.9429503349776116,0.008936260673934849,1.9331694511638446,1.9374446962776994,1.9390200502307045,1.9473568335088036,1.9594371186788815,0.009912137231104179,1.9331694511638446,1.9594371186788815
b243,[#6X3;r5:1]~[#6X4;r7:2],1.5490436553955078,647,1.5217018074009279,0.033250842149299326,1.419135250606183,1.5004887398114564,1.5207341250273716,1.539393249270781,1.6713198150909032,0.038904509459324554,1.4421319756224695,1.5977500134597677,50,1.5187965602578655,0.030763998497394092,1.4602043477087379,1.4950230887973108,1.5195656361369136,1.5412148384974054,1.586268114593686,0.04619174970009454,1.4602043477087379,1.586268114593686,2,1.5155042269961587,0.007949383223709527,1.507554843772449,1.511529535384304,1.5155042269961587,1.5194789186080133,1.5234536102198681,0.007949383223709416,1.507554843772449,1.5234536102198681
b244,[#6X4;r4:1]~[#7X3;r6:2],1.4368573427200317,650,1.483423825367612,0.02944146982463261,1.384247580726576,1.4659817619918227,1.48216841348149,1.4986555245142092,1.572616154251994,0.03267376252238652,1.416971118208243,1.547666168297789,,,,,,,,,,,,,,,,,,,,,,
b245,[#15X4;r6:1]~[#7X3;!r3;!r4;!r5;!r6;!r7;!r8:2],1.6821359395980835,650,1.7305509029349622,0.036407145352683606,1.598059859224603,1.710241382867967,1.7304023854703159,1.751590378872319,1.8481609661479859,0.041348996004352045,1.648217888861439,1.8136138728788471,,,,,,,,,,,,4,1.6753514146186315,0.04249717712451497,1.6461281486678248,1.6463247872106144,1.653512087976154,1.682538715384171,1.7482533338543933,0.03621392817355673,1.6461281486678248,1.7368596076445062
b246,[#15X4;r5:1]~[#6X4;!r3;!r4;!r5;!r6;!r7;!r8:2],1.8395968675613403,650,1.8017379029968672,0.04763655867096535,1.5989484547884247,1.7721993302823253,1.7998155426873943,1.8294175677732367,1.9722870297427775,0.05721823749091137,1.6863719740459584,1.9152449240096039,,,,,,,,,,,,2,1.7878610024779955,0.0017526978741579935,1.7861083046038375,1.7869846535409164,1.7878610024779955,1.7887373514150746,1.7896137003521535,0.0017526978741582155,1.7861083046038375,1.7896137003521535
b247,[#7X3;!r3;!r4;!r5;!r6;!r7;!r8:1]~[#9X1;!r3;!r4;!r5;!r6;!r7;!r8:2],1.388672947883606,650,1.4239901575725045,0.042818598710500304,1.2724751018235203,1.3997010662349578,1.424207562657537,1.4499826929784554,1.5608911158565415,0.050281626743497565,1.3242786261197115,1.5254051330937017,200,1.4215240838305008,0.043720296078284794,1.292855881728538,1.400666891476961,1.4213166250096327,1.4410021936611812,1.5898852398628722,0.0403353021842201,1.340163938200631,1.5015051469375114,38,1.3800213996601856,0.016639009674066823,1.3701662867035853,1.3731337383852784,1.373794296685627,1.3739619208384943,1.4404940059850424,0.0008281824532159199,1.3718914647054545,1.3752041945183182
b248,[#15X3;!r3;!r4;!r5;!r6;!r7;!r8:1]~[#9X1;!r3;!r4;!r5;!r6;!r7;!r8:2],1.6111464500427246,608,1.6411091448495598,0.025963102147193974,1.5338629521824636,1.6273207559258724,1.6404607352620566,1.6538076869127025,1.7302309018220672,0.026486930986830082,1.5875903594456273,1.6935380833929476,500,1.6418824548893851,0.025446463639723988,1.5590518977556735,1.6271362198693446,1.6399853171890757,1.6549078229895828,1.7539390706650801,0.027771603120238186,1.5854788151889874,1.6965652276699401,,,,,,,,,,,
b249,[#16X1;!r3;!r4;!r5;!r6;!r7;!r8:1]~[#6X3;r7:2],1.6325795650482178,600,1.6664573595855117,0.031377597848640956,1.5437246677786896,1.6483782506020537,1.6661349975601225,1.6851110617939962,1.7747464698569775,0.036732811191942494,1.5932790338141398,1.7402102785819098,50,1.6721628472055554,0.034901339701975106,1.5859593268047951,1.651542346688928,1.6703201653682718,1.6840170449459702,1.7716185174751922,0.03247469825704208,1.602830299303365,1.7327290923315333,,,,,,,,,,,
b250,[#53X1;!r3;!r4;!r5;!r6;!r7;!r8:1]~[#6X3;!r3;!r4;!r5;!r6;!r7;!r8:2],2.1019723415374756,596,2.2528406999174004,0.04422036461676315,2.1172906768077855,2.2278262030069307,2.2533229752523773,2.276728577348961,2.4189693281511597,0.048902374342030264,2.1544726414938853,2.3500821388620063,350,2.257233235950801,0.0382215803233655,2.14632209997105,2.2349422811864694,2.2558343636867813,2.27786454319642,2.4113547275425953,0.04292226200995053,2.1705588881715436,2.3422479362113457,7,2.0729853806695324,0.0205560579785521,2.0338664014907777,2.0644698429357065,2.070791994193383,2.089242205036906,2.0988151730573428,0.024772362101199707,2.0338664014907777,2.0988151730573428
b251,[#1X1;!r3;!r4;!r5;!r6;!r7;!r8:1]~[#6X3;r8:2],1.0913722515106201,600,1.0881671000810147,0.026665292228291986,1.00426681516853,1.074453353894481,1.0877226969056424,1.1024772880269897,1.1876954968376945,0.02802393413250881,1.0324174526957177,1.144513189225753,250,1.0911663443067483,0.02534640323521185,1.0124453563277025,1.0778626514173104,1.0910352287256275,1.1031103025298945,1.1647373641400398,0.02524765111258409,1.0399911747484343,1.1409817791987706,10,1.098474793720412,0.02940721424031518,1.0430280486798713,1.0873478014616067,1.088177951194275,1.1220853964533481,1.1477780001536257,0.03473759499174145,1.0430280486798713,1.1477780001536257
b252,[#15X4;!r3;!r4;!r5;!r6;!r7;!r8:1]~[#7X3;r6:2],1.6550441980361938,550,1.739142979446047,0.030532365756535167,1.6053394243433818,1.7206234192456389,1.7399585834870939,1.7574997663142102,1.8386641880097128,0.03687634706857135,1.665308898642782,1.8128142869170674,150,1.7420029643598915,0.03231500125205628,1.597961412278243,1.7271860160327466,1.7425696534045416,1.7636473781753286,1.8149117688573269,0.036461362142582,1.6724939728188737,1.8149117688573269,10,1.6970851773459312,0.023816381542053174,1.6656082675985833,1.676591403399348,1.6968541909409607,1.704417895254729,1.74839361196685,0.027826491855380997,1.6656082675985833,1.7461576330378006
b253,[#16X4;!r3;!r4;!r5;!r6;!r7;!r8:1]~[#6X4;r5:2],1.844262957572937,550,1.8271608259509458,0.03904686214213987,1.7012852435417427,1.805672758667596,1.8270699805517898,1.8494154471014483,1.9481431860696936,0.04374268843385232,1.7400587260168177,1.915029479752227,50,1.8295332059587808,0.030035526816394976,1.7613672767031552,1.8104917006507577,1.8278212074311058,1.8479931449156273,1.8946700612823297,0.037501444264869566,1.7613672767031552,1.8946700612823297,8,1.8422221856897085,0.019257537100085625,1.819398531820737,1.8234891759141314,1.8393925708738479,1.8638544624949795,1.8654872251327943,0.04036528658084815,1.819398531820737,1.8654872251327943
b254,[#15X3;!r3;!r4;!r5;!r6;!r7;!r8:1]~[#1X1;!r3;!r4;!r5;!r6;!r7;!r8:2],1.370928406715393,546,1.4136498438842304,0.038487431464222815,1.279928552178031,1.3929711756361305,1.4128526975450977,1.4315855947707619,1.546113912611518,0.03861441913463137,1.3350495469341834,1.489507223472709,300,1.4087196024426032,0.03809984002523008,1.2809767711906914,1.3888334942943705,1.4107600160311853,1.4293818040957902,1.529559769213051,0.04054830980141966,1.3280110295922412,1.4902042687979198,8,1.4145523053846722,0.0007880294725296395,1.413151934912833,1.4142390097698216,1.41486581962155,1.4151214068628262,1.415347048126944,0.0008823970930045277,1.413151934912833,1.415347048126944
b255,[#6X2;!r3;!r4;!r5;!r6;!r7;!r8:1]~[#8X2;!r3;!r4;!r5;!r6;!r7;!r8:2],1.2991094589233398,550,1.3243808297349424,0.02871849107067361,1.21348365453658,1.308690305193404,1.3258701784244384,1.3399346948915996,1.426251441912543,0.03124438969819554,1.2618237206461107,1.3868012794388929,50,1.3342121564250218,0.03270479248909729,1.2595372719378484,1.3152939102907126,1.3326855346221844,1.3525754280368518,1.3997001608816124,0.03728151774613919,1.2595372719378484,1.3997001608816124,67,1.3292532187871167,0.0035925314715268227,1.306358644888,1.3284291848745715,1.3300603515915395,1.3312390935846121,1.3322396217687706,0.0028099087100406095,1.3242143218095106,1.3322396217687706
b256,[#16X2;!r3;!r4;!r5;!r6;!r7;!r8:1]~[#7X3;r5:2],1.6854490041732788,550,1.6928708279000788,0.031085946892862298,1.5825410458174833,1.674264829996718,1.693042356045136,1.7101475917187665,1.8134429302313624,0.03588276172204852,1.6204406874136452,1.7639717343018393,100,1.6969293641586762,0.026891421918591382,1.641872845668962,1.6792702773520531,1.6937478819404768,1.7084240509728867,1.7779066106949408,0.0291537736208336,1.641872845668962,1.7521547114041371,1,1.7085961133887677,0.0,1.7085961133887677,1.7085961133887677,1.7085961133887677,1.7085961133887677,1.7085961133887677,0.0,1.7085961133887677,1.7085961133887677
b257,[#16X3;!r3;!r4;!r5;!r6;!r7;!r8:1]~[#6X3;!r3;!r4;!r5;!r6;!r7;!r8:2],1.8378570079803467,550,1.8193252693284292,0.04368755635622486,1.6661624880968926,1.793529299668362,1.8226007254152115,1.8490022505376629,1.936130687443744,0.05547295086930082,1.7103198733644107,1.932211676841614,250,1.8128701964139933,0.041272524085717084,1.6981029570071733,1.7835556974542872,1.8175222726096871,1.8406789233498384,1.9422793907998015,0.05712322589555119,1.6981029570071733,1.9263637621931653,6,1.7667013646769802,0.024531018291816385,1.719106088063374,1.7571094084091918,1.7793188821178454,1.7839597851923614,1.787251332372643,0.026850376783169594,1.719106088063374,1.787251332372643
b258,[#16X4;!r3;!r4;!r5;!r6;!r7;!r8:1]~[#9X1;!r3;!r4;!r5;!r6;!r7;!r8:2],1.697948694229126,550,1.6015723898298395,0.026618266474351365,1.5148151262007585,1.5855572242571325,1.5992145070917076,1.6152773013535802,1.704928110258753,0.02972007709644764,1.540977108612461,1.6598574169982516,,,,,,,,,,,,12,1.5920909515065282,0.016246078282340023,1.5768483614378057,1.5841535810520782,1.5873049477260979,1.5926785026087664,1.6283092968380248,0.00852492155668827,1.5768483614378057,1.6054658849437988
b259,[#15X3;!r3;!r4;!r5;!r6;!r7;!r8:1]~[#17X1;!r3;!r4;!r5;!r6;!r7;!r8:2],2.1060245037078857,550,2.0505873342805354,0.043095879005619474,1.8977083417112124,2.028289703126322,2.051005938088214,2.073528070690588,2.1991353550797013,0.045238367564266024,1.960432151779923,2.141385622036987,197,2.0505792307478736,0.04587281460955914,1.911397908649434,2.022393316769673,2.048741085833213,2.0796938008268366,2.2012741848398014,0.057300484057163814,1.936442590683927,2.1656445269125824,12,2.100718589384666,0.0016571122939206,2.0978583136551334,2.0995274842025697,2.1001581010037746,2.1017092213544593,2.1041184199833087,0.002181737151889518,2.0978583136551334,2.1041184199833087
b260,[#7X3;r5:1]~[#7X3;r6:2],1.388037919998169,500,1.4385167558652647,0.029528254367903746,1.3360336460934124,1.420995163890668,1.4378033572215894,1.4572573608673118,1.5400264048783807,0.0362621969766439,1.3666018684257022,1.5116506563322778,,,,,,,,,,,,4,1.3555212240235779,0.05468805476180051,1.2635164382316424,1.3443454997787825,1.375910927726692,1.3870866519714875,1.4067466024092843,0.04274115219270502,1.280233771489725,1.4067466024092843
b261,[#1X1;!r3;!r4;!r5;!r6;!r7;!r8:1]~[#7X3;r8:2],1.0248310565948486,500,1.0182933421921985,0.02411531061006751,0.9413980824265139,1.005864887362654,1.017243365228025,1.0331529445343515,1.0860340676735216,0.027288057171697577,0.9649328016051075,1.0740850302918978,,,,,,,,,,,,2,1.0167913487538547,0.0003043817436229057,1.016486967010232,1.0166391578820433,1.0167913487538547,1.0169435396256663,1.0170957304974777,0.00030438174362301673,1.016486967010232,1.0170957304974777
b262,[#6X3;!r3;!r4;!r5;!r6;!r7;!r8:1]~[#7X3;r3:2],1.4461020231246948,500,1.3947974882518974,0.025807201282313705,1.3069133218056126,1.379778682409258,1.393551335003251,1.408953618117159,1.486632708452146,0.029174935707900973,1.3360162788474064,1.4527160216790103,,,,,,,,,,,,7,1.3848282036365582,0.017637449371860573,1.3594316636731596,1.3699003880971379,1.3918567682745757,1.398944965396212,1.4048182865214724,0.02904457729907417,1.3594316636731596,1.4048182865214724
b263,[#17X1;!r3;!r4;!r5;!r6;!r7;!r8:1]~[#7X3;r5:2],1.6723929643630981,500,1.805274293898,0.047558686852735885,1.6323870915204803,1.7787561635199236,1.807200774217831,1.832934608674951,1.9353330921571534,0.054178445155027344,1.6974884957873826,1.914202276407492,,,,,,,,,,,,4,1.7058961616059425,0.004860440509228507,1.6975784259064373,1.705039055450301,1.708192575201885,1.7090496813575264,1.7096210701135623,0.004010625907225451,1.699023116589463,1.7096210701135623
b264,[#15X3;!r3;!r4;!r5;!r6;!r7;!r8:1]~[#7X3;!r3;!r4;!r5;!r6;!r7;!r8:2],1.7089091539382935,479,1.7564320472522685,0.03196050450185273,1.6512186265669384,1.7368328845977916,1.7559754856863476,1.7754610067623489,1.8813495268307223,0.038628122164557244,1.6788907013509557,1.8334031900091847,450,1.7480583518282722,0.03278717111433155,1.6076332152650863,1.7300195828513456,1.7495878571466927,1.7663640696539895,1.8755833268935667,0.036344486802643905,1.6755028526473796,1.8208807998579553,1,1.7283680620936925,0.0,1.7283680620936925,1.7283680620936925,1.7283680620936925,1.7283680620936925,1.7283680620936925,0.0,1.7283680620936925,1.7283680620936925
b265,[#15X5;!r3;!r4;!r5;!r6;!r7;!r8:1]~[#6X3;r6:2],1.876741886138916,494,1.8793702639551164,0.04556347172920678,1.7299551078460982,1.8525602553499017,1.877218430597349,1.9040125103892513,2.0541305505695546,0.05145225503934969,1.7753818727908772,1.981190892948276,,,,,,,,,,,,,,,,,,,,,,
b266,[#16X2;!r3;!r4;!r5;!r6;!r7;!r8:1]~[#6X3;r7:2],1.7970327138900757,450,1.768118683425418,0.03246422957699692,1.672671509822876,1.7481128120769829,1.7668702095011866,1.7857759557108208,1.8796516332869828,0.03766314363383794,1.691618096626226,1.8422706711615777,,,,,,,,,,,,,,,,,,,,,,
b267,[#16X4;!r3;!r4;!r5;!r6;!r7;!r8:1]~[#7X3;r4:2],1.6742812395095825,450,1.7312763090578684,0.03782754401555501,1.611145233968608,1.7074626288285353,1.7314947227010324,1.752608873956175,1.8611241122720552,0.04514624512763965,1.6397432611370757,1.8203282416476343,,,,,,,,,,,,2,1.6938602375816143,0.02679585085254521,1.667064386729069,1.6804623121553417,1.6938602375816143,1.707258163007887,1.7206560884341595,0.02679585085254521,1.667064386729069,1.7206560884341595
b268,[#15X4;!r3;!r4;!r5;!r6;!r7;!r8:1]~[#6X4;r5:2],1.859089970588684,450,1.85825139666094,0.04798170270298594,1.7202523802803307,1.8276611552328395,1.8598427353950049,1.8866611393472692,1.994540950312717,0.05899998411442975,1.739161179061195,1.975161115518914,100,1.8620033631636377,0.05107065933570652,1.7151241348325006,1.824282359966287,1.860928479250729,1.8979048963178509,1.9906991927967697,0.0736225363515639,1.7151241348325006,1.9906991927967697,4,1.8350981589910162,0.03222179083569404,1.7794873785918137,1.8328621344170215,1.8514653785839696,1.8537014031579644,1.8579745002043109,0.020839268740942885,1.8016032313056072,1.8579745002043109
b269,[#16X2;!r3;!r4;!r5;!r6;!r7;!r8:1]~[#8X2;!r3;!r4;!r5;!r6;!r7;!r8:2],1.6943567991256714,450,1.680972153102461,0.03581991132845292,1.569396325346729,1.6581859090068038,1.6788641528721424,1.6976961155061838,1.8116259426680021,0.039510206499379974,1.5989205992577338,1.7569614252552537,,,,,,,,,,,,17,1.6656630467831899,0.01676228134116902,1.651938741987128,1.6607324520302624,1.6617296349137327,1.6627067424478743,1.7219354331249754,0.001974290417611879,1.6577710164038446,1.6656681780742921
b270,[#15X5;!r3;!r4;!r5;!r6;!r7;!r8:1]~[#8X2;!r3;!r4;!r5;!r6;!r7;!r8:2],1.6587797403335571,450,1.6518228487496207,0.034708156715560295,1.515223800710642,1.6323366940278075,1.6513338090793077,1.6710961619443818,1.7628939294329193,0.038759467916574364,1.5741974921529458,1.7292353638192433,100,1.6526867833211885,0.03328714639336091,1.5508967092996508,1.6311719120408474,1.648711707289636,1.6714605950750578,1.7468733596999835,0.040288683034210404,1.5707388874895318,1.7318936196263734,,,,,,,,,,,
b271,[#6X4;r3:1]~[#6X4;r5:2],1.4864939451217651,400,1.5430736027801675,0.03236030680800578,1.4433527408435007,1.5231268429436615,1.5423538701663553,1.5628476004197904,1.638811989291207,0.03972075747612891,1.4635457067294682,1.6224287366339838,50,1.5496669314359435,0.027827393280062753,1.5005121968598778,1.53241618099987,1.5488209692315797,1.5606505419489651,1.6524254642124971,0.02823436094909515,1.5005121968598778,1.603002083372608,,,,,,,,,,,
b272,[#6X3;r5:1]~[#7X3;r7:2],1.3544615507125854,400,1.404196484861756,0.025011849871469174,1.3222330467238637,1.389777283999756,1.403347974516675,1.418172234071474,1.4759683877554657,0.028394950071717995,1.347184858892179,1.460764659179051,,,,,,,,,,,,1,1.384869008640152,0.0,1.384869008640152,1.384869008640152,1.384869008640152,1.384869008640152,1.384869008640152,0.0,1.384869008640152,1.384869008640152
b273,[#16X2;!r3;!r4;!r5;!r6;!r7;!r8:1]~[#7X2;!r3;!r4;!r5;!r6;!r7;!r8:2],1.9353107213974,400,1.6349250146160552,0.09815501381468364,1.3790309763330426,1.5886914491345707,1.6806062312527448,1.6986161438752638,1.797592775021944,0.10992469474069311,1.423804407023531,1.797592775021944,100,1.5822520712102044,0.11071698929628078,1.4086677614306697,1.4785926379208378,1.5927766128807068,1.689429133958536,1.7348276832068368,0.21083649603769805,1.4086677614306697,1.7348276832068368,3,1.6951065534492298,0.017463287397478662,1.6704099125008816,1.6888919133045168,1.7073739141081523,1.7074548739234037,1.7075358337386553,0.018562960618886848,1.6704099125008816,1.7075358337386553
b274,[#16X4;!r3;!r4;!r5;!r6;!r7;!r8:1]~[#7X3;r7:2],1.6467220783233643,400,1.7537105641595128,0.039365423245734554,1.597759367195995,1.7292110828881953,1.7508928476442187,1.7803605771348983,1.863501625965195,0.05114949424670301,1.6524868415181406,1.8570848185049527,,,,,,,,,,,,3,1.6803013894438947,0.029705838133054368,1.6467688855344371,1.6609600061352698,1.6751511267361023,1.6970676413986234,1.7189841560611445,0.03610763526335359,1.6467688855344371,1.7189841560611445
b275,[#15X4;!r3;!r4;!r5;!r6;!r7;!r8:1]~[#9X1;!r3;!r4;!r5;!r6;!r7;!r8:2],1.6013069152832031,400,1.6377038225183724,0.024202531907458438,1.5497873172407683,1.6231094165097688,1.6367988540252356,1.6510099341718276,1.7286635371303225,0.02790051766205881,1.5812586400166806,1.6928607106649158,50,1.637941322013524,0.02267808380432623,1.5672143854204394,1.6268131027819044,1.6383061458910038,1.6526615416808736,1.700917855991272,0.02584843889896926,1.5880404444334504,1.6914342000293274,17,1.5838932011449303,0.006405753876378069,1.579164112124809,1.5795567118416096,1.5819881593814482,1.5836422088732365,1.6032027985860278,0.004085497031626861,1.579164112124809,1.5897704544206768
b276,[#6X4;!r3;!r4;!r5;!r6;!r7;!r8:1]~[#6X4;r8:2],1.505136251449585,400,1.548293768902061,0.03408337018721823,1.4588007905929778,1.528903708062921,1.5481567003106271,1.5671511135888339,1.6836624078312012,0.03824740552591277,1.471532599774052,1.6245222218777031,,,,,,,,,,,,1,1.5353359883667264,0.0,1.5353359883667264,1.5353359883667264,1.5353359883667264,1.5353359883667264,1.5353359883667264,0.0,1.5353359883667264,1.5353359883667264
b277,[#6X4;r7:1]~[#9X1;!r3;!r4;!r5;!r6;!r7;!r8:2],1.3831443786621094,400,1.3604145056070223,0.02968035984574345,1.2645465281633417,1.3440040883527768,1.3603803162887171,1.3757659466537293,1.466545003163064,0.03176185830095246,1.2963613009013482,1.423408734105158,100,1.3699699575289659,0.03068763478364424,1.2884131514592199,1.3538145980382512,1.3666206536898073,1.3875129207501327,1.4681195881342908,0.033698322711881445,1.303267113970429,1.4380604048179548,,,,,,,,,,,
b278,[#6X3;!r3;!r4;!r5;!r6;!r7;!r8:1]~[#7X4;!r3;!r4;!r5;!r6;!r7;!r8:2],1.5888713598251343,350,1.4643934715150966,0.04571578477675179,1.3401478724066302,1.435007636146583,1.4717512079277892,1.4942244768100512,1.5923376469556059,0.05921684066346811,1.3461823751513808,1.5830497378052533,,,,,,,,,,,,1,1.4375692533294788,0.0,1.4375692533294788,1.4375692533294788,1.4375692533294788,1.4375692533294788,1.4375692533294788,0.0,1.4375692533294788,1.4375692533294788
b279,[#15X4;r7:1]~[#8X1;!r3;!r4;!r5;!r6;!r7;!r8:2],1.448766827583313,350,1.4860090035257707,0.0231770288055529,1.4113487973762846,1.4728828651508563,1.4854581055123273,1.4972571266256987,1.5612479450626366,0.02437426147484234,1.4363214729385927,1.533818518837962,50,1.4882496795755324,0.022923165483554993,1.4508304937542484,1.4726322585846954,1.4866538409024392,1.4999883681999862,1.5625584975875915,0.02735610961529078,1.4508304937542484,1.5410225326229223,4,1.4881114814262062,0.008137977618356827,1.4778157350244703,1.4846890603825822,1.4870052449944922,1.4904276660381164,1.5006197006913704,0.00573860565553419,1.4778157350244703,1.4990355745214177
b280,[#6X4;r7:1]~[#7X3;r6:2],1.4303576946258545,350,1.4946251039614955,0.028398477133093035,1.4122699808313537,1.4762833419277497,1.4941025866587323,1.5098276773900008,1.5909994405574466,0.03354433546225111,1.425966838734373,1.5601441805833773,,,,,,,,,,,,,,,,,,,,,,
b281,[#6X2;!r3;!r4;!r5;!r6;!r7;!r8:1]~[#7X3;r6:2],1.3326817750930786,350,1.3444655165324118,0.02543585354730074,1.254111609394632,1.3292670547753656,1.3440820854753976,1.3605946658242152,1.4187201858747212,0.031327611048849624,1.282275638202091,1.4075860823974895,50,1.3443713196038294,0.02123396636296691,1.283658141738432,1.3338988160515182,1.3428322655655887,1.3607006961871473,1.3904173741289632,0.02680188013562912,1.2936959958480745,1.3904173741289632,,,,,,,,,,,
b282,[#7X4;r5:1]~[#8X1;!r3;!r4;!r5;!r6;!r7;!r8:2],1.3501898050308228,350,1.2376117000901496,0.028624369753864308,1.1396554414323534,1.2208224783686141,1.2364301349107716,1.2553651699782018,1.328086872304058,0.03454269160958767,1.1690084409542325,1.3071792073925832,49,1.232438763840768,0.03519103590635774,1.1650777490874709,1.2137702528560081,1.2286975264673277,1.2517854311624428,1.3434869656306285,0.03801517830643464,1.1650777490874709,1.3088081986220947,2,1.3510068615290296,0.0012307656930787836,1.3497760958359508,1.3503914786824902,1.3510068615290296,1.351622244375569,1.3522376272221084,0.0012307656930787836,1.3497760958359508,1.3522376272221084
b283,[#6X4;r6:1]~[#7X3;r7:2],1.4486076831817627,350,1.4894166993149178,0.030074351296064738,1.3951407776127562,1.4726972785946595,1.4893454063073723,1.5061234422162517,1.578054798928481,0.03342616362159223,1.4225580331622711,1.55626268764864,,,,,,,,,,,,,,,,,,,,,,
b284,[#16X2;!r3;!r4;!r5;!r6;!r7;!r8:1]~[#17X1;!r3;!r4;!r5;!r6;!r7;!r8:2],2.037581443786621,350,2.093496220627611,0.03845810177468901,1.9716463942724594,2.0722601298918866,2.0948648691230503,2.114050458690973,2.2405271230263075,0.041790328799086396,2.009574636693257,2.1767359518896026,,,,,,,,,,,,6,2.0317119232172,0.0011292791461720154,2.0307799568313416,2.0309152416541405,2.0309843525531392,2.0327401138558394,2.0333053050543644,0.0018248722016989127,2.0307799568313416,2.0333053050543644
b285,[#6X3;r8:1]~[#8X1;!r3;!r4;!r5;!r6;!r7;!r8:2],1.2002815008163452,350,1.2277510452711016,0.0215761246717614,1.1317261705999575,1.215830954174688,1.2280908495639065,1.2404991345380465,1.3033318290746734,0.024668180363358605,1.17882868362965,1.2775014050830844,50,1.2260006102070262,0.028083419161979973,1.1217861946908059,1.215562758067009,1.2264236555066816,1.2419781428875643,1.2791292125233094,0.026415384820555277,1.175939680836176,1.2791292125233094,5,1.2204181770114668,0.008191385203072969,1.2041071648740773,1.2230986858120332,1.224570579270171,1.2249335438362938,1.2253809112647582,0.0018348580242606438,1.2203463987756422,1.2253809112647582
b286,[#1X1;!r3;!r4;!r5;!r6;!r7;!r8:1]~[#6X3;r3:2],1.094070553779602,350,1.0877044089581422,0.025912852422021283,1.0043389703444925,1.0739995968970522,1.086541611744834,1.1024698691361767,1.1760016721573918,0.028470272239124572,1.0312941885383653,1.1451752774948636,100,1.0868333347609769,0.025510324796928406,1.0181901325012057,1.0708842851499702,1.0882149811326451,1.1021901117208888,1.1691383744734702,0.031305826570918516,1.0239255452935925,1.1491488515772665,65,1.0692554695993022,0.010871757824558776,1.0567513794263026,1.0603842837925823,1.0605668459897968,1.077165639143031,1.0904458964470312,0.01678135535044878,1.0567513794263026,1.0904458964470312
b287,[#16X3;r7:1]~[#8X1;!r3;!r4;!r5;!r6;!r7;!r8:2],1.4969627857208252,300,1.4793681607759246,0.024600728226846755,1.4020220266246248,1.4652609981599638,1.4783775299336228,1.492260857507988,1.5746111769199687,0.02699985934802429,1.4247612091379274,1.5327606465300245,,,,,,,,,,,,4,1.501673676382167,0.014956935683587965,1.4787841672482434,1.4931076570131538,1.5061752959907508,1.5147413153597642,1.5155599462989229,0.02163365834661035,1.4787841672482434,1.5155599462989229
b288,[#15X4;r6:1]~[#6X4;!r3;!r4;!r5;!r6;!r7;!r8:2],1.8272528648376465,300,1.8271876218594283,0.0544871325029638,1.680164374941261,1.78632410532,1.8231348584291864,1.8677733399236933,1.9915701850691683,0.08144923460369324,1.680164374941261,1.9899471918292333,50,1.8257498029261285,0.046832870767276075,1.6887030610433114,1.8046020284094337,1.8313713509421672,1.8490114209005863,1.9300324289206596,0.04440939249115261,1.737987939672705,1.9156255096373154,3,1.7982833089467378,0.021403071459144083,1.7796878490815529,1.7832928549326987,1.7868978607838448,1.8075810388793303,1.8282642169748156,0.02428818394663157,1.7796878490815529,1.8282642169748156
b289,[#6X4;!r3;!r4;!r5;!r6;!r7;!r8:1]~[#8X1;!r3;!r4;!r5;!r6;!r7;!r8:2],1.2978203296661377,300,1.447752323268722,0.0335370521800067,1.3403732378447575,1.4268351956421097,1.4472753277996058,1.467964384249781,1.5561411200554298,0.04112918860767123,1.365141412730603,1.5296581671612879,,,,,,,,,,,,2,1.3402002277291625,0.019913062704146944,1.3202871650250156,1.3302436963770892,1.3402002277291625,1.350156759081236,1.3601132904333095,0.019913062704146833,1.3202871650250156,1.3601132904333095
b290,[#6X4;r6:1]~[#7X4;!r3;!r4;!r5;!r6;!r7;!r8:2],1.5286418199539185,300,1.4812650776275567,0.028945712750494502,1.3975956104501819,1.4618575104137357,1.4807847651179038,1.4974946168795866,1.5802237286625807,0.03563710646585094,1.4084018507149594,1.5509502765783632,100,1.4771361831662377,0.035369434643214764,1.3684110818743311,1.4554264422464651,1.4753470007746303,1.494245562179857,1.5751638855465593,0.03881911993339182,1.3971977623463774,1.5524742420799447,1,1.5057066800576033,0.0,1.5057066800576033,1.5057066800576033,1.5057066800576033,1.5057066800576033,1.5057066800576033,0.0,1.5057066800576033,1.5057066800576033
b291,[#6X3;!r3;!r4;!r5;!r6;!r7;!r8:1]~[#6X3;r3:2],1.3051999807357788,300,1.3871964361019684,0.04103089079125184,1.27960114445645,1.3640436589309692,1.3798439865110848,1.4044946483539427,1.5225428506574454,0.04045098942297343,1.303367174796509,1.4651711324884027,150,1.3813755786595094,0.028402372949178935,1.3059698176092145,1.3654254910710386,1.3797616745907735,1.3958141570351015,1.4752094765489114,0.030388665964062866,1.3198424921249443,1.4413971559811958,19,1.3465857076466548,0.05703224482049501,1.3144167443102057,1.3150720196301346,1.3162846322064803,1.3230678342722815,1.4751096312586343,0.007995814642146826,1.3144167443102057,1.3350615562355017
b292,[#15X4;r6:1]~[#6X3;r6:2],1.7954308986663818,300,1.8543358701818635,0.047053893651719,1.715516631275887,1.8256338481786258,1.85119174146284,1.8769831719713435,2.0405122068957113,0.051349323792717616,1.7486098624895494,1.9540071576604199,50,1.843801194386545,0.048714752773128256,1.7432970637205916,1.8110886416421275,1.8377308604735512,1.8796251775528612,1.9720776002456233,0.06853653591073372,1.7432970637205916,1.9720776002456233,5,1.8188079717208114,0.02463930252068919,1.7698576084375817,1.8276384324228627,1.8281227106308136,1.8339680392330788,1.8344530678797217,0.006329606810216104,1.8181440222075387,1.8344530678797217
b293,[#53X1;!r3;!r4;!r5;!r6;!r7;!r8:1]~[#6X4;r6:2],2.1577799320220947,298,2.182820859783756,0.046623690683998596,2.0214869473168977,2.1575138299455467,2.1832597912002534,2.204465013546878,2.3759974727826485,0.04695118360133144,2.0870870545435496,2.2748917889488753,,,,,,,,,,,,6,2.245414061959988,0.06964216171391302,2.153833252651044,2.191408976627977,2.2338767652384925,2.3090883231698642,2.3394856990604387,0.11767934654188705,2.153833252651044,2.3394856990604387
b294,[#16X2;!r3;!r4;!r5;!r6;!r7;!r8:1]~[#8X1;!r3;!r4;!r5;!r6;!r7;!r8:2],1.4852648973464966,300,1.4707821149510483,0.02991472317859553,1.3737388894763694,1.4550645023340592,1.4702640273341157,1.4868730133552068,1.5582982554313922,0.03180851102114768,1.4073517358023375,1.5345857798869282,100,1.461444716015071,0.03221331431291087,1.3735727268187756,1.4497291126951635,1.4618359298254533,1.4787226470421349,1.5623203319305214,0.028993534346971384,1.4062388111747064,1.522212948562592,42,1.4900044850370424,3.727994604983208e-05,1.489947872504082,1.4899710346703536,1.4899981691191106,1.490022183983862,1.490071612673176,5.114931350846952e-05,1.489947872504082,1.490071612673176
b295,[#6X4;!r3;!r4;!r5;!r6;!r7;!r8:1]~[#7X3;r8:2],1.4442557096481323,300,1.4761070885081267,0.029638885880670523,1.3785374841171523,1.4601680562838317,1.476453087254146,1.4901149679119905,1.5898356299607306,0.029946911628158768,1.4152476888415935,1.5350353353542285,,,,,,,,,,,,,,,,,,,,,,
b296,[#6X2;!r3;!r4;!r5;!r6;!r7;!r8:1]~[#8X1;!r3;!r4;!r5;!r6;!r7;!r8:2],1.127590298652649,300,1.2246674244687863,0.020780540396705807,1.1634333474838945,1.2118452637482724,1.22393924060228,1.2375130049749168,1.3048178728224107,0.02566774122664439,1.1733436519083058,1.2760146168148834,100,1.219645804929577,0.024515556552889273,1.1435707189212418,1.2083242953707813,1.2199952641647518,1.2323370703039,1.2872169232400104,0.024012774933118708,1.1723051329711032,1.268356232703578,6,1.176422670035509,0.00024441355366138835,1.1762161916164788,1.1762605522578164,1.176309713270972,1.1764813971616308,1.176917611676016,0.0002208449038143545,1.1762161916164788,1.1768126645173522
b297,[#15X4;r5:1]~[#8X2;!r3;!r4;!r5;!r6;!r7;!r8:2],1.6486035585403442,300,1.6181557799640551,0.04371133408781158,1.4753431376721846,1.5859574796297506,1.6248124348125719,1.6462239132950292,1.7458238300755593,0.06026643366527851,1.4955578291318328,1.7366235637929468,100,1.6154384619446487,0.051273251897897665,1.4705845981533472,1.5827996027955549,1.617562633522692,1.653320086301664,1.7251085223347535,0.07052048350610907,1.4770188775363913,1.7251085223347535,10,1.6282025164904208,0.014038057585781211,1.608142459322742,1.6164203343937238,1.6261592856024323,1.6371430025273308,1.6536601556100816,0.020722668133607014,1.608142459322742,1.6536601556100816
b298,[#6X4;r3:1]~[#7X2;!r3;!r4;!r5;!r6;!r7;!r8:2],1.4207302331924438,300,1.468596833102046,0.028705240567489656,1.3725416678089062,1.453270130766534,1.4688225118676854,1.4866483911000454,1.5734951198330553,0.03337826033351132,1.4032027402662672,1.5367157816003125,50,1.462857133606012,0.027304456268797524,1.3827690010733393,1.446900401574687,1.461684005081033,1.480538666327256,1.542684028812803,0.033638264752569036,1.3964430044458334,1.5309960634561095,6,1.4592009673037962,0.00627343393446274,1.4507900382881018,1.4550260367118601,1.4580115411182593,1.4630167605176414,1.4696766477376608,0.007990723805781252,1.4507900382881018,1.4696766477376608
b299,[#15X5;!r3;!r4;!r5;!r6;!r7;!r8:1]~[#17X1;!r3;!r4;!r5;!r6;!r7;!r8:2],2.0364327430725098,300,2.0532944541504605,0.04319358190472852,1.9225145047806966,2.0313101631374564,2.0513537965233883,2.0744969300063367,2.218048770808552,0.043186766868880344,1.9665300128341359,2.1392770803096575,250,2.053633266191677,0.04428640364926728,1.9475852895967856,2.0277834971819044,2.0503543322903424,2.077624405913371,2.2237793340420264,0.04984090873146663,1.9530221340847045,2.152385769010571,,,,,,,,,,,
b300,[#15X5;r4:1]~[#17X1;!r3;!r4;!r5;!r6;!r7;!r8:2],2.1335628032684326,300,2.041899106195418,0.041757918228008034,1.8981946896813864,2.0197143707795857,2.04269144897261,2.066809191979851,2.181114231794823,0.04709482120026509,1.949072138979188,2.1374514237802487,,,,,,,,,,,,,,,,,,,,,,
b301,[#7X3;!r3;!r4;!r5;!r6;!r7;!r8:1]~[#7X4;!r3;!r4;!r5;!r6;!r7;!r8:2],1.4271550178527832,250,1.4414125556049822,0.029161821012079175,1.3541949417649342,1.4237103196733667,1.4398230172772435,1.4558297256101307,1.5689849819353843,0.03211940593676399,1.3755312107682207,1.5040088345152767,,,,,,,,,,,,14,1.4293671435355502,0.021835261544743516,1.3900545964102258,1.4224320115137503,1.4326375414793198,1.4356279130147471,1.482641937909015,0.01319590150099681,1.402638159262255,1.4554217652662422
b302,[#16X2;!r3;!r4;!r5;!r6;!r7;!r8:1]~[#6X4;r4:2],1.823883295059204,250,1.8467156781718563,0.03211291475944968,1.752500532533351,1.829465376730512,1.8449279540072154,1.8639397683996706,1.9720566263977903,0.034474391669158555,1.7777537892267743,1.9156513559034085,100,1.8451190695407669,0.03912617618311757,1.712045260513404,1.8250538991136696,1.844693733224594,1.8696126901295886,1.9551297327232309,0.044558791015919086,1.758215712589791,1.9364508766534674,2,1.8445325194702955,0.00298704896282298,1.8415454705074725,1.8430389949888841,1.8445325194702955,1.8460260439517069,1.8475195684331185,0.002987048962822758,1.8415454705074725,1.8475195684331185
b303,[#15X3;!r3;!r4;!r5;!r6;!r7;!r8:1]~[#6X3;!r3;!r4;!r5;!r6;!r7;!r8:2],1.7869726419448853,248,1.8429108599038515,0.041898205583344415,1.7075187265201484,1.8163448209643456,1.84373960342004,1.870145797476404,1.9599171354302403,0.053800976512058396,1.7356433561962579,1.9508472622444915,100,1.857664080744169,0.044221017909177505,1.726644635942216,1.8285386738971505,1.856726724189914,1.8821153304144274,1.992496328883172,0.05357665651727683,1.7481736891212352,1.9624803151903425,1,1.8291414466614186,0.0,1.8291414466614186,1.8291414466614186,1.8291414466614186,1.8291414466614186,1.8291414466614186,0.0,1.8291414466614186,1.8291414466614186
b304,[#6X3;r4:1]~[#8X2;!r3;!r4;!r5;!r6;!r7;!r8:2],1.2683593034744263,250,1.374851505638838,0.027827118281164846,1.2944645631378615,1.3566374385173687,1.375516982798696,1.3903564565677988,1.4900310717136533,0.033719018050430094,1.3060589114417236,1.440934983643444,,,,,,,,,,,,2,1.395756807563206,0.004377390677611004,1.391379416885595,1.3935681122244006,1.395756807563206,1.3979455029020116,1.400134198240817,0.004377390677611004,1.391379416885595,1.400134198240817
b305,[#16X2;!r3;!r4;!r5;!r6;!r7;!r8:1]~[#16X3;!r3;!r4;!r5;!r6;!r7;!r8:2],2.169654369354248,250,2.0956606784894736,0.044400008496489646,1.9131219648939046,2.067326031793943,2.0956409196920673,2.119457251348907,2.245159746983799,0.05213121955496414,1.9891292024614968,2.197654080681353,,,,,,,,,,,,,,,,,,,,,,
b306,[#6X4;r8:1]~[#8X2;!r3;!r4;!r5;!r6;!r7;!r8:2],1.4547029733657837,250,1.4171201874618373,0.03617672914304552,1.2726178552713503,1.3956623540395583,1.4179523463083918,1.4388192185611828,1.5234763521333923,0.04315686452162448,1.3309270572571217,1.5035545153436196,,,,,,,,,,,,1,1.4311790142240357,0.0,1.4311790142240357,1.4311790142240357,1.4311790142240357,1.4311790142240357,1.4311790142240357,0.0,1.4311790142240357,1.4311790142240357
b307,[#6X4;r3:1]~[#6X4;r3:2],1.4451409578323364,250,1.5397232634780078,0.031191072692320253,1.4322226694936047,1.5226189913385018,1.5373163266077867,1.5582061200484634,1.6400597846751204,0.03558712870996161,1.4692382982735595,1.611586813113406,50,1.521978216764718,0.03231719656528596,1.4601928739732162,1.5038242222205356,1.5227852173000973,1.5373432147372328,1.656672951477442,0.03351899251669721,1.4601928739732162,1.5876217035122786,4,1.5194701811245044,0.0023820566335303753,1.515357178270846,1.5193539779155765,1.5206878595914113,1.520804062800339,1.5211478270443486,0.0014500848847625036,1.5171788505884327,1.5211478270443486
b308,[#15X4;!r3;!r4;!r5;!r6;!r7;!r8:1]~[#6X4;r6:2],1.8123879432678223,250,1.870716396584768,0.055647158565403046,1.6979900049739387,1.8374974307303655,1.8703534528920036,1.9034027100225994,2.0238998653337035,0.06590527929223389,1.7386395117920146,2.00226062896095,100,1.863152366231361,0.04297824845929114,1.7298026899602865,1.8384044212383064,1.8580679625032546,1.8853218043100186,1.9734370112963213,0.046917383071712226,1.768028346630738,1.955697878917587,2,1.8251995836098467,0.015246316707452912,1.8099532669023937,1.8175764252561202,1.8251995836098467,1.832822741963573,1.8404459003172995,0.0152463167074528,1.8099532669023937,1.8404459003172995
b309,[#53X1;!r3;!r4;!r5;!r6;!r7;!r8:1]~[#6X2;!r3;!r4;!r5;!r6;!r7;!r8:2],1.8416427373886108,250,2.2447138594314384,0.04425193053936587,2.103310338461257,2.222645108243228,2.2468427363682855,2.2644553514185253,2.4369956172719074,0.041810243175297135,2.1599297434802827,2.327170716181471,,,,,,,,,,,,1,2.0755467303553816,0.0,2.0755467303553816,2.0755467303553816,2.0755467303553816,2.0755467303553816,2.0755467303553816,0.0,2.0755467303553816,2.0755467303553816
b310,[#6X4;!r3;!r4;!r5;!r6;!r7;!r8:1]~[#7X4;r7:2],1.49459969997406,250,1.4914511042814043,0.025808955944402953,1.3991996678655256,1.4784239911564276,1.4905767363969227,1.504455480802275,1.575444468327276,0.02603148964584734,1.4393767566876567,1.543502715271046,,,,,,,,,,,,,,,,,,,,,,
b311,[#16X2;!r3;!r4;!r5;!r6;!r7;!r8:1]~[#7X3;r6:2],1.692901849746704,250,1.69978053765951,0.03200966273641015,1.6149556723127891,1.6805686285392727,1.6981690368687907,1.7181187491215084,1.8106454727897052,0.037550120582235724,1.624243447665919,1.774443929994862,100,1.6989379885845104,0.0313336810457114,1.5694351778095605,1.67993446587399,1.6976296392540393,1.719260915210414,1.7684712956772,0.03932644933642382,1.6209447918693543,1.7684712956772,,,,,,,,,,,
b312,[#15X4;r5:1]~[#16X1;!r3;!r4;!r5;!r6;!r7;!r8:2],1.9132930040359497,250,1.9585206925943262,0.038441082241019844,1.8408879813119636,1.9373777724176633,1.9560577901456533,1.9785720901966757,2.108395519454426,0.04119431777901239,1.8755862957491447,2.040363566865194,50,1.9267063716685318,0.04299973186068625,1.8474128175796718,1.894377021079888,1.918929550894045,1.9495810610411506,2.043118034094512,0.05520403996126255,1.8474128175796718,2.0323871209830444,12,1.941817752160322,0.009013749346765475,1.9258274856306095,1.9366845454812593,1.9405783774484835,1.9449391687437574,1.962735561620177,0.00825462326249804,1.9258274856306095,1.9573211036375044
b313,[#16X3;!r3;!r4;!r5;!r6;!r7;!r8:1]~[#6X4;r6:2],1.8413604497909546,250,1.8379924930877396,0.030349417853472015,1.7557843451689303,1.8184063027640909,1.8362650011302657,1.8559402721447604,1.9385067092458659,0.03753396938066955,1.7621053486930864,1.9122412262157646,,,,,,,,,,,,,,,,,,,,,,
b314,[#35X1;!r3;!r4;!r5;!r6;!r7;!r8:1]~[#6X4;r4:2],1.941922664642334,250,1.991886704782642,0.03955289059790947,1.8325932577941233,1.9722907962691252,1.9913888960887245,2.009508293024349,2.153163714001642,0.0372174967552239,1.9164645511362894,2.065334538157185,,,,,,,,,,,,1,2.0063438629188264,0.0,2.0063438629188264,2.0063438629188264,2.0063438629188264,2.0063438629188264,2.0063438629188264,0.0,2.0063438629188264,2.0063438629188264
b315,[#1X1;!r3;!r4;!r5;!r6;!r7;!r8:1]~[#7X3;r3:2],1.0241824388504028,250,1.0253147558535973,0.02456439880425845,0.939640023703486,1.0137099001082792,1.0241923604283163,1.0358887888332653,1.1179045455065748,0.02217888872498608,0.9804415670208001,1.0691571219207443,100,1.0236944918775972,0.024249671788069256,0.9651018535336329,1.0113806005220347,1.022512411680634,1.0345959971609073,1.121332139648628,0.02321539663887262,0.9765575055637258,1.0694190921192162,10,1.002192506323978,0.010111611726344245,0.9878944663360788,0.9975140853956799,0.9978752390872754,1.0099116786246278,1.0217187916433603,0.012397593228947956,0.9878944663360788,1.0217187916433603
b316,[#6X3;r3:1]~[#6X4;!r3;!r4;!r5;!r6;!r7;!r8:2],1.4400140047073364,250,1.5116941847800829,0.030846076239422014,1.4180956409129457,1.4932884964753423,1.509143149389827,1.528272617053202,1.6143994470546297,0.0349841205778596,1.4408123156085528,1.5807487979199912,,,,,,,,,,,,4,1.4740402433677537,0.00022217469669996785,1.4737063767462433,1.4739559244394078,1.4740623269642732,1.474146645892619,1.4743299427962249,0.00019072145321108458,1.4737063767462433,1.4743299427962249
b317,[#15X3;r5:1]~[#8X2;!r3;!r4;!r5;!r6;!r7;!r8:2],1.706868052482605,249,1.648730494861955,0.028788458568981993,1.553469726069225,1.6332521001483198,1.648281345442676,1.664905865482481,1.731574495443756,0.03165376533416131,1.5857714521470778,1.712386513483723,,,,,,,,,,,,,,,,,,,,,,
b318,[#7X3;r6:1]~[#7X3;r6:2],1.3492988348007202,250,1.4487549709205683,0.02895001731257204,1.3262532589858982,1.4333775981516645,1.44959133759852,1.4651996732030224,1.5378396597283632,0.03182207505135781,1.3856444855746277,1.512932785780059,50,1.45169315985983,0.024567927719699102,1.393298222262775,1.4376652707576798,1.4476803490993726,1.463634869429051,1.513345297066679,0.025969598671371275,1.3987108727506228,1.5025892674361079,1,1.4293759061789997,0.0,1.4293759061789997,1.4293759061789997,1.4293759061789997,1.4293759061789997,1.4293759061789997,0.0,1.4293759061789997,1.4293759061789997
b319,[#6X2;!r3;!r4;!r5;!r6;!r7;!r8:1]~[#6X4;r7:2],1.4599418640136719,250,1.4747726689676115,0.028922439624312957,1.3805493632110077,1.455796499645775,1.4757137649264251,1.488742809433544,1.5951197274041802,0.03294630978776891,1.4063770349641218,1.5381622741151975,,,,,,,,,,,,,,,,,,,,,,
b320,[#16X4;!r3;!r4;!r5;!r6;!r7;!r8:1]~[#1X1;!r3;!r4;!r5;!r6;!r7;!r8:2],1.397666335105896,248,1.3515528804626988,0.03197888399929442,1.2572148449538512,1.3323881726644125,1.3491014016990608,1.3727719149246391,1.4491656653310963,0.040383742260226674,1.2718125592740726,1.4333475283149792,,,,,,,,,,,,,,,,,,,,,,
b321,[#6X4;r4:1]~[#6X4;r6:2],1.545762062072754,250,1.5565821314518753,0.03624074713043942,1.4285293811516142,1.5352239339324871,1.5562472257346398,1.5769240585015303,1.6875252483645693,0.04170012456904315,1.4726737470789224,1.639474245355095,,,,,,,,,,,,1,1.5284769601182486,0.0,1.5284769601182486,1.5284769601182486,1.5284769601182486,1.5284769601182486,1.5284769601182486,0.0,1.5284769601182486,1.5284769601182486
b322,[#6X4;r6:1]~[#6X4;r7:2],1.521612524986267,200,1.564438373504071,0.036021890996328194,1.4474434202894897,1.541976678631767,1.564954496469607,1.583127493420515,1.6717538695535124,0.04115081478874805,1.480250456448645,1.6448537156036371,,,,,,,,,,,,,,,,,,,,,,
b323,[#15X3;!r3;!r4;!r5;!r6;!r7;!r8:1]~[#6X4;r6:2],1.8698824644088745,200,1.8478540871070217,0.04516453107552571,1.7158817017763104,1.8217554399751061,1.847720958492081,1.8745487406450005,2.017723581335189,0.052793300669894405,1.7425654889702646,1.9537386916498423,,,,,,,,,,,,,,,,,,,,,,
b324,[#15X4;!r3;!r4;!r5;!r6;!r7;!r8:1]~[#35X1;!r3;!r4;!r5;!r6;!r7;!r8:2],2.209632396697998,200,2.2445682961552116,0.054277916500434634,2.059762281610925,2.2132937252743288,2.2424170200060107,2.2693869560823177,2.386989265025076,0.05609323080798889,2.129153879062345,2.353526802294301,100,2.238840909649982,0.05197404832223243,2.0986118109708873,2.2078578815525085,2.2353032767801886,2.264084000202982,2.3924452493552804,0.056226118650473556,2.1235187035767984,2.3484231781786926,,,,,,,,,,,
b325,[#6X3;r8:1]~[#6X4;!r3;!r4;!r5;!r6;!r7;!r8:2],1.4607620239257812,200,1.520693378211297,0.03227407319775798,1.4199343228960868,1.5028459739450242,1.5199920422112956,1.5370687811019312,1.6383423395450254,0.034222807156907065,1.4515117632096635,1.5884029918372917,,,,,,,,,,,,2,1.5088923899955327,0.0056631035699662435,1.5032292864255663,1.5060608382105494,1.5088923899955327,1.5117239417805157,1.5145554935654988,0.0056631035699663546,1.5032292864255663,1.5145554935654988
b326,[#16X3;!r3;!r4;!r5;!r6;!r7;!r8:1]~[#17X1;!r3;!r4;!r5;!r6;!r7;!r8:2],2.102738857269287,200,2.0897407376687873,0.03257462267381781,1.998272333697706,2.0720443234078414,2.0884884726933537,2.1075415480201563,2.211966467190222,0.03549722461231486,2.018798486489369,2.1607873849386285,,,,,,,,,,,,,,,,,,,,,,
b327,[#7X3;r7:1]~[#8X1;!r3;!r4;!r5;!r6;!r7;!r8:2],1.2936888933181763,200,1.2423312191673548,0.02870078032026749,1.1509089083017214,1.227798968406888,1.2410033195418595,1.2562619920057632,1.3523101647745486,0.028463023598875203,1.1851044330085752,1.298956527404076,,,,,,,,,,,,,,,,,,,,,,
b328,[#15X3;r5:1]~[#7X3;!r3;!r4;!r5;!r6;!r7;!r8:2],1.7135151624679565,199,1.7616088206558402,0.03031652086148853,1.662172861692764,1.7454249812012914,1.761028119325663,1.7760909589463307,1.8666111348148466,0.03066597774503932,1.6994260145837323,1.8220899255638896,,,,,,,,,,,,1,1.7011244074158705,0.0,1.7011244074158705,1.7011244074158705,1.7011244074158705,1.7011244074158705,1.7011244074158705,0.0,1.7011244074158705,1.7011244074158705
b329,[#17X1;!r3;!r4;!r5;!r6;!r7;!r8:1]~[#6X2;!r3;!r4;!r5;!r6;!r7;!r8:2],1.600581169128418,200,1.7489852643490567,0.04117995355889107,1.6040283226074512,1.7261935251821598,1.7458908685609646,1.7702939326910168,1.8838257319695382,0.04410040750885691,1.6600429139188746,1.8364445439543022,100,1.7462855961260495,0.03931835316860952,1.625161980204982,1.7295661393039756,1.7432325113811162,1.7705402736073492,1.84817218150071,0.0409741343033736,1.6681049378489152,1.8320014750624096,5,1.7338253130304153,0.03997633511492156,1.653872642800752,1.7538134008238184,1.7538134292628407,1.7538134502429494,1.753813642021715,4.941913100964257e-08,1.753813326695122,1.753813524371646
b330,[#15X3;!r3;!r4;!r5;!r6;!r7;!r8:1]~[#7X3;r5:2],1.690524935722351,199,1.7589340660050705,0.030897836694445856,1.6856516734675373,1.7399298761676985,1.7562267415898525,1.775294471643858,1.8381086440336118,0.035364595476159444,1.6868829829534593,1.828341364858097,50,1.7584215327106976,0.03360511394198764,1.6767570449367253,1.7435420930406047,1.7610528043246085,1.7794357014966655,1.854419799854191,0.03589360845606082,1.6897016803565135,1.8332761141807568,1,1.7017029659266383,0.0,1.7017029659266383,1.7017029659266383,1.7017029659266383,1.7017029659266383,1.7017029659266383,0.0,1.7017029659266383,1.7017029659266383
b331,[#16X3;!r3;!r4;!r5;!r6;!r7;!r8:1]~[#7X2;!r3;!r4;!r5;!r6;!r7;!r8:2],1.7920118570327759,200,1.7515657170203007,0.03330748422071183,1.648147095532458,1.730172472478945,1.7531482018285298,1.7692696928457914,1.86840873878796,0.039097220366846486,1.6715266419286752,1.8279155233960611,50,1.7237296841815013,0.03723470342545324,1.6124597496464224,1.7076361560055995,1.7215999505218278,1.7381009213221423,1.8134352002211216,0.030464765316542852,1.6619390080307852,1.7837980692969566,7,1.551755244514547,0.07304575328636732,1.5077533403957557,1.5083061323393805,1.5097497208856847,1.558236767978934,1.71169784968376,0.04993063563955347,1.5077533403957557,1.633132721438264
b332,[#16X3;!r3;!r4;!r5;!r6;!r7;!r8:1]~[#6X4;r5:2],1.8021881580352783,200,1.8316937099029769,0.03013657673702014,1.7229044534956808,1.8143370689584932,1.829930113617917,1.8494859301989914,1.9521127891258137,0.03514886124049821,1.7616137770977458,1.9022092220597386,,,,,,,,,,,,1,1.868095025708796,0.0,1.868095025708796,1.868095025708796,1.868095025708796,1.868095025708796,1.868095025708796,0.0,1.868095025708796,1.868095025708796
b333,[#6X3;r4:1]~[#6X4;!r3;!r4;!r5;!r6;!r7;!r8:2],1.538112759590149,200,1.5321156580420805,0.03668142556743028,1.4101591902968489,1.5077390398831114,1.5306974278420689,1.5527425973569247,1.6396203900528066,0.04500355747381324,1.4402337036723916,1.6202479335676445,,,,,,,,,,,,1,1.5383554311310286,0.0,1.5383554311310286,1.5383554311310286,1.5383554311310286,1.5383554311310286,1.5383554311310286,0.0,1.5383554311310286,1.5383554311310286
b334,[#6X3;r4:1]~[#9X1;!r3;!r4;!r5;!r6;!r7;!r8:2],1.301774501800537,200,1.3542254274971333,0.028085268389361002,1.2660277249401748,1.3389775535577737,1.3537401412925916,1.3680984609450573,1.4267112040454617,0.029120907387283568,1.2952961924768482,1.4117798220259825,,,,,,,,,,,,,,,,,,,,,,
b335,[#15X5;r4:1]~[#9X1;!r3;!r4;!r5;!r6;!r7;!r8:2],1.6363606452941895,200,1.6373756782204447,0.026791272766004907,1.5375131671073086,1.623655731885727,1.63874791006326,1.6512068051350797,1.7227813094882156,0.027551073249352687,1.582329122011698,1.6925334150091087,300,1.6349944014366486,0.024820104489014498,1.5267506005966478,1.6192647130003102,1.6340878164737869,1.6486595395966084,1.710199312683694,0.029394826596298218,1.5751724731058627,1.6927517794910556,,,,,,,,,,,
b336,[#15X3;r5:1]~[#6X4;!r3;!r4;!r5;!r6;!r7;!r8:2],1.8204110860824585,200,1.8518748896696848,0.04562556958021816,1.7040801407700836,1.8223019815406447,1.8448426667181703,1.882814692622202,1.9950920409465471,0.06051271108155731,1.7315329149183087,1.973583759244538,,,,,,,,,,,,,,,,,,,,,,
b337,[#15X4;!r3;!r4;!r5;!r6;!r7;!r8:1]~[#7X2;!r3;!r4;!r5;!r6;!r7;!r8:2],1.5728291273117065,200,1.5769377412179368,0.03018361644501198,1.4826457675135827,1.559869617507734,1.5768701616205516,1.594200002819266,1.679820597447805,0.034330385311531986,1.5083740395404361,1.645695580786564,,,,,,,,,,,,57,1.625216282655003,0.03113089766886852,1.6001594469541136,1.6125468628429982,1.6130680377768918,1.6194311845660354,1.7190986177584777,0.006884321723037212,1.6022203802584425,1.6297576671505913
b338,[#15X3;!r3;!r4;!r5;!r6;!r7;!r8:1]~[#16X1;!r3;!r4;!r5;!r6;!r7;!r8:2],1.8775076866149902,200,1.9794362576558044,0.03588458456390466,1.867388210335973,1.958963916325413,1.9811050193649522,2.000492343043666,2.1223994546779807,0.041528426718252964,1.8966712762480333,2.062784983121045,,,,,,,,,,,,,,,,,,,,,,
b339,[#6X3;r4:1]~[#7X2;!r3;!r4;!r5;!r6;!r7;!r8:2],1.2357155084609985,200,1.3136621154953183,0.02891642021967528,1.2183177587505185,1.2972065814116107,1.3149550148905456,1.3273662550924255,1.4211426154518996,0.030159673680814736,1.2519670708903887,1.3726057656136477,,,,,,,,,,,,9,1.2885733820530432,0.03190352725121688,1.2737842387460427,1.276551417829654,1.2786859783940814,1.2787809910246106,1.3786591507518182,0.0022295731949566466,1.2737842387460427,1.2821253508170456
b340,[#16X4;!r3;!r4;!r5;!r6;!r7;!r8:1]~[#6X4;r4:2],1.7918143272399902,200,1.8316861647764175,0.03674409028683982,1.7302443143245483,1.8093479664851255,1.8311695100861825,1.8527312207193627,1.9702799114402834,0.04338325423423717,1.7442730851337698,1.9178061020707184,,,,,,,,,,,,4,1.7915842895786835,0.0306698236492091,1.7386217443298408,1.7899757238314116,1.8073053765656284,1.8089139423129004,1.8131046608536368,0.0189382184814888,1.7615683961091784,1.8131046608536368
b341,[#6X2;!r3;!r4;!r5;!r6;!r7;!r8:1]~[#6X3;r7:2],1.4102213382720947,200,1.432874285404672,0.019045536141117533,1.388324518913942,1.421267571947463,1.431884281491664,1.4428458966617361,1.4996011003021572,0.021578324714273123,1.3889000848760533,1.4752133837331458,50,1.428742226180081,0.014797886620689135,1.4003567416146623,1.4171329799667491,1.4276341272475275,1.438704434952352,1.4684856546486793,0.021571454985602756,1.4003567416146623,1.4684856546486793,,,,,,,,,,,
b342,[#16X3;r6:1]~[#6X4;!r3;!r4;!r5;!r6;!r7;!r8:2],1.8143529891967773,150,1.8475301844004388,0.03802517639478469,1.721409252027525,1.8271729333020792,1.8481409676359455,1.8663424634655879,1.9842358534507685,0.03916953016350866,1.7684186380568163,1.925096758710851,50,1.8561623069204436,0.040905091684163175,1.7620567071439395,1.8274321700775933,1.8535341390435245,1.8720949017758557,1.9705868633393064,0.0446627316982624,1.7620567071439395,1.9390889993232494,,,,,,,,,,,
b343,[#15X4;r7:1]~[#8X2;!r3;!r4;!r5;!r6;!r7;!r8:2],1.633954644203186,150,1.6180981096320612,0.04253316287013516,1.472927673698428,1.5919363590053917,1.623676828983136,1.6481394273467616,1.7338514362050237,0.0562030683413699,1.5076317564933368,1.7324440298588164,50,1.642067519650844,0.026244326584233493,1.5782687520812324,1.6330420429528079,1.6439556486725726,1.6539534406991836,1.7187580504332653,0.020911397746375737,1.6016749463332443,1.6853205373187472,1,1.618064845098953,0.0,1.618064845098953,1.618064845098953,1.618064845098953,1.618064845098953,1.618064845098953,0.0,1.618064845098953,1.618064845098953
b344,[#6X2;!r3;!r4;!r5;!r6;!r7;!r8:1]~[#7X3;r4:2],1.3744406700134277,150,1.337374948799179,0.0274743297335082,1.2563279205495215,1.322573671003417,1.3391590057826397,1.3521603816308834,1.434233388373173,0.029586710627466317,1.2781936050622176,1.3965404475720828,,,,,,,,,,,,,,,,,,,,,,
b345,[#6X3;r5:1]~[#7X4;!r3;!r4;!r5;!r6;!r7;!r8:2],1.5441218614578247,150,1.4438108417658195,0.027331481269408358,1.3635600736833793,1.4284624703513125,1.4426673485485235,1.4606702550431483,1.5258885195885026,0.03220778469183583,1.3801507933135588,1.5089819320809021,,,,,,,,,,,,1,1.4486671067728045,0.0,1.4486671067728045,1.4486671067728045,1.4486671067728045,1.4486671067728045,1.4486671067728045,0.0,1.4486671067728045,1.4486671067728045
b346,[#6X3;!r3;!r4;!r5;!r6;!r7;!r8:1]~[#7X3;r8:2],1.3879542350769043,150,1.4066973863300882,0.026654359156989924,1.3372621942229472,1.3924892863199072,1.4046662798805363,1.4236680381863975,1.4712400110187356,0.03117875186649033,1.3457211585201718,1.4704361659861331,,,,,,,,,,,,,,,,,,,,,,
b347,[#7X4;!r3;!r4;!r5;!r6;!r7;!r8:1]~[#8X2;!r3;!r4;!r5;!r6;!r7;!r8:2],1.3816015720367432,150,1.4273013364546145,0.03372162670319492,1.337307819178444,1.4074544267666487,1.4237426369379935,1.4451369693370562,1.5153477417305328,0.037682542570407485,1.3509306129110374,1.5016607831926674,50,1.4442952151986095,0.031410426759761544,1.3905298152100871,1.4269871813316153,1.4358108630638444,1.4628478984116398,1.527439517359458,0.03586071708002447,1.3905298152100871,1.5166389740316766,1,1.4445976661655509,0.0,1.4445976661655509,1.4445976661655509,1.4445976661655509,1.4445976661655509,1.4445976661655509,0.0,1.4445976661655509,1.4445976661655509
b348,[#6X4;r6:1]~[#7X3;r4:2],1.4016093015670776,150,1.4891933507445363,0.026375641853067507,1.4256005352294312,1.4731061362917681,1.486383779042093,1.5039774539607929,1.573212304982696,0.030871317669024734,1.426799159788231,1.55028443046433,,,,,,,,,,,,,,,,,,,,,,
b349,[#6X3;!r3;!r4;!r5;!r6;!r7;!r8:1]~[#6X3;r8:2],1.29538094997406,150,1.3812049242245847,0.02685162942212667,1.3084809960578292,1.368256202776528,1.3807190243503555,1.398739585126701,1.4569583069063157,0.030483382350173116,1.3225311292512683,1.4444646586519607,,,,,,,,,,,,,,,,,,,,,,
b350,[#15X4;r5:1]~[#6X3;r6:2],1.8389452695846558,150,1.8236934412682255,0.04470877094308305,1.7026215029951088,1.7934216602274011,1.8272801461355455,1.8525336501730498,1.9421858728651396,0.0591119899456487,1.704753675308928,1.9412016350915229,,,,,,,,,,,,2,1.814771521032859,0.002184079661863958,1.812587441370995,1.813679481201927,1.814771521032859,1.815863560863791,1.816955600694723,0.002184079661863958,1.812587441370995,1.816955600694723
b351,[#15X3;!r3;!r4;!r5;!r6;!r7;!r8:1]~[#7X3;r6:2],1.6633107662200928,148,1.7566295301074788,0.029443036812458714,1.669039564150327,1.74359826626224,1.7582175813693262,1.7736459073808737,1.8380639572676871,0.030047641118633672,1.6985268045842896,1.8187173690588243,,,,,,,,,,,,,,,,,,,,,,
b352,[#6X4;r4:1]~[#7X2;!r3;!r4;!r5;!r6;!r7;!r8:2],1.4492822885513306,150,1.4679388661819601,0.03173839558997239,1.3587330660334986,1.451944730704305,1.4682619764527187,1.486959221330532,1.5949685463058265,0.03501449062622708,1.3994229947649643,1.5394809572698727,,,,,,,,,,,,8,1.4543748591144405,0.00591708600157195,1.4472945759470102,1.4488960022668846,1.4547009853149402,1.460030445964495,1.4607639795698257,0.011134443697610408,1.4472945759470102,1.4607639795698257
b353,[#17X1;!r3;!r4;!r5;!r6;!r7;!r8:1]~[#6X3;r4:2],1.6823699474334717,150,1.7481364385955294,0.03794162263298542,1.6258453884718627,1.7286079132726462,1.7510545099389536,1.7703888196206248,1.855749536634289,0.0417809063479786,1.6659365537506783,1.8330601791425927,,,,,,,,,,,,,,,,,,,,,,
b354,[#15X3;r6:1]~[#6X3;r6:2],1.710738182067871,150,1.8403157257384892,0.04323468052771163,1.7121300922283107,1.8144095526494977,1.837698187331501,1.8619669055388133,1.9684735001192712,0.04755735288931562,1.7430735233155241,1.9333029348727866,,,,,,,,,,,,,,,,,,,,,,
b355,[#35X1;!r3;!r4;!r5;!r6;!r7;!r8:1]~[#6X2;!r3;!r4;!r5;!r6;!r7;!r8:2],1.7342934608459473,150,1.9112083893265455,0.03227170832950449,1.7988346036065164,1.8941865391801316,1.9097798101931531,1.9244539670473357,2.0412168166337428,0.030267427867204155,1.8487853973793253,1.969855108848142,50,1.9094600048786492,0.042290457169569126,1.793278311775571,1.8883973268174625,1.9104163495807622,1.934049253562317,2.0178263170463056,0.04565192674485452,1.8199194367001807,2.0025271436795986,,,,,,,,,,,
b356,[#15X4;r6:1]~[#7X3;r6:2],1.6329820156097412,150,1.746558468555292,0.03242948120231896,1.6381841682624076,1.7263985558143338,1.7477674521441786,1.7632900869325692,1.8600431713429613,0.0368915311182354,1.6710612591369807,1.8186273836099223,,,,,,,,,,,,,,,,,,,,,,
b357,[#6X3;r4:1]~[#6X3;r5:2],1.281319260597229,150,1.4397870748041843,0.049442900382894985,1.3309354394462543,1.3960365884732573,1.4513173032738567,1.4745899028608629,1.5349244416364853,0.0785533143876056,1.3309354394462543,1.5349244416364853,,,,,,,,,,,,2,1.463787337368589,0.007158087043272698,1.4566292503253164,1.4602082938469527,1.463787337368589,1.4673663808902255,1.4709454244118618,0.007158087043272809,1.4566292503253164,1.4709454244118618
b358,[#15X5;!r3;!r4;!r5;!r6;!r7;!r8:1]~[#53X1;!r3;!r4;!r5;!r6;!r7;!r8:2],2.6,146,2.581687525722715,0.06263521695192122,2.401489250774698,2.543027146840882,2.58378208898609,2.619167908476539,2.7986064652785023,0.07614076163565686,2.4288160043873965,2.733379050930024,,,,,,,,,,,,,,,,,,,,,,
b359,[#15X5;!r3;!r4;!r5;!r6;!r7;!r8:1]~[#7X3;!r3;!r4;!r5;!r6;!r7;!r8:2],1.704745650872,150,1.74648713264831,0.02758786069141002,1.6723974730318192,1.7289211708783039,1.746279567716845,1.7617537811044426,1.8224476523919728,0.0328326102261387,1.6796722555390957,1.8110026964436505,150,1.7437735124096256,0.0340219987016354,1.6359513306741282,1.7240596423962826,1.747044520464646,1.7652013028935227,1.8507887127293163,0.04114166049724011,1.6623471516504225,1.8269137936393829,,,,,,,,,,,
b360,[#16X2;!r3;!r4;!r5;!r6;!r7;!r8:1]~[#6X4;r7:2],1.8294529914855957,150,1.8521544587978611,0.03215364202965833,1.7599591835077415,1.8322575179542597,1.8519557512776186,1.869745973706867,1.9794068248914636,0.037488455752607175,1.7760248343253489,1.9259786573357776,,,,,,,,,,,,,,,,,,,,,,
b361,[#7X3;!r3;!r4;!r5;!r6;!r7;!r8:1]~[#7X3;r4:2],1.3603553771972656,150,1.44063155678692,0.027522689846633957,1.3742074550866887,1.4257673803972915,1.4406042368086365,1.459709824916338,1.5126093915171113,0.0339424445190466,1.3748537136187216,1.510623491694908,,,,,,,,,,,,1,1.3879440549503903,0.0,1.3879440549503903,1.3879440549503903,1.3879440549503903,1.3879440549503903,1.3879440549503903,0.0,1.3879440549503903,1.3879440549503903
b362,[#16X1;!r3;!r4;!r5;!r6;!r7;!r8:1]~[#6X3;r4:2],1.5769692659378052,150,1.6669514658916595,0.03101373170335373,1.5691671505515397,1.6512741972377944,1.6665959099810275,1.6831253150786802,1.7706629222722954,0.03185111784088579,1.6034975204764659,1.730901991840009,50,1.673957983579795,0.03274711651984779,1.6081391908553224,1.6544500364999595,1.6713429364962964,1.6912995435483558,1.7535767585009097,0.03684950704839629,1.6081391908553224,1.7465738041209502,,,,,,,,,,,
b363,[#16X3;r5:1]~[#6X3;r6:2],1.7986109256744385,150,1.8201425186980003,0.041372407229146056,1.6680757242660327,1.7959606391459875,1.8205175124992152,1.844412337669586,1.944398020099216,0.04845169852359854,1.7232830913605897,1.9170898854549838,,,,,,,,,,,,1,1.8119962756484684,0.0,1.8119962756484684,1.8119962756484684,1.8119962756484684,1.8119962756484684,1.8119962756484684,0.0,1.8119962756484684,1.8119962756484684
b364,[#6X3;r7:1]~[#7X3;r5:2],1.3467978239059448,150,1.4100507108818272,0.026641812865997795,1.3144619819523975,1.3970134624601975,1.4099031952604204,1.4258043832627953,1.4843801645688315,0.02879092080259782,1.3538270812563007,1.468990764466692,50,1.4017234526452582,0.03159535582011394,1.317446240127329,1.3856784124769417,1.3997060792773683,1.4190554785463942,1.4983464154691615,0.033377066069452566,1.3356128133727627,1.469121077650573,,,,,,,,,,,
b365,[#6X4;r5:1]~[#7X4;!r3;!r4;!r5;!r6;!r7;!r8:2],1.517721176147461,150,1.4700335193099463,0.030174517639527297,1.3801879931359218,1.4515822349142722,1.4687404534550197,1.4846266335714706,1.5556158157093931,0.03304439865719844,1.4020156369284744,1.5341932315572682,,,,,,,,,,,,,,,,,,,,,,
b366,[#6X4;r7:1]~[#7X3;r5:2],1.4491006135940552,150,1.4775736713069012,0.025898057118115603,1.415992774274598,1.4600472363986192,1.4784391080180277,1.494911701279913,1.5533840589229964,0.03486446488129369,1.415992774274598,1.5472083986018534,,,,,,,,,,,,,,,,,,,,,,
b367,[#6X3;r5:1]~[#7X3;r4:2],1.4003819227218628,150,1.3902132189839442,0.027602228734161977,1.2976191358891425,1.3735620687017995,1.3909915162194308,1.4065006929558928,1.4619912569981313,0.03293862425409322,1.3241541323206598,1.4559086293370327,100,1.386653994312009,0.026837553783049726,1.304324127674944,1.3738051030709686,1.3858856762209277,1.402014476666789,1.4703621655581884,0.02820937359582043,1.331491042677238,1.4443285370605197,,,,,,,,,,,
b368,[#16X4;!r3;!r4;!r5;!r6;!r7;!r8:1]~[#7X3;r3:2],1.686922311782837,100,1.7452077888450088,0.03342738152079234,1.6516487341138248,1.7279600230024044,1.741961173202744,1.759836871824683,1.8382980414237924,0.0318768488222787,1.6801447497689863,1.8076521450581011,,,,,,,,,,,,,,,,,,,,,,
b369,[#6X4;!r3;!r4;!r5;!r6;!r7;!r8:1]~[#7X4;r3:2],1.519782304763794,100,1.484434855797919,0.027627887960970557,1.4135520110819633,1.470502143313078,1.4833265360517398,1.4986817973994733,1.5912324888688238,0.028179654086395223,1.4282326621834853,1.5409512785290662,,,,,,,,,,,,,,,,,,,,,,
b370,[#15X3;!r3;!r4;!r5;!r6;!r7;!r8:1]~[#8X1;!r3;!r4;!r5;!r6;!r7;!r8:2],1.4464210271835327,100,1.485204135235405,0.02517273549502124,1.4092843448055776,1.472459764985627,1.48634896399227,1.497660732368702,1.5473555729434456,0.025200967383074868,1.4346583139110147,1.5354621834433142,300,1.4933296377085654,0.02543439127660899,1.4226483820200473,1.4797558450122996,1.4922037222479991,1.5057239060457726,1.5733825613627654,0.025968061033472933,1.4408037534620903,1.544675997595982,,,,,,,,,,,
b371,[#1X1;!r3;!r4;!r5;!r6;!r7;!r8:1]~[#7X4;r7:2],1.047399878501892,100,1.0227334497049017,0.021146889886727648,0.9551971086919405,1.0110569085028096,1.0222241874164575,1.0351683141457173,1.082224725109923,0.0241114056429077,0.974889800038448,1.0713354226100789,,,,,,,,,,,,,,,,,,,,,,
b372,[#6X4;r3:1]~[#7X3;r7:2],1.4101684093475342,100,1.4722782455968195,0.02751123920503374,1.3876452033666893,1.458080755989075,1.4711325136256286,1.4823541146535748,1.57044532251482,0.024273358664499867,1.4216707179923251,1.5187641526503246,,,,,,,,,,,,2,1.4439352086653385,0.0020798016108524164,1.4418554070544862,1.4428953078599125,1.4439352086653385,1.4449751094707648,1.446015010276191,0.0020798016108523054,1.4418554070544862,1.446015010276191
b373,[#16X3;!r3;!r4;!r5;!r6;!r7;!r8:1]~[#7X3;r3:2],1.7536885738372803,100,1.7379055650605253,0.03610033541122945,1.6111998112104153,1.7225975868047008,1.7425405383911743,1.7593451680638488,1.8209470299921222,0.03674758125914801,1.6674762149159787,1.8144665399525708,,,,,,,,,,,,,,,,,,,,,,
b374,[#6X3;r6:1]~[#6X3;r8:2],1.457506537437439,100,1.4839891557197518,0.03822866292588648,1.3785260162475612,1.4649191217788413,1.4837547117043797,1.5039076386554353,1.6114238110143082,0.03898851687659399,1.4064363464639502,1.5623904139703262,,,,,,,,,,,,,,,,,,,,,,
b375,[#15X4;r5:1]~[#7X3;!r3;!r4;!r5;!r6;!r7;!r8:2],1.6581052541732788,100,1.7552425629675128,0.0286375954378251,1.6530859021603592,1.734950319821015,1.7550543221027126,1.7725684865284195,1.837527087543283,0.03761816670740448,1.6785230697599083,1.8289957365895262,50,1.7233053567290337,0.028185194219815107,1.6771603439824148,1.7045425601529585,1.7222857428145644,1.737044764859222,1.8001773404649921,0.03250220470626353,1.6771603439824148,1.7857980719186173,3,1.657029939935268,0.005866710903489256,1.650072467275087,1.6533333654784124,1.6565942636817377,1.6605086762653583,1.6644230888489788,0.007175310786945888,1.650072467275087,1.6644230888489788
b376,[#15X3;r6:1]~[#8X2;!r3;!r4;!r5;!r6;!r7;!r8:2],1.7428706884384155,100,1.648471253118004,0.0354693891857685,1.4907304536136814,1.6360237762377987,1.6490250506908752,1.6627673558717735,1.7402574720349921,0.02674357963397478,1.5959084067868365,1.7028827253227357,,,,,,,,,,,,1,1.6175709651244667,0.0,1.6175709651244667,1.6175709651244667,1.6175709651244667,1.6175709651244667,1.6175709651244667,0.0,1.6175709651244667,1.6175709651244667
b377,[#15X4;r6:1]~[#17X1;!r3;!r4;!r5;!r6;!r7;!r8:2],2.0767126083374023,100,2.040764775546215,0.050577064063345695,1.8725303759032188,2.0130960235783246,2.0406537415803534,2.0640641036744394,2.2395663025875905,0.050968080096114754,1.9366439034341525,2.1405162238186115,50,2.0444244137541183,0.05226611653267622,1.9149856547689101,2.0161007090151037,2.0466846171371764,2.066512302031428,2.242375827409427,0.050411593016324474,1.940483319490617,2.142129691555915,4,2.044994931717807,4.346778977239489e-05,2.04494379701276,2.0449681225557237,2.0449866282149882,2.0450134373770714,2.045062673428492,4.531482134773057e-05,2.04494379701276,2.045062673428492
b378,[#16X2;!r3;!r4;!r5;!r6;!r7;!r8:1]~[#35X1;!r3;!r4;!r5;!r6;!r7;!r8:2],2.188859701156616,100,2.2431324113033084,0.04015501126711327,2.1025772560426725,2.220904334749199,2.2381052615155923,2.263526743908861,2.343734234217725,0.04262240915966187,2.1569707210097064,2.327460357648354,100,2.2383681174034074,0.04392933196034191,2.1004663513340622,2.219202550036984,2.2358709296226733,2.2651642439301787,2.3507927925745897,0.0459616938931946,2.150260009197192,2.3341067847699706,,,,,,,,,,,
b379,[#16X2;!r3;!r4;!r5;!r6;!r7;!r8:1]~[#6X4;r8:2],1.829358458518982,100,1.8562786518517358,0.03961190653582233,1.7397131147058937,1.8349829601602266,1.8565646117065802,1.8731032942866053,1.9827163877993512,0.03812033412637872,1.7778024589706585,1.9302837954761733,,,,,,,,,,,,,,,,,,,,,,
b380,[#53X1;!r3;!r4;!r5;!r6;!r7;!r8:1]~[#6X4;r5:2],2.1687138080596924,100,2.179516597674162,0.038404011050285285,2.0913494404423894,2.153454556499353,2.182497762951833,2.204155098068677,2.283198613977191,0.05070054156932402,2.0913494404423894,2.280205910422663,,,,,,,,,,,,1,2.1646709941314013,0.0,2.1646709941314013,2.1646709941314013,2.1646709941314013,2.1646709941314013,2.1646709941314013,0.0,2.1646709941314013,2.1646709941314013
b381,[#6X3;r3:1]~[#6X3;r6:2],1.4788342714309692,94,1.4696072843262984,0.03239402313341126,1.3844699156553357,1.4471778394343053,1.4696592171882452,1.4915721625725291,1.5482653401965816,0.04439432313822378,1.3844699156553357,1.5482653401965816,,,,,,,,,,,,1,1.3265999928989578,0.0,1.3265999928989578,1.3265999928989578,1.3265999928989578,1.3265999928989578,1.3265999928989578,0.0,1.3265999928989578,1.3265999928989578
b382,[#15X3;!r3;!r4;!r5;!r6;!r7;!r8:1]~[#6X2;!r3;!r4;!r5;!r6;!r7;!r8:2],1.6376721858978271,100,1.829410477542161,0.04414554211129667,1.715867776419467,1.8029347502683424,1.8301709999591496,1.8577112670452798,1.9920803876403117,0.0547765167769374,1.7207699751029364,1.939876042210686,150,1.8305765203519224,0.04569716715524657,1.6714414022607216,1.8067528710757002,1.8287802751269435,1.8539465243853175,1.9911042947190136,0.047193653309617334,1.7359623911112743,1.9247370043497436,,,,,,,,,,,
b383,[#17X1;!r3;!r4;!r5;!r6;!r7;!r8:1]~[#7X3;r6:2],1.6938542127609253,100,1.8184030284080834,0.04588149130525396,1.7062075192896464,1.7855018973812042,1.819846244613109,1.8416867081534005,1.9655539076804707,0.05618481077219628,1.7062075192896464,1.925963924311695,,,,,,,,,,,,,,,,,,,,,,
b384,[#6X3;r4:1]~[#7X3;r3:2],1.3852561712265015,100,1.4057690524442967,0.026168104663275578,1.2974807487254187,1.392832631005581,1.4057810364032406,1.4211021472667924,1.4610041377118106,0.028269516261211436,1.3504283566137638,1.4610041377118106,,,,,,,,,,,,,,,,,,,,,,
b385,[#6X4;r5:1]~[#8X1;!r3;!r4;!r5;!r6;!r7;!r8:2],1.2583483457565308,100,1.440587073272734,0.030827229657061868,1.335419868377274,1.4209210166781738,1.4384547696102543,1.4569721548322412,1.5301147411646576,0.03605113815406735,1.3668443094470728,1.5110488620633422,,,,,,,,,,,,,,,,,,,,,,
b386,[#6X4;r7:1]~[#7X3;r4:2],1.39441978931427,100,1.4887519448503677,0.022988425830786547,1.4277479000230724,1.4761098654846676,1.489116435244064,1.4997431861439006,1.5730001086912644,0.02363332065923296,1.440659884495818,1.53519316713275,,,,,,,,,,,,,,,,,,,,,,
b387,[#35X1;!r3;!r4;!r5;!r6;!r7;!r8:1]~[#7X3;r5:2],1.8326284885406494,100,1.9776616166635075,0.05625471926125772,1.8177442609521293,1.9453776586961757,1.967699884437232,2.004082404910716,2.123685217585287,0.05870474621454025,1.8573205393743653,2.0921395242325262,50,1.9609621906801866,0.05248820574389312,1.8242065866952468,1.926921205997432,1.9684124475000009,1.989694892283004,2.0783989906374236,0.0627736862855719,1.8327606765690743,2.0783989906374236,1,1.8614742968874278,0.0,1.8614742968874278,1.8614742968874278,1.8614742968874278,1.8614742968874278,1.8614742968874278,0.0,1.8614742968874278,1.8614742968874278
b388,[#16X3;r4:1]~[#8X1;!r3;!r4;!r5;!r6;!r7;!r8:2],1.4814397096633911,100,1.4768597088836137,0.02002852950106262,1.4262297788443705,1.4658194219088905,1.4759920102925415,1.486425766168036,1.5400877379994387,0.020606344259145537,1.4349099055201722,1.5173352825567543,,,,,,,,,,,,1,1.5113281113168047,0.0,1.5113281113168047,1.5113281113168047,1.5113281113168047,1.5113281113168047,1.5113281113168047,0.0,1.5113281113168047,1.5113281113168047
b389,[#15X5;!r3;!r4;!r5;!r6;!r7;!r8:1]~[#6X4;!r3;!r4;!r5;!r6;!r7;!r8:2],2.086383104324341,100,1.852020110564523,0.04194290309777498,1.7226848272665503,1.827739924475909,1.8531107251976362,1.8779028708862355,1.943385850618713,0.05016294641032659,1.752495504860419,1.943385850618713,50,1.8421060039622288,0.04208196566985666,1.7127976679897128,1.819177869056528,1.839812479985145,1.861498327160482,1.9495604944999554,0.04232045810395402,1.7556971819005969,1.924979014316413,,,,,,,,,,,
b390,[#16X3;!r3;!r4;!r5;!r6;!r7;!r8:1]~[#6X4;r3:2],1.7842063903808594,100,1.8328819117387563,0.03364918132633325,1.7251057621229278,1.815286245840973,1.8332875675079754,1.852890347180391,1.9123099844791243,0.03760410133941794,1.7588800938318463,1.909296499189518,,,,,,,,,,,,,,,,,,,,,,
b391,[#7X3;r5:1]~[#7X3;r5:2],1.306366205215454,100,1.4323418561109593,0.026331127671853454,1.3292665979026725,1.4199283618538274,1.4352648388088296,1.4456451993328705,1.5205847244714399,0.025716837479043075,1.3813531056352628,1.4842204555514351,100,1.4345211095268209,0.025682886011543695,1.3724665163043248,1.4174987882587646,1.4354644304595474,1.4526327776598174,1.5050918610607837,0.03513398940105272,1.3724665163043248,1.5050918610607837,3,1.3764273728347807,0.0026210346990534175,1.3728642607198709,1.3750941842549533,1.3773241077900358,1.378208928892236,1.3790937499944362,0.0031147446372825627,1.3728642607198709,1.3790937499944362
b392,[#6X3;r8:1]~[#7X2;!r3;!r4;!r5;!r6;!r7;!r8:2],1.2613598108291626,100,1.2986153857752143,0.025580191763101962,1.2299949135140855,1.28411887202709,1.2982697694064231,1.3099444037202537,1.3894012596900298,0.025825531693163706,1.2453805744873443,1.3486827012599991,,,,,,,,,,,,,,,,,,,,,,
b393,[#16X1;!r3;!r4;!r5;!r6;!r7;!r8:1]~[#6X3;r8:2],1.6300272941589355,100,1.6602600696663348,0.02937926063663957,1.5485463491176514,1.6470347790251012,1.6599011212667294,1.6807516162002296,1.7380874210168482,0.03371683717512841,1.5964595232624086,1.7313268719629222,,,,,,,,,,,,,,,,,,,,,,
b394,[#15X4;r6:1]~[#16X2;!r3;!r4;!r5;!r6;!r7;!r8:2],2.1768112182617188,100,2.106962227625633,0.044671945319215284,1.9822778215032755,2.076200908923891,2.111237117444206,2.13486311971033,2.2302708872877113,0.05866221078643896,1.9882075927442324,2.2228564358899883,50,2.0718964321280167,0.04496185140191906,1.9598007739243708,2.039911325885961,2.069950214648715,2.0972821099474843,2.204953569714854,0.057370784061523405,1.9598007739243708,2.1833382860397696,1,2.094954866537716,0.0,2.094954866537716,2.094954866537716,2.094954866537716,2.094954866537716,2.094954866537716,0.0,2.094954866537716,2.094954866537716
b395,[#35X1;!r3;!r4;!r5;!r6;!r7;!r8:1]~[#6X3;r7:2],1.882300853729248,100,1.919163017673843,0.04234860142509456,1.7908682544116135,1.8974454276107162,1.922139233131521,1.9426101812228715,2.027506502314164,0.04516475361215533,1.8296982971924831,2.0103573116411044,,,,,,,,,,,,,,,,,,,,,,
b396,[#6X2;!r3;!r4;!r5;!r6;!r7;!r8:1]~[#6X3;r8:2],1.4214270114898682,100,1.433739465006824,0.01759680601335984,1.371036148679609,1.4233404067096687,1.431923239989544,1.4420673544468232,1.4835937137861956,0.018726947737154553,1.3952499851039368,1.470157776052555,,,,,,,,,,,,,,,,,,,,,,
b397,[#15X4;r7:1]~[#16X1;!r3;!r4;!r5;!r6;!r7;!r8:2],1.9021562337875366,100,1.961349092864649,0.03276031335732406,1.8449084969198875,1.9402045466654254,1.9616382346097128,1.9773755420837091,2.0619293805257155,0.037170995418283725,1.8844480535379997,2.0331320352111346,,,,,,,,,,,,,,,,,,,,,,
b398,[#15X4;r7:1]~[#6X3;r6:2],1.8150359392166138,100,1.8242597343924378,0.045621894469364044,1.620475733792423,1.8009172231618273,1.8244612379644647,1.8568749255012458,1.9310931935262574,0.055957702339418436,1.7169806696526997,1.9310931935262574,,,,,,,,,,,,,,,,,,,,,,
b399,[#15X3;!r3;!r4;!r5;!r6;!r7;!r8:1]~[#7X3;r3:2],1.6976290941238403,100,1.756142869043858,0.03460109995184519,1.6709190175688027,1.7344288375730206,1.7545678851869673,1.7785759082774142,1.8545273832194704,0.04414707070439361,1.6709190175688027,1.8447965143340046,,,,,,,,,,,,,,,,,,,,,,
b400,[#16X4;!r3;!r4;!r5;!r6;!r7;!r8:1]~[#6X4;r7:2],1.8897075653076172,100,1.819167601339479,0.037881034941803796,1.7445675707989476,1.796271425420056,1.8155764404195174,1.8356957127037494,1.9433457960590643,0.039424287283693404,1.7445675707989476,1.8948321436292894,,,,,,,,,,,,,,,,,,,,,,
b401,[#7X3;r7:1]~[#8X2;!r3;!r4;!r5;!r6;!r7;!r8:2],1.411462664604187,100,1.4204325866085217,0.03100195892144147,1.2846204352694643,1.404339960906458,1.4226870383967394,1.4368058057469004,1.4884477972219257,0.03246584484044246,1.3556411936457944,1.4855045730075642,50,1.4299877164660528,0.031366958086046455,1.3552983499064668,1.4082665807287573,1.4294301570208052,1.444032166156385,1.5159183349093082,0.035765585427627755,1.3552983499064668,1.4976805442978267,,,,,,,,,,,
b402,[#15X4;r4:1]~[#16X1;!r3;!r4;!r5;!r6;!r7;!r8:2],1.9505236148834229,100,1.9537513225303602,0.032334502554558754,1.8461461074045484,1.935211329205971,1.9530376547615518,1.9750286577386043,2.0232917360753677,0.03981732853263331,1.875485336407021,2.0232917360753677,,,,,,,,,,,,,,,,,,,,,,
b403,[#15X4;r4:1]~[#6X3;r6:2],1.8636999130249023,100,1.8206572334900972,0.046143256301637924,1.6383671564311835,1.798931500333764,1.8227476572057077,1.844237353875005,1.9307601353644996,0.04530585354124095,1.7309727200219025,1.9121961341868663,,,,,,,,,,,,,,,,,,,,,,
b404,[#15X3;!r3;!r4;!r5;!r6;!r7;!r8:1]~[#6X3;r5:2],1.7055532932281494,100,1.8516328698831865,0.04586549741527766,1.7297850607933436,1.8240444175493211,1.8501473079031123,1.875421408551774,1.9686166920518517,0.051376991002452854,1.7469789310456418,1.9524868950554533,,,,,,,,,,,,1,1.8275523794494088,0.0,1.8275523794494088,1.8275523794494088,1.8275523794494088,1.8275523794494088,1.8275523794494088,0.0,1.8275523794494088,1.8275523794494088
b405,[#6X4;r7:1]~[#7X2;!r3;!r4;!r5;!r6;!r7;!r8:2],1.5208312273025513,100,1.477694162874613,0.028877766664887436,1.3856601430520858,1.4623932509616404,1.47697206399837,1.4956153225089839,1.5433621132988995,0.03322207154734347,1.4125601436406252,1.5433621132988995,,,,,,,,,,,,,,,,,,,,,,
b406,[#6X4;r3:1]~[#7X4;!r3;!r4;!r5;!r6;!r7;!r8:2],1.5337562561035156,50,1.4748539080678893,0.026833951042573193,1.4044682931220058,1.4595507317363574,1.4764011740604335,1.4944699220576574,1.528985317567176,0.034919190321299975,1.4071719462544074,1.528985317567176,,,,,,,,,,,,8,1.4778908923428935,0.02650096503890698,1.454976720753466,1.4584347050070574,1.4643357200401814,1.4908097794124608,1.5219257499571193,0.03237507440540344,1.454976720753466,1.5219257499571193
b407,[#6X3;r6:1]~[#7X4;r6:2],1.5410635471343994,50,1.470328228386462,0.023592513265405672,1.3904371199527046,1.454568627849578,1.473298437958512,1.4836559891641556,1.5232818514793762,0.029087361314577675,1.4109375858777113,1.5232818514793762,,,,,,,,,,,,,,,,,,,,,,
b408,[#7X3;r6:1]~[#7X3;r7:2],1.357358694076538,50,1.4466634582499096,0.024011824763925556,1.389416869617482,1.4307817426732565,1.4453200042234942,1.4654670968822705,1.4912298675744138,0.034685354209013974,1.389416869617482,1.4912298675744138,,,,,,,,,,,,1,1.4012115957883822,0.0,1.4012115957883822,1.4012115957883822,1.4012115957883822,1.4012115957883822,1.4012115957883822,0.0,1.4012115957883822,1.4012115957883822
b409,[#6X3;r4:1]~[#7X3;r5:2],1.345965027809143,50,1.4040591008620589,0.033591016608540684,1.3107512832268202,1.3872103174485555,1.4022577452238463,1.421154054766513,1.4914202635925764,0.03394373731795741,1.3362947114716195,1.4720696607434491,,,,,,,,,,,,1,1.3627266876704898,0.0,1.3627266876704898,1.3627266876704898,1.3627266876704898,1.3627266876704898,1.3627266876704898,0.0,1.3627266876704898,1.3627266876704898
b410,[#6X3;r7:1]~[#7X3;r4:2],1.3551504611968994,50,1.4120431196489733,0.025728498245963058,1.3568433915795866,1.3963176686754257,1.4108946683603916,1.4257193334304463,1.482747675670417,0.029401664755020596,1.3568433915795866,1.469821830562977,,,,,,,,,,,,,,,,,,,,,,
b411,[#6X4;r5:1]~[#7X3;r4:2],1.444063663482666,50,1.4772629342546781,0.026394423118818018,1.400025279013569,1.460511820551403,1.4767482740391695,1.4915689716107814,1.5564145114358832,0.03105715105937845,1.4139260939623353,1.538154698199849,,,,,,,,,,,,,,,,,,,,,,
b412,[#53X1;!r3;!r4;!r5;!r6;!r7;!r8:1]~[#6X3;r7:2],2.040613889694214,50,2.2736579372410652,0.04727840481894478,2.132990900457255,2.2513019455747667,2.269465417038284,2.2951424937127687,2.3797195081843476,0.04384054813800198,2.1855411233677637,2.3609033159197717,,,,,,,,,,,,,,,,,,,,,,
b413,[#7X3;r8:1]~[#8X1;!r3;!r4;!r5;!r6;!r7;!r8:2],1.2461163997650146,50,1.2448991659982809,0.022289756322711907,1.1985527454477793,1.230278305005158,1.2432457243806145,1.258460362808839,1.2869731566470517,0.028182057803681104,1.1985527454477793,1.2869731566470517,,,,,,,,,,,,,,,,,,,,,,
b414,[#7X3;!r3;!r4;!r5;!r6;!r7;!r8:1]~[#7X3;r7:2],1.3324170112609863,50,1.434877169334772,0.025169566606061355,1.351399357653591,1.4226691978374328,1.4338806675358882,1.4477928497154042,1.4911004646562196,0.025123651877971387,1.3849837200204758,1.4854783275323613,,,,,,,,,,,,1,1.4102280467967412,0.0,1.4102280467967412,1.4102280467967412,1.4102280467967412,1.4102280467967412,1.4102280467967412,0.0,1.4102280467967412,1.4102280467967412
b415,[#7X4;r7:1]~[#8X1;!r3;!r4;!r5;!r6;!r7;!r8:2],1.3608336448669434,50,1.2436978628039899,0.02339662914560867,1.201876269920811,1.2289429119425737,1.240098040370432,1.2567382794050146,1.3081589548810966,0.027795367462440934,1.201876269920811,1.2984313305986759,,,,,,,,,,,,,,,,,,,,,,
b416,[#15X5;r5:1]~[#8X2;!r3;!r4;!r5;!r6;!r7;!r8:2],1.6032683849334717,50,1.658028199148751,0.02791542349609457,1.5987989870968455,1.6419459100976481,1.655498947591013,1.6708392668966445,1.733331380204362,0.028893356798996406,1.5987989870968455,1.7141793020951392,150,1.6476358755710188,0.03147901440865224,1.5590926473373357,1.6309749602572157,1.6478389397880135,1.6645973155069442,1.7599972675024123,0.033622355249728564,1.5805414273826228,1.715030848381537,,,,,,,,,,,
b417,[#15X3;r5:1]~[#7X3;r6:2],1.7462174892425537,50,1.7456806251468606,0.03354646550574871,1.6716284093206273,1.7230059243095996,1.7460465415507076,1.7655699333331136,1.825704651307382,0.04256400902351398,1.6716284093206273,1.825704651307382,,,,,,,,,,,,,,,,,,,,,,
b418,[#15X4;!r3;!r4;!r5;!r6;!r7;!r8:1]~[#6X2;!r3;!r4;!r5;!r6;!r7;!r8:2],1.8935723304748535,50,1.859386316371202,0.04005705701797366,1.7319001515713828,1.8336362010168332,1.8578235611116265,1.8820303038400468,1.9924763094870201,0.04839410282321355,1.761045046782013,1.954621458074867,,,,,,,,,,,,1,1.8102791113929475,0.0,1.8102791113929475,1.8102791113929475,1.8102791113929475,1.8102791113929475,1.8102791113929475,0.0,1.8102791113929475,1.8102791113929475
b419,[#15X3;r6:1]~[#1X1;!r3;!r4;!r5;!r6;!r7;!r8:2],1.3278969526290894,50,1.406875333597853,0.03319406492936266,1.3133338613897259,1.3894391536041324,1.4087732906996977,1.425653721497751,1.4909865155665767,0.03621456789361854,1.3351173017637046,1.4799755733381788,,,,,,,,,,,,,,,,,,,,,,
b420,[#17X1;!r3;!r4;!r5;!r6;!r7;!r8:1]~[#7X2;!r3;!r4;!r5;!r6;!r7;!r8:2],1.7616328001022339,50,1.8006987165069288,0.04854951131723822,1.6818459439750673,1.773498215598866,1.7993712998149527,1.8229129100845805,1.9237519338166718,0.04941469448571456,1.6993761738702942,1.8970349518131524,100,1.8226059240640282,0.04742696637618281,1.6728413682363457,1.7943044356404587,1.8205914558784193,1.8471408429124443,1.9809405842003622,0.052836407271985575,1.7150498247324804,1.9263954538204227,14,1.7208553509360272,0.0012824191064308224,1.7180609408095138,1.7201692438451515,1.7208803819849434,1.7212929969741237,1.723376569721686,0.0011237531289722824,1.718483614151693,1.7229786266675822
b421,[#7X3;r3:1]~[#7X3;r6:2],1.4566525220870972,50,1.429513691359429,0.024868886434907773,1.3780337203339437,1.42032840886645,1.4301824773854501,1.4462757349738462,1.5052131322343487,0.02594732610739614,1.3814074197053559,1.4851967241349404,,,,,,,,,,,,,,,,,,,,,,
b422,[#16X4;r6:1]~[#6X3;r6:2],1.8251123428344727,50,1.8248805204495713,0.029106909989136193,1.752657946082994,1.8036996957644071,1.8238010108245803,1.8434877002080392,1.8939856091330018,0.03978800444363206,1.752657946082994,1.8939856091330018,,,,,,,,,,,,,,,,,,,,,,
b423,[#15X3;r7:1]~[#1X1;!r3;!r4;!r5;!r6;!r7;!r8:2],1.4038825035095215,50,1.41564093886538,0.035852878765368947,1.313862740384778,1.4021124134870733,1.4177056167787576,1.4300667497385846,1.517319014334275,0.027954336251511336,1.3601809091098063,1.4719982541158516,,,,,,,,,,,,,,,,,,,,,,
b424,[#6X4;r6:1]~[#7X4;r6:2],1.5757203102111816,50,1.5269271373526283,0.029410641805730074,1.462823099002468,1.5059853444910134,1.5301041813324785,1.5431128047068172,1.5918451853733158,0.03712746021580382,1.462823099002468,1.5918451853733158,,,,,,,,,,,,,,,,,,,,,,
b425,[#53X1;!r3;!r4;!r5;!r6;!r7;!r8:1]~[#7X3;!r3;!r4;!r5;!r6;!r7;!r8:2],1.9949086904525757,50,2.163167365700446,0.05984092094003174,2.0025793270956624,2.132720659024522,2.1654862656841147,2.19273726114429,2.3414945872169075,0.06001660211976789,2.0426957558448704,2.282762164323942,150,2.103653134994397,0.06846637435201766,1.8711682991353733,2.0728977304411185,2.1072174243311315,2.1375310092947037,2.311695699180585,0.06463327885358527,1.9759478121607406,2.2344809275750817,,,,,,,,,,,
b426,[#15X3;!r3;!r4;!r5;!r6;!r7;!r8:1]~[#53X1;!r3;!r4;!r5;!r6;!r7;!r8:2],2.6,50,2.611840313071113,0.080205696868231,2.399395602052925,2.5733723409506077,2.6047857139617934,2.6365485439800653,2.86437179373306,0.06317620302945759,2.4786080364064214,2.7313128485242517,,,,,,,,,,,,,,,,,,,,,,
b427,[#16X4;!r3;!r4;!r5;!r6;!r7;!r8:1]~[#6X2;!r3;!r4;!r5;!r6;!r7;!r8:2],1.6990166902542114,50,1.8171193518680568,0.031103028725811308,1.7461241815854005,1.7947933126693267,1.8178613476961583,1.8290651744962778,1.8958285130704704,0.03427186182695108,1.7461241815854005,1.8804729672367044,,,,,,,,,,,,1,1.7801225108962913,0.0,1.7801225108962913,1.7801225108962913,1.7801225108962913,1.7801225108962913,1.7801225108962913,0.0,1.7801225108962913,1.7801225108962913
b428,[#6X3;r6:1]~[#6X4;r8:2],1.5078020095825195,50,1.5197111906533451,0.02311866388301894,1.4605469027066635,1.5086609560564685,1.5219462074470378,1.5364690848087275,1.5686116821272074,0.02780812875225891,1.4669487629280802,1.5686116821272074,,,,,,,,,,,,,,,,,,,,,,
b429,[#6X3;r3:1]~[#7X3;!r3;!r4;!r5;!r6;!r7;!r8:2],1.3244093656539917,50,1.401753111521108,0.030908609158313255,1.3444520328594332,1.381187794557953,1.3951710452020842,1.420346708839348,1.5029819326442653,0.03915891428139506,1.3444520328594332,1.4790850802614406,,,,,,,,,,,,8,1.3021921900181417,0.033347468916399226,1.2773835799024928,1.2786126505302682,1.279481198806455,1.323404087758559,1.372972391671077,0.04479143722829071,1.2773835799024928,1.372972391671077
b430,[#7X2;!r3;!r4;!r5;!r6;!r7;!r8:1]~[#9X1;!r3;!r4;!r5;!r6;!r7;!r8:2],1.4064500331878662,50,1.4239910523481651,0.037060417644391955,1.3460413422432356,1.4005407024919752,1.4245576435130376,1.4478707467678769,1.5267867926946426,0.047330044275901706,1.3460413422432356,1.5188658131817294,,,,,,,,,,,,,,,,,,,,,,
b431,[#7X3;r6:1]~[#9X1;!r3;!r4;!r5;!r6;!r7;!r8:2],1.3699462413787842,50,1.4281510053198785,0.03822862868859006,1.3416323205360055,1.4030298682149325,1.4257659311122506,1.4450912544962955,1.5631474086707735,0.04206138628136302,1.3416323205360055,1.50818333391834,,,,,,,,,,,,,,,,,,,,,,
b432,[#16X2;!r3;!r4;!r5;!r6;!r7;!r8:1]~[#7X3;r7:2],1.7081056833267212,50,1.691438784179557,0.03409093038132229,1.6136884921697021,1.6762482062345905,1.690657567487487,1.7094286406674293,1.7923678792409576,0.0331804344328388,1.6264775545853323,1.7591992923166875,,,,,,,,,,,,,,,,,,,,,,
b433,[#6X2;!r3;!r4;!r5;!r6;!r7;!r8:1]~[#6X3;r3:2],1.3031365871429443,50,1.3163200148051086,0.020925716579022827,1.2481777710354403,1.3046526151901667,1.3182849582926406,1.3262709100127665,1.3693687675048452,0.021618294822599804,1.272225172956267,1.3586983522466662,,,,,,,,,,,,7,1.400119469978552,0.023289370703130884,1.3856995154375098,1.3861559682901379,1.3862000823114224,1.4039970512372477,1.4486306530461601,0.017841082947109843,1.3856995154375098,1.4307586756579125
b434,[#15X3;r5:1]~[#6X3;r6:2],1.7592889070510864,50,1.8304664279485647,0.04786604743018063,1.7293770862796163,1.792130245697602,1.8366060125085149,1.8591995203959604,1.9356814541228453,0.06706927469835833,1.7293770862796163,1.9356814541228453,,,,,,,,,,,,,,,,,,,,,,
b435,[#15X5;r4:1]~[#7X3;!r3;!r4;!r5;!r6;!r7;!r8:2],1.638689637184143,50,1.7453618521429528,0.02947333720905421,1.6534301748819535,1.7287312406601398,1.7470872738560734,1.765442947633598,1.8158629548837255,0.03671170697345816,1.6736636801999527,1.8158629548837255,,,,,,,,,,,,,,,,,,,,,,
b436,[#15X5;r4:1]~[#6X4;!r3;!r4;!r5;!r6;!r7;!r8:2],1.8313676118850708,50,1.8001401044070686,0.04660027360046088,1.6218102375507797,1.778349442649324,1.799675725286181,1.817794373913121,1.9046029047452313,0.039444931263797,1.7191820457536284,1.8769617708088164,,,,,,,,,,,,,,,,,,,,,,
b437,[#15X3;r7:1]~[#8X2;!r3;!r4;!r5;!r6;!r7;!r8:2],1.662434697151184,50,1.6504505228145387,0.03532626977195251,1.570465005070894,1.630117141364165,1.652723284412141,1.6673454399628453,1.7424949386436088,0.037228298598680265,1.5742746934661447,1.7231878878608657,,,,,,,,,,,,,,,,,,,,,,
b438,[#15X3;!r3;!r4;!r5;!r6;!r7;!r8:1]~[#35X1;!r3;!r4;!r5;!r6;!r7;!r8:2],2.3927855491638184,50,2.243033649063965,0.06037297375612054,2.1175502564911133,2.2072324345520493,2.238012669574281,2.264581960717121,2.427338586041804,0.05734952616507183,2.1212081453044416,2.350606249964729,98,2.2428438238945665,0.06137689480842045,2.0398379065621195,2.21052314520227,2.240176887636498,2.265973548141439,2.4214463380786926,0.05545040293916914,2.127347540793516,2.3491491525501926,,,,,,,,,,,
b439,[#6X3;r3:1]~[#8X1;!r3;!r4;!r5;!r6;!r7;!r8:2],1.1843225955963135,50,1.224591159281439,0.021522794087842714,1.1701270985373127,1.2147972639928715,1.2263266111930569,1.2396810462675178,1.2795331487362904,0.024883782274646382,1.177471590580902,1.2770067196794874,,,,,,,,,,,,7,1.1982992021177525,0.01049477600642728,1.1877924660536554,1.1894774623036923,1.1922546862166081,1.2075940420069644,1.2139042539326912,0.018116579703272073,1.1877924660536554,1.2139042539326912
b440,[#35X1;!r3;!r4;!r5;!r6;!r7;!r8:1]~[#7X3;r6:2],1.842029094696045,50,1.9716807372316478,0.05580113402123961,1.844991029576253,1.9302165123131936,1.9668124218049492,2.003304857668615,2.1080281299936043,0.07308834535542164,1.844991029576253,2.1080281299936043,,,,,,,,,,,,,,,,,,,,,,
b441,[#53X1;!r3;!r4;!r5;!r6;!r7;!r8:1]~[#6X4;r3:2],2.1996827125549316,47,2.1762619530988956,0.04106126261712914,2.095117647833536,2.1506286382330577,2.1753502363502983,2.2004421562984735,2.2738428435271656,0.049813518065415785,2.095117647833536,2.2738428435271656,,,,,,,,,,,,,,,,,,,,,,
b442,[#15X2;!r3;!r4;!r5;!r6;!r7;!r8:1]~[#6X4;!r3;!r4;!r5;!r6;!r7;!r8:2],1.9370776414871216,50,1.8355410821026856,0.04496536425529891,1.6432811796265545,1.8177790086073238,1.8369455752436115,1.8635347694613316,1.912318865104962,0.04575576085400779,1.749145367326312,1.912318865104962,,,,,,,,,,,,,,,,,,,,,,
b443,[#15X2;!r3;!r4;!r5;!r6;!r7;!r8:1]~[#7X2;!r3;!r4;!r5;!r6;!r7;!r8:2],1.556886911392212,50,1.6032029989747796,0.022431205473496564,1.536115731234913,1.5907074649433717,1.6088941211856533,1.6172537376066702,1.655295787086425,0.026546272663298565,1.5508880559484237,1.655295787086425,,,,,,,,,,,,,,,,,,,,,,
b444,[#16X3;!r3;!r4;!r5;!r6;!r7;!r8:1]~[#1X1;!r3;!r4;!r5;!r6;!r7;!r8:2],1.4630916118621826,50,1.38231797083122,0.026815178121277615,1.312808421019857,1.369574670274722,1.380595758950622,1.4006797181289277,1.4527600348177125,0.031105047854205647,1.3229170984934135,1.4473372899102361,,,,,,,,,,,,4,1.3452875158107727,0.00021192182528087384,1.345075850655902,1.345094287236433,1.345243236676946,1.3454364652512856,1.345587739233296,0.0003421780148524789,1.345075850655902,1.345587739233296
b445,[#15X3;r5:1]~[#17X1;!r3;!r4;!r5;!r6;!r7;!r8:2],2.3163607120513916,49,2.039793746844823,0.04345569784558814,1.9327290741941148,2.012325873788524,2.0410706759903485,2.060836752161037,2.15109442447439,0.04851087837251322,1.939559556229754,2.1336030697198067,,,,,,,,,,,,,,,,,,,,,,
b446,[#35X1;!r3;!r4;!r5;!r6;!r7;!r8:1]~[#7X3;!r3;!r4;!r5;!r6;!r7;!r8:2],1.8095353841781616,50,1.971993025869107,0.06305148035094167,1.7684449966085451,1.9426933719664814,1.9646331529502365,1.9940258115490026,2.1562942783490437,0.051332439582521205,1.8656947125926995,2.0710244709227843,200,1.9683894016558503,0.05996335431862508,1.778488151470143,1.9380688568985782,1.969152771805388,1.9993318515648808,2.171525498012424,0.061262994666302584,1.8461743648991242,2.0912263435643346,7,1.8524824395950696,0.010685421335238525,1.8299160412780067,1.8505744031144464,1.8548118347933011,1.8575209581148984,1.8664584786354892,0.006946555000451937,1.8401545706137685,1.8664584786354892
b447,[#7X3;!r3;!r4;!r5;!r6;!r7;!r8:1]~[#7X3;r3:2],1.4371105432510376,50,1.4360460611763484,0.020006921048485487,1.388050972740159,1.4238661035848907,1.4357091556230062,1.448522548003792,1.4876240188383738,0.024656444418901247,1.388050972740159,1.4855072146321437,,,,,,,,,,,,1,1.3869962378996203,0.0,1.3869962378996203,1.3869962378996203,1.3869962378996203,1.3869962378996203,1.3869962378996203,0.0,1.3869962378996203,1.3869962378996203
b448,[#15X4;r6:1]~[#7X3;r3:2],1.705172061920166,50,1.7351757680103064,0.031550047965460175,1.6492007862973688,1.7227183285776464,1.74261519658445,1.7577672335926133,1.7831920277971476,0.035048905014966936,1.6701449710551959,1.7831920277971476,,,,,,,,,,,,1,1.6760438113599114,0.0,1.6760438113599114,1.6760438113599114,1.6760438113599114,1.6760438113599114,1.6760438113599114,0.0,1.6760438113599114,1.6760438113599114
b449,[#6X4;r5:1]~[#6X4;r8:2],1.501121997833252,50,1.5507578824621775,0.03785816408711752,1.456778560014202,1.5276325666601263,1.5496227509970226,1.5739368665769435,1.6591941992414938,0.04630429991681728,1.4581761167849003,1.6433933164521695,,,,,,,,,,,,,,,,,,,,,,
b450,[#35X1;!r3;!r4;!r5;!r6;!r7;!r8:1]~[#6X4;r8:2],1.9457043409347534,50,1.9849736033997363,0.04663594657882138,1.8579571340365866,1.9573623424196112,1.9878574351289875,2.0088842493332355,2.142418123570993,0.05152190691362435,1.8800794820491746,2.086167109703672,,,,,,,,,,,,,,,,,,,,,,
b451,[#6X4;r4:1]~[#6X4;r5:2],1.4603328704833984,50,1.555488135841579,0.02845813380606395,1.4998451491955227,1.5374362390446648,1.5526980656595357,1.5715661800544656,1.6294921585263156,0.034129941009800824,1.4998451491955227,1.6227610915691668,,,,,,,,,,,,,,,,,,,,,,
b452,[#17X1;!r3;!r4;!r5;!r6;!r7;!r8:1]~[#6X4;r7:2],1.8367609977722168,50,1.789879659580718,0.030412626954589156,1.6968681351341341,1.7655065025161445,1.7950465568756817,1.8110543304055682,1.842938194114083,0.04554782788942369,1.697184760682009,1.842938194114083,50,1.801631177579735,0.05323274141240131,1.6956240987708493,1.7729022141356263,1.7934263237432355,1.821902867313824,2.022448327081427,0.049000653178197684,1.6994012343683298,1.8954038470811205,,,,,,,,,,,
b453,[#15X4;r5:1]~[#16X2;!r3;!r4;!r5;!r6;!r7;!r8:2],2.169738531112671,50,2.1089644598431785,0.04233347358323459,2.0032080001126444,2.080018219409517,2.105805631679838,2.1390029455264457,2.202796985931072,0.05898472611692851,2.0032080001126444,2.202796985931072,,,,,,,,,,,,,,,,,,,,,,
b454,[#35X1;!r3;!r4;!r5;!r6;!r7;!r8:1]~[#6X4;r7:2],1.9843205213546753,50,1.9916786262947104,0.03804910000670081,1.901288928178889,1.9717056755483644,1.993239401022172,2.012520333686028,2.0857910387061454,0.040814658137663606,1.910483688341869,2.0737423208925234,,,,,,,,,,,,,,,,,,,,,,
b455,[#15X4;r6:1]~[#9X1;!r3;!r4;!r5;!r6;!r7;!r8:2],1.6055883169174194,50,1.6420420668237297,0.03508828112241435,1.5643864810179247,1.6250999674098514,1.641249274505562,1.6523100538882054,1.744935392625188,0.02721008647835399,1.5842848376923204,1.6931251836057364,,,,,,,,,,,,,,,,,,,,,,
b456,[#16X3;r5:1]~[#6X4;!r3;!r4;!r5;!r6;!r7;!r8:2],1.7883387804031372,50,1.839782699117217,0.03182164676986007,1.7755796554465348,1.8183647446006326,1.841483054565836,1.8580664659414685,1.9219829138719802,0.03970172134083594,1.7755796554465348,1.9176190479527224,50,1.8664874098162039,0.03922467314210645,1.7641615270740036,1.84347976382005,1.8650514134387968,1.8919473390966932,1.93661680350765,0.04846757527664325,1.770778400905085,1.93661680350765,,,,,,,,,,,
b457,[#17X1;!r3;!r4;!r5;!r6;!r7;!r8:1]~[#7X3;r4:2],1.6723511219024658,50,1.7995981800870582,0.050291431887510285,1.708843534972992,1.762462523795666,1.7971665610064007,1.8277236430992385,1.9539639886218019,0.06526111930357259,1.708843534972992,1.9256153220545973,,,,,,,,,,,,,,,,,,,,,,
b458,[#15X4;!r3;!r4;!r5;!r6;!r7;!r8:1]~[#6X4;r3:2],1.729182481765747,50,1.939435721580156,0.059666895388234664,1.81106728419395,1.9081985263182026,1.9288862727072429,1.9592320440009563,2.1037078446176185,0.05103351768275366,1.831648249794072,2.0357823205250867,,,,,,,,,,,,10,1.8028072903289882,0.015165318144515293,1.773268077313729,1.7966228938745719,1.8014059443505803,1.8052743140898133,1.8353821556497325,0.008651420215241457,1.7836457635517098,1.8182514444126756
b459,[#6X3;r5:1]~[#7X3;r3:2],1.4421957731246948,50,1.3960521724501376,0.0270344704757057,1.2913741463268333,1.38625108441613,1.3953376634425163,1.4081551137437929,1.456887687658204,0.02190402932766289,1.3533950404246355,1.441011157735287,,,,,,,,,,,,,,,,,,,,,,
b460,[#17X1;!r3;!r4;!r5;!r6;!r7;!r8:1]~[#6X3;r7:2],1.7450224161148071,50,1.76039877809303,0.03293332024566795,1.7077975415923934,1.7397674825516558,1.754677063531395,1.7741390176350502,1.8766368127864608,0.03437153508339441,1.7077975415923934,1.8256963202601417,,,,,,,,,,,,,,,,,,,,,,
b461,[#15X5;!r3;!r4;!r5;!r6;!r7;!r8:1]~[#16X2;!r3;!r4;!r5;!r6;!r7;!r8:2],2.127725374427,50,2.1016350660293908,0.04961749319568587,1.972041951167532,2.0694215905377527,2.1039956818197116,2.129836896843563,2.216614057867975,0.06041530630581038,1.978798631079037,2.216614057867975,,,,,,,,,,,,,,,,,,,,,,
b462,[#15X3;r6:1]~[#7X3;!r3;!r4;!r5;!r6;!r7;!r8:2],1.7298531532287598,50,1.746622594963544,0.03600028801496297,1.6700694742220865,1.729011998133274,1.745284042599112,1.7669998529366913,1.8638056525128202,0.037987854803417154,1.6720302159281484,1.823981635141817,50,1.7366139189535756,0.02923693816631309,1.6724983369590385,1.7217821178174342,1.7341506889470542,1.7489812955000368,1.8287736812082094,0.027199177682602604,1.6809833512935302,1.7897800620239406,1,1.7181131799225404,0.0,1.7181131799225404,1.7181131799225404,1.7181131799225404,1.7181131799225404,1.7181131799225404,0.0,1.7181131799225404,1.7181131799225404
b463,[#16X3;!r3;!r4;!r5;!r6;!r7;!r8:1]~[#7X4;!r3;!r4;!r5;!r6;!r7;!r8:2],1.9473718404769897,50,1.758116431919953,0.034955957936843696,1.6336823507044822,1.7418359505777037,1.7555582814491548,1.7816469368778007,1.833078907001083,0.03981098630009705,1.682119471127558,1.833078907001083,,,,,,,,,,,,6,1.721977717563343,0.01300884314772942,1.7059142101228764,1.7153635802335203,1.7210918546390501,1.7218777118532398,1.7481745662894344,0.0065141316197194765,1.7059142101228764,1.7316489092828191
b464,[#15X5;!r3;!r4;!r5;!r6;!r7;!r8:1]~[#1X1;!r3;!r4;!r5;!r6;!r7;!r8:2],1.4324259757995605,50,1.4175769430278007,0.04613405351953797,1.3183394158058444,1.3963518731699849,1.420452496192486,1.4366359238183066,1.5663718554061066,0.040284050648321745,1.3359257971975023,1.4970619997907892,50,1.4093481172856863,0.04704700333768632,1.2759262599463963,1.3884783229709525,1.4132799564053284,1.4342172612985569,1.5163504321479269,0.04573893832760434,1.3198699154795461,1.5028256687899635,,,,,,,,,,,
b465,[#16X3;!r3;!r4;!r5;!r6;!r7;!r8:1]~[#6X4;r7:2],1.887332797050476,50,1.8530539573093139,0.03235303391490263,1.7978372674552794,1.8319888865437948,1.845750779193593,1.8748656107512789,1.9621090338838525,0.04287672420748412,1.7978372674552794,1.939180697062505,,,,,,,,,,,,,,,,,,,,,,
b466,[#7X2;!r3;!r4;!r5;!r6;!r7;!r8:1]~[#7X3;r7:2],1.3493239879608154,50,1.3715408599664785,0.023923226815130476,1.3111763542590076,1.3603440260928985,1.3712361686654746,1.3863656049781325,1.4219859761753018,0.026021578885234042,1.3213116577650474,1.4219859761753018,,,,,,,,,,,,,,,,,,,,,,
b467,[#15X5;r5:1]~[#6X3;r6:2],1.7218457460403442,50,1.8874879750403495,0.040933208105433314,1.803030538315367,1.8628365236190012,1.8816878627793523,1.9127697938096797,1.993578349942018,0.0499332701906785,1.803030538315367,1.9876696990956975,,,,,,,,,,,,,,,,,,,,,,
b468,[#16X4;r5:1]~[#6X4;!r3;!r4;!r5;!r6;!r7;!r8:2],1.9064356088638306,50,1.795161647560991,0.033798084095547076,1.7218753768113084,1.7804138050629597,1.7953333966775884,1.8102439082633446,1.8697371472751811,0.029830103200384928,1.7356686502623822,1.8549890630639219,50,1.8246217687305764,0.028671072059993113,1.772078851138006,1.8027073172904737,1.8210547472463525,1.84089832897911,1.9121910743641461,0.03819101168863637,1.772078851138006,1.8981848465120645,,,,,,,,,,,
b469,[#6X2;!r3;!r4;!r5;!r6;!r7;!r8:1]~[#7X3;r7:2],1.3217500448226929,50,1.350123361629605,0.022571543419719838,1.2886222978062465,1.3371350389231098,1.3512558991859982,1.361348988931677,1.4112450568242418,0.024213950008567187,1.300814113910259,1.3976699139445277,,,,,,,,,,,,,,,,,,,,,,
b470,[#16X4;r5:1]~[#1X1;!r3;!r4;!r5;!r6;!r7;!r8:2],1.369826078414917,50,1.3511393288621256,0.0358789438852204,1.2424810933708788,1.3320590968816708,1.35418494363112,1.3739227479012177,1.4357223198738085,0.04186365101954692,1.2692636203523504,1.4357223198738085,,,,,,,,,,,,,,,,,,,,,,
b471,[#16X4;r5:1]~[#8X2;!r3;!r4;!r5;!r6;!r7;!r8:2],1.8736587762832642,50,1.6965673734080207,0.03387360224937767,1.6097132803786822,1.6807560259141368,1.6967221105530153,1.710192776055526,1.7842461457378023,0.029436750141389245,1.636600900702053,1.75434790126761,,,,,,,,,,,,,,,,,,,,,,
b472,[#35X1;!r3;!r4;!r5;!r6;!r7;!r8:1]~[#7X2;!r3;!r4;!r5;!r6;!r7;!r8:2],1.864642858505249,50,1.975821281043713,0.055060775032057724,1.8564170949183456,1.9427135996589304,1.9660133988089141,2.0024399714919405,2.1431006777568107,0.059726371833010106,1.8564170949183456,2.0920295292414557,,,,,,,,,,,,,,,,,,,,,,
b473,[#6X2;!r3;!r4;!r5;!r6;!r7;!r8:1]~[#6X4;r8:2],1.4913825988769531,50,1.468103507207243,0.02320938063168746,1.417002275048134,1.455907888421635,1.4677364499386096,1.4810842264893505,1.5217887307497504,0.025176338067715465,1.418143381320062,1.5188487335909238,,,,,,,,,,,,,,,,,,,,,,
b474,[#7X4;r6:1]~[#8X2;!r3;!r4;!r5;!r6;!r7;!r8:2],1.4403389692306519,50,1.4218645291400407,0.034415641059906125,1.3466521340563737,1.4053776141410705,1.4245616603825133,1.440936875410256,1.5334839316680626,0.035559261269185516,1.3520387222372923,1.4942757673140343,,,,,,,,,,,,,,,,,,,,,,
b475,[#7X4;r5:1]~[#8X2;!r3;!r4;!r5;!r6;!r7;!r8:2],1.4235937595367432,50,1.435855028410838,0.029243694488181225,1.3616638069353788,1.4155477883315573,1.4343170871590125,1.4519580352599768,1.502141178561439,0.03641024692841954,1.3616638069353788,1.502141178561439,,,,,,,,,,,,,,,,,,,,,,
b476,[#17X1;!r3;!r4;!r5;!r6;!r7;!r8:1]~[#7X3;r7:2],1.7136495113372803,50,1.7932202041096685,0.04761083714990356,1.6833486588294042,1.774596519900336,1.796074055692943,1.8211332813481502,1.910204639943504,0.04653676144781427,1.7047913777286146,1.8909384235198716,,,,,,,,,,,,,,,,,,,,,,
b477,[#15X4;r7:1]~[#17X1;!r3;!r4;!r5;!r6;!r7;!r8:2],2.020873546600342,50,2.0455449824369403,0.04058363871397238,1.9618218807642325,2.0241736119352938,2.043984158195877,2.0700755295459863,2.1446156397560623,0.04590191761069251,1.9618218807642325,2.138928405962025,,,,,,,,,,,,,,,,,,,,,,
b478,[#15X4;r6:1]~[#6X3;!r3;!r4;!r5;!r6;!r7;!r8:2],1.8105521202087402,50,1.814970833032009,0.0447066025225562,1.7103732691179805,1.7843252525361253,1.805674806610796,1.8394930969326158,1.932086050982058,0.05516784439649047,1.7103732691179805,1.9222448635273515,,,,,,,,,,,,,,,,,,,,,,
b479,[#16X3;r5:1]~[#6X3;!r3;!r4;!r5;!r6;!r7;!r8:2],1.753113865852356,50,1.650102279759134,0.03332294231749909,1.5420848157049851,1.6308853460173314,1.652730691377547,1.6685430448891512,1.7363014357652105,0.0376576988718198,1.5743987977096017,1.7250295931968809,,,,,,,,,,,,,,,,,,,,,,
b480,[#15X4;r6:1]~[#7X2;!r3;!r4;!r5;!r6;!r7;!r8:2],1.5331557989120483,50,1.5639567986651377,0.024514242477809894,1.5036726204861768,1.5472756779307093,1.5685114294770055,1.576488279951442,1.6209858304271854,0.029212602020732614,1.5036726204861768,1.6203071829825408,,,,,,,,,,,,,,,,,,,,,,
b481,[#15X3;r7:1]~[#17X1;!r3;!r4;!r5;!r6;!r7;!r8:2],2.2583858966827393,50,2.0515958546679975,0.03907415810629193,1.9384628049628763,2.0259108723674135,2.046596029370444,2.078789118680768,2.1581771831086196,0.05287824631335436,1.946593502897382,2.1581064881507994,,,,,,,,,,,,,,,,,,,,,,
b482,[#15X4;r7:1]~[#7X3;!r3;!r4;!r5;!r6;!r7;!r8:2],1.6534550189971924,50,1.7303414125756924,0.027939830807125362,1.6780910107554357,1.7114370307569395,1.7309009289923871,1.7425618379278722,1.822957310526733,0.03112480717093269,1.6780910107554357,1.7892490486842711,,,,,,,,,,,,,,,,,,,,,,
b483,[#35X1;!r3;!r4;!r5;!r6;!r7;!r8:1]~[#6X4;r3:2],1.8887265920639038,50,1.9897127752448822,0.042136933934059734,1.8660558619210226,1.958581944652185,1.9849747079874593,2.0210483965493897,2.0983895159817547,0.06246645189720468,1.8660558619210226,2.0983895159817547,,,,,,,,,,,,,,,,,,,,,,
b484,[#7X3;r4:1]~[#8X2;!r3;!r4;!r5;!r6;!r7;!r8:2],1.4008264541625977,50,1.4217750185751206,0.03460935353419516,1.3501757348721422,1.3995422646805802,1.421209319747271,1.4493624765759319,1.5027150015456265,0.049820211895351685,1.3501757348721422,1.5027150015456265,,,,,,,,,,,,,,,,,,,,,,
b485,[#6X4;r5:1]~[#7X3;r7:2],1.4704595804214478,50,1.4762754878546405,0.03256287658572065,1.3894206713876296,1.4539491280581658,1.474954760215391,1.4935182042957624,1.5577665887204868,0.039569076237596645,1.3945955137017707,1.5528718186521573,,,,,,,,,,,,,,,,,,,,,,
b486,[#6X4;r4:1]~[#7X3;r4:2],1.348987340927124,50,1.4933735747477306,0.02670089956202501,1.4170654473673387,1.4788405235396258,1.4945833720884276,1.5074615706574839,1.5587355133277307,0.028621047117858067,1.4359089528628388,1.550393141334271,,,,,,,,,,,,,,,,,,,,,,
b487,[#6X4;r7:1]~[#7X4;r6:2],1.5504266023635864,50,1.488257830137959,0.028672316309780673,1.4090592507381592,1.477592903704628,1.4919416450767993,1.5052534384468783,1.5445035411365222,0.027660534742250276,1.4361021015912527,1.5445035411365222,,,,,,,,,,,,,,,,,,,,,,
b488,[#6X3;r6:1]~;@[#6X3;r6:2],1.364428997039795,7057063,1.4052110543668517,0.032242041744540706,1.2050875336672002,1.3865834161533686,1.4031025829791546,1.42099916985345,1.661729146287019,0.03441575370008154,1.3349597856032462,1.4726228004035724,200704,1.408062806476527,0.03629819941739809,1.2223716400827627,1.3863411333669458,1.4041224397983278,1.4249589774470948,1.6233453231037744,0.03861784408014901,1.3284143672467223,1.4828857435673184,5907,1.3980988735319515,0.026032618476744176,1.307254420940146,1.394001174163447,1.3954615205422805,1.4008602404356996,1.5538113277967984,0.006859066272252523,1.3837125747550683,1.4111488398440784
b489,[#6X3;r5:1]~;@[#6X3;r5:2],1.3471158742904663,1326325,1.4017667529365798,0.047327780114535895,1.2063387382393358,1.3677095927230811,1.3913530133998482,1.4375902620778669,1.6340281486746324,0.06988066935478576,1.2628885886909025,1.5424112661100455,61740,1.4018369095709542,0.04796999456601685,1.2457296569719927,1.3674421396680043,1.391187877363782,1.4384381548435279,1.6175503804441818,0.07099601517552356,1.260948116904719,1.5449321776068132,1475,1.3952008400977656,0.04090011172414216,1.3245888279063491,1.3667836491985228,1.3807850103482648,1.4234770667438605,1.568142951974071,0.05669341754533774,1.3245888279063491,1.5085171930618673
b490,[#6X4;r6:1]~;@[#6X4;r6:2],1.5157514810562134,980845,1.5415964902493482,0.03385432254472151,1.337887778594603,1.521918893067758,1.5406216412976914,1.5602308761315111,1.9915890525480915,0.03831198306375305,1.4644509184721284,1.6176988507271406,53964,1.5435138075652122,0.0339099245472367,1.3662419568487492,1.5234947424931704,1.5424177111728394,1.5626858641977102,1.732201353151401,0.039191121704539755,1.4647080599363607,1.6214725467545197,2277,1.5383891016135909,0.013795041375969668,1.4774446368014367,1.5292406362889246,1.5352456423558591,1.5448271530369282,1.635006589819185,0.015586516748003598,1.5058608611669193,1.5682069281589337
b491,[#6X3;r6:1]~;@[#7X2;r6:2],1.3057117462158203,914455,1.337856405531874,0.03192404499385713,1.1577920537375084,1.3181351872382185,1.3370158633052363,1.355897635714436,1.5522024117793027,0.03776244847621735,1.2614915145238925,1.412541308428762,31646,1.3365866133717343,0.035253528186531886,1.2078356342552938,1.3140926938994453,1.3352440638621597,1.3566453012977266,1.5296771762915424,0.04255260739828137,1.250263782802023,1.4204742123951486,787,1.3354663443520405,0.026042844984425044,1.2607020991007902,1.3310307676131639,1.338521257470947,1.346648892031606,1.4341507548709735,0.015618124418442125,1.3076035809855007,1.3700760786592692
b492,[#6X3;r5:1]~;@[#7X3;r5:2],1.38922119140625,805539,1.3853624950619385,0.02999038945548464,1.2102196896893271,1.3681685715324612,1.385754535950564,1.403028228295041,1.557343394062552,0.03485965676257985,1.3158790863885914,1.4553177134389108,34943,1.3838822270232132,0.03132361674085489,1.2118912554940031,1.366804874248032,1.385129689636136,1.4023630207990254,1.527560801352715,0.03555814655099332,1.313467654421542,1.4557002406255153,1037,1.3791016568406618,0.030032671334656078,1.255878831597751,1.363881420349125,1.3782455452951898,1.3949395218592875,1.5333938045773152,0.031058101510162528,1.3172942680838813,1.4415266741245314
b493,[#6X3;r5:1]~;@[#7X2;r5:2],1.291394591331482,690384,1.335677807080304,0.04451906875675823,1.1631391581684194,1.3037673122070492,1.3231612419413779,1.3720866196969912,1.5595351240988615,0.06831930748994197,1.2012883509721362,1.474565580931904,29695,1.3368521910707847,0.044976483035976185,1.1833073313758038,1.3040713681606013,1.3241351578191263,1.374227881474982,1.510595906429243,0.07015651331438066,1.1988365981890303,1.479462651446553,1007,1.3264852480008122,0.035288966921614505,1.267867333343207,1.2993775858219947,1.3176711296683496,1.3516909642991155,1.4653226466428153,0.05231337847712081,1.267867333343207,1.4301610320147966
b494,[#6X3;r5:1]~;@[#6X3;r6:2],1.3676551580429077,553497,1.4075603274361255,0.03736566331099816,1.2493924939081684,1.3846778467076872,1.4025230129164423,1.4256205110480489,1.654193207337435,0.040942664340361645,1.3232638501971448,1.4870345075585913,23096,1.409537460595934,0.039893835371900575,1.2590839607122728,1.3839644038294148,1.4033909901356636,1.4311066531013124,1.6158756274945834,0.047142249271897585,1.3132510299215685,1.5018200270091588,264,1.402993142483282,0.027964520002597994,1.3315414724506627,1.3885903529856538,1.397354001044608,1.4085276288749187,1.4992813524851116,0.01993727588926486,1.3586844391517565,1.438433542708816
b495,[#6X4;r5:1]~;@[#6X4;r5:2],1.542942762374878,518604,1.536301196154972,0.03409311179045215,1.3522648985559949,1.5161533137096013,1.5352980166185057,1.5556018551316244,1.7303584576837268,0.03944854142202314,1.4569805015765667,1.6147746672646592,38454,1.5385165495656272,0.034511231312550676,1.3686969937198232,1.517910996766755,1.5378772323272027,1.55814513013768,1.7171160456894188,0.040234133370925074,1.4575597967103673,1.6184963301940676,1337,1.5392198737508884,0.014704769475124129,1.4769601980898093,1.530406115999726,1.5390388363126632,1.5487999755344264,1.5920122248297164,0.018393859534700407,1.5028153266976754,1.576390764836477
b496,[#6X3;r6:1]~;@[#7X3;r6:2],1.371771216392517,352263,1.3877701925139727,0.032522327589453864,1.2068391003440326,1.3669617478320584,1.3885716667384678,1.4086369283651217,1.5458971115867997,0.041675180533063294,1.3044489770324634,1.4711496991647166,14096,1.3799842649424852,0.03499245647480075,1.2290317516019271,1.3561307783590437,1.3806411761128183,1.403601917798404,1.5250681279603688,0.04747113943936032,1.2849240692000032,1.4748086269574445,554,1.3830488306290736,0.02802703875543689,1.2818961692902342,1.3669764898430257,1.3818643295617985,1.400739286183493,1.4823227966080559,0.033762796340467416,1.3163322953323244,1.451383480694194
b497,[#16X2;r5:1]~;@[#6X3;r5:2],1.7787224054336548,342427,1.7570149105286845,0.03331239157839408,1.5682328894011222,1.7379129006644727,1.756905408645099,1.7759130310563842,1.9567006585778828,0.038000130391911524,1.6809127050766053,1.8329132266442514,15248,1.7578466304780709,0.03354990769459301,1.6027675847363878,1.7387006454289884,1.7574662562628252,1.776680825447713,1.91584244110085,0.03798018001872472,1.6817303754009014,1.8336510954758003,497,1.7488440368017386,0.022282076426423644,1.6716347388537225,1.7358010663517967,1.746998242964566,1.7580913941155114,1.8809073799871519,0.022290327763714757,1.7023655747062245,1.7915268857610835
b498,[#6X4;r6:1]~;@[#7X3;r6:2],1.4526371955871582,341818,1.4790859233617701,0.02941266734992995,1.2973155583844187,1.4622005286457276,1.4789971940028894,1.4957427354730806,1.647795016517702,0.03354220682735298,1.411887218404698,1.54605604571411,14250,1.4781055790812478,0.029720002381210267,1.334413531912037,1.4606839484960068,1.4781152564744062,1.4950791987147516,1.6343650554522828,0.03439525021874479,1.4090910731678896,1.5466720740428688,493,1.4676838308070357,0.00912280605311386,1.4310777209188914,1.463422035509474,1.4672175110601975,1.4723559961118895,1.4998979325069406,0.00893396060241547,1.4500210946058507,1.4857569370155126
b499,[#6X3;r6:1]~;@[#6X4;r6:2],1.5110458135604858,285022,1.5212447746043245,0.03295908565823228,1.313227985034766,1.5015413861586322,1.520535455999474,1.5403458410333408,1.7083670876635808,0.03880445487470863,1.4433347038465691,1.5985525233454037,23197,1.5191518856355632,0.03261026874777841,1.3704356887480351,1.499726211616725,1.5186691720145895,1.5380517855332885,1.6863715840556526,0.03832557391656355,1.4422378507418796,1.5955401464081338,484,1.5150379942708465,0.013425842395758555,1.4871688396873548,1.5050188711330081,1.5121569413979659,1.5222267339336066,1.5605635934588984,0.017207862800598495,1.4871688396873548,1.5480385281345044
b500,[#6X3;r5:1]~;@[#8X2;r5:2],1.3802582025527954,246373,1.3671799410050276,0.029283724706666757,1.1854667756008759,1.3503662989573872,1.3673180249165255,1.3841317205080523,1.5249963437083505,0.03376542155066509,1.2997181666313895,1.4347798528340499,9749,1.3661728426028636,0.02974487389300291,1.232654341616909,1.3492123249989498,1.3664038652226946,1.3836669679972138,1.5021831675490056,0.03445464299826395,1.297530360501554,1.4353489324946098,295,1.3664707261057891,0.013453405342012906,1.3261011792251385,1.3587699288778206,1.3655740090691246,1.3726396563599594,1.4239846406459256,0.013869727482138883,1.3379653376546123,1.3934442475831679
b501,[#6X3;r5:1]~;@[#6X4;r5:2],1.5247091054916382,211673,1.5096847663967803,0.03391601317918633,1.342621902656228,1.4890210935879542,1.508980190774642,1.5299345282226973,1.6864499528700536,0.04091343463474306,1.4276509416358396,1.5913046801748119,15849,1.5064607006031256,0.03319774107811245,1.351694909835976,1.4862765413056798,1.50560868658716,1.5260995466729625,1.6523929982228345,0.03982300536728278,1.4265420332547556,1.5858340547238867,416,1.512502890357106,0.016075275696644454,1.46614155139559,1.5029215282904522,1.511173045208849,1.5228838364386306,1.5781053944765453,0.019962308148178343,1.4729780660681846,1.552827298660898
b502,[#6X4;r5:1]~;@[#7X3;r5:2],1.4660248756408691,194832,1.4680067670652526,0.029445327468157177,1.2959518556409797,1.450732161033132,1.4677353977973155,1.4849051585550732,1.6173283497584445,0.03417299752194114,1.3994726647502205,1.536164654837985,10597,1.4704289440131344,0.029501368222073523,1.3438767307178234,1.4527255618516428,1.4697820950580087,1.4876389947401303,1.6015708156393575,0.03491343288848747,1.4003554125189117,1.5400091440728616,440,1.4700028231132147,0.015373792082408294,1.4223962958176541,1.461544451576304,1.4703911896364237,1.4791335915447124,1.5320091755050276,0.017589139968408274,1.4351607416236916,1.5055173014973247
b503,[#7X2;r5:1]~;@[#7X3;r5:2],1.3810054063796997,157888,1.3642011618084626,0.02786812003105535,1.1747792959323582,1.3487029484142798,1.3643437930920248,1.3800430752708694,1.521711686540469,0.0313401268565896,1.3016927581293953,1.4270532655557537,6100,1.36245224911044,0.02729993010745899,1.2133612213561107,1.347092014188593,1.3621807161794943,1.37783051648847,1.4862766180676108,0.03073850229987718,1.3009842607387772,1.4239382699382859,330,1.3639659776402682,0.028184972091868453,1.2785994956504234,1.3438345652407586,1.356807736675174,1.3823261101584876,1.4425405799805644,0.03849154491772899,1.286097247864165,1.440063427535081
b504,[#6X4;r3:1]~;@[#6X4;r3:2],1.5057011842727661,149338,1.5323372366479127,0.03153915416077832,1.3807519394289276,1.5136663767581628,1.5307062438974155,1.549527465736896,1.7531150481270719,0.03586108897873319,1.459874743290063,1.6033190992049957,10450,1.5350121677395339,0.03309264225139028,1.3851584857287915,1.5150207713769923,1.533102020990453,1.553737337226516,1.6866045342914007,0.038716565849523654,1.4569459226027068,1.6118121860008015,1042,1.5082133740299732,0.01753410201815386,1.332277638333309,1.501246153399824,1.507294454866747,1.5149671037286225,1.5809869245841652,0.013720950328798498,1.4806647279066263,1.5355485292218203
b505,[#6X4;r6:1]~;@[#8X2;r6:2],1.4224770069122314,132176,1.4402384317502719,0.028294378254697387,1.2663962786849692,1.424377642734351,1.4398238813557378,1.4556953785620121,1.6079806756132908,0.031317735827661064,1.3774010389928595,1.5026719823035037,10030,1.43992975750883,0.028473306119062628,1.316546727789668,1.423383481813152,1.4394749668810096,1.4552074968499862,1.579815424703661,0.031824015036834075,1.3756474592579009,1.5029435194052372,393,1.4301262789183193,0.009790812313614465,1.4054415162011897,1.4245115225648415,1.4287735981388419,1.4340248585621715,1.5098426807449055,0.009513335997330064,1.4102415185688464,1.4482948625581666
b506,[#6X4;r5:1]~;@[#8X2;r5:2],1.437036156654358,129932,1.4365082472219486,0.02839146293379709,1.2887288574247586,1.4203190450931509,1.4362581257687261,1.4523170010755664,1.6184332742861265,0.031997955982415505,1.3723221111195276,1.5003139350491896,8100,1.4346089900741366,0.028458137335353767,1.3033307815531914,1.4188506221608095,1.4342656731495236,1.4504220928003748,1.5615630693746267,0.031571470639565336,1.3714934162014614,1.4977792987597227,353,1.4344761346683663,0.013507371046424688,1.3559137855656997,1.4288882951074626,1.436171568243025,1.4412744192521578,1.4730989816214104,0.012386124144695199,1.4103091088904198,1.4598536054692006
b507,[#6X3;r5:1]~;@[#7X2;r6:2],1.3061130046844482,87941,1.3459600967463357,0.03728006621359789,1.1966658498804923,1.3205916872867518,1.3410915183460683,1.370971623371767,1.534043446467597,0.05037993608501523,1.245021783159229,1.4465415274992899,3450,1.3454600042422662,0.038493752929512896,1.2182532837366153,1.3189328053736609,1.3410449548385306,1.3727062037499187,1.510017299168352,0.05377339837625783,1.2382727078092741,1.4533663013143054,32,1.3426928349191225,0.022932113504163253,1.2856925504068046,1.3332666806756173,1.3417499696063322,1.3607980848709804,1.3765339480204424,0.02753140419536315,1.2919695743825725,1.3765339480204424
b508,[#6X3;r6:1]~;@[#8X2;r6:2],1.3721492290496826,86272,1.3734382652712187,0.028616020100552364,1.2081522286195878,1.3572286375093858,1.3736417343206124,1.389629112384807,1.5224560589817573,0.03240047487542119,1.308627925196254,1.4382298246979388,4100,1.374623055490402,0.02882202916495705,1.2372825368093816,1.358165102282577,1.3746360632128076,1.390668477717384,1.520113470009874,0.03250337543480719,1.3094100391303662,1.439423540869595,184,1.3649871173525125,0.04078005747223923,1.2961679252901577,1.3415244668642317,1.3712461930733593,1.4051529950916106,1.4245854259732478,0.06362852822737897,1.2961679252901577,1.4245854259732478
b509,[#7X2;r5:1]~;@[#7X2;r5:2],1.3227547407150269,83840,1.33687342132898,0.05030948952044775,1.1348183477342346,1.29306249931531,1.3478027173015539,1.3751535462161701,1.5300530529093284,0.08209104690086022,1.1699259289640196,1.4982901165674605,4150,1.3256764868542563,0.05100889239965698,1.1556017718075415,1.2845303035196811,1.3195296240932453,1.3689681910615923,1.4919791655065162,0.08443788754191117,1.1578734722068145,1.4919791655065162,193,1.3427480220175854,0.049203724668203844,1.228990084346847,1.3042789549232634,1.3567878614688462,1.3732346476773343,1.4903530789926036,0.06895569275407087,1.228990084346847,1.4766681868084406
b510,[#6X4;r4:1]~;@[#6X4;r4:2],1.5557337999343872,65393,1.5380111485625478,0.03387956272989908,1.3676242763268303,1.5181055679851807,1.536949079619262,1.5572702846338693,1.7089484511755069,0.03916471664868859,1.459358493012148,1.6160173596069023,5076,1.541337336237143,0.03347550247317928,1.3869279502043073,1.522001783026812,1.540515228720111,1.5600719320899978,1.6902081994547271,0.03807014906318584,1.4648965594320331,1.6171771556847765,245,1.5472536015375473,0.012635138579879076,1.5201384127582072,1.5390936451338053,1.5464947771781532,1.554059079931703,1.6203999519348145,0.014965434797897581,1.5201384127582072,1.5765072321285492
b511,[#6X4;r5:1]~;@[#6X4;r6:2],1.517339825630188,61496,1.5478393189063353,0.03419013853066176,1.3823446947210807,1.5274430637558674,1.5466864900775934,1.5668254239949984,1.755759537220788,0.039382360239131,1.468369523397171,1.625898964353695,5548,1.5479182446445088,0.034232486322802916,1.386358283409645,1.5272018433994519,1.5472338948670823,1.5683437647857832,1.6892257076446693,0.041141921386331326,1.4654889613199549,1.6300566468652802,166,1.537172817783378,0.016832994551210484,1.459872161666141,1.5320589955758912,1.5367216016804564,1.5469055087259576,1.5780532190780825,0.014846513150066354,1.5097892258507917,1.569175278451057
b512,[#6X3;r6:1]~;@[#7X3;r5:2],1.37534761428833,50396,1.3975220585386203,0.02803663953073271,1.255812159899904,1.3811284105245085,1.3973296789061915,1.4137539400994708,1.540391935185489,0.03262552957496223,1.332190116162065,1.462692234461914,2649,1.3989251407251526,0.029513353360489106,1.2709945507562401,1.3816052386349158,1.3989187140303168,1.4166819468940917,1.5069701819830883,0.03507670825917586,1.328990176246152,1.4692970092828554,11,1.3824581389687955,0.006910999277033386,1.3667012264673015,1.3793470001294925,1.3847994588925385,1.3856076779537236,1.3916428435175108,0.00626067782423112,1.3699559833931458,1.3916428435175108
b513,[#6X3;r5:1]~;@[#6X4;r6:2],1.4923890829086304,49298,1.5101767664713492,0.032010762196034104,1.3480509071014697,1.4917569562063233,1.5096983085148048,1.5277387352099245,1.6636442122305388,0.03598177900360122,1.4377842877009215,1.5817114037153264,4000,1.509969789570383,0.03197023575223977,1.3737262008350575,1.491408642210562,1.5091141616251011,1.527460010555018,1.6427804426902475,0.0360513683444561,1.4373315896938776,1.581537063071702,38,1.4984443779838978,0.008925004945913308,1.469632443957726,1.4922530242446084,1.4988129768147556,1.5046325061192067,1.5119968327230318,0.012379481874598364,1.4736838014327107,1.5119968327230318
b514,[#6X4;r7:1]~;@[#6X4;r7:2],1.5211139917373657,46890,1.5389730403686532,0.0336120474178485,1.374705334412987,1.5194041318189684,1.5380113541098286,1.5575380694946093,1.715034770180323,0.03813393767564088,1.462203225305507,1.6147389760080706,1900,1.5423682438551591,0.034847565713098196,1.4169742523032425,1.521644659284329,1.5413239679783164,1.5629067446155247,1.683858833185129,0.0412620853311958,1.459751531287535,1.6247998726123183,158,1.5391809775395364,0.009123497136410119,1.522247234942456,1.5338483970382142,1.5381674611885798,1.5424673631101364,1.5780167668846596,0.008618966071922252,1.522247234942456,1.5553958122180198
b515,[#16X2;r5:1]~;@[#6X4;r5:2],1.8482246398925781,35744,1.8364256142079747,0.0353011121385017,1.6431535135244666,1.8165016724081058,1.8361249685485124,1.8562337003630711,1.997004395079018,0.03973202795496533,1.7569036304756578,1.9158317422955191,3598,1.8344575355957313,0.034890040932491255,1.6771503253704485,1.8140281534708123,1.8336833472570144,1.8541756581322224,1.9756239439421632,0.04014750466141015,1.753806896478697,1.9143969151243376,78,1.8393900189576744,0.0215983913487147,1.789600947135977,1.8263885979520171,1.8395007548468039,1.8468696391165702,1.9257279142367292,0.02048104116455307,1.7956670362051876,1.8775912008634
b516,[#7X2;r5:1]~;@[#8X2;r5:2],1.4300771951675415,34548,1.424792020225878,0.031216627203515573,1.2806484793560087,1.406951829856306,1.424573951652298,1.442157495354541,1.57393492376772,0.03520566549823512,1.3541433316089533,1.4949659936018938,1749,1.4256468717632504,0.031236594265871963,1.3211595027757776,1.4074320349010074,1.4263905542563866,1.443012210718297,1.5633032648498206,0.03558017581728956,1.354061771175073,1.4963824744442313,84,1.415951958971342,0.01985055573191492,1.3725519206073364,1.4007569582558916,1.4100462133490863,1.4301078312857578,1.4593621352846704,0.029350873029866165,1.3725519206073364,1.4593621352846704
b517,[#6X3;r6:1]~;@[#6X4;r5:2],1.5088918209075928,22448,1.5276422585730187,0.03387520487958621,1.3820679600126757,1.5066609913596372,1.5267579006095429,1.54756801515059,1.6781229087382858,0.04090702379095279,1.445300455673208,1.6089285508370192,2748,1.5243687112505864,0.03394446518463584,1.3579674646146531,1.5028850893560577,1.5233280948915948,1.5453045224640898,1.6820086076681482,0.04241943310803209,1.4392559396940094,1.6089336721261378,30,1.5177824430225249,0.013652311189506867,1.4905398549904543,1.5098249222576086,1.5153712405366189,1.5288045267542962,1.5444927687784598,0.018979604496687674,1.4905398549904543,1.5444927687784598
b518,[#6X4;r7:1]~;@[#7X3;r7:2],1.4505730867385864,21988,1.4758067977350522,0.02988674328473125,1.3131714305578837,1.4584671089159695,1.4754163416124806,1.492691950320678,1.6193996971587254,0.034224841404708384,1.4071298468089068,1.5440292124277404,550,1.4705784700660007,0.028707286854162236,1.368650520566646,1.4534573825089294,1.4700639876699038,1.4882859844463328,1.568724120461511,0.034828601937403336,1.4012144796028245,1.5405288873524379,91,1.4662496610306617,0.007544507225539566,1.4505329342366995,1.460660120499606,1.4647896115132022,1.4715340120213471,1.482942378781434,0.01087389152174123,1.4505329342366995,1.482942378781434
b519,[#6X4;r4:1]~;@[#7X3;r4:2],1.474696397781372,21699,1.463837670796144,0.029414227875115245,1.3180703651471337,1.4465028352721458,1.463955408684554,1.4807463528526474,1.5942262156123113,0.03424351758050159,1.3951375589013935,1.5321116292233998,600,1.4671860586706507,0.02990783209010209,1.351560930886889,1.4500649313595853,1.4662985000798328,1.4848465160321531,1.5876594621774311,0.03478158467256787,1.3978925543507335,1.537018893041005,80,1.4725044108205565,0.01579733243822044,1.419655899553204,1.4680149456276301,1.4767241882661357,1.483242110742332,1.509053601358653,0.01522716511470179,1.4451741979555774,1.5060828584143846
b520,[#16X2;r6:1]~;@[#6X3;r6:2],1.7765692472457886,21592,1.7648398447184999,0.03323455415267039,1.5975471326838404,1.745540644486042,1.7647277390900122,1.783520621161264,1.9169168051070156,0.037979976675222016,1.688570679473209,1.840490586174097,1150,1.765744292947929,0.03419384599839906,1.6273631419011783,1.7465462446173297,1.7656619126966973,1.7854773434954505,1.8882365476146754,0.03893109887812085,1.6881495963001485,1.843873991812632,54,1.7671775787703492,0.022942781357736877,1.7101164031416864,1.7455733838264185,1.7740055880902328,1.7886246813282192,1.801706976666245,0.0430512975018007,1.7101164031416864,1.801706976666245
b521,[#6X3;r5:1]~;@[#7X3;r6:2],1.3749990463256836,20946,1.3897727155486859,0.030324489636645822,1.2380976118208376,1.3718792277648162,1.3901482468685522,1.4078364325547144,1.5467054005988805,0.03595720478989817,1.317943420579969,1.4617722397395616,1200,1.3869591504042638,0.03174073366574646,1.2740342872005552,1.3691617843992374,1.3883228534953664,1.4052562902802554,1.5075295737773688,0.036094505881018035,1.3150200255777102,1.4593980491017824,13,1.3764025825004313,0.014907435505534304,1.3511798479847208,1.3697202410366622,1.374627839213646,1.3841001801770223,1.4075821802599306,0.014379939140360065,1.3511798479847208,1.4056700888875624
b522,[#6X4;r3:1]~;@[#8X2;r3:2],1.419458270072937,20794,1.4140550113670094,0.026004411316270352,1.2744832055158488,1.3994781875252964,1.41378112215348,1.4284237639390094,1.5500660471808863,0.02894557641371298,1.356059822904727,1.4718421285595789,2650,1.4137258212057808,0.026543445515121084,1.3031218395684427,1.3984241507652244,1.4129658206380937,1.4286050541698176,1.5377891513325261,0.03018090340459323,1.3531527956583345,1.4738764092767074,269,1.4338259034885037,0.012860682734801964,1.39411103755445,1.4300859051084716,1.4337488262878522,1.4382581423365435,1.5080321930512066,0.008172237228071921,1.4178275492663637,1.4505164981786514
b523,[#16X2;r6:1]~;@[#6X4;r6:2],1.8376258611679077,20650,1.839432566576484,0.034942299090226836,1.665353751450556,1.8195010981333102,1.8390359579261397,1.8584383132737952,2.0453377562968,0.03893721514048498,1.7610952754225826,1.9168441359845225,1850,1.8407859043883001,0.033772155363926616,1.6837122103359907,1.8201853476137726,1.8408162569276851,1.8590246192714024,1.9892674553276046,0.03883927165762979,1.7619264401273278,1.917283526757847,34,1.8430002949121331,0.016395354026059034,1.8054698429448472,1.8369637167892705,1.8435032935762528,1.8483022375977254,1.8851701175189624,0.011338520808454877,1.8199559355765882,1.8653100188104077
b524,[#7X3;r5:1]~;@[#7X3;r5:2],1.4360995292663574,20049,1.427926092374414,0.02712076392464453,1.2894074758664649,1.4126842245552023,1.4278072320570099,1.4434168073038374,1.5769926006388517,0.030732582748635107,1.3665853504322496,1.48951568142679,1199,1.4245280622042005,0.02685603026145,1.3280955238478076,1.407887961677846,1.4258893963407957,1.4397651455191889,1.5272638903594389,0.03187718384134297,1.3600721859158313,1.4875809212812032,122,1.4178923872211227,0.03231599765815549,1.2805850055230092,1.407211845499952,1.4175670698686664,1.4318545277372259,1.4838320805845318,0.02464268223727384,1.3702478221440413,1.4688185510931366
b525,[#7X2;r6:1]~;@[#7X2;r6:2],1.1252986192703247,18097,1.3339658575724886,0.034801134473109493,1.1719700222890426,1.313536566441288,1.3351643214214346,1.3543716991712513,1.4929533040147804,0.04083513272996342,1.2522838673463428,1.4156243982661965,1200,1.3263208684562204,0.03286329266484359,1.2156358875814306,1.305494216807038,1.3290677716250827,1.3478967541211104,1.4390047428404371,0.0424025373140724,1.2418904108359294,1.411500560092219,28,1.331068860833325,0.04750594921140392,1.2363000441868865,1.3149243733736653,1.3318991704993843,1.3506318575972327,1.428329873262656,0.0357074842235674,1.2613631470383142,1.4041930839325838
b526,[#6X4;r5:1]~;@[#7X2;r5:2],1.4875421524047852,17897,1.475856028360174,0.028382672907372956,1.3349370795638174,1.4592370556960101,1.4754769119636795,1.4920810845899273,1.6124459620757798,0.03284402889391713,1.4099710123551343,1.5413471279308029,1650,1.4762177025157297,0.03073554450429491,1.3550979589933116,1.4595515250361297,1.4755274823254942,1.4931270001423553,1.6280345519652348,0.033575475106225605,1.4091883123767914,1.5434902128016939,76,1.4783881488056054,0.016394734778350566,1.4361467186360928,1.4695671784535325,1.4787570401647017,1.4863651855010784,1.537010778492483,0.01679800704754597,1.4443701678822136,1.5115621960723975
b527,[#6X3;r7:1]~;@[#6X3;r7:2],0.9221830368041992,16700,1.4198843414284628,0.05174431285538916,1.2484181846319908,1.3804579445612006,1.4064670884077803,1.462147026172227,1.6076357576061284,0.08168908161102628,1.2579243221446612,1.5846806485887663,3050,1.4178077299949416,0.051940325202591835,1.2698129166543735,1.378523634542394,1.4046401958377122,1.4604938462875499,1.6033874327610071,0.08197021174515595,1.2698129166543735,1.583449163905284,25,1.3860655443313386,0.05546071055842408,1.3339105981741035,1.3469922927173152,1.3551222145881456,1.4407082621013387,1.4983721970026145,0.09371596938402349,1.3339105981741035,1.4983721970026145
b528,[#6X4;r6:1]~;@[#7X3;r5:2],1.450930118560791,15500,1.4733101815633378,0.02865927206984136,1.3338759921204397,1.4568087798056037,1.4727311402374945,1.48928745282998,1.6169852462663454,0.03247867302437624,1.4080907702690393,1.5380054623665442,850,1.4773184130250812,0.027296534211602753,1.3852616105423676,1.461475269614989,1.4771272384406295,1.4924164992236633,1.564109255330096,0.03094122960867418,1.4150634252019778,1.5388283436366745,9,1.4576851254864798,0.009896934699755828,1.446600896523904,1.44864833881,1.4576939416898833,1.4609057695455612,1.4811859702366783,0.012257430735561181,1.446600896523904,1.4792919156489028
b529,[#7X2;r6:1]~;@[#7X3;r6:2],1.331063151359558,15250,1.37696925020676,0.030386929728314787,1.2028591309526055,1.3618938518440216,1.378810385625869,1.3946858559815867,1.5097528452903768,0.03279200413756511,1.312705845637674,1.4438738621879343,350,1.3804757903195477,0.028101085099092735,1.2897054232095537,1.362751333211692,1.381157531510646,1.398380256734364,1.4639176206846223,0.035628923522671885,1.3093079479276843,1.4518236420183719,27,1.376236520099262,0.052694366045612596,1.3188883285094837,1.3436472426099053,1.3595272484871939,1.3913650462373301,1.4893990871772411,0.04771780362742484,1.3188883285094837,1.4629417516784673
b530,[#6X3;r6:1]~;@[#6X4;r7:2],1.498302936553955,15229,1.5186640649497332,0.0327757649765691,1.3530911676912996,1.4990739638989126,1.5174487452186574,1.537400726262841,1.6671807407736434,0.03832676236392851,1.4415838203530198,1.5948908698087338,450,1.5138021972260387,0.032649864909891683,1.3886106620667902,1.4933612472882405,1.5143594637677076,1.5313558876474864,1.606809054792974,0.037994640359245935,1.4363692867493716,1.5883478481863553,10,1.5127602485105371,0.005382104994122254,1.501369177693734,1.509960623098755,1.5127139803811227,1.5160542812334403,1.5217373767600513,0.00609365813468532,1.501369177693734,1.5217373767600513
b531,[#6X3;r7:1]~;@[#6X4;r7:2],1.5162465572357178,14000,1.5231165968208276,0.03569874147714343,1.3738403743981829,1.500844014517252,1.5222604702862048,1.5448328348571436,1.7038773056309489,0.04398882033989171,1.4348607840074143,1.6108160653669812,1599,1.51185873405058,0.03400948643544922,1.3808519438476707,1.4907899716783253,1.510960571597997,1.5318668130808848,1.653896649117794,0.041076841402559516,1.429174709574486,1.593482075184724,32,1.5227097421666862,0.012452027524855231,1.4910544670623855,1.51520436391742,1.5242090979447553,1.5318249658818648,1.5450187654656746,0.016620601964444814,1.4910544670623855,1.5450187654656746
b532,[#6X3;r6:1]~;@[#7X3;r7:2],1.4041844606399536,13686,1.3979370063414713,0.02899115883046496,1.2548962615025678,1.3807423509995793,1.39779116310351,1.4147133193182646,1.5335640855083725,0.03397096831868529,1.3297858985215514,1.4656697717962925,500,1.3989785362962954,0.029715135286685287,1.2812761556833032,1.3837939834412802,1.396850958744565,1.4150446336683513,1.4917672233344674,0.031250650227071075,1.3369180081006737,1.461920609008958,1,1.4229895753984323,0.0,1.4229895753984323,1.4229895753984323,1.4229895753984323,1.4229895753984323,1.4229895753984323,0.0,1.4229895753984323,1.4229895753984323
b533,[#6X3;r7:1]~;@[#7X3;r7:2],1.3684293031692505,13497,1.3862000108727686,0.029547912685730683,1.234741549829642,1.368376913855421,1.3859597582078595,1.4044534943958054,1.517373833341067,0.03607658054038443,1.3142620430448444,1.4585683652063821,400,1.3888424907889725,0.026572958079839372,1.2902425929489396,1.3733634499120038,1.3900161634361523,1.403325081824752,1.4889740315425628,0.029961631912748254,1.3284210020428815,1.4482675296938745,21,1.3870685644562915,0.010651449399897643,1.368785108367311,1.3780748592739895,1.3845561789310248,1.3950077914179075,1.4061966288665129,0.016932932143918,1.368785108367311,1.4061966288665129
b534,[#6X3;r6:1]~;@[#6X3;r7:2],1.4604902267456055,13300,1.4734613904126905,0.037908296953639085,1.2930087156614856,1.4542625435354553,1.475369116584596,1.4953384686796953,1.6266599524345664,0.04107592514424008,1.3926486558190951,1.5569523563960554,749,1.4342954249827744,0.0538182583166338,1.2984370212965703,1.3856675528250568,1.4360757469547898,1.4803392423554667,1.5825338541293512,0.09467168953040983,1.2984370212965703,1.5825338541293512,5,1.461996049506062,0.056413760686590785,1.3528577718983763,1.4728596506956646,1.4761548117711205,1.4955344277120346,1.5125735854531144,0.022674777016369996,1.4388474851711095,1.5125735854531144
b535,[#6X4;r3:1]~;@[#6X4;r5:2],1.5036028623580933,12650,1.531747746394907,0.034472877641363114,1.3764360054124323,1.5114032358448324,1.5309937944630656,1.5515582612516867,1.7056956126095169,0.04015502540685434,1.4511706977345509,1.6117907993619682,750,1.5330074255630892,0.03810647310107553,1.3894802221254352,1.510833174605839,1.5315249490241687,1.553029507413254,1.682590893303344,0.04219633280741508,1.4475386753947164,1.6163240066243767,100,1.5081351666423115,0.013386548045288285,1.477713208940801,1.4978572910154206,1.5080550500234389,1.5176417823241324,1.5392457359991132,0.019784491308711738,1.477713208940801,1.5392457359991132
b536,[#16X2;r5:1]~;@[#7X2;r5:2],1.6920816898345947,12299,1.6943452917192314,0.030769715738791743,1.5574593073714074,1.6772157764788735,1.6938292881285133,1.7115182659074524,1.8310437589432518,0.03430248942857883,1.6257620423360053,1.7629720000503206,1150,1.6954160630537418,0.032253336538675584,1.5727876826396083,1.6760655919472212,1.6954797143657856,1.7133616983432183,1.805767890602146,0.03729610639599712,1.6201214323532254,1.7693058579372138,20,1.6846191907411483,0.027677200121675186,1.6416092329667615,1.6717568422021118,1.683200738559386,1.6922286880278148,1.761220538422155,0.02047184582570294,1.6416092329667615,1.7229364567663692
b537,[#6X4;r3:1]~;@[#7X3;r3:2],1.4600337743759155,10300,1.458784104771136,0.027409045556423255,1.3382323965117244,1.4429151324578395,1.4581088613858386,1.4734854916178186,1.5929101810435358,0.030570359159979077,1.397059593717871,1.5193410303577872,1400,1.4624488062930694,0.0262647023848632,1.3659676403235195,1.4464543681826534,1.4617644852856329,1.477568891006697,1.5849273662016872,0.0311145228240437,1.3997825839465878,1.5242406752427626,84,1.463655721770053,0.011910270758768103,1.425153305044933,1.459055091085897,1.4665168481657807,1.471132917313231,1.484885463483834,0.012077826227333999,1.440938351744896,1.484885463483834
b538,[#6X4;r6:1]~;@[#7X2;r6:2],1.4668939113616943,9400,1.4790579781883357,0.029315345685380367,1.3278181188963722,1.4619429969640194,1.4785778857601455,1.4961143527622711,1.6167046221227321,0.0341713557982517,1.410685963266642,1.5473713864596488,1200,1.4783131013428537,0.02938949345716811,1.3736783062777551,1.4613335402476524,1.4787035652212075,1.4952600983595812,1.5809645031602826,0.033926558111928795,1.4104437030797592,1.5461499355274744,37,1.4668160853426468,0.015167477098812884,1.4390454699233226,1.4588868065549356,1.4635613079269005,1.4706001561044584,1.5096132860846752,0.011713349549522745,1.4413167822306514,1.4881701804287424
b539,[#7X2;r6:1]~;@[#7X3;r5:2],1.3462432622909546,8999,1.3680918372091364,0.027223039908478443,1.2038640152792235,1.3527807473555649,1.3680205862971666,1.3834062115394279,1.4864675579445763,0.030625464183863027,1.3068425510797703,1.4293444078152224,350,1.3682083442803223,0.027962993785259228,1.2779970363581759,1.3531617257109854,1.3699665801760736,1.384324299112558,1.4520658379948739,0.03116257340157258,1.3064178656086265,1.4310681592149168,4,1.3693408048295779,0.0066178064145998375,1.3628107512181695,1.3628107512181695,1.3685812781436568,1.3751113317550652,1.377389911812828,0.012300580536895644,1.3628107512181695,1.377389911812828
b540,[#6X3;r4:1]~;@[#6X4;r4:2],1.5356987714767456,8799,1.5109136907591758,0.033778767735337854,1.3488221179136122,1.4900981480714606,1.5113874008975432,1.531549644281918,1.6527607768284054,0.04145149621045752,1.4279209037557743,1.5937268885976044,650,1.507822989271075,0.03259922247242575,1.392751917196964,1.4891358308438143,1.5063568351427654,1.525157474117477,1.615004587162791,0.03602164327366264,1.4351033659333203,1.579189939027971,88,1.5196725037593146,0.01725590434044457,1.4759954984191972,1.5065727177383872,1.5200593713924002,1.5284652326317643,1.5687026717072918,0.02189251489337707,1.4759954984191972,1.5613040049718299
b541,[#6X4;r6:1]~;@[#7X4;r6:2],1.5237544775009155,8600,1.490143400555688,0.028569756071749938,1.3633523895619435,1.4731388294285597,1.4895656546037799,1.505934782227325,1.6225872202792724,0.03279595279876535,1.4239449002304116,1.555128711425473,1130,1.4920127751621375,0.029192193500819506,1.3762794565690375,1.475114424377956,1.4914002375377289,1.5081854867256343,1.5995515150213544,0.033071062347678426,1.4255078308564384,1.557792080247152,19,1.5228998585354252,0.016985634096509696,1.4880434916307355,1.510726716037376,1.5329692713451655,1.5394368046074058,1.539548771066532,0.028710088570029768,1.4880434916307355,1.539548771066532
b542,[#6X3;r7:1]~;@[#7X2;r7:2],1.1699159145355225,8550,1.322208959179488,0.03369034754046229,1.2009453995086867,1.3020156905204079,1.3175399144744186,1.33615371966167,1.4950239225759163,0.03413802914126207,1.250808646808515,1.3873607633735632,650,1.3231962328680371,0.032578602270173916,1.2324668066437054,1.3026910075081992,1.3179856534548309,1.3379863726416752,1.4389675952848697,0.035295365133475975,1.2497479598079853,1.3909294203418892,5,1.2844121781798017,0.006848359847770173,1.2741823573371691,1.2797219397885393,1.2847020045568838,1.2911162560118863,1.2923383332045297,0.011394316223346967,1.2741823573371691,1.2923383332045297
b543,[#6X3;r5:1]~;@[#6X4;r7:2],1.5040032863616943,8298,1.5102029922571567,0.03240117513871118,1.3826995003695766,1.4911889960129057,1.509471117663429,1.528212011694681,1.663839786422144,0.03702301568177524,1.435654472490243,1.5837465352173439,300,1.511135715686337,0.03152156765491385,1.4110572811610214,1.4942824128050933,1.5098845273512516,1.5286160160199487,1.6211046301084484,0.034333603214855346,1.4427820079828102,1.5801164208422316,4,1.5012724408814635,0.003630085942018026,1.497180699423798,1.4979085338517915,1.5013525291927645,1.5047164362224366,1.505204005716527,0.0068079023706451025,1.497180699423798,1.505204005716527
b544,[#6X4;r3:1]~;@[#6X4;r6:2],1.4822410345077515,7547,1.5428723835550324,0.035145035089248974,1.379416809031499,1.5224492386577955,1.542035278652589,1.562210416883142,1.6967383714149311,0.03976117822534664,1.4628074713197754,1.621852184221162,1050,1.5419811108193702,0.0328202225838569,1.4116416419781417,1.5216893535925324,1.5400479598764842,1.56020652154409,1.6557375589972423,0.03851716795155746,1.4639136016651961,1.617982273471426,141,1.5184621634214706,0.020145599613716977,1.4797778987823254,1.5025361966952129,1.5172256621606652,1.532363659708559,1.576201842536298,0.029827463013346156,1.4797778987823254,1.576201842536298
b545,[#6X4;r7:1]~;@[#8X2;r7:2],1.4235578775405884,7297,1.438417494453756,0.028483842718981522,1.3112466520076471,1.4219732475628677,1.4376008926534447,1.4539233446896305,1.571789190794236,0.03195009712676278,1.3740481018727235,1.5018484903797746,449,1.4376408101747327,0.0272121461430105,1.3403637125877865,1.423732928825471,1.4389538177283114,1.4514917456264715,1.522994550190918,0.027758816801000563,1.3820947036239701,1.4931299708279724,21,1.4274999651958733,0.01334390151405205,1.4083815373067186,1.4197893834967235,1.422050764797065,1.4347187556214966,1.4558745625489176,0.014929372124773188,1.4083815373067186,1.4558745625489176
b546,[#6X3;r6:1]~;@[#8X2;r7:2],1.3739033937454224,7247,1.372980397743359,0.026773455315673593,1.2395110906608928,1.357576820822611,1.3728707460291836,1.3878821886514956,1.496900769978855,0.03030536782888449,1.3121187690792844,1.4333402403948223,50,1.3754115953510972,0.02241687266192126,1.31664189320246,1.3630383319195374,1.3754095318145718,1.390820338789561,1.4267937085696667,0.027782006870023634,1.3213653216145018,1.4267937085696667,1,1.3589947008900702,0.0,1.3589947008900702,1.3589947008900702,1.3589947008900702,1.3589947008900702,1.3589947008900702,0.0,1.3589947008900702,1.3589947008900702
b547,[#6X3;r5:1]~;@[#6X3;r7:2],1.2381893396377563,6997,1.4499163518652443,0.04999336944191192,1.2676216092645767,1.4112650817959762,1.4589490661785904,1.4844077824658881,1.6145058514756039,0.07314270066991191,1.3015510307911082,1.5941218334707559,750,1.437707314991446,0.05019870121372538,1.2890610621098417,1.394328461694419,1.4472010017149262,1.4728498687465135,1.5891455036492224,0.07852140705209454,1.2890610621098417,1.5891455036492224,1,1.3399686004625815,0.0,1.3399686004625815,1.3399686004625815,1.3399686004625815,1.3399686004625815,1.3399686004625815,0.0,1.3399686004625815,1.3399686004625815
b548,[#16X4;r5:1]~;@[#6X4;r5:2],1.8442113399505615,6500,1.7990101778453125,0.03371558188547297,1.6580724077388334,1.779222136986657,1.7982095531808597,1.8185952587961496,1.9480976117423514,0.039373121809492595,1.720162454272418,1.8776549415103885,650,1.8020097684348793,0.0320435186826424,1.677632053949387,1.7840960796680625,1.8017848559402785,1.8197048276761527,1.929203421025883,0.03560874800809022,1.7306829576559273,1.8731179496882882,68,1.8316011497026077,0.020865393169290737,1.7773940430298107,1.824793577486013,1.8354885891570931,1.8431373302253555,1.8990300092858308,0.018343752739342634,1.797277948376999,1.8706529593343695
b549,[#16X4;r6:1]~;@[#6X4;r6:2],1.8481210470199585,6150,1.799312293249104,0.03435274218030687,1.6507837626950292,1.7787535905573295,1.798833564289886,1.8195480872818655,1.9463884383410506,0.040794496724535945,1.7175618454705255,1.8807398323686693,400,1.800370976108198,0.03482135239449705,1.6883493697052785,1.7798869511844488,1.8004205549991281,1.8196814821246283,1.9106064501865585,0.039794530940179484,1.7201951547741796,1.8793732785348976,78,1.8230918453087446,0.016563732614356043,1.7806864399082885,1.8156251173199167,1.822596708017327,1.8316984798694451,1.8874788897668182,0.016073362549528403,1.7915150734956242,1.8558085236937378
b550,[#7X3;r5:1]~;@[#8X2;r5:2],1.443549633026123,6098,1.421176460944901,0.030771811903745998,1.2836455443304662,1.4036549138896652,1.4208011353033305,1.4384064901324127,1.553785571759971,0.034751576242747495,1.351527549525544,1.490533854496534,400,1.4244897620867498,0.029596959892323,1.3395319269830983,1.4070080022655054,1.4244616257148917,1.442863952020659,1.5246615796908454,0.035855949755153604,1.3532240776327749,1.4966478766533893,44,1.4304859656537554,0.035569309361350235,1.3660630261429831,1.4102570084529789,1.4257016564255163,1.452061379134347,1.5287657246054969,0.04180437068136822,1.3660630261429831,1.5147679351563994
b551,[#6X4;r4:1]~;@[#8X2;r4:2],1.4071627855300903,6050,1.4317496729791475,0.028397971260208335,1.300882562619623,1.4158693187957914,1.4315474777338248,1.447008627496508,1.582411571946523,0.031139308700716573,1.3691603557447165,1.4937175905475828,150,1.4356865480757248,0.027739003199610063,1.364290385939891,1.4168772948148898,1.4348378839066669,1.453672280987299,1.5210251675528803,0.03679498617240928,1.364290385939891,1.5088647602459129,26,1.447855836216235,0.005695071031178102,1.436666631129497,1.4458592269242043,1.4484492855273357,1.4499651891355407,1.4658746019101894,0.004105962211336411,1.4397002836071997,1.4561241324525453
b552,[#16X4;r5:1]~;@[#6X3;r5:2],1.8531835079193115,5291,1.801014810408065,0.033174805606614094,1.667356371075952,1.780860168096078,1.8000581498661985,1.8201999871169587,1.988196324524049,0.039339819020880684,1.721850439564757,1.8792097156482797,450,1.8025688130202469,0.03377567172239459,1.6863425686265072,1.7832384826513996,1.8019365039829192,1.8224600351795168,1.9168786469427064,0.03922155252811721,1.7244061538592237,1.8812923639716925,12,1.7741303723892698,0.035134874575743144,1.7271188564994542,1.7421373440377192,1.7726622012629027,1.7899524131106317,1.8482888923250935,0.04781506907291244,1.7271188564994542,1.8482888923250935
b553,[#6X3;r6:1]~;@[#6X4;r3:2],1.458941102027893,5100,1.5202308111662024,0.033643522274842755,1.369982748106779,1.4994701043889802,1.520103911664284,1.5406328811035443,1.6651798160818716,0.04116277671456414,1.437725939317134,1.6023770461753906,600,1.5211742065616585,0.03332318427975323,1.4097892513500652,1.5008567773673613,1.5229430938185038,1.5414668165653846,1.6212236785046463,0.04061003919802331,1.4399417185703265,1.6023818753624197,71,1.4907697786991356,0.01417239209700202,1.4572300997894219,1.481527300514919,1.4893195898236948,1.4995412684367253,1.5258619054411837,0.018013967921806318,1.4572300997894219,1.5258619054411837
b554,[#6X3;r4:1]~;@[#6X3;r4:2],1.4704185724258423,5050,1.4134647332170052,0.05853561836740756,1.2474016820191771,1.3638384495414142,1.4161761899338292,1.4607220832077257,1.5879868319261647,0.09688363366631147,1.2474016820191771,1.5879868319261647,750,1.4001187374594743,0.05245172182808164,1.2479123163720314,1.3586255762267478,1.3938549815184098,1.4407855239479583,1.5718155280674613,0.08215994772121049,1.2479123163720314,1.564025445529774,36,1.4257395605988419,0.07437761650165275,1.3355608990905319,1.3510091123911563,1.442003395852005,1.4777892515517412,1.5745201702185232,0.12678013916058495,1.3355608990905319,1.5745201702185232
b555,[#6X3;r5:1]~;@[#6X4;r3:2],1.4897925853729248,4948,1.5066122385427145,0.03413463265420036,1.377902201935545,1.4847760355794148,1.5065310259078442,1.5283608887983404,1.637336375354022,0.04358485321892558,1.4193987557510264,1.5937381686267287,200,1.5015570008087078,0.032352997863241854,1.4086684352038779,1.4834109620268614,1.4990670798853618,1.5161124463987028,1.6055185891733024,0.032701484371841394,1.4343587354690994,1.565164672956465,36,1.4800461863370105,0.01712781039253731,1.446391190168862,1.4708524336426212,1.4812769458057562,1.492720120055801,1.5159621069536275,0.02186768641317971,1.446391190168862,1.5159621069536275
b556,[#6X3;r6:1]~;@[#7X2;r7:2],1.0828380584716797,4750,1.3744815879786785,0.043464999221129785,1.2202787500538927,1.3467240120776571,1.384379673193867,1.4027298858989612,1.5250683433558014,0.056005873821304064,1.262715201345701,1.4867386966309173,500,1.3610429729317488,0.04575054712052849,1.2309272304088443,1.3215866768853237,1.3661903759997451,1.3949573741403358,1.484607254855543,0.07337069725501211,1.2309272304088443,1.484607254855543,,,,,,,,,,,
b557,[#6X4;r8:1]~;@[#6X4;r8:2],1.5109213590621948,4700,1.5441834871580884,0.03343759367715429,1.399362845364608,1.5249631757977078,1.5433099805060877,1.5626028398809113,1.697182546956664,0.03763966408320352,1.4685036796729025,1.6190623360057166,800,1.5472609334005352,0.034966730366982134,1.418449193220381,1.5259839892346916,1.5441527352144924,1.5681938241856033,1.6913348068221497,0.042209834950911684,1.462669236808324,1.6315085766119708,39,1.5429622544575776,0.008724879812887726,1.5258172939055274,1.5364252124243127,1.5425012360369241,1.5487247333985388,1.563768192396065,0.012299520974226041,1.5258172939055274,1.563768192396065
b558,[#16X4;r6:1]~;@[#7X3;r6:2],1.71291184425354,4599,1.70367515280298,0.04840858095979408,1.5300480941961407,1.6713543347975528,1.7048048585914148,1.7360599980972253,1.8785270688219071,0.06470566329967253,1.574295839848044,1.8331184930467341,398,1.677670002848214,0.04251994323196988,1.5414070604372154,1.6505984999113632,1.6765322308163477,1.7024903011789316,1.8459345015146746,0.05189180126756843,1.5727607980100107,1.7803280030802844,31,1.7127363740558734,0.019713218309654244,1.6807703520661672,1.6994368870067371,1.7152658395215956,1.7273912212107838,1.7712218326136118,0.027954334204046694,1.6807703520661672,1.7693227225168537
b559,[#6X4;r4:1]~;@[#6X4;r5:2],1.5241496562957764,4600,1.5386086817455835,0.03460610338671003,1.382141235513025,1.5174497221785315,1.5372826591312183,1.5589432017718503,1.6772204648482614,0.04149347959331884,1.4552095027885532,1.6211834211618286,650,1.532191943344585,0.03318397220235439,1.3941250818397495,1.5117070496267047,1.5313960658909602,1.550774163637271,1.666839020763511,0.039067114010566284,1.4531063786108551,1.6093748346531203,11,1.527767191292748,0.01375004095397948,1.5086179909545412,1.5161397845789468,1.532698195545317,1.5341652160915717,1.5520115478554193,0.018025431512624923,1.5086179909545412,1.5520115478554193
b560,[#6X3;r4:1]~;@[#7X3;r4:2],1.3859697580337524,4499,1.374106777062638,0.026071627071120186,1.2528443343087377,1.3591112650678157,1.37301431977379,1.388575041250045,1.4764335122175984,0.029463776182229395,1.3149156007944716,1.4327707055233891,200,1.3890388509747458,0.02567096565000347,1.316157176753302,1.3745117678362422,1.3879581195432547,1.400161258153178,1.4696247187566742,0.025649490316935752,1.3360375323608387,1.4386354936285817,28,1.3701660857384643,0.01589006967764513,1.3428266298354612,1.3580556783672295,1.3716091293920658,1.383892978434135,1.404736442467725,0.025837300066905433,1.3428266298354612,1.404736442467725
b561,[#6X4;r5:1]~;@[#7X4;r5:2],1.557857871055603,4400,1.4830809869947248,0.02930431120423176,1.3479986857354773,1.466108478554344,1.4825456121013294,1.499879613552832,1.6307056904270882,0.03377113499848816,1.4154517760566117,1.5505363160505643,1398,1.4885432521210673,0.027988572111783055,1.389836816878704,1.471571309334315,1.4877420500799612,1.5049769182070334,1.5903615231115675,0.03340560887271837,1.4214628960252376,1.555085331516111,35,1.5093732462904164,0.014035562996832196,1.4845426275867237,1.4975948891138402,1.5167615000688617,1.519724771915873,1.5480108917213775,0.022129882802032874,1.4845426275867237,1.5480108917213775
b562,[#6X4;r5:1]~;@[#7X3;r6:2],1.4543559551239014,4350,1.4684745717576164,0.031396479656758285,1.3440756128164029,1.449962330013122,1.4682109681632554,1.4868926404971319,1.6083438056499282,0.036930310484009965,1.394566864287107,1.5422881062231468,498,1.468279980261796,0.029579452158300348,1.3604101685917693,1.449140756021802,1.4697913783554433,1.4866226404095424,1.582296421783314,0.03748188438774047,1.3929179294401912,1.542845466991153,11,1.4561308745850512,0.014828076711143981,1.4282845735128746,1.4485005751396853,1.4546480640562598,1.4595469454370775,1.4893249128624484,0.011046370297392194,1.431931019693597,1.4761165008831658
b563,[#16X4;r6:1]~;@[#6X3;r6:2],1.7986043691635132,4200,1.802459301420288,0.036463136060219545,1.662170461664172,1.7789921547728071,1.802403118084258,1.82491873759199,1.9511228673880263,0.045926582819182826,1.710102280544033,1.8938086118207642,448,1.8001828021266486,0.0344855179350279,1.6819631125870065,1.7756818390560034,1.7982064371607964,1.8217281171931685,1.9375894943423633,0.04604627813716511,1.7066124218502559,1.8907975343989163,22,1.7815192496851042,0.027929744400989685,1.7179519491754285,1.7653727800495522,1.7885106698995061,1.799053525766464,1.8372634730357542,0.03368074571691171,1.7179519491754285,1.8372634730357542
b564,[#6X4;r5:1]~;@[#6X4;r7:2],1.5179959535598755,4100,1.5491884584167588,0.03454163282464107,1.3987294895013305,1.5287042129903698,1.5480494053417297,1.5682374672536656,1.7080085518588308,0.03953325426329579,1.4694043315954262,1.6275373486486093,500,1.5485422313790151,0.03733792293319845,1.4004193137771734,1.526536700724304,1.5460621130423362,1.5704537763662318,1.6832680608638322,0.043917075641927816,1.4606610872614123,1.6363293898291236,17,1.5323518970323138,0.007179033318487419,1.5216532292655487,1.5247370977759644,1.533483748268272,1.5373163339324827,1.54480977343635,0.012579236156518236,1.5216532292655487,1.54480977343635
b565,[#6X4;r7:1]~;@[#7X3;r5:2],1.4369418621063232,3847,1.4730210451145067,0.028552239189679564,1.3497184426471631,1.4567438240838455,1.472682938104352,1.489223089626273,1.5914419596366258,0.03247926554242753,1.4080249257702042,1.5379419879399143,200,1.4696483055331353,0.028594165143223056,1.3740417786352743,1.4523783547758862,1.46738945867027,1.487052455641488,1.5538101655729208,0.03467410086560174,1.4003672034774834,1.5390636069398904,5,1.4599932812990233,0.0032812018368836102,1.4564494650936857,1.457178080029055,1.4598499248819217,1.4607760221952244,1.4657129142952292,0.0035979421661693767,1.4564494650936857,1.4657129142952292
b566,[#16X2;r7:1]~;@[#6X3;r6:2],1.7783856391906738,3550,1.766424252310078,0.03390114425024366,1.6099570307780762,1.7464944984463677,1.765363514698804,1.7853085261168848,1.92153026267369,0.038814027670517115,1.6882734569405922,1.8435295676226606,200,1.7700620131930447,0.03404881247429655,1.6408120179614134,1.7508231304052773,1.7690160216051836,1.7910202238440143,1.8676682155414774,0.04019709343873701,1.6905274902471716,1.8513158640021197,1,1.7822643256531712,0.0,1.7822643256531712,1.7822643256531712,1.7822643256531712,1.7822643256531712,1.7822643256531712,0.0,1.7822643256531712,1.7822643256531712
b567,[#15X4;r6:1]~;@[#8X2;r6:2],1.6322675943374634,3550,1.6335323252551612,0.033493733441463565,1.4627130361577603,1.614656385317113,1.6330521387049917,1.6520111095643513,1.7669682450961566,0.03735472424723829,1.5586242989462555,1.7080431959352087,650,1.6432677085926612,0.03322331489996335,1.5364558040097733,1.624194651310514,1.6411733792764356,1.6612064806566016,1.8035432313229367,0.03701182934608749,1.5686769072913829,1.7167242246757328,32,1.6316176588956939,0.019536132392216674,1.615034810375526,1.6223306306445666,1.627270426353565,1.6337842399783047,1.7111811238519818,0.011453609333738068,1.615034810375526,1.6509646539789118
b568,[#16X4;r5:1]~;@[#7X3;r5:2],1.7250171899795532,3500,1.7126258900694757,0.04283666884319552,1.4845550542555417,1.6848667029534383,1.7144955576946759,1.7398567157533704,1.8777480830564273,0.0549900127999321,1.6023816837535403,1.8223417349532687,150,1.7457966145739536,0.03595135930304891,1.5906955736648019,1.7248672987210645,1.741841739772157,1.768453937775997,1.8490365851153334,0.04358663905493243,1.6594873401386658,1.8338338963583956,20,1.7225429236055312,0.017152423201756063,1.6876414240530464,1.7130212964157843,1.7221874913457211,1.729422667650144,1.766194363583766,0.016401371234359807,1.6884192395642446,1.7540247245016838
b569,[#16X2;r5:1]~;@[#7X3;r5:2],1.7378960847854614,3350,1.69196176643572,0.03174570522846048,1.5466921100590962,1.6732517004991585,1.691251231501481,1.7099580660677671,1.8082957444980832,0.03670636556860862,1.6181921521462455,1.76501761442068,150,1.684663749029796,0.028842159849751442,1.5909713165600272,1.6672249074690118,1.6822141493482898,1.7014389607158207,1.750647095116048,0.03421405324680893,1.6159038275987982,1.750647095116048,28,1.6665391559193734,0.03769916182260947,1.6357866790342523,1.6426860756774406,1.6446119177988072,1.6908837400623038,1.7544624386916534,0.04819766438486317,1.6357866790342523,1.7544624386916534
b570,[#6X4;r7:1]~;@[#7X2;r7:2],1.4406954050064087,3100,1.478793898158478,0.028724910309310302,1.3541026321373737,1.4620798196955596,1.4778503312963578,1.4950230185583322,1.6262239082507444,0.03294319886277264,1.4126650214014007,1.5444378168524913,150,1.4809521976663382,0.02936312360565626,1.3738484960546833,1.4682179993509452,1.4807174368724243,1.4952201424316243,1.569891103342354,0.027002143080679053,1.4277147847299267,1.535723357052643,2,1.4552544011841815,0.005427366246224974,1.4498270349379565,1.452540718061069,1.4552544011841815,1.457968084307294,1.4606817674304065,0.005427366246224974,1.4498270349379565,1.4606817674304065
b571,[#6X4;r5:1]~;@[#8X2;r6:2],1.4015631675720215,3100,1.441741763554893,0.028242973424063834,1.3145338583238575,1.4252680243369915,1.441468761178337,1.4579922936250247,1.5658690981403742,0.03272426928803318,1.3761816204049417,1.5070786975570745,350,1.4426957360248875,0.028877622926784422,1.3497575754794633,1.428274604554426,1.4423031480696893,1.456638227391665,1.5624944598681907,0.028363622837239033,1.3857291702985672,1.4991836616475234,8,1.4280527817389892,0.00771507678934735,1.4126352390570383,1.4268362093516576,1.4302611306861537,1.4311553762563418,1.4394088093272561,0.004319166904684257,1.4203574589946313,1.4376341266133683
b572,[#7X3;r6:1]~;@[#7X3;r6:2],1.3790009021759033,2800,1.4447742342841279,0.028465181503478203,1.337773227357537,1.4282022251241622,1.443079054542324,1.4609221212506347,1.5607442058009962,0.032719896126472525,1.3791223809344535,1.5100019654403436,450,1.4400146228907735,0.02683560489649028,1.3641279906556252,1.4228188096520014,1.43819737809096,1.455932875804993,1.5378959316325278,0.03311406615299162,1.373147710422514,1.5056039750344805,25,1.4157422539001752,0.022699362936617937,1.3486798246730467,1.4049035994506986,1.4164402334270427,1.427852958120608,1.4651091518355943,0.022949358669909437,1.3704795614458345,1.4622769961254722
b573,[#16X2;r7:1]~;@[#6X4;r7:2],1.835172176361084,2750,1.8439560851637031,0.03495725560207677,1.7077407293051297,1.8247344581983163,1.8433470949862247,1.8632667031088734,2.0111569013935973,0.03853224491055718,1.7669360908324805,1.9210650704747092,250,1.857212713217523,0.036374087450953566,1.756179046535053,1.8342578965960263,1.8554633946965389,1.8779863424174994,1.9653709114024773,0.04372844582147306,1.7686652278638166,1.9435790111497089,14,1.8409790087878584,0.01052175822983416,1.829351018251873,1.831602075862607,1.8386221455577796,1.8490547865825566,1.8629581053776345,0.017452710719949582,1.829351018251873,1.8629581053776345
b574,[#16X2;r6:1]~;@[#6X3;r5:2],1.7643864154815674,2550,1.7607657916073625,0.03284025207977218,1.6340588667828435,1.7422872522733102,1.7604174884531707,1.779409886517892,1.928067168652321,0.03712263424458184,1.6866033009064374,1.8350938378847648,50,1.7631949686409398,0.032458374456302966,1.688057243632599,1.7466059194238943,1.7682033983639087,1.7797009592846285,1.8246092136626684,0.03309503986073414,1.696963359632793,1.8246092136626684,2,1.7527493210674978,0.0018086563733410443,1.7509406646941568,1.7518449928808273,1.7527493210674978,1.7536536492541683,1.7545579774408389,0.0018086563733410443,1.7509406646941568,1.7545579774408389
b575,[#16X2;r5:1]~;@[#16X2;r5:2],2.1600170135498047,2300,2.080561932011342,0.041939313289967764,1.9220395228647216,2.0562292052653977,2.079466483650366,2.1037302442767625,2.2909638503205514,0.04750103901136482,1.9849776467483504,2.17498180279381,450,2.083115931919982,0.03857630739654012,1.958624763223274,2.0607276663344134,2.080366123187263,2.109005369521409,2.1961847333539533,0.048277703186995424,1.9883111115539203,2.181421924301902,17,2.109691058903326,0.04229027119254116,2.0319117217369342,2.077496772208331,2.1117777898839534,2.154100397042738,2.1745006599671046,0.07660362483440686,2.0319117217369342,2.1745006599671046
b576,[#6X4;r4:1]~;@[#6X4;r6:2],1.479376196861267,2250,1.5496939901810038,0.0323290465994861,1.3955263732658851,1.5297157565166437,1.5493255501845344,1.5678006810574787,1.6652168576964081,0.03808492454083501,1.4725883697053912,1.6249280678687312,300,1.5521169923595224,0.03101318130015303,1.4737936453232514,1.5341599062223383,1.5501084480066982,1.5672368825087486,1.6514039483427045,0.033076976286410265,1.484544441792723,1.616852346938364,5,1.5343590754652296,0.008381351022333276,1.5232352346733062,1.5299913806728578,1.5348293354738078,1.5349639863326991,1.5487754401734775,0.004972605659841367,1.5232352346733062,1.5424228948224612
b577,[#6X3;r5:1]~;@[#8X2;r6:2],1.3828482627868652,2250,1.3745476408550936,0.028554717580342615,1.2574478897564005,1.3570822486048622,1.3737734440181888,1.3909392941897143,1.4962631016908137,0.03385704558485214,1.306296680227584,1.4417248625669925,100,1.365575930081959,0.02814650582079928,1.2868579052717568,1.3478967346708786,1.3674550313596294,1.381492025572397,1.4493246296372275,0.03359529090151847,1.2975037983186009,1.4318849619246747,4,1.3647057056201986,0.04461061725142154,1.2901478223042684,1.3503627012333985,1.3847770651348548,1.399120069521655,1.3991208699068167,0.0487573682882565,1.2901478223042684,1.3991208699068167
b578,[#6X3;r3:1]~;@[#6X4;r3:2],1.4758341312408447,1894,1.4869821798593552,0.04199739403725825,1.33793258156109,1.456348766661997,1.4904675638946046,1.5157566822259019,1.6460604931019067,0.0594079155639049,1.3672368933161396,1.6048685555717592,50,1.4997233481864953,0.023668406614290573,1.4520241578743487,1.4823154687295694,1.5017846922603324,1.5088660707980686,1.5744941835471744,0.02655060206849913,1.4520241578743487,1.5486919739008171,112,1.4349393586161392,0.03646294335448464,1.3122127249539302,1.4111467892525142,1.4334666320360208,1.4529386519403762,1.5662576067260856,0.04179186268786195,1.3484589952207213,1.5156264459721691
b579,[#6X4;r6:1]~;@[#6X4;r7:2],1.5177282094955444,1850,1.551858683251525,0.0333507853437543,1.4259199708943464,1.53246810768096,1.5506607749231676,1.570762074890734,1.6705498631693698,0.03829396720977396,1.4750271568662991,1.628203025705395,150,1.547570764721245,0.03422127808710222,1.4533289495603423,1.5300198481656593,1.5420443406692175,1.5631619020286633,1.6585092890373285,0.03314205386300406,1.4803067673711532,1.6128749828231694,2,1.555053285054199,1.0574408493280174e-07,1.5550531793101139,1.5550532321821564,1.555053285054199,1.5550533379262412,1.5550533907982838,1.0574408482177944e-07,1.5550531793101139,1.5550533907982838
b580,[#6X3;r7:1]~;@[#8X2;r7:2],1.3750251531600952,1800,1.36645926105293,0.031222760760770584,1.2452220283473796,1.348193918128236,1.3667089274926805,1.3848187598878423,1.475694466475437,0.03662484175960623,1.2932566554888267,1.4397560225272517,200,1.3681172028129875,0.031689780763298064,1.2817437753027712,1.3500808015425863,1.367855697322765,1.3852144944201692,1.4631618838277038,0.035133692877582945,1.2973802622262118,1.4379150337365436,3,1.373495900976587,0.01072898790268416,1.363816193847002,1.3660164726244213,1.3682167514018406,1.37833575454138,1.3884547576809192,0.012319281916958635,1.363816193847002,1.3884547576809192
b581,[#6X4;r7:1]~;@[#7X3;r6:2],1.4419108629226685,1747,1.4814131978460248,0.029086290492700007,1.3576151486437222,1.4647234210899736,1.4801634079447183,1.4968492583753321,1.5932072723412525,0.03212583728535856,1.4165346651619357,1.54503801430337,150,1.4925942702633903,0.030830807226117456,1.4041814876243344,1.476003745043981,1.4901066064051978,1.5058853652095383,1.5674576274020922,0.0298816201655574,1.4311813147956447,1.5507077954578743,2,1.4749505725846337,0.0010989956444699134,1.4738515769401639,1.4744010747623988,1.4749505725846337,1.4755000704068688,1.4760495682291037,0.0010989956444700244,1.4738515769401639,1.4760495682291037
b582,[#16X3;r5:1]~;@[#6X4;r5:2],1.890662431716919,1650,1.8195500367745074,0.03434998096223027,1.6947022244111383,1.8004791315961666,1.8186467826533343,1.8381901766580222,1.9841953231783636,0.03771104506185563,1.743912564003383,1.8947567442508055,550,1.8237412754812599,0.037138862187689435,1.7101390165104409,1.7999436725017737,1.8203597253685126,1.8474814687342151,1.9679155959395644,0.047537796232441476,1.7286369781531115,1.9187881630828774,22,1.8710328609445568,0.01382999759931919,1.8459475349161385,1.861241548470908,1.8727243617254148,1.8792500139043011,1.9009949327477464,0.018008465433393184,1.8459475349161385,1.9009949327477464
b583,[#6X3;r5:1]~;@[#7X3;r7:2],1.391348123550415,1450,1.3920993033924054,0.0289364691762589,1.2841176439833024,1.3740404088832718,1.3919749490876594,1.409440063528043,1.511933158128442,0.03539965464477124,1.320940926916115,1.4625395454952,,,,,,,,,,,,1,1.3854082386455844,0.0,1.3854082386455844,1.3854082386455844,1.3854082386455844,1.3854082386455844,1.3854082386455844,0.0,1.3854082386455844,1.3854082386455844
b584,[#16X3;r6:1]~;@[#6X4;r6:2],1.8680800199508667,1450,1.831589328109816,0.03545536147064546,1.7033393596728483,1.8101618789516318,1.829339731762488,1.8513836420942316,1.9573496533443553,0.04122176314259973,1.7483292342377323,1.9132162868081313,800,1.8382926976873748,0.03615407247496493,1.7015591360373759,1.8169987864192534,1.8383376615026554,1.859388856293525,1.9642801855910312,0.04239006987427163,1.7534136816078458,1.9229739611049323,48,1.86014149872368,0.01559094530045056,1.8418241607281953,1.8488917654893169,1.8555857641047302,1.8662240195248605,1.906355670447815,0.017332254035543615,1.8418241607281953,1.8922224005781758
b585,[#6X3;r5:1]~;@[#6X4;r4:2],1.5152957439422607,1350,1.5094862251084655,0.03263047445804055,1.3703377988070176,1.4897872761755715,1.5083638135693624,1.52992046859546,1.6241359976968919,0.04013319241988844,1.4295874875457388,1.5901202572252926,300,1.5097160772582696,0.033182457825436065,1.4128444483349263,1.490028101901636,1.5099972450737096,1.5282127246137236,1.6491142743094793,0.03818462271208767,1.4327511678335045,1.5854896586818552,3,1.521001739673799,0.021115750921204105,1.5021703683613323,1.5062583724906908,1.5103463766200493,1.5304174253300322,1.550488474040015,0.02415905283934139,1.5021703683613323,1.550488474040015
b586,[#6X3;r7:1]~;@[#7X3;r5:2],1.377707839012146,1250,1.3975731224932262,0.02528500324968127,1.2942222641693075,1.3820536690837268,1.3965818471001978,1.4129637794552832,1.5090298120145202,0.030910110371556332,1.3356885035263923,1.4593289450126177,50,1.3924883620220465,0.03406676879994275,1.286386145157272,1.3777676608802247,1.3900577745769396,1.407845167073058,1.4898433001393758,0.030077506192833336,1.3326514015909747,1.452961426362308,1,1.371008696117095,0.0,1.371008696117095,1.371008696117095,1.371008696117095,1.371008696117095,1.371008696117095,0.0,1.371008696117095,1.371008696117095
b587,[#16X3;r5:1]~;@[#6X3;r5:2],1.8558521270751953,1250,1.7968288204396703,0.038230803510955286,1.6676046871569008,1.7729376050944161,1.7997546937044686,1.8213303664591096,1.9090625345498682,0.048392761364693504,1.700348463047376,1.89391950850615,,,,,,,,,,,,3,1.7997459566288836,0.01975771330001935,1.7838657964202282,1.7858208144165306,1.787775832412833,1.8076860367332115,1.82759624105359,0.021865222316680866,1.7838657964202282,1.82759624105359
b588,[#15X4;r6:1]~;@[#7X3;r6:2],1.7504171133041382,1150,1.7114694922390536,0.03635815958668748,1.5689935767537904,1.6900695882195698,1.7122710153080805,1.7340090090666398,1.8376912797190117,0.04393942084707003,1.6241604569489647,1.7999181403372448,,,,,,,,,,,,9,1.7009989300374042,0.02217623072327109,1.6749771819873014,1.6843407716595307,1.696025913739075,1.714655837123905,1.7514014315097326,0.030315065464374236,1.6749771819873014,1.7514014315097326
b589,[#6X3;r6:1]~;@[#6X4;r4:2],1.4897853136062622,1150,1.523491606996075,0.033639454701468806,1.3945398720691882,1.5050051291558626,1.5255228420686646,1.5451797384896884,1.6210689010889578,0.04017460933382577,1.4447432151551238,1.605441652490427,150,1.530562362892303,0.03210544906880329,1.4450835129526425,1.5066124724279808,1.5296645941043463,1.555911833331436,1.6177777715803838,0.0492993609034551,1.4450835129526425,1.6177777715803838,,,,,,,,,,,
b590,[#6X3;r7:1]~;@[#6X4;r5:2],1.5030303001403809,1050,1.5306599526271283,0.03656709644349257,1.4006323984522762,1.5082994521250956,1.5299680283769943,1.551548622259183,1.6672779745055806,0.043249170134087356,1.4434256969239647,1.6164223774603141,150,1.512046215142505,0.026174132487242426,1.4236383592439168,1.498133248089767,1.5100861904787282,1.5276746046612644,1.6121173489941,0.02954135657149748,1.4538212132325206,1.5719866395185105,4,1.523613874505858,0.026937502423514774,1.4970125936030145,1.4970126554103262,1.520613638173696,1.547214857269228,1.5562156280730248,0.050202201858901674,1.4970125936030145,1.5562156280730248
b591,[#16X3;r6:1]~;@[#6X3;r6:2],1.8102693557739258,1050,1.8051756073816159,0.039192520356464845,1.6623547991807286,1.7790721876393845,1.8084715883792843,1.831202599337842,1.9581467378732438,0.05213041169845756,1.7008765700916981,1.9093982168855284,200,1.7920746417044364,0.043498213571419475,1.6681232131260701,1.760665474528801,1.7924333004217767,1.8243063897266594,1.907285341094897,0.0636409151978583,1.6681232131260701,1.907285341094897,3,1.8157487875069733,0.012729726983532275,1.7983623343278938,1.8093802717663832,1.8203982092048725,1.8244420140965132,1.828485818988154,0.015061742330130024,1.7983623343278938,1.828485818988154
b592,[#7X2;r7:1]~;@[#7X3;r7:2],1.376499891281128,1050,1.36872887113121,0.033807013908891355,1.2221753738523233,1.3529522705665826,1.371882908165853,1.3880550326755283,1.47389100194046,0.035102762108945695,1.3002981274031642,1.440709175838947,50,1.3824308774538412,0.02689486648273599,1.2890186054145116,1.3707463027410323,1.38514175491767,1.3975072468310086,1.4275852767849633,0.026760944089976313,1.3306048866060678,1.4275852767849633,2,1.360285798891943,0.002459042597665939,1.357826756294277,1.3590562775931099,1.360285798891943,1.361515320190776,1.3627448414896088,0.00245904259766605,1.357826756294277,1.3627448414896088
b593,[#16X4;r6:1]~;@[#7X2;r6:2],1.691637635231018,999,1.704965680227091,0.03954389760650198,1.5504205644392757,1.6819761915963136,1.7059664203154095,1.7291400352487143,1.8483986140286304,0.04716384365240067,1.6112304261177126,1.7998858007273153,50,1.7146636384281402,0.03197945889213962,1.6321809892697394,1.6913529880359728,1.7167378440393433,1.7404797690549096,1.7659060955130699,0.04912678101893686,1.6321809892697394,1.7659060955130699,13,1.665434632560522,0.025547933345235307,1.6290843902104761,1.651691551437531,1.6599657346088847,1.6811000451264848,1.7179037665999723,0.02940849368895382,1.6290843902104761,1.7179037665999723
b594,[#7X3;r6:1]~;@[#8X2;r6:2],1.4237135648727417,1000,1.4284485020244253,0.03261339301462009,1.3298589365020617,1.4082687656998598,1.4267583686445082,1.4464720729186848,1.569761554678495,0.03820330721882503,1.3509638048716224,1.5037770337469225,50,1.4354473536757482,0.026875127047931588,1.3805426536975867,1.4207913614024885,1.4366144967613879,1.450571877920252,1.4962261785501472,0.02978051651776359,1.3805426536975867,1.4952426526968976,,,,,,,,,,,
b595,[#6X3;r4:1]~;@[#6X3;r6:2],1.3055564165115356,950,1.3854318800862104,0.02873457207368468,1.2481824065007985,1.3685794245809746,1.3858927438682773,1.4017249184275349,1.4973346335344195,0.03314549384656029,1.3188611838111342,1.4514431591973753,150,1.3952826886750975,0.03260557748720116,1.3060921962699785,1.3727022396291748,1.3984300650072976,1.418753887189319,1.4738411672781058,0.04605164756014424,1.3060921962699785,1.4738411672781058,,,,,,,,,,,
b596,[#6X4;r5:1]~;@[#7X3;r4:2],1.4588466882705688,949,1.4731717298497085,0.030027257799590246,1.3539627470772928,1.455267288363286,1.4737360500417884,1.4897872109284755,1.5927255906886073,0.03451992256518954,1.4034874045155017,1.5415670947762599,50,1.4797437539396057,0.03118983054814231,1.4092186765424306,1.4616944808850003,1.4772057739116646,1.4980685413570278,1.5534006455596316,0.036374060472027514,1.4092186765424306,1.5526296320650692,,,,,,,,,,,
b597,[#16X2;r7:1]~;@[#16X2;r7:2],2.0487616062164307,950,2.0917661185681338,0.04297746032857374,1.9254491992270164,2.067341553613848,2.0913877534698706,2.1155590833234776,2.265905991980476,0.04821752970962967,1.9950152590494035,2.1878853778879224,200,2.0976963646163687,0.04803703664518863,1.9282674877686254,2.0710693200396233,2.0973978368222976,2.122943190732534,2.2114543945712075,0.05187387069291072,1.9932585140002572,2.2007539967719003,2,2.068687140473389,0.008520817732893482,2.060166322740496,2.0644267316069427,2.068687140473389,2.072947549339836,2.077207958206283,0.00852081773289326,2.060166322740496,2.077207958206283
b598,[#16X4;r4:1]~;@[#6X4;r4:2],1.8648909330368042,950,1.7905001968207939,0.03463557506308039,1.6785646952215958,1.769323128948555,1.7889483755114393,1.8101959707187958,1.9221279680821914,0.040872841770240864,1.7080138662931936,1.871505233374157,50,1.7698270218714014,0.027222787370125477,1.6797901944919795,1.7608545973784755,1.7717081366418324,1.782770061360561,1.857409740197758,0.021915463982085548,1.7279814014053472,1.8156432573336894,5,1.8453942396381795,0.01582029115249746,1.830278714389195,1.837605868708894,1.841187777583909,1.8419628041608687,1.8759360333480315,0.004356935451974575,1.8310704655309322,1.8484982073388305
b599,[#6X4;r3:1]~;@[#7X2;r3:2],1.4457224607467651,898,1.4644662596168085,0.03263976245683357,1.373126999901066,1.445124569242637,1.459662730504659,1.4803890814221914,1.606177484752652,0.035264512179554286,1.3922278009733056,1.5332858496915227,200,1.4596984527567856,0.024172727915995517,1.3834357459233697,1.4468306638079838,1.4583766343456546,1.4729446586911004,1.5397286091079578,0.02611399488311661,1.4076596714833087,1.5121156510157752,39,1.5052028715614085,0.0643720445948724,1.4326626187655958,1.4519673313785746,1.4807254935841256,1.5507650817362795,1.6944657768489362,0.09879775035770488,1.4326626187655958,1.6944657768489362
b600,[#16X4;r7:1]~;@[#6X4;r7:2],1.8551692962646484,900,1.8126755647454693,0.04124946166459671,1.6381104153438313,1.7893671647699252,1.8064916626892766,1.832047110210471,1.9677078238911248,0.04267994544054576,1.7253472466091067,1.8960670283712897,50,1.8002874671917504,0.02558814198505239,1.7271613139183797,1.781696786116195,1.7984697360794053,1.8185047920716708,1.8653717236195866,0.03680800595547584,1.7271613139183797,1.8653717236195866,9,1.819273153400796,0.006790809559639558,1.8088289751992195,1.8142687192650204,1.8175922662769772,1.8227870342409258,1.829648934584175,0.008518314975905383,1.8088289751992195,1.829648934584175
b601,[#6X3;r8:1]~;@[#6X4;r8:2],1.4802947044372559,900,1.5256028650817488,0.031310423295636436,1.4106557626008216,1.505723592068053,1.5255333756466434,1.543666391431536,1.6278111896533762,0.037942799363483104,1.4488093930228283,1.6005805904767607,150,1.5103109768104075,0.029423002943129283,1.4129516711862342,1.4959591789239575,1.5089554417746127,1.5244403650158143,1.6170497801855428,0.02848118609185679,1.4532373997861723,1.5671621441535994,8,1.5140446868637838,0.011417738714212363,1.49740932242313,1.5041448950991556,1.5139047627641986,1.522868505837792,1.5296209727317924,0.018723610738636376,1.49740932242313,1.5296209727317924
b602,[#6X3;r6:1]~;@[#7X3;r4:2],1.4305015802383423,800,1.4119646559059016,0.027624196448014136,1.2813668319742968,1.396737036856655,1.413257073244523,1.428478300992955,1.53515976698569,0.03174126413629996,1.349125140652205,1.4760901971974048,,,,,,,,,,,,,,,,,,,,,,
b603,[#16X2;r7:1]~;@[#6X3;r7:2],1.8002979755401611,800,1.7667877060513513,0.035427925031153426,1.6520508167728645,1.7461862243082984,1.7664704123299033,1.7853165641138125,1.890341642321653,0.03913033980551406,1.6874907146000273,1.8440120738220835,100,1.7650748090258224,0.03338517585277644,1.6716783739831609,1.7505183824571229,1.7651031983126253,1.7830284994533478,1.845325275114391,0.03251011699622497,1.7017532069627854,1.8317936749476853,2,1.8009094595384028,0.0013513928081115845,1.799558066730291,1.8002337631343468,1.8009094595384028,1.8015851559424585,1.8022608523465142,0.0013513928081116955,1.799558066730291,1.8022608523465142
b604,[#6X4;r8:1]~;@[#7X3;r8:2],1.4507931470870972,800,1.4831506108703996,0.028605953486519075,1.3492187674017215,1.4645970874493808,1.4831771586381604,1.5012081111428575,1.5928094308682232,0.036611023693476685,1.4096805519091657,1.5561246466830725,150,1.4926605376299567,0.02402974581402896,1.4212018618550077,1.4778912399144453,1.4918509894360483,1.5066804765897284,1.5716249769901862,0.028789236675283103,1.4347073849015206,1.549864331602653,2,1.4473595352321353,0.01207216134615896,1.4352873738859764,1.4413234545590559,1.4473595352321353,1.4533956159052148,1.4594316965782943,0.01207216134615896,1.4352873738859764,1.4594316965782943
b605,[#16X2;r3:1]~;@[#6X4;r3:2],1.8142616748809814,800,1.831224500770164,0.04564778556261083,1.7159599556766807,1.8039014244696499,1.8232425590737742,1.8439805528945579,2.0367303311052614,0.04007912842490802,1.7437827318322878,1.90409924553192,100,1.8195968637039357,0.027729879996361815,1.7390542910479614,1.80373079682125,1.8190964317460097,1.8355640708532444,1.901506116333775,0.03183327403199443,1.7559808857732584,1.8833139819012361,2,1.7259863098052999,0.0004461819275793921,1.7255401278777205,1.7257632188415102,1.7259863098052999,1.7262094007690896,1.7264324917328793,0.0004461819275793921,1.7255401278777205,1.7264324917328793
b606,[#16X2;r6:1]~;@[#16X2;r6:2],2.071582317352295,800,2.093253347518076,0.041718482377551915,1.957159871006967,2.0695508641273572,2.0924311684499295,2.119900282074715,2.254768404581817,0.05034941794735781,1.9940267372063205,2.195424408995752,,,,,,,,,,,,14,2.0786229421314877,0.022809296201566895,2.051307678151855,2.063135704401848,2.0638047029479187,2.104268315611255,2.121684215709993,0.041132611209407255,2.051307678151855,2.121684215709993
b607,[#6X4;r8:1]~;@[#8X2;r8:2],1.4473581314086914,800,1.438149241493935,0.02898269676606978,1.3449974017129738,1.4210203636610372,1.4367253788131742,1.4537999210226322,1.5338361001706062,0.03277955736159499,1.3718510276186446,1.5029692570650246,250,1.443078366889307,0.03322408375273019,1.3402906096205236,1.4261794387244098,1.4428438603569564,1.4624659545191911,1.5652817520622229,0.03628651579478137,1.3717496650322376,1.516895728211363,5,1.4282964660874125,0.002007347370305203,1.4257122720966933,1.4267757899285578,1.4286788044221514,1.4287291140254044,1.4315863499642565,0.001953324096846565,1.4257122720966933,1.4315863499642565
b608,[#16X2;r6:1]~;@[#6X4;r5:2],1.8509129285812378,750,1.843309572162135,0.03556489659515761,1.7463002420908367,1.8234903412826022,1.843411684963785,1.8631945901517237,1.9762905750566613,0.039704248869121495,1.7639339679789199,1.9227509634554059,,,,,,,,,,,,1,1.8715606144222472,0.0,1.8715606144222472,1.8715606144222472,1.8715606144222472,1.8715606144222472,1.8715606144222472,0.0,1.8715606144222472,1.8715606144222472
b609,[#6X4;r5:1]~;@[#7X2;r6:2],1.4607988595962524,750,1.4775867207372373,0.02856565045526925,1.3788328492332946,1.4599115854025444,1.4778449940158969,1.4946881339752158,1.5892485169009878,0.03477654857267143,1.4077467625435371,1.5468529568342229,150,1.4664178654352258,0.024863815991820314,1.4008192286541439,1.453844314557932,1.46743071920315,1.480566520558397,1.538970124254316,0.026722206000465043,1.4137610055572345,1.5206498295590947,5,1.4532905923395343,0.0098785206693824,1.4411324296140826,1.444989355391492,1.450957158544728,1.4629559898191138,1.4664180283282553,0.017966634427621697,1.4411324296140826,1.4664180283282553
b610,[#15X4;r5:1]~;@[#8X2;r5:2],1.6680773496627808,750,1.6282136975830162,0.033220653988964184,1.511482522733173,1.6092050944380079,1.6282456934458458,1.6465062689724772,1.7696541682563243,0.03730117453446935,1.5532533326363038,1.7024580307741812,100,1.6267602240048442,0.03646732489499113,1.5353796195585259,1.604313500436223,1.6229115957014746,1.6461884177689652,1.7249708886959099,0.04187491733274218,1.5415011244371097,1.7090007937680785,23,1.6376059811721395,0.0061200532243841765,1.627762655667415,1.6337841057966238,1.6372755494722966,1.6416971432587295,1.6523453712193568,0.007913037462105699,1.627762655667415,1.6523453712193568
b611,[#16X4;r6:1]~;@[#6X3;r5:2],1.8278030157089233,700,1.7954095518296715,0.0387294349795963,1.6908798376080036,1.7694480880789334,1.795488088013099,1.8195574190830213,1.9350656798721622,0.050109331004087876,1.6942840915728015,1.894721415589153,,,,,,,,,,,,8,1.7497934468747944,0.02746159858058691,1.6941532874705254,1.7422462537813614,1.7538396431716832,1.7643710816835008,1.7929792204806372,0.02212482790213932,1.7090590119281526,1.7929792204806372
b612,[#6X3;r6:1]~;@[#6X4;r8:2],1.488490343093872,700,1.5206417214831909,0.031222400983890456,1.4044775152999902,1.4999924711035804,1.521482942035857,1.5399715481959493,1.6320798126891893,0.03997907709236892,1.4400238554650269,1.5999401638345025,150,1.5213774976266896,0.03354331143236699,1.4248298210056372,1.501232863191618,1.5202721458653095,1.5386836009676266,1.639105091146495,0.03745073777600849,1.4450567565276053,1.5948597076316393,1,1.5132973537512706,0.0,1.5132973537512706,1.5132973537512706,1.5132973537512706,1.5132973537512706,1.5132973537512706,0.0,1.5132973537512706,1.5132973537512706
b613,[#16X4;r6:1]~;@[#8X2;r6:2],1.6864348649978638,700,1.6703613802568524,0.03089135705223636,1.5639730019338296,1.6519855653319175,1.6692001146170061,1.6869381265239296,1.787766660170272,0.034952561192012066,1.5995567235438994,1.7393669683119477,100,1.6731648803419048,0.031201010773692913,1.5968927548583949,1.6503493335251254,1.6752415558116076,1.6927418425243363,1.758971110172126,0.04239250899921099,1.5968927548583949,1.7563306060231527,5,1.6579290322696014,0.014859563940041372,1.6348065371881937,1.6516532449771895,1.6610757249356354,1.6616867093380434,1.6804229449089445,0.01003346436085395,1.6366030484359086,1.6767369058793244
b614,[#16X4;r7:1]~;@[#6X3;r6:2],1.8031644821166992,690,1.824300928351644,0.03137712571557449,1.7057031754213632,1.806065327369275,1.8239957773537114,1.8428004520207768,1.949417734771658,0.03673512465150175,1.7509626403920224,1.8979031389980294,150,1.8115069053143498,0.03469054177457026,1.7200056929706435,1.7930563808138957,1.8133789051697253,1.8350741529224042,1.885692263235267,0.04201777210850843,1.7300297226511332,1.885692263235267,2,1.8051931195605113,0.008534763859283978,1.7966583557012274,1.8009257376308694,1.8051931195605113,1.8094605014901535,1.8137278834197954,0.008534763859284089,1.7966583557012274,1.8137278834197954
b615,[#16X2;r8:1]~;@[#6X4;r8:2],1.7332769632339478,700,1.8431450278131856,0.035581755165813383,1.7006530017913486,1.8252710080536394,1.8421086665251079,1.8637791960552947,1.9670493820948851,0.03850818800165534,1.7675087260511564,1.9215414780577778,,,,,,,,,,,,2,1.862518489666504,0.01351401262914087,1.849004477037363,1.8557614833519334,1.862518489666504,1.8692754959810745,1.8760325022956448,0.013514012629141092,1.849004477037363,1.8760325022956448
b616,[#6X3;r7:1]~;@[#6X4;r6:2],1.503478765487671,700,1.5304650404155318,0.03836726596258159,1.3571264328427854,1.5032638577821513,1.5284949034229596,1.5545447094561862,1.6533443787201376,0.051280851674034844,1.4263425802710992,1.6314659869672385,100,1.5125627411431697,0.025196090251871802,1.4319911545848336,1.4983063014595672,1.5117290859153343,1.5264402921076394,1.595746251813979,0.028133990648072205,1.4561053154874588,1.5686412780797476,5,1.5149299078856155,0.0029983943014783958,1.5111756236449687,1.512307713998539,1.5151176212257353,1.5164757990946665,1.519572781464168,0.004168085096127427,1.5111756236449687,1.519572781464168
b617,[#16X2;r4:1]~;@[#6X4;r4:2],1.7916139364242554,700,1.8437047128538062,0.032684486831340745,1.6781340789224388,1.8244711504431022,1.8442396842378623,1.8614773504184252,1.9644238174736746,0.03700619997532306,1.7689618504801174,1.9169866503814097,300,1.8365855423258721,0.0340798948962611,1.7340196112017452,1.818196824632011,1.8337559245419457,1.8582325485121067,1.9678687696876818,0.040035723880095686,1.7581432388118676,1.9182861343322504,5,1.8644783127649436,0.03179387897458302,1.8364844080098506,1.8412036303577055,1.8524066344358219,1.8680667421906119,1.9242301488307278,0.02686311183290635,1.8364844080098506,1.9083614099399715
b618,[#6X3;r3:1]~;@[#6X3;r3:2],1.3063688278198242,697,1.392846016100454,0.05917803657767464,1.2389064317174443,1.3490317546004698,1.3759806368340508,1.4433608696223381,1.5581461357323139,0.09432911502186836,1.2389064317174443,1.5581461357323139,200,1.4320155315959873,0.059944781318457055,1.256286436988558,1.3801911520939687,1.4455792786178763,1.474248468729276,1.5493257506879667,0.09405731663530736,1.256286436988558,1.5493257506879667,45,1.3587323229863761,0.06876599386037947,1.294212180476053,1.3103134551153077,1.3316059100875324,1.449157702243782,1.4757163566516853,0.13884424712847432,1.294212180476053,1.4757163566516853
b619,[#7X3;r5:1]~;@[#7X3;r6:2],1.3216686248779297,700,1.4351571508440533,0.025497667688139283,1.3476533071446621,1.4207737283173503,1.4342205342438434,1.4496538857601735,1.5233983170301368,0.02888015744282324,1.3774534921531154,1.4929741219244084,100,1.4294557515173774,0.025088963787836094,1.347792474109369,1.4182299512720236,1.4283364531216267,1.4439008608911243,1.5021144554736228,0.02567090961910079,1.3797235868433724,1.4824072253197755,,,,,,,,,,,
b620,[#16X4;r5:1]~;@[#7X2;r5:2],1.7759392261505127,650,1.7297546614184522,0.03562946390266999,1.5812382400862197,1.708898739616469,1.7297378083308244,1.7511825813494521,1.8587154764816944,0.04228384173298316,1.6454729770169942,1.814608343948927,,,,,,,,,,,,8,1.6969851668712774,0.05941561548338921,1.5747819942525814,1.6708842345445976,1.7119776520770174,1.7279706660262821,1.7812626353038505,0.057086431481684574,1.5852545873220707,1.7812626353038505
b621,[#6X3;r4:1]~;@[#8X2;r4:2],1.3356908559799194,650,1.339125213473237,0.03261806353728767,1.237215670399827,1.3174863166398088,1.337747681678299,1.3594740275039083,1.4919667037520163,0.04198771086409958,1.2545047503436595,1.4224555938000578,,,,,,,,,,,,2,1.319025411015209,0.034234707942709,1.2847907030725,1.3019080570438546,1.319025411015209,1.3361427649865636,1.353260118957918,0.034234707942709,1.2847907030725,1.353260118957918
b622,[#15X4;r6:1]~;@[#6X4;r6:2],1.8425194025039673,650,1.8461902404983703,0.05345722312934411,1.637972644178944,1.8118576267337396,1.8435285481823793,1.87544686143225,1.9974444232527104,0.0635892346985103,1.7164737746859742,1.9708307134800154,150,1.84509941923209,0.04235159172173679,1.735671024327221,1.8166531997763662,1.8464426168778116,1.8693962787852978,1.9489416086346105,0.052743079008931604,1.7375385812629687,1.948510897298695,13,1.8335237082792823,0.022615096214740064,1.7883476312644282,1.828876865701242,1.8397186173125957,1.8474224500844096,1.8668838196126598,0.018545584383167668,1.8010584891264905,1.8668838196126598
b623,[#15X4;r5:1]~;@[#7X3;r5:2],1.7658461332321167,650,1.7101495645541303,0.03048199787735217,1.5981787408734776,1.6934598316647433,1.71113920820614,1.7294831068985865,1.8231136838231794,0.03602327523384319,1.6394249188139787,1.7835180197493514,150,1.6857324008337682,0.03208924531524336,1.5772569898338389,1.6676977417352823,1.6852188187971728,1.7023393728958407,1.8003993303510932,0.034641631160558406,1.6157352949944448,1.7543018196366784,20,1.6953629064318996,0.01916319904975563,1.6564974293375747,1.6933821525280561,1.7029324446082854,1.7043941973135555,1.7286835636395657,0.01101204478549933,1.6768640853498071,1.7209122644918045
b624,[#15X4;r5:1]~;@[#6X4;r5:2],1.8840900659561157,600,1.800764978819522,0.05218802962269069,1.653092188809025,1.7716545891354656,1.7936017922853402,1.831221949948202,1.9726044315869309,0.0595673608127365,1.6823035479163608,1.9205729911673068,150,1.8042320258903373,0.04517851131202526,1.7010705846171994,1.7784382607450586,1.804208874395131,1.8217341049995592,1.944902454323631,0.043295844254500615,1.7134944943633077,1.8866778713813102,14,1.8311836343155454,0.023573517476588878,1.7766811996068603,1.8222330551688088,1.836598448947364,1.8444013588448764,1.8680969633412123,0.02216830367606759,1.7889805996547075,1.8680969633412123
b625,[#6X3;r5:1]~;@[#7X2;r7:2],1.1717087030410767,550,1.359532463368592,0.046764980725824155,1.2287900484905698,1.3176036251443084,1.3691225882964306,1.3947275396223084,1.4834221878895448,0.07712391447800004,1.2287900484905698,1.4834221878895448,50,1.391655550298792,0.029933632494037656,1.3049822285918324,1.3746851676454104,1.3867986548793623,1.4055227115376934,1.4723059118077393,0.030837543892282993,1.328428851806986,1.451779027376118,1,1.3901291411842296,0.0,1.3901291411842296,1.3901291411842296,1.3901291411842296,1.3901291411842296,1.3901291411842296,0.0,1.3901291411842296,1.3901291411842296
b626,[#16X2;r6:1]~;@[#6X4;r4:2],1.823904037475586,550,1.8369296243055868,0.034623281647290345,1.709522939084709,1.8176028947330778,1.8356796521642518,1.8556197657968418,1.9946757270956466,0.03801687106376406,1.7605775881374317,1.912645072392488,,,,,,,,,,,,,,,,,,,,,,
b627,[#6X4;r6:1]~;@[#7X4;r5:2],1.5331979990005493,550,1.4857683643036195,0.028550202843175533,1.3857700312041277,1.4692464876798421,1.4863057284436159,1.5021891806379621,1.594653631455389,0.03294269295812002,1.419832448242662,1.5516032200751422,349,1.4896266033121008,0.028220566464481574,1.408697997956137,1.4728201143907644,1.488473130439382,1.5028848459464188,1.6003622002710147,0.030064731555654367,1.427723017057283,1.5479819432799005,2,1.5191927532740488,3.1387411394745435e-05,1.519161365862654,1.5191770595683514,1.5191927532740488,1.519208446979746,1.5192241406854434,3.138741139463441e-05,1.519161365862654,1.5192241406854434
b628,[#6X4;r4:1]~;@[#8X2;r5:2],1.438398003578186,549,1.4333625887308952,0.028288099828492567,1.3089228325299724,1.4157616907253272,1.4325942950751294,1.4503269062392712,1.530544710261536,0.03456521551394398,1.3639138674544111,1.502174729510187,,,,,,,,,,,,4,1.4458287878912188,0.01613524031192796,1.4184174767548023,1.4427190317216572,1.4526180221935885,1.4557277783631501,1.459661630422896,0.013008746641492985,1.4232059117594176,1.459661630422896
b629,[#6X3;r5:1]~;@[#7X3;r4:2],1.4401230812072754,550,1.403156755823637,0.027715858183899288,1.3069917725453848,1.3861904791855693,1.4023421912137883,1.4182169262119015,1.504827162380358,0.03202644702633228,1.3381508086460707,1.4662565967513999,150,1.3998082251833681,0.026477257814573156,1.3142381114706891,1.3843149866341702,1.401765995772668,1.4146438505353822,1.4777148558038107,0.030328863901212033,1.338821690782352,1.4601371463872002,1,1.4348148822618862,0.0,1.4348148822618862,1.4348148822618862,1.4348148822618862,1.4348148822618862,1.4348148822618862,0.0,1.4348148822618862,1.4348148822618862
b630,[#16X3;r5:1]~;@[#7X3;r5:2],1.7884167432785034,550,1.7398928570800327,0.04044654536022939,1.6160586882965664,1.71421270328719,1.740642348799919,1.7642428829998076,1.8554296215292794,0.05003017971261747,1.639167433718264,1.839288152568734,,,,,,,,,,,,7,1.7596117322669806,0.013274737990551509,1.7473246391564672,1.7502883589995326,1.7525995868200595,1.7679489560010793,1.7808832698911148,0.017660597001546652,1.7473246391564672,1.7808832698911148
b631,[#8X2;r6:1]~;@[#8X2;r6:2],1.4676716327667236,550,1.4673944449795107,0.03256362023914185,1.3613512237677523,1.4488812185231417,1.4655442263736806,1.4841878373874262,1.571169258291158,0.035306618864284545,1.3959212902267149,1.537147765683853,,,,,,,,,,,,19,1.464228171317383,0.008068757807274476,1.454874488713779,1.461527726406495,1.4631621246994602,1.463940136213681,1.4968180988338147,0.0024124098071860445,1.457909111695716,1.46755875092446
b632,[#15X3;r5:1]~;@[#8X2;r5:2],1.7909870147705078,550,1.618357720284036,0.031912534939784035,1.5270173560834313,1.601172299067014,1.61779845502039,1.6362035516588946,1.7449546132477127,0.03503125259188056,1.5486254201791931,1.6887504305467154,,,,,,,,,,,,8,1.6310100182201277,0.0009954848063133917,1.6292002234112293,1.6306160029878987,1.6313896658007823,1.6317391046802934,1.6320759279442543,0.0011231016923947124,1.6292002234112293,1.6320759279442543
b633,[#6X4;r4:1]~;@[#7X3;r5:2],1.4166302680969238,550,1.4685628529757209,0.031711796604885795,1.3484696335483577,1.4507841621697621,1.467706498523057,1.4884747543832648,1.5837418788058233,0.03769059221350268,1.3942482738495081,1.5450106427035188,,,,,,,,,,,,4,1.4539807589225189,0.023906212849118685,1.4190317146189626,1.4395105037512106,1.4572878181933833,1.4717580733646916,1.4823156846843468,0.032247569613480964,1.4190317146189626,1.4823156846843468
b634,[#8X2;r5:1]~;@[#8X2;r5:2],1.439614176750183,500,1.4612283733344607,0.0321093480312218,1.3575571011675174,1.4452256865707171,1.4617310687070761,1.478791003507523,1.5895498750161343,0.033565316936805756,1.3948777111655084,1.5291389789127314,50,1.4395211239205454,0.030820013493925217,1.357434952252595,1.4192534102095338,1.4447472697723835,1.459245991670004,1.4997389294443235,0.039992581460470245,1.3592645380188284,1.4997389294443235,13,1.4473350887299472,0.07326264448997011,1.2736387946145569,1.4695611865335874,1.4772705385732345,1.4842115099266544,1.4901125646933846,0.014650323393067044,1.4475857014439868,1.4901125646933846
b635,[#6X3;r6:1]~;@[#6X3;r8:2],1.3150634765625,500,1.443222669680097,0.052485946452430106,1.3220854200015406,1.3977148710348286,1.4532600719678315,1.482290542297295,1.6249968404305066,0.08457567126246635,1.3220854200015406,1.6091540491909946,200,1.4590638810348275,0.05235454613831881,1.3091468697111746,1.4168948019556171,1.4704482742449652,1.4973873758023606,1.5946199872708247,0.08049257384674346,1.3091468697111746,1.5946199872708247,,,,,,,,,,,
b636,[#7X2;r7:1]~;@[#7X2;r7:2],1.1129740476608276,500,1.3266065392889486,0.05355828122324469,1.2176828588475321,1.2824529531317825,1.3095023997547153,1.3724961379952012,1.4719420305820785,0.09004318486341867,1.2176828588475321,1.4719420305820785,50,1.3732092910724645,0.03208881344321154,1.3065155626424032,1.3571003617721056,1.3746356361413208,1.39463451392538,1.4403712378435156,0.03753415215327438,1.3065155626424032,1.4403712378435156,,,,,,,,,,,
b637,[#6X3;r8:1]~;@[#7X3;r8:2],1.3707683086395264,500,1.3917655506070181,0.028259912548530945,1.2964132077087183,1.3726900038630314,1.392795287148874,1.4098163499167269,1.5115939650118893,0.03712634605369547,1.317000484782488,1.46550586899727,,,,,,,,,,,,2,1.3811805073269818,0.00036251970384493237,1.380817987623137,1.3809992474750594,1.3811805073269818,1.3813617671789045,1.3815430270308269,0.0003625197038450434,1.380817987623137,1.3815430270308269
b638,[#15X4;r7:1]~;@[#8X2;r7:2],1.6311538219451904,450,1.642271969359202,0.03222974487812601,1.543533862330784,1.6241500899505086,1.6405920225686623,1.6588767528070085,1.7809893099053429,0.034726662856499946,1.5720600956657587,1.7109667470917584,100,1.632327282453261,0.033465277394898366,1.5366057453890265,1.6151297100194197,1.6340282069297947,1.6513785172349125,1.7316802180022461,0.03624880721549273,1.5607564991961806,1.7057517280581516,5,1.6287033591151683,0.019338092911737968,1.6068600837191416,1.6164662185467116,1.617099354133904,1.6458558065078728,1.6572353326682108,0.0293895879611612,1.6068600837191416,1.6572353326682108
b639,[#7X2;r6:1]~;@[#8X2;r6:2],1.4242693185806274,450,1.4386360122398532,0.03105376217743015,1.3569123900662015,1.4201447637421147,1.43720731556574,1.4553056284739414,1.549121598851018,0.03516086473182667,1.3674034666443746,1.5080469255716813,,,,,,,,,,,,1,1.4338013560372898,0.0,1.4338013560372898,1.4338013560372898,1.4338013560372898,1.4338013560372898,1.4338013560372898,0.0,1.4338013560372898,1.4338013560372898
b640,[#6X4;r3:1]~;@[#8X2;r6:2],1.3904883861541748,450,1.4394410775550204,0.027296294518279404,1.34077122076331,1.4232307463803147,1.438744407310473,1.4546557895837011,1.542263016548666,0.03142504320338646,1.3760931815752349,1.5017933543887807,,,,,,,,,,,,5,1.4341500390532915,0.007785354678416752,1.419473862279871,1.435984347397944,1.4360128285520384,1.4364330372536889,1.4428461197829145,0.000448689855744977,1.4353113126143264,1.4371060720373063
b641,[#16X2;r5:1]~;@[#6X4;r4:2],1.8414311408996582,450,1.8361959866796704,0.03594272015392855,1.7181746068411181,1.8155029242352165,1.836163594872905,1.856348778801875,1.9587404897354888,0.04084585456665857,1.7542341423852288,1.917617560651863,50,1.8340518797169691,0.039428001283144616,1.722301752430623,1.8149612627781397,1.8400671639202022,1.8553267654369625,1.94301939902541,0.04036550265882277,1.7544130087899057,1.9158750194251968,2,1.8585059332676472,0.012797360221405651,1.8457085730462415,1.8521072531569442,1.8585059332676472,1.86490461337835,1.8713032934890528,0.012797360221405762,1.8457085730462415,1.8713032934890528
b642,[#6X4;r3:1]~;@[#7X3;r5:2],1.4379974603652954,450,1.4579664231809453,0.02826846355034946,1.3529107537761635,1.4428663154690688,1.4583628047076371,1.4729416327689129,1.5794036938686455,0.03007531729984403,1.3977533395193027,1.5180546087186788,100,1.4524739112273486,0.02781145567432565,1.3455677775132455,1.435270386448626,1.4531022161238574,1.4674814361951725,1.5318196630261616,0.03221104974654643,1.3869538118288065,1.5157980108149922,4,1.4729069708707472,0.010122774651598703,1.4560177089620552,1.4710352558301576,1.4763233808411418,1.4781950958817311,1.4829634128386493,0.007159840051573552,1.4602954957527974,1.4829634128386493
b643,[#6X4;r3:1]~;@[#6X4;r7:2],1.4477007389068604,450,1.5344193817183687,0.03443634438586762,1.420043654693816,1.513223752396013,1.533485358693751,1.5544946484572963,1.6639380103892196,0.04127089606128331,1.451317408304088,1.6164009925492213,50,1.5579728653882277,0.046271166842160406,1.4577151017431882,1.531672050680512,1.5546908676192848,1.5901314467380285,1.643571120611697,0.0584593960575166,1.4577151017431882,1.643571120611697,,,,,,,,,,,
b644,[#6X3;r3:1]~;@[#8X2;r3:2],1.4525843858718872,450,1.352393870595874,0.031128371645073233,1.2521278919153724,1.3344886305746115,1.3504539810175522,1.3685673150821023,1.457400888639683,0.03407868450749074,1.2833706038133754,1.4196853418433384,50,1.338275270682824,0.023544417384380005,1.2877399232457984,1.3247349375348867,1.3422879206058358,1.3532089918695271,1.4106949237561752,0.028474054334640453,1.2877399232457984,1.3959200733714878,4,1.3589590740376114,0.03347471017851919,1.3246138016680344,1.3259282735147233,1.359373552561799,1.392404353084687,1.3924753893588133,0.06647607956996371,1.3246138016680344,1.3924753893588133
b645,[#6X4;r5:1]~;@[#6X4;r8:2],1.4997899532318115,450,1.5532248223246767,0.036450611687788424,1.4371308043602762,1.5317796498768381,1.5537972820325856,1.5723011219047858,1.6604011954642723,0.04052147202794765,1.4709974418349168,1.6330833299467074,100,1.5570272874183937,0.0319865568991587,1.45604718025959,1.539570109317868,1.555529588543775,1.5751050547009005,1.6473293773862123,0.03553494538303248,1.4862676912433193,1.6284074727754492,6,1.5409181349604688,0.010946852074362641,1.5250346433549808,1.5329341587107683,1.5406726589231148,1.5495913679756739,1.5562099189284222,0.016657209264905548,1.5250346433549808,1.5562099189284222
b646,[#16X3;r7:1]~;@[#6X3;r6:2],1.8176133632659912,400,1.8116143578762887,0.04089645769363302,1.6106567174320296,1.7856647004234167,1.8150856140247762,1.8370807216026617,1.9568563824834695,0.05141602117924493,1.7085406686545492,1.914204753371529,,,,,,,,,,,,1,1.8260273943727972,0.0,1.8260273943727972,1.8260273943727972,1.8260273943727972,1.8260273943727972,1.8260273943727972,0.0,1.8260273943727972,1.8260273943727972
b647,[#7X2;r3:1]~;@[#7X2;r3:2],1.2014563083648682,399,1.2922511398249212,0.028067496678347497,1.169780017830616,1.2777786140104637,1.2925839844585718,1.3059040181346036,1.390800722638169,0.028125404124139886,1.235590507824254,1.3480921243208135,100,1.2898661368257394,0.028028619811868626,1.187872453760574,1.2756277752831777,1.287823988277962,1.3032892686238156,1.378836818976017,0.027661493340637833,1.234135535272221,1.3447815086347723,28,1.242792324902014,0.004383448079470901,1.2283001408223118,1.2429204347001797,1.2450243994872736,1.2450244727728832,1.2450246103797236,0.00210403807270354,1.2397643775911242,1.2450246103797236
b648,[#6X3;r5:1]~;@[#7X4;r5:2],1.533079743385315,400,1.4633474633381796,0.03410154896353294,1.3441818863887758,1.4419854768228866,1.4653577618981461,1.4831259186250905,1.5816449340780565,0.041140441802203886,1.3802748141195806,1.5448365813283962,150,1.4771769078702326,0.03159303716654844,1.3829732076259278,1.4601594042515562,1.4781100387649495,1.4929343173201686,1.5842445371759524,0.032774913068612355,1.4109970346486378,1.5420966869230872,10,1.4574864827234228,0.02379074385585525,1.4238429958216374,1.4372956353522004,1.456064644675788,1.473750979821025,1.5024499706416208,0.0364553444688247,1.4238429958216374,1.5024499706416208
b649,[#6X3;r5:1]~;@[#6X4;r8:2],1.498809814453125,400,1.5168584837500994,0.03241198392439275,1.427484723637619,1.4977137867405932,1.5143082774365788,1.5353488526608987,1.6469949168185478,0.03763506592030552,1.441261187860135,1.591801451541357,,,,,,,,,,,,4,1.4861789593404657,0.0005530700487658023,1.4855714110984506,1.4856552502484381,1.486206307949434,1.4867300170414617,1.486731810364544,0.0010747667930235405,1.4855714110984506,1.486731810364544
b650,[#6X4;r6:1]~;@[#7X3;r7:2],1.4355396032333374,397,1.4766783733453215,0.03463251536348235,1.363037284035801,1.4586833228034244,1.4777749648688892,1.497616924574217,1.5822391218434066,0.038933601770792636,1.4002829201472355,1.556017327230406,50,1.4759279547958442,0.02840885794990452,1.4153715480238362,1.462014990866675,1.4725685718065447,1.4895771463344143,1.5540277770600395,0.027562155467739213,1.4206717576650663,1.5309203795360231,1,1.475768501382929,0.0,1.475768501382929,1.475768501382929,1.475768501382929,1.475768501382929,1.475768501382929,0.0,1.475768501382929,1.475768501382929
b651,[#15X3;r6:1]~;@[#7X3;r6:2],1.6924630403518677,400,1.7709493992115732,0.03954094221801035,1.6498395867311124,1.745005127354157,1.7769328451735973,1.7976175697323513,1.876099867737602,0.0526124423781944,1.6660864637868653,1.876099867737602,50,1.7352135064511072,0.02533118080079257,1.6676088429993945,1.7206247740177338,1.735527151644954,1.753674334683924,1.7944414199487406,0.03304956066619025,1.6710504330184484,1.7944414199487406,,,,,,,,,,,
b652,[#6X3;r3:1]~;@[#6X3;r6:2],1.3985605239868164,400,1.3898917684741874,0.028700791964518805,1.2857635891451629,1.3718798581279381,1.3898654920614395,1.4071753322299103,1.485142365479071,0.0352954741019722,1.3189366469749797,1.4601185433828685,50,1.370074545104791,0.024322801733454018,1.3069285105165893,1.3565255100670064,1.3706736752952264,1.3847486415008143,1.4235889765983745,0.028223131433807946,1.3141908129162945,1.4235889765983745,2,1.3447097496942169,0.000147038388919718,1.3445627113052971,1.344636230499757,1.3447097496942169,1.3447832688886767,1.3448567880831366,0.000147038388919718,1.3445627113052971,1.3448567880831366
b653,[#15X5;r4:1]~;@[#7X3;r4:2],1.666272521018982,400,1.7481180576436963,0.02808505607188547,1.6702367831725267,1.7319405495723363,1.7475282494649906,1.7630173802620377,1.8581015870716915,0.03107683068970135,1.6853253035377844,1.8096326262965898,200,1.732238057946163,0.030980877947542937,1.6350816344895986,1.7134394219277398,1.7287590286829522,1.7479064645284705,1.8136767048706413,0.034467042600730746,1.6617388580266437,1.7996070284295667,,,,,,,,,,,
b654,[#15X3;r5:1]~;@[#7X3;r5:2],1.852158784866333,396,1.7267863627241746,0.028297219816356523,1.644935533107249,1.7085680075808694,1.725702540786064,1.74384287637228,1.836402088075212,0.03527486879141062,1.6556557043937534,1.796755179559396,,,,,,,,,,,,,,,,,,,,,,
b655,[#6X3;r7:1]~;@[#7X3;r6:2],1.3404067754745483,400,1.4012390655650284,0.025830138581301974,1.3137167886645098,1.38755625031242,1.4016579146471804,1.414146733925507,1.476982973648615,0.026590483613087024,1.3476705248927894,1.4540324593451375,100,1.4008487922873971,0.024931111355316015,1.3249041363599123,1.3863842910164987,1.3979713809124856,1.4137705868677415,1.4771503938263004,0.027386295851242748,1.3453048472396345,1.4548500306446055,,,,,,,,,,,
b656,[#15X4;r6:1]~;@[#6X3;r6:2],1.8084901571273804,400,1.7651134457883157,0.05462454704706916,1.604081892970249,1.7249917689437368,1.7645255795993329,1.7971450612166782,1.94891056992914,0.07215329227294132,1.6167618305343248,1.90537499962609,200,1.8220693559661691,0.042010593119859795,1.6959158013715214,1.798246146963535,1.82183608963989,1.8480823112055365,1.9658718960252521,0.049836164242001546,1.7234919006005325,1.9228365575685387,8,1.7951930198888864,0.007840611668095531,1.7860627661262753,1.7896234708980228,1.7941835971584301,1.7979842526115344,1.807665802493094,0.008360781713511622,1.7860627661262753,1.807665802493094
b657,[#16X4;r5:1]~;@[#6X4;r4:2],1.8205859661102295,350,1.8135079016312416,0.03473759615104662,1.694239303863652,1.7951852509417288,1.8139034906728657,1.8315979380916967,1.940401426579745,0.036412687149967926,1.7405662202167769,1.8862169688166486,50,1.8101584565213882,0.03342499576294729,1.7279103780949518,1.7922796103420544,1.8105256370043215,1.8286803161191785,1.8871134754343932,0.036400705777124065,1.7376785516763684,1.8832813747848647,,,,,,,,,,,
b658,[#6X3;r6:1]~;@[#7X4;r6:2],1.5328412055969238,350,1.4930442397605683,0.029463460317885763,1.3985587575843474,1.4772587543005162,1.492396256670369,1.5079505882074629,1.5929195626358963,0.03069183390694663,1.4312210034400963,1.5539883390678828,50,1.4916716136458732,0.022288438628121583,1.427391503277514,1.479828912500898,1.4909412769073365,1.5086808167829113,1.5347318650442563,0.02885190428201323,1.4365510560778783,1.5347318650442563,4,1.479682644828611,0.017901227732247275,1.464559799758636,1.4656373374273561,1.4725349372138266,1.4865802446150813,1.5091009051281543,0.02094290718772518,1.464559799758636,1.5091009051281543
b659,[#16X2;r7:1]~;@[#6X3;r5:2],1.765791654586792,350,1.765475653451186,0.03157343339311578,1.6736485138791952,1.7467123992738498,1.7658128053768438,1.7856630714097985,1.869671578475084,0.038950672135948716,1.6882863910699268,1.8440890796137217,50,1.7499223811455515,0.0314523407462803,1.650023383223254,1.736079939665103,1.7486192137283099,1.7647650406953195,1.8455362946636482,0.028685101030216487,1.6930522881197783,1.8077926922406442,,,,,,,,,,,
b660,[#16X3;r5:1]~;@[#7X2;r5:2],1.6902873516082764,350,1.7480546826380772,0.03650855607790414,1.6268374609899914,1.7272448353208887,1.7483371448499512,1.7710631137321287,1.8554043960346482,0.043818278411239975,1.6615174177040286,1.8367905313489885,100,1.7472416478910504,0.039568866454838335,1.6296303788553037,1.7253850527441656,1.7486846675293986,1.7690183774513932,1.8318120822883772,0.04363332470722758,1.6599350656833243,1.8318120822883772,7,1.7493193284107804,0.06373793028301933,1.616913836362249,1.7297306758231903,1.7469270056022577,1.8065692157621824,1.8087946737402103,0.07683853993899215,1.616913836362249,1.8087946737402103
b661,[#6X4;r3:1]~;@[#6X4;r4:2],1.5333654880523682,348,1.5135277683661033,0.036500985400182706,1.4019044271393926,1.4891580887817408,1.5114801930068862,1.5364659365088507,1.6032815486773353,0.04730784772710983,1.418196317191076,1.6032815486773353,150,1.545636754779576,0.03487927949721346,1.4499937612511071,1.5224034283561165,1.5433108369518314,1.5668732298075865,1.665072772418159,0.04446980145146995,1.4556987261789116,1.6335779319847914,7,1.4885673655634097,0.011657316711911446,1.4801296015221368,1.480537018098089,1.4829011661404499,1.4902994688197282,1.5152678174456469,0.009762450721639171,1.4801296015221368,1.504943144902187
b662,[#6X4;r5:1]~;@[#8X2;r7:2],1.4452794790267944,350,1.4327657599502486,0.02764868429252691,1.3258325209785347,1.4157963022695546,1.4340253666565066,1.4472517855580396,1.5214443710207883,0.03145548328848502,1.368613077336827,1.494435010490767,,,,,,,,,,,,,,,,,,,,,,
b663,[#6X4;r3:1]~;@[#8X2;r5:2],1.4355727434158325,349,1.4374528445557777,0.029479828720728234,1.3273045608560299,1.419701217008772,1.4385371198729549,1.4550022004041194,1.534916600903526,0.035300983395347485,1.3667497419157506,1.5079536754971405,,,,,,,,,,,,5,1.460720232894067,0.014884023696049664,1.4422057181759413,1.4432578717158417,1.469783325993135,1.4713812357931129,1.4769730127923035,0.028123364077271118,1.4422057181759413,1.4769730127923035
b664,[#15X3;r5:1]~;@[#6X3;r5:2],1.7961335182189941,350,1.7608879200866165,0.04391557118612696,1.6215151100563678,1.7342153236837565,1.7587599401284562,1.7854708873617717,1.8915745253183687,0.051255563678015204,1.6573319781667337,1.8623542328787945,50,1.7599138848112323,0.03841310334417574,1.6449385840431714,1.7459620709193182,1.7629948843015515,1.7831769621154807,1.8352728273810248,0.0372148911961625,1.6901397341250743,1.8352728273810248,,,,,,,,,,,
b665,[#6X3;r8:1]~;@[#6X3;r8:2],1.3206099271774292,350,1.3905615664096393,0.02831781252429046,1.3082753019464186,1.3748609802780094,1.3891091509772187,1.4071285340567623,1.4802780646022213,0.0322675537787529,1.32645964960988,1.4555298647248915,100,1.3825999099622814,0.02795762624426402,1.3158787585373133,1.367704908300612,1.3788393604262228,1.3983541483999335,1.4784652466872796,0.030649240099321462,1.32173104815163,1.4443280085489159,8,1.376439972261954,0.05780526288242602,1.339432956404954,1.3425033266298239,1.3445137766703554,1.3774236367111898,1.4818953700314996,0.03492031008136598,1.339432956404954,1.4298041018332388
b666,[#6X4;r3:1]~;@[#7X3;r6:2],1.4033937454223633,350,1.4757214138818628,0.03252724701625573,1.3830586325872676,1.4567119648133273,1.4731235180583013,1.4939809154708996,1.5810494914407476,0.0372689506575723,1.4008085388269689,1.549884341457258,,,,,,,,,,,,3,1.4669489788657888,0.02546828152034688,1.444774910897794,1.4491153939558277,1.4534558770138613,1.4780360128497863,1.5026161486857113,0.028920618893958583,1.444774910897794,1.5026161486857113
b667,[#15X4;r5:1]~;@[#6X3;r5:2],1.8396921157836914,350,1.7529590802817188,0.04621545035986122,1.604465600672644,1.7225701705239325,1.754643990842037,1.7806575592719365,1.8920907400649805,0.05808738874800401,1.6354390874019265,1.8677886423939425,50,1.778412118876428,0.04026101143296311,1.7021319842807516,1.75687599440518,1.7724514583241475,1.7998890888147203,1.8872155385472644,0.043013094409540376,1.7021319842807516,1.8644087304290309,12,1.7769054562808855,0.027801255358487497,1.721122870539107,1.7626088740315904,1.7828141800089692,1.7973641707247634,1.811575870073797,0.03475529669317301,1.721122870539107,1.811575870073797
b668,[#16X4;r6:1]~;@[#6X4;r4:2],1.7942715883255005,300,1.8147054935429574,0.03527607325752009,1.7090812360933525,1.7945050882101015,1.8151473622751038,1.8357422318502656,1.9169122630349968,0.041237143640164176,1.7326493727498553,1.897597947310512,,,,,,,,,,,,,,,,,,,,,,
b669,[#6X3;r6:1]~;@[#7X3;r8:2],1.4327540397644043,300,1.4002337968185652,0.029688782879511887,1.3112494594550128,1.3826798098310649,1.3992170872642928,1.4155608989485984,1.5126812948959767,0.03288108911753351,1.3333581761547646,1.4648825326248986,,,,,,,,,,,,,,,,,,,,,,
b670,[#16X2;r7:1]~;@[#6X4;r6:2],1.841644525527954,300,1.851196010085918,0.03248002192871192,1.7520765077915965,1.834751998346045,1.8532426903615964,1.8702407601573672,1.9361974145743395,0.03548876181132221,1.7815188556290615,1.9234739028743504,,,,,,,,,,,,,,,,,,,,,,
b671,[#6X4;r5:1]~;@[#7X3;r7:2],1.4327505826950073,300,1.4686769976625973,0.032119290681912396,1.3767918576447362,1.4488193131688367,1.4670681147254112,1.4877303934775048,1.5793657762773452,0.03891108030866808,1.3904526927058347,1.546097013940507,,,,,,,,,,,,1,1.4689283315029893,0.0,1.4689283315029893,1.4689283315029893,1.4689283315029893,1.4689283315029893,1.4689283315029893,0.0,1.4689283315029893,1.4689283315029893
b672,[#6X4;r7:1]~;@[#7X4;r7:2],1.5182547569274902,300,1.4930062466881027,0.03127607009315267,1.4053564316921614,1.4757713708066729,1.493785787994681,1.5095973110646577,1.5978221421240384,0.0338259402579848,1.4250324604196956,1.5603362214516348,,,,,,,,,,,,,,,,,,,,,,
b673,[#6X4;r6:1]~;@[#8X2;r7:2],1.4291837215423584,300,1.4409747020274202,0.027799838632637346,1.3495580710026904,1.4241602955292192,1.4405995932661049,1.4568144072261364,1.5581621432519301,0.03265411169691723,1.3751791279838432,1.5057955747715122,99,1.4386471469271176,0.02645619719832225,1.3652556683696786,1.4251342784801253,1.4396079405677613,1.4529681652020026,1.5166425453411774,0.027833886721877255,1.3833834483973093,1.4947189952848183,3,1.4258262976688647,0.006689458902814732,1.4164004164699873,1.423120591296711,1.4298407661234347,1.4305392382683033,1.4312377104131722,0.007418646971592224,1.4164004164699873,1.4312377104131722
b674,[#15X3;r6:1]~;@[#8X2;r6:2],1.7223979234695435,300,1.6372338793454972,0.03529091402092271,1.511663557398792,1.6194908215144792,1.6367757260795885,1.6564310245966347,1.7587681506878754,0.03694020308215551,1.564080516891246,1.711841329219868,250,1.638195912058969,0.03219148396405744,1.535135150912869,1.618141666365268,1.6396725521440079,1.6581505734754218,1.7449267891680067,0.040008907110153924,1.558128305700037,1.7181639341406527,8,1.6240070578524644,0.00146646914807074,1.6221767601678685,1.622889447564702,1.6238891281489454,1.6250425894823035,1.62605723901938,0.00215314191760152,1.6221767601678685,1.62605723901938
b675,[#6X4;r4:1]~;@[#8X2;r6:2],1.4115335941314697,300,1.4422459890512533,0.029356023277670392,1.348872540223303,1.4254922996001143,1.4402110518419375,1.4565286329147893,1.5722800127542773,0.031036333314675035,1.3789377996281016,1.5030831328868017,,,,,,,,,,,,,,,,,,,,,,
b676,[#6X4;r6:1]~;@[#6X4;r8:2],1.5148530006408691,300,1.5566477139282169,0.03670898052576375,1.449443944908548,1.533120725726383,1.5510203749071154,1.5780932056823054,1.6852335493643957,0.04497247995592235,1.4656620057924994,1.6455519256161888,,,,,,,,,,,,3,1.533618912393683,3.708052359180647e-05,1.5335679088705525,1.5336008835323214,1.53363385819409,1.533644414155248,1.5336549701164064,4.353062292672405e-05,1.5335679088705525,1.5336549701164064
b677,[#16X4;r5:1]~;@[#8X2;r5:2],1.6125620603561401,297,1.6768519862230367,0.03136458428142293,1.5779117282501631,1.6582024994687783,1.6754657501339167,1.6943661488135604,1.7929544235443,0.03616364934478211,1.6039570254516051,1.7486116228307336,50,1.6781466988730838,0.02391371929918969,1.6304240278888975,1.6571527182768861,1.6774771941184512,1.6960204925196578,1.7286296331775077,0.03886777424277166,1.6304240278888975,1.7286296331775077,3,1.659503180007875,0.01033190862866752,1.6521349700920145,1.6521975065719903,1.6522600430519663,1.6631872849658054,1.6741145268796445,0.010989778393815097,1.6521349700920145,1.6741145268796445
b678,[#15X5;r5:1]~;@[#8X2;r5:2],1.6969075202941895,300,1.6558562816787519,0.03489416689094544,1.5495665971390096,1.6353109836744628,1.6564941680922616,1.677014868301452,1.762805195379745,0.04170388462698926,1.572755156733979,1.739570695241936,100,1.6589027082544907,0.03435499444729771,1.5224881262068648,1.6358853486478329,1.6550353316398536,1.676896090165259,1.7539144582430963,0.04101074151742612,1.5743692363716937,1.7384122024413982,,,,,,,,,,,
b679,[#15X3;r6:1]~;@[#6X4;r6:2],1.8523005247116089,300,1.8057182252468964,0.046171492478972974,1.6687690830369273,1.7774324463964777,1.8060741492218173,1.8351561230887947,1.9231330839184515,0.05772367669231704,1.6908469313580021,1.9217416381272703,,,,,,,,,,,,,,,,,,,,,,
b680,[#16X3;r5:1]~;@[#8X2;r5:2],1.6363433599472046,300,1.68014773521088,0.0294585611758443,1.593843334992824,1.6619019074784118,1.6799049368339332,1.6977827816626512,1.7822334357719563,0.03588087418423935,1.6080805962020528,1.7516040929390102,100,1.6754998179060872,0.026827430313148645,1.6029377802745328,1.6627737548897454,1.6748825275467651,1.6891911240123534,1.7769685885963002,0.026417369122607948,1.6231477012058335,1.7288171776962653,5,1.6832418025072893,0.036322373260189285,1.6186375331545946,1.6784413754250496,1.684456760270834,1.7112777146269418,1.7233956290590273,0.03283633920189222,1.6291868666222111,1.7233956290590273
b681,[#16X2;r4:1]~;@[#6X3;r4:2],1.7918356657028198,300,1.762240210041526,0.030682190146437572,1.6584145215846324,1.745340842071875,1.7615567086836657,1.7778768009009576,1.8633724684232382,0.032535958829082556,1.6965369038282512,1.8266807391445814,200,1.7539410597662266,0.03311606823263858,1.6518054238344124,1.7322217136293119,1.7529031526840726,1.7710528967821102,1.8722814505712315,0.03883118315279832,1.6739749389001144,1.8292996715113077,1,1.828518107965571,0.0,1.828518107965571,1.828518107965571,1.828518107965571,1.828518107965571,1.828518107965571,0.0,1.828518107965571,1.828518107965571
b682,[#16X4;r7:1]~;@[#7X3;r7:2],1.6078311204910278,240,1.7472170861292189,0.037743691947120406,1.6411102823709416,1.7216569403135753,1.7481374410285153,1.772130329388013,1.848522228873265,0.05047338907443777,1.6459468567019186,1.8478404129996697,,,,,,,,,,,,9,1.6974665936563447,0.019803630115355738,1.6704189986785685,1.6814601103115738,1.698698601458945,1.709836273712137,1.7345016821776953,0.02837616340056326,1.6704189986785685,1.7345016821776953
b683,[#6X3;r6:1]~;@[#7X2;r8:2],1.3651173114776611,250,1.3613373697294195,0.048748258789616784,1.2410011555645963,1.3185038170990704,1.3687145398111453,1.40113932202584,1.485466063431532,0.08263550492676952,1.2410011555645963,1.485466063431532,,,,,,,,,,,,,,,,,,,,,,
b684,[#6X3;r3:1]~;@[#6X3;r5:2],1.4161361455917358,250,1.3775300540521558,0.02380292900237441,1.270362692335201,1.3629145716575017,1.3765318214447788,1.3915415719111666,1.459747753807238,0.028627000253664825,1.3199740712770045,1.4344820722916638,,,,,,,,,,,,2,1.3807799537400767,0.03775390494578357,1.343026048794293,1.3619030012671849,1.3807799537400767,1.3996569062129685,1.4185338586858602,0.03775390494578357,1.343026048794293,1.4185338586858602
b685,[#7X3;r3:1]~;@[#8X2;r3:2],1.4870331287384033,250,1.3794475799825827,0.02658172443086648,1.2944350776124975,1.3642455163395069,1.3790346980724124,1.3944479101841536,1.464235688304181,0.030202393844646735,1.3189419255725368,1.4397515009511237,,,,,,,,,,,,3,1.4083580238348812,0.010003364662355631,1.3942118384361744,1.4047601671044423,1.41530849577271,1.4154311165342346,1.4155537372957594,0.010670949429792298,1.3942118384361744,1.4155537372957594
b686,[#15X3;r5:1]~;@[#6X4;r5:2],1.8856583833694458,250,1.7618888662070462,0.07254507568104945,1.5609800084022563,1.7290720930025478,1.7810303899891147,1.805929864811063,1.9112425624363982,0.07685777180851527,1.613785435289775,1.9112425624363982,150,1.7757110484571839,0.04038439949577742,1.65694955819177,1.7527589550406735,1.7745480333098207,1.798500362189677,1.937693101423269,0.04574140714900343,1.6841468443171683,1.867112472913182,,,,,,,,,,,
b687,[#7X3;r7:1]~;@[#7X3;r7:2],1.3223960399627686,200,1.440749318860941,0.023984161058787815,1.367838326491369,1.4251663818115787,1.4415139108742672,1.4529145570969964,1.5422579182005518,0.02774817528541762,1.3835441188834523,1.4945368200251228,,,,,,,,,,,,5,1.4185847121948565,0.008763032013798182,1.409500013350751,1.411682797638248,1.4160255988345625,1.4217230657741775,1.4339920853765435,0.010040268135929509,1.409500013350751,1.4339920853765435
b688,[#6X4;r6:1]~;@[#7X2;r7:2],1.4173932075500488,200,1.4812813784774546,0.029781753626756426,1.377458534182144,1.4671296283241955,1.479769967375021,1.5000838274803059,1.5878393237570732,0.03295419915611042,1.4176983295900298,1.5495151262144715,,,,,,,,,,,,,,,,,,,,,,
b689,[#7X3;r4:1]~;@[#8X2;r4:2],1.4613467454910278,200,1.4335663737893993,0.03373398080546853,1.3384703776352922,1.4155617669913836,1.435846843790596,1.453543760478441,1.5332755944894167,0.03798199348705733,1.3585887767607976,1.510516750709027,,,,,,,,,,,,2,1.437065176361149,0.029175094285205372,1.4078900820759437,1.4224776292185464,1.437065176361149,1.4516527235037517,1.4662402706463544,0.029175094285205372,1.4078900820759437,1.4662402706463544
b690,[#6X3;r5:1]~;@[#8X2;r7:2],1.327919602394104,200,1.377056156982792,0.028029637302457593,1.2930033824226688,1.360080479719159,1.3776024151189483,1.3927895580557426,1.4791371532516058,0.03270907833658354,1.3110168622142837,1.4418531755606179,,,,,,,,,,,,,,,,,,,,,,
b691,[#6X3;r8:1]~;@[#7X2;r8:2],1.1937744617462158,200,1.360768365465139,0.045393358871460954,1.2802514168639367,1.3193408438399914,1.3632554848808662,1.4008133919647943,1.4984098882221524,0.08147254812480287,1.2802514168639367,1.4984098882221524,,,,,,,,,,,,,,,,,,,,,,
b692,[#15X3;r5:1]~;@[#16X2;r5:2],2.2028660774230957,198,2.092594357270529,0.04655664792313617,1.956256910740524,2.066435129944726,2.0894077326787506,2.116472015263908,2.3045673767960357,0.050036885319181934,1.991379801965953,2.1915273432426807,,,,,,,,,,,,,,,,,,,,,,
b693,[#6X2;r7:1]~;@[#6X4;r7:2],1.504036545753479,200,1.457419903691628,0.026776672904446255,1.3905324559161427,1.4420978199248666,1.4545781069917152,1.4692891301294664,1.5465583580372075,0.02719131020459975,1.4013108546179671,1.5100760954363661,100,1.4636782099702972,0.025035241646087655,1.4057935259118806,1.4497090008040048,1.4610304553381597,1.4760553841918245,1.5426842630098223,0.026346383387819694,1.4101894257222751,1.515574959273554,,,,,,,,,,,
b694,[#6X3;r4:1]~;@[#6X3;r5:2],1.3663835525512695,200,1.3954555891967544,0.03988533360764778,1.2813012058953999,1.3688717142366729,1.3966202114980266,1.4220616260354286,1.5117858968053879,0.05318991179875576,1.2890868465385392,1.5018464937335623,,,,,,,,,,,,,,,,,,,,,,
b695,[#6X2;r8:1]~;@[#6X3;r6:2],1.4243838787078857,200,1.4395960466142226,0.021642981086914617,1.3727294087478819,1.4269865272273607,1.4365630810923204,1.4500945216897176,1.4971090076635365,0.023107994462356896,1.3923245355338254,1.484756513383253,,,,,,,,,,,,,,,,,,,,,,
b696,[#6X4;r4:1]~;@[#6X4;r8:2],1.5034431219100952,200,1.549935463896315,0.032847483244055266,1.4219835754688301,1.530377491531869,1.5483225944241212,1.5653851996337382,1.6818621276253551,0.03500770810186915,1.4778659293790652,1.6178967617865418,,,,,,,,,,,,,,,,,,,,,,
b697,[#6X4;r4:1]~;@[#7X3;r6:2],1.4022351503372192,200,1.4665372128367764,0.027077709622256606,1.3850274694909432,1.4509367814373504,1.4650682236981791,1.4790569399172744,1.5614500067277381,0.028120158479923996,1.4087565437174643,1.5212371776371603,50,1.4600622283381235,0.021742400345816457,1.4107265474787123,1.4458889530425356,1.4596085501770117,1.4731172768867717,1.5176397766622576,0.027228323844236124,1.4107265474787123,1.5139597626531258,,,,,,,,,,,
b698,[#6X4;r3:1]~;@[#7X3;r7:2],1.4097310304641724,200,1.4585270793613518,0.028539361409377073,1.3676351742367423,1.4411823770895045,1.4572009826616532,1.473653020839865,1.5629627653942912,0.03247064375036057,1.3924764114639636,1.522358986465406,,,,,,,,,,,,,,,,,,,,,,
b699,[#16X3;r4:1]~;@[#6X4;r4:2],1.885744571685791,200,1.8034346380139346,0.032958575449555765,1.7123994283369726,1.7851353132724823,1.8031491090874163,1.81692077460273,1.9479671594145744,0.03178546133024773,1.7374571212771106,1.8645989665981015,100,1.792219454329635,0.030766681209848587,1.7187547491699036,1.7731985460976434,1.7917817705312804,1.8081777213606556,1.8779770232757598,0.0349791752630122,1.720729783203125,1.8606464842551738,2,1.8878835591385985,0.0,1.8878835591385985,1.8878835591385985,1.8878835591385985,1.8878835591385985,1.8878835591385985,0.0,1.8878835591385985,1.8878835591385985
b700,[#15X4;r4:1]~;@[#16X2;r4:2],2.2474400997161865,200,2.1026748289084107,0.039396661485586335,1.9981876553863132,2.0789960799170584,2.0994725743015183,2.1231351740778983,2.2550851371071263,0.04413909416083994,2.0127874386757982,2.189343815319158,,,,,,,,,,,,,,,,,,,,,,
b701,[#15X4;r7:1]~;@[#6X4;r7:2],1.862993597984314,150,1.820813722708113,0.042954615566270594,1.682674707473217,1.798012577241876,1.8210789783090702,1.8460590368006953,1.9826043029444065,0.048046459558819254,1.7259428879036471,1.9181287261389242,,,,,,,,,,,,1,1.829974127084748,0.0,1.829974127084748,1.829974127084748,1.829974127084748,1.829974127084748,1.829974127084748,0.0,1.829974127084748,1.829974127084748
b702,[#6X3;r6:1]~;@[#8X2;r8:2],1.4014575481414795,150,1.3754825412062537,0.02665085215152917,1.2904387050124795,1.3587335391857263,1.3757467392083647,1.3908325397127868,1.4649823354514988,0.032099000527060495,1.3105850383951356,1.4389810405033776,150,1.377471083521621,0.024878409021259366,1.2871388655154852,1.3612612671078155,1.3765295629756489,1.3932943238026185,1.4620690522024624,0.03203305669480305,1.313211682065611,1.4413439088448232,2,1.3776724091862476,0.001273085456838019,1.3763993237294094,1.3770358664578284,1.3776724091862476,1.3783089519146665,1.3789454946430855,0.00127308545683813,1.3763993237294094,1.3789454946430855
b703,[#6X3;r8:1]~;@[#6X4;r6:2],1.4989413022994995,150,1.5330742618228341,0.03039181068105298,1.4481932135114028,1.5156638992706033,1.5303455624387983,1.549810059068465,1.6403859828262537,0.03414615979786162,1.464444659573811,1.6010292987652575,,,,,,,,,,,,,,,,,,,,,,
b704,[#8X2;r4:1]~;@[#8X2;r4:2],1.4233973026275635,150,1.4507048276685104,0.031203872142598697,1.3626394963432449,1.4297662909888447,1.451369141923378,1.4649054841478022,1.5806862536303334,0.03513919315895753,1.3770575012504085,1.5176142738862386,100,1.4413805436435778,0.031288709295212734,1.3713508804584444,1.4250496262771635,1.4411267948462403,1.4581213261801256,1.5485753002592415,0.033071699902962104,1.3754420764227202,1.5077288760345686,,,,,,,,,,,
b705,[#7X3;r3:1]~;@[#7X3;r3:2],1.4693807363510132,150,1.4062111453794792,0.02502000910540146,1.3143609811016073,1.3941876883975235,1.4069728564241184,1.4206065230433709,1.480891706069599,0.026418834645847378,1.3545594364287523,1.4602347750121418,300,1.4295325807903352,0.0328612546369907,1.3337042322888935,1.4090579931106961,1.4270595937416406,1.4453855893475769,1.5508318641245151,0.036327596236880755,1.354566598755375,1.499876983702898,2,1.4327124799687847,0.014502153384860272,1.4182103265839243,1.4254614032763544,1.4327124799687847,1.4399635566612148,1.4472146333536449,0.014502153384860383,1.4182103265839243,1.4472146333536449
b706,[#15X4;r6:1]~;@[#16X2;r6:2],2.11582350730896,150,2.101785444408284,0.0457080631798798,2.0046035915122524,2.0749472080430453,2.0973746403761755,2.122804333406811,2.3104469257966143,0.04785712536376563,2.0046035915122524,2.194590021452459,600,2.088721795801673,0.045174397049926825,1.940726504200055,2.0641936587558565,2.0867988325409392,2.1110522170803776,2.2513508957402464,0.04685855832452113,1.9939058212690748,2.1813400545671593,3,2.1114959905156994,0.01863573399421354,2.0868142312870313,2.101324177716415,2.115834124145799,2.123836870130033,2.1318396161142674,0.022512692413618307,2.0868142312870313,2.1318396161142674
b707,[#15X3;r7:1]~;@[#8X2;r7:2],1.6989161968231201,150,1.6440555520322127,0.03485999851549192,1.5439342946130594,1.6243221354965773,1.6429822026843333,1.6646358600262599,1.7900682455051666,0.040313724529682515,1.5638515487020537,1.7251064468207837,,,,,,,,,,,,,,,,,,,,,,
b708,[#6X4;r6:1]~;@[#7X3;r4:2],1.4084018468856812,150,1.4692876790906404,0.027098095793652435,1.3900120096413293,1.4504301856658097,1.4691259647401433,1.485751538947556,1.5590639803813948,0.03532135328174624,1.3974481557431904,1.5387335688701753,,,,,,,,,,,,,,,,,,,,,,
b709,[#16X2;r4:1]~;@[#16X2;r4:2],2.128878116607666,150,2.0980245079883546,0.04839321860837275,1.893874283202658,2.0697248242806885,2.1028325232024576,2.125249576744441,2.2385663298875245,0.055524752463752325,1.98643769558506,2.2085367054400695,250,2.091369180669709,0.04898800705896338,1.9693714353571683,2.0609900074451204,2.093578152008215,2.115418986009638,2.334161995688946,0.05442897856451756,1.979346539598344,2.1970624538564145,,,,,,,,,,,
b710,[#6X4;r4:1]~;@[#6X4;r7:2],1.501329779624939,150,1.537795987781203,0.03136983679132283,1.4370380243624767,1.5232862668034417,1.5359091029462455,1.5552200260113487,1.62386879246823,0.031933759207906975,1.4753856279915811,1.603120664823209,,,,,,,,,,,,2,1.5442387572000205,0.012226590105894886,1.5320121670941256,1.538125462147073,1.5442387572000205,1.550352052252968,1.5564653473059153,0.012226590105894886,1.5320121670941256,1.5564653473059153
b711,[#6X2;r8:1]~;@[#6X2;r8:2],1.2098244428634644,150,1.2144170054155792,0.02632526102833868,1.1356983070492324,1.2001790946114386,1.215976211216557,1.2296614103448027,1.2844949303843418,0.02948231573336413,1.1559556210113924,1.273884883944849,100,1.2210422601824507,0.025625940166932194,1.1417460726745634,1.2070047760021987,1.2199402761498166,1.2324334535127435,1.3090204947354767,0.025428677510544784,1.1688617597363815,1.2705764697785606,1,1.2102455915461185,0.0,1.2102455915461185,1.2102455915461185,1.2102455915461185,1.2102455915461185,1.2102455915461185,0.0,1.2102455915461185,1.2102455915461185
b712,[#6X4;r5:1]~;@[#7X3;r3:2],1.4803999662399292,150,1.4803118949606144,0.031139300687839638,1.3978723794204746,1.4625244593247546,1.4792720709222693,1.4960246277494742,1.5930711020336816,0.03350016842471959,1.4122742066876752,1.5462748803865536,200,1.4736622191741515,0.027001093627400257,1.3508727905812448,1.4599712569345256,1.4735272760445541,1.4892204984792188,1.5587535382521789,0.029249241544693216,1.4160973946174857,1.5330943607962586,,,,,,,,,,,
b713,[#16X2;r5:1]~;@[#16X3;r5:2],2.2611048221588135,150,2.0821961996182776,0.04540554600110735,1.915050923971982,2.0570517235181347,2.078303224870594,2.0991368639861983,2.239156324079578,0.04208514046806355,1.9939240128160394,2.162264574688294,,,,,,,,,,,,4,2.2045932594743554,0.014714208919483109,2.195569547769211,2.195569547769211,2.1963749697742827,2.205398681479427,2.230053550579645,0.009829133710215654,2.195569547769211,2.2201423820447506
b714,[#8X2;r8:1]~;@[#8X2;r8:2],1.4701952934265137,150,1.4642067178422296,0.03338896097873949,1.370679144891878,1.4455394682864895,1.4588649423080082,1.48037732383941,1.6040226906522503,0.034837855552920516,1.3932826849571087,1.5326341071687908,,,,,,,,,,,,,,,,,,,,,,
b715,[#16X3;r6:1]~;@[#7X3;r6:2],1.6815286874771118,150,1.7341676654067888,0.03679480116983054,1.6366079993290001,1.7118478327820636,1.7333511842646407,1.7508638540841484,1.861540694867474,0.0390160213020847,1.6533238008289366,1.8093878860372754,,,,,,,,,,,,4,1.7531484160320188,0.023327666646069525,1.7310312170455417,1.7321293948602912,1.7469345677509587,1.767953588922686,1.7876933115806153,0.0358241940623949,1.7310312170455417,1.7876933115806153
b716,[#16X2;r8:1]~;@[#6X3;r8:2],1.8361798524856567,150,1.7561853387410125,0.033163300162759174,1.6604502557710719,1.7406092327952312,1.7577062419942062,1.7743600542137883,1.8809245257271492,0.03375082141855712,1.6899830006673955,1.824986286341624,,,,,,,,,,,,4,1.7664714969277244,4.1301319276837366e-05,1.766415239838418,1.7664558742806022,1.7664694190946637,1.7664850417417859,1.766531909683152,2.916746118364344e-05,1.766415239838418,1.7665287929335614
b717,[#15X3;r8:1]~;@[#7X3;r8:2],1.7559953927993774,150,1.7396555738799422,0.02899415449033532,1.65699065317578,1.7220671205171842,1.7375801064157699,1.7561404850688649,1.8199196110577676,0.03407336455168064,1.6709570736896633,1.8072505318963858,,,,,,,,,,,,,,,,,,,,,,
b718,[#16X3;r7:1]~;@[#6X3;r7:2],1.798418641090393,100,1.8144742614927152,0.03223833386932605,1.7179719639350262,1.7966128259228968,1.8150405321971532,1.8313733296325803,1.9129350438115658,0.03476050370968342,1.7444720703583716,1.8835140851971053,,,,,,,,,,,,,,,,,,,,,,
b719,[#6X4;r3:1]~;@[#7X4;r3:2],1.4945474863052368,100,1.4693346885791023,0.023869000962988628,1.4127939857946612,1.4530565839281286,1.4686673736907772,1.4810594300172997,1.545175194588369,0.02800284608917103,1.4127939857946612,1.5230636991510562,,,,,,,,,,,,14,1.4475424122906706,0.00617951606640991,1.4331920507033462,1.4467046068046228,1.4500762349501186,1.4514922360728852,1.453009482040043,0.004787629268262483,1.439523162902229,1.453009482040043
b720,[#6X4;r8:1]~;@[#7X3;r5:2],1.402621865272522,100,1.4821426026451152,0.02711670565406483,1.4165164985722796,1.4627805957423172,1.48168668884523,1.4987220129024181,1.5569741101002668,0.03594141716010091,1.4165164985722796,1.5526341386425695,,,,,,,,,,,,,,,,,,,,,,
b721,[#16X2;r8:1]~;@[#6X3;r6:2],1.7885322570800781,100,1.769379534477541,0.03670295571309191,1.6768066280581897,1.7489300549021831,1.7704386445431606,1.7916023418928977,1.8584932657992348,0.04267228699071457,1.6849216244161114,1.8556107723789697,,,,,,,,,,,,,,,,,,,,,,
b722,[#16X2;r6:1]~;@[#7X3;r6:2],1.7663689851760864,100,1.6876628587711644,0.03212257492442103,1.5964473431737685,1.6710509118768875,1.6882906174854782,1.7021854034385133,1.8190200411566178,0.031134491561625843,1.6243491745344487,1.748887140780952,50,1.6966756687888067,0.028046618515750167,1.654646162253657,1.6753999324102957,1.6923742715014265,1.7074535250599823,1.7742829959458626,0.032053592649686546,1.654646162253657,1.755533914034512,1,1.6732948036873836,0.0,1.6732948036873836,1.6732948036873836,1.6732948036873836,1.6732948036873836,1.6732948036873836,0.0,1.6732948036873836,1.6732948036873836
b723,[#6X4;r8:1]~;@[#7X2;r8:2],1.420180082321167,100,1.4908052723204699,0.030028566451546557,1.4177837237349982,1.4705994565844995,1.4908594602411291,1.5065114884462836,1.583542623002336,0.035912031861784044,1.4177837237349982,1.5603795362389596,,,,,,,,,,,,,,,,,,,,,,
b724,[#6X3;r5:1]~;@[#6X3;r8:2],1.420478105545044,100,1.4864225666491737,0.03791080446516003,1.3931035204563973,1.463338665486455,1.477311474665272,1.5060770012898643,1.5937868182213235,0.042738335803409244,1.399231161781341,1.570184504994978,50,1.4735427939014831,0.0270943337355416,1.4108534984374224,1.459079885234405,1.474392623043829,1.4924418771631256,1.5283047512528458,0.03336199192872069,1.4108534984374224,1.5283047512528458,,,,,,,,,,,
b725,[#6X4;r8:1]~;@[#7X3;r6:2],1.4224553108215332,100,1.4841621010574804,0.028000063938465693,1.3781537697211035,1.4712821182166471,1.4843860043246648,1.4968298853229847,1.5770666989333348,0.02554776710633755,1.4329604675571408,1.535151535982491,,,,,,,,,,,,,,,,,,,,,,
b726,[#6X3;r6:1]~;@[#7X4;r7:2],1.5481250286102295,100,1.5044082139935733,0.027917172238695102,1.4259018555310101,1.4886357182410852,1.5050406459239256,1.518562487561937,1.5698066235977433,0.02992676932085181,1.4437455642598076,1.5634526415432148,,,,,,,,,,,,,,,,,,,,,,
b727,[#15X4;r5:1]~;@[#16X2;r5:2],2.1859238147735596,100,2.0980051427727506,0.044772641001958165,1.978328654973131,2.0750947345370605,2.092822377612184,2.1189460056511042,2.2171199719006958,0.043851271114043744,2.0093178278659947,2.1847229123221696,50,2.0767551309963306,0.04003002190956303,1.9774402838106957,2.051965516005826,2.0769209743185084,2.1030280943197437,2.178272129786225,0.051062578313917584,1.9774402838106957,2.178272129786225,5,2.1371866034731264,0.0150567257745464,2.113396806174397,2.130824055666602,2.1356877716467335,2.1495521711498897,2.1564722127280107,0.018728115483287677,2.113396806174397,2.1564722127280107
b728,[#6X2;r7:1]~;@[#6X2;r7:2],1.202876091003418,100,1.197689788009738,0.022273843583058388,1.140391558417262,1.181914985208526,1.1947583010804874,1.2125234225264365,1.2582186344039095,0.03060843731791052,1.140391558417262,1.2582186344039095,50,1.2008898597601678,0.028888814314880513,1.1450401047579573,1.190492332809984,1.2014026371166464,1.212832533016123,1.2941584103625419,0.022340200206139027,1.1569820325007754,1.2463428333253315,,,,,,,,,,,
b729,[#16X4;r7:1]~;@[#7X3;r5:2],1.6375253200531006,100,1.7512462450143698,0.043080090965421175,1.633239360749168,1.7298602245331751,1.750018550337556,1.7749927501923977,1.8597086292100256,0.045132525659222544,1.6621614360443413,1.8426915386812315,,,,,,,,,,,,1,1.72447302230635,0.0,1.72447302230635,1.72447302230635,1.72447302230635,1.72447302230635,1.72447302230635,0.0,1.72447302230635,1.72447302230635
b730,[#6X3;r3:1]~;@[#7X2;r3:2],1.2434591054916382,100,1.297945837291269,0.023217186919993613,1.2198352540813733,1.2835626072672033,1.297063652499062,1.3120557454795905,1.36432487555998,0.028493138212387192,1.2408228999486224,1.3547954527981712,,,,,,,,,,,,30,1.2436387722742523,0.025666291922699213,1.1709407654401662,1.2354315828752127,1.245763610482995,1.260238810222995,1.294581080026963,0.0248072273477824,1.198220741853539,1.294581080026963
b731,[#15X3;r7:1]~;@[#7X3;r7:2],1.7574282884597778,100,1.746786694788148,0.030934982965123647,1.644688980339019,1.7288191444393326,1.7465716155589583,1.767055473546728,1.8307416159168843,0.038236329107395495,1.6714646507782394,1.8244099672078213,,,,,,,,,,,,,,,,,,,,,,
b732,[#16X4;r4:1]~;@[#6X3;r4:2],1.8165855407714844,100,1.786779581751575,0.032921998081442666,1.6970765667580339,1.7681214532407163,1.7887311349453867,1.8051576862836918,1.8759140319966046,0.03703623304297543,1.7125671036762533,1.860712035848155,,,,,,,,,,,,,,,,,,,,,,
b733,[#6X3;r4:1]~;@[#6X4;r7:2],1.5493320226669312,100,1.5289975359002403,0.02865482260496979,1.4201119872071764,1.5158155013904697,1.5298697419961877,1.5412420050848474,1.612725201004159,0.02542650369437771,1.4776757458489032,1.579381760626414,,,,,,,,,,,,,,,,,,,,,,
b734,[#16X2;r3:1]~;@[#6X3;r3:2],1.770257830619812,100,1.6993371850503207,0.026408444437340518,1.6243684283730482,1.6795649285077103,1.6963675502026883,1.716667796321406,1.7700362148480626,0.03710286781369576,1.6243684283730482,1.7700362148480626,,,,,,,,,,,,,,,,,,,,,,
b735,[#16X2;r5:1]~;@[#6X4;r3:2],1.8050837516784668,100,1.827614722000576,0.037118231112616897,1.742429423012431,1.803575172942271,1.8254379511179422,1.8472722273484035,1.9749321615685214,0.04369705440613236,1.742429423012431,1.912817808957602,,,,,,,,,,,,1,1.7625589011685456,0.0,1.7625589011685456,1.7625589011685456,1.7625589011685456,1.7625589011685456,1.7625589011685456,0.0,1.7625589011685456,1.7625589011685456
b736,[#7X3;r8:1]~;@[#7X3;r8:2],1.3354077339172363,100,1.4379946455259298,0.02595506928577544,1.3799109079624572,1.4215043144249782,1.437539848683826,1.452137297047687,1.5047113597178463,0.03063298262270875,1.3799109079624572,1.49808677098175,,,,,,,,,,,,,,,,,,,,,,
b737,[#6X4;r3:1]~;@[#6X4;r8:2],1.5203945636749268,100,1.545732460522307,0.039166940417541804,1.378049576369948,1.528208014125293,1.5499599962290342,1.5719661234635112,1.6161929725550834,0.04375810933821822,1.4625708501179657,1.6161929725550834,,,,,,,,,,,,12,1.4998908508474595,0.005959697902714566,1.4924550274194097,1.4977303304018588,1.498581238060154,1.498750511942373,1.516615022050526,0.0010201815405141978,1.4962000580910875,1.5002807842531443
b738,[#6X3;r8:1]~;@[#8X2;r8:2],1.4004566669464111,100,1.3631022521781992,0.03535722337537767,1.2586550147936628,1.3420727220127495,1.362637476041515,1.3835985304622662,1.4520189346569468,0.0415258084495167,1.2797840093384745,1.4458872431365413,,,,,,,,,,,,1,1.3788359701591106,0.0,1.3788359701591106,1.3788359701591106,1.3788359701591106,1.3788359701591106,1.3788359701591106,0.0,1.3788359701591106,1.3788359701591106
b739,[#16X3;r6:1]~;@[#8X2;r6:2],1.618110179901123,100,1.6871888853220343,0.031315188100181204,1.6064601136841796,1.6675666698522376,1.6871836019604407,1.7073802474991497,1.7541629608019815,0.03981357764691218,1.6078463033818693,1.7541629608019815,100,1.689830872391519,0.029696202029137253,1.607062213065057,1.6751121823402988,1.6897681288355098,1.705112828391189,1.7935908159353597,0.030000646050890145,1.6301112132639637,1.7501137974675243,2,1.6880869156096976,0.0038279923409879624,1.6842589232687095,1.6861729194392034,1.6880869156096976,1.6900009117801915,1.6919149079506854,0.0038279923409880734,1.6842589232687095,1.6919149079506854
b740,[#16X3;r7:1]~;@[#6X4;r7:2],1.8339166641235352,100,1.8163444162235292,0.027775383951396917,1.740685237696829,1.8006946031014492,1.813955536596881,1.8314801038880637,1.9086356859907054,0.03078550078661446,1.7545163519215277,1.8776583550679855,,,,,,,,,,,,4,1.872768898651725,0.016589684539721407,1.853521122616726,1.861931949307334,1.869513119860839,1.88035006920523,1.8985282322684964,0.01841811989789588,1.853521122616726,1.8985282322684964
b741,[#6X3;r4:1]~;@[#7X3;r7:2],1.290992259979248,100,1.4066048113449339,0.026395383592659097,1.3310855407881272,1.3946604916500747,1.4051469477419158,1.4215062968342493,1.4843074256559416,0.026845805184174676,1.3543917838738126,1.4617750046105114,,,,,,,,,,,,2,1.3467096006309685,0.006356382071757816,1.3403532185592106,1.3435314095950894,1.3467096006309685,1.3498877916668475,1.3530659827027263,0.006356382071758038,1.3403532185592106,1.3530659827027263
b742,[#6X4;r6:1]~;@[#7X3;r8:2],1.4739269018173218,100,1.4696657762615248,0.0291888779199377,1.385887264674271,1.45393320485744,1.4678659701669596,1.4861010392587084,1.5631616516672526,0.03216783440126836,1.4056814532555375,1.534352790860611,,,,,,,,,,,,,,,,,,,,,,
b743,[#15X4;r7:1]~;@[#7X3;r7:2],1.7439208030700684,100,1.7065244657681524,0.028819029366547434,1.6287890890443597,1.6872736717837715,1.7042252230143595,1.7269367374311622,1.7836324098058958,0.03966306564739064,1.6287890890443597,1.7836324098058958,,,,,,,,,,,,2,1.6698371053119638,0.010115991768221089,1.6597211135437429,1.6647791094278535,1.6698371053119638,1.6748951011960744,1.679953097080185,0.010115991768220978,1.6597211135437429,1.679953097080185
b744,[#15X5;r5:1]~;@[#6X3;r5:2],1.8704484701156616,100,1.831711846517287,0.05348565428816077,1.6702929879919304,1.7889383798080587,1.8326175844597374,1.8645403759415842,1.972319422869464,0.07560199613352547,1.6755353856077706,1.972319422869464,,,,,,,,,,,,,,,,,,,,,,
b745,[#16X2;r6:1]~;@[#16X3;r6:2],2.123339891433716,100,2.080363222507688,0.05547248657595849,1.9368005714828465,2.0504545697539442,2.0805600703172926,2.116786335790646,2.2560163712737493,0.06633176603670154,1.950956920698892,2.216283984845698,,,,,,,,,,,,1,2.241072131711831,0.0,2.241072131711831,2.241072131711831,2.241072131711831,2.241072131711831,2.241072131711831,0.0,2.241072131711831,2.241072131711831
b746,[#16X3;r6:1]~;@[#6X3;r5:2],1.7371160984039307,100,1.8099775204016435,0.030518226086075118,1.7346375388966968,1.7936950849992357,1.8100695153180344,1.8261958745266937,1.910594097174126,0.03250078952745805,1.7449439007080487,1.874947058817881,,,,,,,,,,,,2,1.814662836001482,0.002511545383137914,1.8121512906183441,1.813407063309913,1.814662836001482,1.815918608693051,1.81717438138462,0.002511545383137914,1.8121512906183441,1.81717438138462
b747,[#15X4;r7:1]~;@[#16X2;r7:2],2.2426297664642334,100,2.0755034230107805,0.05255104136486719,1.9386208587080858,2.0440806801754148,2.069977971075226,2.1013436049976413,2.2562157956526145,0.0572629248222265,1.958186292942075,2.187237992230981,,,,,,,,,,,,,,,,,,,,,,
b748,[#6X3;r4:1]~;@[#7X3;r6:2],1.3040156364440918,100,1.3974973375113677,0.02672223868323551,1.3089428651761519,1.3840260323921072,1.3972705863454742,1.41338233890293,1.4521128709556843,0.029356306510822883,1.3399915726258729,1.4521128709556843,,,,,,,,,,,,,,,,,,,,,,
b749,[#16X4;r6:1]~;@[#6X4;r5:2],1.8972710371017456,100,1.796758008525465,0.03026651798855178,1.725530742945586,1.7761151944390057,1.7954044533483873,1.8161988460226404,1.8915306795825622,0.040083651583634694,1.725530742945586,1.8763243233980924,,,,,,,,,,,,,,,,,,,,,,
b750,[#6X2;r6:1]~;@[#6X3;r6:2],1.3421461582183838,94,1.3037784169281081,0.023671414413695527,1.2479092744952642,1.2894499975075524,1.3030263820379648,1.3165134470921274,1.3643889578630326,0.02706344958457496,1.24885482313069,1.3571086214689898,,,,,,,,,,,,2,1.3379606141452816,0.007047378819933781,1.3309132353253477,1.3344369247353145,1.3379606141452816,1.3414843035552484,1.3450079929652152,0.007047378819933892,1.3309132353253477,1.3450079929652152
b751,[#16X2;r6:1]~;@[#6X4;r3:2],1.777417540550232,100,1.8357353479549159,0.03269695622010464,1.719123442045127,1.8138055354178386,1.8368603970141968,1.85563754115843,1.918162799872155,0.04183200574059143,1.7510575268069515,1.918162799872155,50,1.8231809059065787,0.04300563233645245,1.727244073666196,1.8066327217424154,1.820474588039919,1.8375030377923296,1.9501731361621946,0.030870316049914193,1.760327247667544,1.8838085118672008,,,,,,,,,,,
b752,[#6X3;r7:1]~;@[#7X3;r4:2],1.3595670461654663,50,1.3847881207230015,0.024576202562422884,1.316234889297559,1.3721352006295728,1.3834606551162207,1.3957187370516062,1.4566825325603123,0.02358353642203337,1.3367598959965228,1.4310940416846563,,,,,,,,,,,,,,,,,,,,,,
b753,[#16X3;r5:1]~;@[#6X4;r4:2],1.8383333683013916,50,1.8242481044247816,0.028157401006406183,1.7649574634209542,1.8098417192321972,1.8215187637359511,1.8396966272471533,1.92484288667177,0.02985490801495616,1.765059357209763,1.8844789892695877,,,,,,,,,,,,,,,,,,,,,,
b754,[#16X4;r6:1]~;@[#7X3;r5:2],1.6021374464035034,50,1.7212205378798329,0.03527847777815299,1.6442265197433803,1.7017199885375347,1.7154679624143299,1.73316202466573,1.8271518026583682,0.031442036128195294,1.6545569343452418,1.780325078858023,50,1.750578055897921,0.034721944969210175,1.6964139932788396,1.7301717340918243,1.7460140309302417,1.7596349083727125,1.8497429840937758,0.029463174280888182,1.6964139932788396,1.8038296697940448,,,,,,,,,,,
b755,[#16X2;r5:1]~;@[#7X3;r4:2],1.7239043712615967,50,1.6836315793462722,0.023977186321731105,1.6265026028974559,1.6708061685577085,1.6836575023282014,1.6964972468335477,1.7713463481178116,0.025691078275839274,1.6322695511439496,1.7350338642473067,,,,,,,,,,,,,,,,,,,,,,
b756,[#6X3;r3:1]~;@[#7X3;r3:2],1.432122826576233,50,1.3609143932824148,0.028605692816212704,1.307080241341694,1.3418545778165225,1.3581077115199542,1.3821474787408643,1.426982952966348,0.04029290092434179,1.307080241341694,1.426982952966348,200,1.3875582496308352,0.035391784145407355,1.285117768653697,1.3604827248381641,1.3876121195455098,1.4160288000814931,1.4605090019625502,0.055546075243328996,1.285117768653697,1.4605090019625502,18,1.3162356315946084,0.03019943511187932,1.232524505793825,1.313771196209759,1.3180855377128031,1.3290506347375983,1.3873853561991762,0.015279438527839417,1.2908520384179998,1.3519697925293575
b757,[#7X2;r8:1]~;@[#7X3;r8:2],1.2305291891098022,50,1.2830994322204297,0.02886101386794828,1.2199355454182217,1.2641704918915255,1.2830934588268474,1.2987133213610083,1.3475426853830623,0.03454282946948273,1.2199355454182217,1.3475426853830623,,,,,,,,,,,,,,,,,,,,,,
b758,[#6X4;r6:1]~;@[#8X2;r8:2],1.3831740617752075,50,1.44877576586641,0.027579347476449842,1.3899564567641685,1.4327373278037965,1.4462368774689704,1.459257452556444,1.5517560029590505,0.026520124752647423,1.3929571406748253,1.499037639685415,,,,,,,,,,,,3,1.4286119146590288,0.0001808954447907396,1.4284509376057382,1.4284855751952674,1.4285202127847967,1.4286924031856745,1.428864593586552,0.00020682799040705468,1.4284509376057382,1.428864593586552
b759,[#16X2;r7:1]~;@[#8X2;r7:2],1.6767950057983398,50,1.676825744064445,0.03255167078360284,1.5916362208107189,1.6553571944472563,1.6752643051837595,1.7027469649602995,1.7316169927936385,0.04738977051304327,1.5916362208107189,1.7316169927936385,,,,,,,,,,,,,,,,,,,,,,
b760,[#15X3;r7:1]~;@[#16X2;r7:2],2.1125526428222656,50,2.1381686854790143,0.04647943732305314,2.0656174749818117,2.111571585360048,2.1216352098639053,2.1517850850601157,2.29549701556902,0.0402134997000676,2.0656174749818117,2.212105334610217,,,,,,,,,,,,,,,,,,,,,,
b761,[#16X2;r5:1]~;@[#8X2;r5:2],1.6857759952545166,50,1.6793797903690637,0.03605655521684894,1.569190439638917,1.6703544355097544,1.680102103494475,1.694451419495544,1.7697366107488506,0.024096983985789633,1.6342089595310698,1.7305968954742283,50,1.663590355123222,0.0342397513411009,1.5653390493013666,1.6469807835326047,1.6640087327666861,1.6816908769077235,1.7354260507748533,0.03471009337511877,1.5949156434699265,1.7337560169704016,21,1.6798551459143,0.003281178992941714,1.6733397704542228,1.6783731558578727,1.6805539738367667,1.6812135261274224,1.6875545524873892,0.0028403702695496413,1.6741126004535483,1.6854740815317468
b762,[#7X3;r4:1]~;@[#7X3;r4:2],1.4469013214111328,50,1.4286282103543442,0.02740512029314603,1.3687491486746342,1.4142874967206673,1.427122400287658,1.4477937226292166,1.4978291912788553,0.033506225908549236,1.3687491486746342,1.4978291912788553,,,,,,,,,,,,5,1.4260967321643672,0.03465752028436328,1.3835932539728149,1.3845521328488462,1.4452754602889282,1.4577009511050876,1.45936186260616,0.07314881825624142,1.3835932539728149,1.45936186260616
b763,[#6X2;r8:1]~;@[#6X4;r8:2],1.4628899097442627,50,1.4616571890718175,0.029055343258929334,1.377833811527218,1.4491086320869822,1.4561924480400306,1.4773296490771672,1.5374859525848765,0.028221016990185088,1.4067771066017045,1.5196611745624449,200,1.4822114910135245,0.026069601145285348,1.3979749578095733,1.4675419170024935,1.4807418930530847,1.495529057710002,1.5939238016665263,0.027987140707508518,1.4255612059412308,1.5375097687712649,2,1.4596909313746778,0.00031357053492198084,1.4593773608397558,1.4595341461072167,1.4596909313746778,1.4598477166421389,1.4600045019095997,0.0003135705349222029,1.4593773608397558,1.4600045019095997
b764,[#6X2;r8:1]~;@[#6X3;r8:2],1.424774408340454,50,1.4304893377489862,0.018223362757819047,1.3938296143497797,1.4205046012168085,1.4277304356868021,1.436059875436242,1.4937604358852603,0.015555274219433368,1.3971716898876585,1.459392786765392,,,,,,,,,,,,,,,,,,,,,,
b765,[#7X3;r5:1]~;@[#7X3;r7:2],1.3458889722824097,50,1.4276715296504618,0.026036977047992505,1.3290231220443378,1.4111557596103668,1.4319559438978504,1.4451843930621342,1.482022884871905,0.03402863345176743,1.3601128094327155,1.482022884871905,,,,,,,,,,,,,,,,,,,,,,
b766,[#16X2;r7:1]~;@[#6X4;r5:2],1.7819139957427979,50,1.840525342897825,0.026397022584041804,1.771440987628591,1.8240258899288726,1.8412683875945204,1.8572391323590323,1.9046836975562658,0.03321324243015966,1.774206026283633,1.9046836975562658,,,,,,,,,,,,,,,,,,,,,,
b767,[#7X2;r4:1]~;@[#7X3;r4:2],1.399585485458374,50,1.37072776316376,0.025384161869119196,1.307201178845456,1.356653268702865,1.369109943081738,1.3891058176581985,1.4370658089178356,0.03245254895533356,1.3079744452698647,1.4370658089178356,,,,,,,,,,,,9,1.3514610103743432,0.056450703131705235,1.2534184695632322,1.3663226667016322,1.3680134744776449,1.3688837519468027,1.4446030288552363,0.0025610852451705135,1.3624810388338764,1.3727253798145584
b768,[#6X3;r4:1]~;@[#7X2;r4:2],1.2972005605697632,50,1.305353119954411,0.02266088992585266,1.2413210675395148,1.2937340641728994,1.3070494885922432,1.3204163287808595,1.3434879373283908,0.026682264607960082,1.2537106672609593,1.3434879373283908,,,,,,,,,,,,9,1.3100179278702162,0.05163614131421538,1.2788486819963512,1.2789524051388512,1.2789971572614132,1.305997300245939,1.4112528951521792,0.027044895107087852,1.2788486819963512,1.346564642906571
b769,[#7X2;r8:1]~;@[#7X2;r8:2],1.219916582107544,50,1.296853015068312,0.025887632649781195,1.2562775417408016,1.2798155437125094,1.2931923020843163,1.3077324992712178,1.3778224301200617,0.027916955558708434,1.2562775417408016,1.3496079326092805,,,,,,,,,,,,,,,,,,,,,,
b770,[#7X3;r6:1]~;@[#8X2;r7:2],1.4173462390899658,50,1.422192650352085,0.030415472066485927,1.3152629717442488,1.4016042884489517,1.4246059381062748,1.4352562254387604,1.495780923948896,0.03365193698980873,1.3511263829642386,1.4857341309234735,,,,,,,,,,,,,,,,,,,,,,
b771,[#16X3;r6:1]~;@[#6X4;r4:2],1.7857413291931152,50,1.8305771742349282,0.03377342305975961,1.7205620141548608,1.8117818834532642,1.8317677179034182,1.8481303707054715,1.9082273902631164,0.036348487252207295,1.7572591525749532,1.9026531015837824,,,,,,,,,,,,,,,,,,,,,,
b772,[#6X3;r3:1]~;@[#7X2;r6:2],1.2615011930465698,50,1.3078215949116498,0.018090320017421804,1.259882870554312,1.2980672015843244,1.304731863797999,1.3165186763717756,1.3483299511644384,0.018451474787451128,1.2703899894031476,1.3441958885529521,,,,,,,,,,,,,,,,,,,,,,
b773,[#6X4;r7:1]~;@[#7X3;r3:2],1.4716695547103882,50,1.4686791213203259,0.024554424938587407,1.414518594236839,1.4503782924363666,1.4691570098980062,1.4837138227225921,1.5445318014142209,0.03333553028622549,1.414518594236839,1.5337171181519302,,,,,,,,,,,,,,,,,,,,,,
b774,[#6X3;r7:1]~;@[#6X4;r3:2],1.4629288911819458,50,1.4990846343348838,0.03411567591559204,1.4413695974103773,1.477230051716066,1.4988064162651094,1.5076345473404769,1.594045472914255,0.030404495624410943,1.4413695974103773,1.5532412907770934,250,1.520896430517891,0.03516292109604958,1.3619611175972035,1.5013882787477213,1.5209492883536835,1.5401060409176575,1.614311707270086,0.038717762169936165,1.443311635492817,1.5981826841725617,,,,,,,,,,,
b775,[#6X3;r4:1]~;@[#8X2;r5:2],1.3676899671554565,50,1.3737164558621706,0.028913390360824506,1.294457636560828,1.3570873803642234,1.3729372025705375,1.3837240820671757,1.4646026348024372,0.026636701702952292,1.3171323278097948,1.423679134621604,,,,,,,,,,,,,,,,,,,,,,
b776,[#6X3;r4:1]~;@[#6X4;r6:2],1.530083417892456,50,1.4957047266324142,0.03217879352457091,1.4183050819205598,1.4779634890835833,1.49557736714904,1.5068753768141019,1.584847779348273,0.02891188773051856,1.4345956574878054,1.5502432084098796,50,1.5145683207684935,0.03194799442569265,1.4459098946953157,1.4980178179863928,1.512951556789654,1.5279366202235947,1.6052878174879617,0.02991880223720189,1.45313961463059,1.5728148235793975,,,,,,,,,,,
b777,[#16X2;r8:1]~;@[#6X4;r6:2],1.8554171323776245,50,1.8544159492371008,0.034093982395531665,1.7626035717949804,1.83414133724528,1.8584284154169413,1.8757603524611328,1.933893113332157,0.04161901521585287,1.7717128144215006,1.933893113332157,,,,,,,,,,,,,,,,,,,,,,
b778,[#16X2;r8:1]~;@[#16X2;r8:2],2.0806989669799805,50,2.0940412669008137,0.04359737068621962,1.9744348996737648,2.068279209464027,2.0972682605956248,2.1172068146157814,2.250749465582811,0.04892760515175443,1.9948878017363953,2.190598222343413,150,2.089046588269416,0.04792021570746119,1.8876962817867091,2.062673197118893,2.0897668425647256,2.1165853554920813,2.2330697358183693,0.0539121583731883,1.9818049595591105,2.197453593051864,3,2.1006571237167284,0.017641848755870687,2.075707781940843,2.09441978413202,2.113131786323197,2.113131794604671,2.1131318028861457,0.01871201047265103,2.075707781940843,2.1131318028861457
b779,[#15X4;r6:1]~;@[#7X3;r5:2],1.6703256368637085,50,1.7540118195602343,0.03052397692894216,1.7126633151939374,1.7303839736273503,1.7470931789045332,1.7634615157414397,1.829984816412875,0.03307754211408942,1.7126633151939374,1.813077828912574,,,,,,,,,,,,,,,,,,,,,,
b780,[#7X3;r5:1]~;@[#7X4;r5:2],1.4918148517608643,50,1.4274065905358209,0.02245974373475985,1.3652570147433896,1.4148915107981397,1.4301570674514057,1.4446741263430523,1.4837874146200312,0.029782615544912572,1.370217587480771,1.4837874146200312,,,,,,,,,,,,,,,,,,,,,,
b781,[#16X3;r5:1]~;@[#6X4;r6:2],1.9305248260498047,50,1.8493151694088532,0.028344469215490622,1.7831015683367744,1.8335437049498515,1.8530774597226858,1.8703121018372306,1.9068620408786934,0.036768396887379096,1.7831015683367744,1.9068620408786934,,,,,,,,,,,,,,,,,,,,,,
b782,[#16X4;r7:1]~;@[#7X2;r7:2],1.6338300704956055,50,1.6995254080813782,0.041988457556085344,1.5862549397787864,1.6808690108431694,1.7005162248764245,1.7185404872360626,1.8218667201935959,0.037671476392893144,1.6243617962538297,1.7750477018254023,,,,,,,,,,,,,,,,,,,,,,
b783,[#8X2;r7:1]~;@[#8X2;r7:2],1.4424992799758911,50,1.4565133598660742,0.031360153057444086,1.362341852803686,1.4354680334488548,1.4557473840704676,1.4733356784533245,1.5569265051346248,0.03786764500446971,1.3786665659421502,1.530137145960029,50,1.4581030414958938,0.024744736906094363,1.4018099300207698,1.4460568755460983,1.4559444043220338,1.4697054138497445,1.5240594881518492,0.023648538303646216,1.410584068090629,1.5051782213052138,1,1.4613202357314088,0.0,1.4613202357314088,1.4613202357314088,1.4613202357314088,1.4613202357314088,1.4613202357314088,0.0,1.4613202357314088,1.4613202357314088
b784,[#6X4;r3:1]~;@[#7X3;r4:2],1.404340147972107,50,1.4691220032150645,0.027102936039347936,1.3936994437941939,1.45839128556653,1.47246129771366,1.4870780910806913,1.5291213778229504,0.028686805514161362,1.4153610772952878,1.5291213778229504,,,,,,,,,,,,,,,,,,,,,,
b785,[#6X3;r4:1]~;@[#6X4;r5:2],1.4840493202209473,50,1.5001354867070342,0.028980712644112717,1.438386230515063,1.479998700857823,1.5030320615940442,1.5157014894930696,1.5780676151267021,0.03570278863524656,1.438386230515063,1.5692556724459394,,,,,,,,,,,,,,,,,,,,,,
b786,[#7X2;r7:1]~;@[#7X3;r5:2],1.3467297554016113,50,1.3695631968135509,0.0293835398075919,1.3105003672003805,1.3533443060882029,1.3701729837458703,1.3817696352181792,1.452426011608382,0.028425329129976307,1.3107063123932385,1.4244076289131438,50,1.3660135402128666,0.024557310571534513,1.3015520291433604,1.3519419043338416,1.3718157908318576,1.3799497569572896,1.4213909390442092,0.02800785262344796,1.3099301253986697,1.4213909390442092,,,,,,,,,,,
b787,[#16X2;r5:1]~;@[#16X4;r5:2],2.1366612911224365,50,2.075622417666489,0.041116831589309906,1.9554130765111752,2.0582064317861715,2.0713490722576164,2.097999237901828,2.167186134235295,0.03979280611565672,1.9985172226126864,2.157688447075313,,,,,,,,,,,,1,2.0854846981178943,0.0,2.0854846981178943,2.0854846981178943,2.0854846981178943,2.0854846981178943,2.0854846981178943,0.0,2.0854846981178943,2.0854846981178943
b788,[#7X2;r7:1]~;@[#7X3;r6:2],1.4267886877059937,50,1.3687216811906433,0.025741966089450962,1.2910538383959154,1.3600075833928567,1.371013252054007,1.3838397075696491,1.4194581836705729,0.02383212417679248,1.324259397127668,1.4194581836705729,,,,,,,,,,,,,,,,,,,,,,
b789,[#15X4;r6:1]~;@[#6X3;r5:2],1.7696822881698608,50,1.709664912767267,0.041828531032991466,1.6202479222485993,1.676963881761734,1.71077499047447,1.7450548839838578,1.8142324346480623,0.06809100222212372,1.6202479222485993,1.8142324346480623,,,,,,,,,,,,4,1.7645492316916567,0.00680721578651901,1.7535588867202923,1.7615396400776864,1.7670731044539183,1.7700826960678888,1.7704918311384992,0.008543055990202442,1.7535588867202923,1.7704918311384992
b790,[#6X3;r5:1]~;@[#7X3;r8:2],1.4132885932922363,50,1.4009025793280663,0.02358174880752563,1.3327478844396867,1.3824017815312963,1.4008162051465878,1.4170928994087968,1.4510427407895365,0.034691117877500455,1.3327478844396867,1.4510427407895365,,,,,,,,,,,,,,,,,,,,,,
b791,[#16X4;r4:1]~;@[#7X3;r4:2],1.796922206878662,50,1.6828205107195904,0.03580816547428016,1.5780321545760472,1.6734239490539498,1.6890266785690473,1.7055423523500273,1.7536272626857712,0.03211840329607751,1.6252463441098335,1.7536272626857712,,,,,,,,,,,,1,1.7518095335504191,0.0,1.7518095335504191,1.7518095335504191,1.7518095335504191,1.7518095335504191,1.7518095335504191,0.0,1.7518095335504191,1.7518095335504191
b792,[#16X4;r5:1]~;@[#7X3;r3:2],1.9003645181655884,50,1.7658788907610659,0.0392326789268907,1.6707580805271973,1.739034017207449,1.7628866683132927,1.7957030032723247,1.8594043755408458,0.05666898606487569,1.6707580805271973,1.8594043755408458,,,,,,,,,,,,,,,,,,,,,,
b793,[#16X4;r6:1]~;@[#7X2;r7:2],1.3743469715118408,50,1.7411361538007362,0.0441151614595857,1.6688779268812264,1.7132088263953733,1.7340855680133194,1.7606847908744812,1.8686454218598585,0.047475964479107846,1.6688779268812264,1.8318987375931428,,,,,,,,,,,,,,,,,,,,,,
b794,[#16X2;r7:1]~;@[#7X3;r7:2],1.6630513668060303,50,1.7001577925125286,0.028678531753139308,1.6351663595442465,1.6779301501467643,1.6958956011325204,1.7174769918648614,1.7699737707369636,0.03954684171809708,1.6351663595442465,1.7699737707369636,,,,,,,,,,,,,,,,,,,,,,
b795,[#7X3;r6:1]~;@[#7X3;r7:2],1.3537249565124512,50,1.4426590595687208,0.021546016831134853,1.3673215130324494,1.4303981508741377,1.4439702655950652,1.4548914844934488,1.4826571922845388,0.024493333619311164,1.3936581504451708,1.4826571922845388,,,,,,,,,,,,,,,,,,,,,,
b796,[#6X3;r8:1]~;@[#6X4;r5:2],1.490007996559143,50,1.5232509427765117,0.030627444789115724,1.4361164084739473,1.5056350815355968,1.5237751611834078,1.5422868551452917,1.6077542863610856,0.03665177360969496,1.4506574211210543,1.5972645155598342,,,,,,,,,,,,1,1.506618057980614,0.0,1.506618057980614,1.506618057980614,1.506618057980614,1.506618057980614,1.506618057980614,0.0,1.506618057980614,1.506618057980614
b797,[#16X2;r6:1]~;@[#7X3;r5:2],1.7142692804336548,50,1.6788609744800322,0.031641552882187625,1.6084517196179495,1.6571877980719005,1.6778574641964181,1.6942123846270216,1.7482049870121037,0.037024586555121086,1.6084517196179495,1.7482049870121037,,,,,,,,,,,,,,,,,,,,,,
b798,[#16X2;r7:1]~;@[#7X3;r5:2],1.7462286949157715,50,1.6836446571544013,0.026431210974081628,1.6024857071839105,1.6723463629489537,1.6859069495144907,1.7033549516771949,1.723874464951832,0.031008588728241193,1.6258334798565919,1.723874464951832,,,,,,,,,,,,,,,,,,,,,,
