simple_id,param_id,smirks,equilibrium_value
a0,specificity=0 index=0 count=473,[*:1]~[#6X4:2]~[*:3],N/A
a1,specificity=0 index=1 count=224,[*:1]~[#7X3:2]~[*:3],N/A
a2,specificity=0 index=2 count=213,[*:1]~[#6X3:2]~[*:3],N/A
a3,specificity=0 index=3 count=115,[*:1]~[#16X4:2]~[*:3],N/A
a4,specificity=0 index=4 count=109,[*:1]~[#8X2:2]~[*:3],N/A
a5,specificity=0 index=5 count=101,[*:1]~[#7X4:2]~[*:3],N/A
a6,specificity=0 index=6 count=83,[*:1]~[#16X2:2]~[*:3],N/A
a7,specificity=0 index=7 count=80,[*:1]~[#15X4:2]~[*:3],N/A
a8,specificity=0 index=8 count=71,[*:1]~[#7X2:2]~[*:3],N/A
a9,specificity=0 index=9 count=63,[*:1]~[#16X3:2]~[*:3],N/A
a10,specificity=0 index=10 count=48,[*:1]~[#15X3:2]~[*:3],N/A
a11,specificity=0 index=11 count=34,[*:1]~[#15X5:2]~[*:3],N/A
a12,specificity=0 index=12 count=26,[*:1]~[#6X2:2]~[*:3],N/A
a13,specificity=0 index=13 count=1,[*:1]~[#15X2:2]~[*:3],N/A
a14,specificity=1 index=0 count=17,[!#1;r3:1]~[#7X3;r5:2]~[!#1;r5:3],N/A
a15,specificity=1 index=1 count=16,[!#1;r4:1]~[#6X3;r6:2]~[!#1;r6:3],N/A
a16,specificity=1 index=2 count=15,[!#1;r3:1]~[#6X4;r5:2]~[!#1;r6:3],N/A
a17,specificity=1 index=3 count=14,[!#1;r3:1]~[#6X4;r5:2]~[!#1;r5:3],N/A
a18,specificity=1 index=4 count=13,[!#1;r5:1]~[#6X4;r3:2]~[!#1;r5:3],N/A
a19,specificity=1 index=5 count=13,[!#1;r5:1]~[#6X4;r3:2]~[!#1;r6:3],N/A
a20,specificity=1 index=6 count=13,[!#1;r3:1]~[#6X4;r6:2]~[!#1;r6:3],N/A
a21,specificity=1 index=7 count=12,[!#1;r5:1]~[#6X3;r7:2]~[!#1;r6:3],N/A
a22,specificity=1 index=8 count=12,[!#1;r6:1]~[#7X4;r6:2]~[!#1;r6:3],N/A
a23,specificity=1 index=9 count=12,[!#1;r5:1]~[#7X3;r7:2]~[!#1;r7:3],N/A
a24,specificity=1 index=10 count=11,[!#1;r5:1]~[#6X4;r7:2]~[!#1;r5:3],N/A
a25,specificity=1 index=11 count=11,[!#1;r4:1]~[#7X3;r4:2]~[!#1;r5:3],N/A
a26,specificity=1 index=12 count=10,[!#1;r5:1]~[#6X4;r4:2]~[!#1;r6:3],N/A
a27,specificity=1 index=13 count=10,[!#1;r3:1]~[#7X3;r6:2]~[!#1;r6:3],N/A
a28,specificity=1 index=14 count=10,[!#1;r3:1]~[#7X3;r3:2]~[!#1;r5:3],N/A
a29,specificity=1 index=15 count=10,[!#1;r5:1]~[#6X4;r5:2]~[!#1;r8:3],N/A
a30,specificity=1 index=16 count=10,[!#1;r4:1]~[#6X4;r6:2]~[#1;!r3;!r4;!r5;!r6;!r7;!r8:3],N/A
a31,specificity=2 index=0 count=11,[#6X3;r5:1]~[#6X3;r6:2]~[#6X4;r3:3],N/A
a32,specificity=2 index=1 count=10,[#6X3;r5:1]~[#6X3;r7:2]~[#6X3;r5:3],N/A
a33,specificity=3 index=0 count=165,[!#1;!r3;!r4;!r5;!r6;!r7;!r8:1]~[#6X4;!r3;!r4;!r5;!r6;!r7;!r8:2]~[!#1;!r3;!r4;!r5;!r6;!r7;!r8:3],N/A
a34,specificity=3 index=1 count=119,[!#1;!r3;!r4;!r5;!r6;!r7;!r8:1]~[#6X3;!r3;!r4;!r5;!r6;!r7;!r8:2]~[!#1;!r3;!r4;!r5;!r6;!r7;!r8:3],N/A
a35,specificity=3 index=2 count=109,[!#1;!r3;!r4;!r5;!r6;!r7;!r8:1]~[#7X3;!r3;!r4;!r5;!r6;!r7;!r8:2]~[!#1;!r3;!r4;!r5;!r6;!r7;!r8:3],N/A
a36,specificity=3 index=3 count=97,[!#1;!r3;!r4;!r5;!r6;!r7;!r8:1]~[#15X4;!r3;!r4;!r5;!r6;!r7;!r8:2]~[!#1;!r3;!r4;!r5;!r6;!r7;!r8:3],N/A
a37,specificity=3 index=4 count=79,[!#1;!r3;!r4;!r5;!r6;!r7;!r8:1]~[#15X3;!r3;!r4;!r5;!r6;!r7;!r8:2]~[!#1;!r3;!r4;!r5;!r6;!r7;!r8:3],N/A
a38,specificity=3 index=5 count=71,[!#1;!r3;!r4;!r5;!r6;!r7;!r8:1]~[#6X4;r3:2]~[!#1;!r3;!r4;!r5;!r6;!r7;!r8:3],N/A
a39,specificity=3 index=6 count=69,[!#1;!r3;!r4;!r5;!r6;!r7;!r8:1]~[#6X4;r5:2]~[!#1;!r3;!r4;!r5;!r6;!r7;!r8:3],N/A
a40,specificity=3 index=7 count=67,[!#1;!r3;!r4;!r5;!r6;!r7;!r8:1]~[#6X4;!r3;!r4;!r5;!r6;!r7;!r8:2]~[!#1;r5:3],N/A
a41,specificity=3 index=8 count=67,[!#1;!r3;!r4;!r5;!r6;!r7;!r8:1]~[#6X3;!r3;!r4;!r5;!r6;!r7;!r8:2]~[!#1;r7:3],N/A
a42,specificity=3 index=9 count=66,[!#1;!r3;!r4;!r5;!r6;!r7;!r8:1]~[#6X4;r6:2]~[!#1;!r3;!r4;!r5;!r6;!r7;!r8:3],N/A
a43,specificity=3 index=10 count=65,[!#1;!r3;!r4;!r5;!r6;!r7;!r8:1]~[#16X2;!r3;!r4;!r5;!r6;!r7;!r8:2]~[!#1;!r3;!r4;!r5;!r6;!r7;!r8:3],N/A
a44,specificity=3 index=11 count=61,[!#1;!r3;!r4;!r5;!r6;!r7;!r8:1]~[#6X4;!r3;!r4;!r5;!r6;!r7;!r8:2]~[!#1;r6:3],N/A
a45,specificity=3 index=12 count=56,[!#1;!r3;!r4;!r5;!r6;!r7;!r8:1]~[#7X3;!r3;!r4;!r5;!r6;!r7;!r8:2]~[!#1;r6:3],N/A
a46,specificity=3 index=13 count=56,[!#1;!r3;!r4;!r5;!r6;!r7;!r8:1]~[#6X2;!r3;!r4;!r5;!r6;!r7;!r8:2]~[!#1;!r3;!r4;!r5;!r6;!r7;!r8:3],N/A
a47,specificity=3 index=14 count=54,[!#1;!r3;!r4;!r5;!r6;!r7;!r8:1]~[#8X2;!r3;!r4;!r5;!r6;!r7;!r8:2]~[!#1;r6:3],N/A
a48,specificity=3 index=15 count=54,[!#1;!r3;!r4;!r5;!r6;!r7;!r8:1]~[#16X3;!r3;!r4;!r5;!r6;!r7;!r8:2]~[!#1;!r3;!r4;!r5;!r6;!r7;!r8:3],N/A
a49,specificity=3 index=16 count=53,[!#1;!r3;!r4;!r5;!r6;!r7;!r8:1]~[#15X4;!r3;!r4;!r5;!r6;!r7;!r8:2]~[!#1;r6:3],N/A
a50,specificity=3 index=17 count=50,[!#1;!r3;!r4;!r5;!r6;!r7;!r8:1]~[#7X3;!r3;!r4;!r5;!r6;!r7;!r8:2]~[!#1;r5:3],N/A
a51,specificity=3 index=18 count=48,[!#1;!r3;!r4;!r5;!r6;!r7;!r8:1]~[#7X2;!r3;!r4;!r5;!r6;!r7;!r8:2]~[!#1;!r3;!r4;!r5;!r6;!r7;!r8:3],N/A
a52,specificity=3 index=19 count=46,[!#1;!r3;!r4;!r5;!r6;!r7;!r8:1]~[#6X4;!r3;!r4;!r5;!r6;!r7;!r8:2]~[!#1;r7:3],N/A
a53,specificity=3 index=20 count=46,[!#1;!r3;!r4;!r5;!r6;!r7;!r8:1]~[#6X3;!r3;!r4;!r5;!r6;!r7;!r8:2]~[!#1;r4:3],N/A
a54,specificity=3 index=21 count=43,[!#1;!r3;!r4;!r5;!r6;!r7;!r8:1]~[#8X2;!r3;!r4;!r5;!r6;!r7;!r8:2]~[!#1;r5:3],N/A
a55,specificity=3 index=22 count=43,[!#1;!r3;!r4;!r5;!r6;!r7;!r8:1]~[#15X4;!r3;!r4;!r5;!r6;!r7;!r8:2]~[!#1;r5:3],N/A
a56,specificity=3 index=23 count=41,[!#1;!r3;!r4;!r5;!r6;!r7;!r8:1]~[#6X4;!r3;!r4;!r5;!r6;!r7;!r8:2]~[!#1;r4:3],N/A
a57,specificity=3 index=24 count=40,[!#1;!r3;!r4;!r5;!r6;!r7;!r8:1]~[#6X4;r4:2]~[!#1;!r3;!r4;!r5;!r6;!r7;!r8:3],N/A
a58,specificity=3 index=25 count=40,[!#1;!r3;!r4;!r5;!r6;!r7;!r8:1]~[#8X2;!r3;!r4;!r5;!r6;!r7;!r8:2]~[!#1;!r3;!r4;!r5;!r6;!r7;!r8:3],N/A
a59,specificity=3 index=26 count=39,[!#1;!r3;!r4;!r5;!r6;!r7;!r8:1]~[#6X4;r4:2]~[#1;!r3;!r4;!r5;!r6;!r7;!r8:3],N/A
a60,specificity=3 index=27 count=38,[!#1;!r3;!r4;!r5;!r6;!r7;!r8:1]~[#6X3;!r3;!r4;!r5;!r6;!r7;!r8:2]~[!#1;r6:3],N/A
a61,specificity=3 index=28 count=37,[!#1;!r3;!r4;!r5;!r6;!r7;!r8:1]~[#6X3;!r3;!r4;!r5;!r6;!r7;!r8:2]~[!#1;r5:3],N/A
a62,specificity=3 index=29 count=37,[!#1;!r3;!r4;!r5;!r6;!r7;!r8:1]~[#16X4;!r3;!r4;!r5;!r6;!r7;!r8:2]~[!#1;!r3;!r4;!r5;!r6;!r7;!r8:3],N/A
a63,specificity=3 index=30 count=35,[!#1;!r3;!r4;!r5;!r6;!r7;!r8:1]~[#6X4;!r3;!r4;!r5;!r6;!r7;!r8:2]~[!#1;r3:3],N/A
a64,specificity=3 index=31 count=35,[!#1;!r3;!r4;!r5;!r6;!r7;!r8:1]~[#6X3;!r3;!r4;!r5;!r6;!r7;!r8:2]~[!#1;r3:3],N/A
a65,specificity=3 index=32 count=34,[!#1;!r3;!r4;!r5;!r6;!r7;!r8:1]~[#16X2;!r3;!r4;!r5;!r6;!r7;!r8:2]~[!#1;r6:3],N/A
a66,specificity=3 index=33 count=34,[!#1;!r3;!r4;!r5;!r6;!r7;!r8:1]~[#16X4;!r3;!r4;!r5;!r6;!r7;!r8:2]~[!#1;r6:3],N/A
a67,specificity=3 index=34 count=29,[!#1;!r3;!r4;!r5;!r6;!r7;!r8:1]~[#7X2;!r3;!r4;!r5;!r6;!r7;!r8:2]~[!#1;r5:3],N/A
a68,specificity=3 index=35 count=28,[!#1;!r3;!r4;!r5;!r6;!r7;!r8:1]~[#8X2;!r3;!r4;!r5;!r6;!r7;!r8:2]~[!#1;r7:3],N/A
a69,specificity=3 index=36 count=28,[!#1;!r3;!r4;!r5;!r6;!r7;!r8:1]~[#16X4;!r3;!r4;!r5;!r6;!r7;!r8:2]~[!#1;r5:3],N/A
a70,specificity=3 index=37 count=28,[!#1;!r3;!r4;!r5;!r6;!r7;!r8:1]~[#6X4;r5:2]~[#1;!r3;!r4;!r5;!r6;!r7;!r8:3],N/A
a71,specificity=3 index=38 count=28,[!#1;!r3;!r4;!r5;!r6;!r7;!r8:1]~[#15X4;!r3;!r4;!r5;!r6;!r7;!r8:2]~[#1;!r3;!r4;!r5;!r6;!r7;!r8:3],N/A
a72,specificity=3 index=39 count=28,[!#1;!r3;!r4;!r5;!r6;!r7;!r8:1]~[#15X5;!r3;!r4;!r5;!r6;!r7;!r8:2]~[!#1;!r3;!r4;!r5;!r6;!r7;!r8:3],N/A
a73,specificity=3 index=40 count=26,[!#1;!r3;!r4;!r5;!r6;!r7;!r8:1]~[#7X3;!r3;!r4;!r5;!r6;!r7;!r8:2]~[#1;!r3;!r4;!r5;!r6;!r7;!r8:3],N/A
a74,specificity=3 index=41 count=25,[!#1;!r3;!r4;!r5;!r6;!r7;!r8:1]~[#6X4;r6:2]~[!#1;r5:3],N/A
a75,specificity=3 index=42 count=25,[!#1;!r3;!r4;!r5;!r6;!r7;!r8:1]~[#16X2;!r3;!r4;!r5;!r6;!r7;!r8:2]~[!#1;r5:3],N/A
a76,specificity=3 index=43 count=25,[!#1;!r3;!r4;!r5;!r6;!r7;!r8:1]~[#6X4;r4:2]~[!#1;r6:3],N/A
a77,specificity=3 index=44 count=24,[!#1;!r3;!r4;!r5;!r6;!r7;!r8:1]~[#6X4;r3:2]~[!#1;r6:3],N/A
a78,specificity=3 index=45 count=23,[!#1;!r3;!r4;!r5;!r6;!r7;!r8:1]~[#7X2;!r3;!r4;!r5;!r6;!r7;!r8:2]~[!#1;r7:3],N/A
a79,specificity=3 index=46 count=23,[!#1;!r3;!r4;!r5;!r6;!r7;!r8:1]~[#7X2;!r3;!r4;!r5;!r6;!r7;!r8:2]~[!#1;r6:3],N/A
a80,specificity=3 index=47 count=22,[!#1;!r3;!r4;!r5;!r6;!r7;!r8:1]~[#15X3;!r3;!r4;!r5;!r6;!r7;!r8:2]~[!#1;r6:3],N/A
a81,specificity=3 index=48 count=21,[!#1;!r3;!r4;!r5;!r6;!r7;!r8:1]~[#6X4;r6:2]~[#1;!r3;!r4;!r5;!r6;!r7;!r8:3],N/A
a82,specificity=3 index=49 count=21,[!#1;!r3;!r4;!r5;!r6;!r7;!r8:1]~[#6X4;r5:2]~[!#1;r6:3],N/A
a83,specificity=3 index=50 count=20,[!#1;!r3;!r4;!r5;!r6;!r7;!r8:1]~[#6X4;r6:2]~[!#1;r6:3],N/A
a84,specificity=3 index=51 count=20,[!#1;!r3;!r4;!r5;!r6;!r7;!r8:1]~[#15X4;r5:2]~[!#1;!r3;!r4;!r5;!r6;!r7;!r8:3],N/A
a85,specificity=3 index=52 count=19,[!#1;!r3;!r4;!r5;!r6;!r7;!r8:1]~[#6X3;!r3;!r4;!r5;!r6;!r7;!r8:2]~[#1;!r3;!r4;!r5;!r6;!r7;!r8:3],N/A
a86,specificity=3 index=53 count=19,[!#1;!r3;!r4;!r5;!r6;!r7;!r8:1]~[#6X4;r5:2]~[!#1;r5:3],N/A
a87,specificity=3 index=54 count=19,[!#1;!r3;!r4;!r5;!r6;!r7;!r8:1]~[#8X2;!r3;!r4;!r5;!r6;!r7;!r8:2]~[#1;!r3;!r4;!r5;!r6;!r7;!r8:3],N/A
a88,specificity=3 index=55 count=19,[!#1;!r3;!r4;!r5;!r6;!r7;!r8:1]~[#15X4;r6:2]~[!#1;!r3;!r4;!r5;!r6;!r7;!r8:3],N/A
a89,specificity=3 index=56 count=18,[!#1;r4:1]~[#6X3;!r3;!r4;!r5;!r6;!r7;!r8:2]~[!#1;r6:3],N/A
a90,specificity=3 index=57 count=18,[!#1;r6:1]~[#6X4;!r3;!r4;!r5;!r6;!r7;!r8:2]~[!#1;r6:3],N/A
a91,specificity=3 index=58 count=17,[!#1;!r3;!r4;!r5;!r6;!r7;!r8:1]~[#16X4;!r3;!r4;!r5;!r6;!r7;!r8:2]~[!#1;r3:3],N/A
a92,specificity=3 index=59 count=16,[!#1;!r3;!r4;!r5;!r6;!r7;!r8:1]~[#7X4;!r3;!r4;!r5;!r6;!r7;!r8:2]~[!#1;!r3;!r4;!r5;!r6;!r7;!r8:3],N/A
a93,specificity=3 index=60 count=16,[!#1;r5:1]~[#7X4;!r3;!r4;!r5;!r6;!r7;!r8:2]~[#1;!r3;!r4;!r5;!r6;!r7;!r8:3],N/A
a94,specificity=3 index=61 count=16,[!#1;!r3;!r4;!r5;!r6;!r7;!r8:1]~[#7X3;!r3;!r4;!r5;!r6;!r7;!r8:2]~[!#1;r4:3],N/A
a95,specificity=3 index=62 count=16,[!#1;!r3;!r4;!r5;!r6;!r7;!r8:1]~[#7X3;!r3;!r4;!r5;!r6;!r7;!r8:2]~[!#1;r7:3],N/A
a96,specificity=3 index=63 count=15,[!#1;!r3;!r4;!r5;!r6;!r7;!r8:1]~[#6X4;r3:2]~[#1;!r3;!r4;!r5;!r6;!r7;!r8:3],N/A
a97,specificity=3 index=64 count=15,[!#1;!r3;!r4;!r5;!r6;!r7;!r8:1]~[#7X4;!r3;!r4;!r5;!r6;!r7;!r8:2]~[#1;!r3;!r4;!r5;!r6;!r7;!r8:3],N/A
a98,specificity=3 index=65 count=15,[!#1;!r3;!r4;!r5;!r6;!r7;!r8:1]~[#16X3;!r3;!r4;!r5;!r6;!r7;!r8:2]~[!#1;r6:3],N/A
a99,specificity=3 index=66 count=15,[!#1;!r3;!r4;!r5;!r6;!r7;!r8:1]~[#6X4;r7:2]~[!#1;!r3;!r4;!r5;!r6;!r7;!r8:3],N/A
a100,specificity=3 index=67 count=14,[!#1;r3:1]~[#6X4;!r3;!r4;!r5;!r6;!r7;!r8:2]~[!#1;r5:3],N/A
a101,specificity=3 index=68 count=14,[!#1;r6:1]~[#8X2;!r3;!r4;!r5;!r6;!r7;!r8:2]~[!#1;r6:3],N/A
a102,specificity=3 index=69 count=14,[!#1;r6:1]~[#15X3;!r3;!r4;!r5;!r6;!r7;!r8:2]~[!#1;r6:3],N/A
a103,specificity=3 index=70 count=14,[!#1;!r3;!r4;!r5;!r6;!r7;!r8:1]~[#6X4;r7:2]~[#1;!r3;!r4;!r5;!r6;!r7;!r8:3],N/A
a104,specificity=3 index=71 count=13,[!#1;r4:1]~[#6X4;!r3;!r4;!r5;!r6;!r7;!r8:2]~[!#1;r6:3],N/A
a105,specificity=3 index=72 count=12,[!#1;!r3;!r4;!r5;!r6;!r7;!r8:1]~[#7X2;!r3;!r4;!r5;!r6;!r7;!r8:2]~[#1;!r3;!r4;!r5;!r6;!r7;!r8:3],N/A
a106,specificity=3 index=73 count=12,[!#1;r6:1]~[#6X3;!r3;!r4;!r5;!r6;!r7;!r8:2]~[!#1;r6:3],N/A
a107,specificity=3 index=74 count=12,[!#1;r3:1]~[#6X3;!r3;!r4;!r5;!r6;!r7;!r8:2]~[!#1;r6:3],N/A
a108,specificity=3 index=75 count=12,[!#1;!r3;!r4;!r5;!r6;!r7;!r8:1]~[#16X4;!r3;!r4;!r5;!r6;!r7;!r8:2]~[!#1;r4:3],N/A
a109,specificity=3 index=76 count=12,[!#1;!r3;!r4;!r5;!r6;!r7;!r8:1]~[#7X4;!r3;!r4;!r5;!r6;!r7;!r8:2]~[!#1;r6:3],N/A
a110,specificity=3 index=77 count=12,[!#1;!r3;!r4;!r5;!r6;!r7;!r8:1]~[#15X4;!r3;!r4;!r5;!r6;!r7;!r8:2]~[!#1;r3:3],N/A
a111,specificity=3 index=78 count=12,[!#1;!r3;!r4;!r5;!r6;!r7;!r8:1]~[#15X3;!r3;!r4;!r5;!r6;!r7;!r8:2]~[#1;!r3;!r4;!r5;!r6;!r7;!r8:3],N/A
a112,specificity=3 index=79 count=12,[!#1;!r3;!r4;!r5;!r6;!r7;!r8:1]~[#15X5;r4:2]~[!#1;!r3;!r4;!r5;!r6;!r7;!r8:3],N/A
a113,specificity=3 index=80 count=12,[!#1;r5:1]~[#6X4;!r3;!r4;!r5;!r6;!r7;!r8:2]~[#1;!r3;!r4;!r5;!r6;!r7;!r8:3],N/A
a114,specificity=3 index=81 count=12,[!#1;!r3;!r4;!r5;!r6;!r7;!r8:1]~[#16X4;!r3;!r4;!r5;!r6;!r7;!r8:2]~[#1;!r3;!r4;!r5;!r6;!r7;!r8:3],N/A
a115,specificity=3 index=82 count=12,[!#1;r5:1]~[#15X4;!r3;!r4;!r5;!r6;!r7;!r8:2]~[!#1;r6:3],N/A
a116,specificity=3 index=83 count=11,[!#1;r3:1]~[#6X3;!r3;!r4;!r5;!r6;!r7;!r8:2]~[!#1;r5:3],N/A
a117,specificity=3 index=84 count=11,[!#1;r3:1]~[#6X4;!r3;!r4;!r5;!r6;!r7;!r8:2]~[#1;!r3;!r4;!r5;!r6;!r7;!r8:3],N/A
a118,specificity=3 index=85 count=11,[!#1;r7:1]~[#6X4;r6:2]~[#1;!r3;!r4;!r5;!r6;!r7;!r8:3],N/A
a119,specificity=3 index=86 count=11,[!#1;r4:1]~[#6X4;!r3;!r4;!r5;!r6;!r7;!r8:2]~[!#1;r5:3],N/A
a120,specificity=3 index=87 count=11,[!#1;!r3;!r4;!r5;!r6;!r7;!r8:1]~[#6X4;r3:2]~[!#1;r5:3],N/A
a121,specificity=3 index=88 count=10,[!#1;!r3;!r4;!r5;!r6;!r7;!r8:1]~[#7X4;r6:2]~[!#1;!r3;!r4;!r5;!r6;!r7;!r8:3],N/A
a122,specificity=3 index=89 count=10,[!#1;r6:1]~[#6X4;r7:2]~[#1;!r3;!r4;!r5;!r6;!r7;!r8:3],N/A
a123,specificity=3 index=90 count=10,[!#1;!r3;!r4;!r5;!r6;!r7;!r8:1]~[#6X2;!r3;!r4;!r5;!r6;!r7;!r8:2]~[!#1;r6:3],N/A
a124,specificity=3 index=91 count=10,[!#1;r4:1]~[#7X3;!r3;!r4;!r5;!r6;!r7;!r8:2]~[!#1;r6:3],N/A
a125,specificity=3 index=92 count=10,[!#1;r5:1]~[#16X2;!r3;!r4;!r5;!r6;!r7;!r8:2]~[!#1;r5:3],N/A
a126,specificity=3 index=93 count=10,[!#1;!r3;!r4;!r5;!r6;!r7;!r8:1]~[#6X4;!r3;!r4;!r5;!r6;!r7;!r8:2]~[!#1;r8:3],N/A
a127,specificity=3 index=94 count=10,[!#1;!r3;!r4;!r5;!r6;!r7;!r8:1]~[#16X3;!r3;!r4;!r5;!r6;!r7;!r8:2]~[!#1;r5:3],N/A
a128,specificity=3 index=95 count=10,[!#1;!r3;!r4;!r5;!r6;!r7;!r8:1]~[#6X2;!r3;!r4;!r5;!r6;!r7;!r8:2]~[!#1;r7:3],N/A
a129,specificity=3 index=96 count=10,[!#1;r6:1]~[#7X3;!r3;!r4;!r5;!r6;!r7;!r8:2]~[!#1;r6:3],N/A
a130,specificity=3 index=97 count=144,[!#1;!r3;!r4;!r5;!r6;!r7;!r8:1]~[#6X4;r5:2]~;@[!#1;r5:3],N/A
a131,specificity=3 index=98 count=106,[!#1;!r3;!r4;!r5;!r6;!r7;!r8:1]~[#6X4;r6:2]~;@[!#1;r6:3],N/A
a132,specificity=3 index=99 count=106,[!#1;!r3;!r4;!r5;!r6;!r7;!r8:1]~[#6X3;r5:2]~;@[!#1;r5:3],N/A
a133,specificity=3 index=100 count=98,[!#1;!r3;!r4;!r5;!r6;!r7;!r8:1]~[#7X3;r5:2]~;@[!#1;r5:3],N/A
a134,specificity=3 index=101 count=85,[!#1;!r3;!r4;!r5;!r6;!r7;!r8:1]~[#6X4;r4:2]~;@[!#1;r4:3],N/A
a135,specificity=3 index=102 count=81,[!#1;!r3;!r4;!r5;!r6;!r7;!r8:1]~[#6X3;r7:2]~;@[!#1;r7:3],N/A
a136,specificity=3 index=103 count=80,[!#1;!r3;!r4;!r5;!r6;!r7;!r8:1]~[#6X3;r6:2]~;@[!#1;r6:3],N/A
a137,specificity=3 index=104 count=76,[!#1;!r3;!r4;!r5;!r6;!r7;!r8:1]~[#7X3;r6:2]~;@[!#1;r6:3],N/A
a138,specificity=3 index=105 count=64,[!#1;!r3;!r4;!r5;!r6;!r7;!r8:1]~[#15X4;r6:2]~;@[!#1;r6:3],N/A
a139,specificity=3 index=106 count=59,[!#1;!r3;!r4;!r5;!r6;!r7;!r8:1]~[#6X4;r7:2]~;@[!#1;r7:3],N/A
a140,specificity=3 index=107 count=58,[!#1;!r3;!r4;!r5;!r6;!r7;!r8:1]~[#6X4;r3:2]~;@[!#1;r3:3],N/A
a141,specificity=3 index=108 count=55,[!#1;!r3;!r4;!r5;!r6;!r7;!r8:1]~[#6X3;r6:2]~;@[!#1;r5:3],N/A
a142,specificity=3 index=109 count=55,[!#1;!r3;!r4;!r5;!r6;!r7;!r8:1]~[#15X4;r5:2]~;@[!#1;r5:3],N/A
a143,specificity=3 index=110 count=51,[!#1;!r3;!r4;!r5;!r6;!r7;!r8:1]~[#6X4;r6:2]~;@[!#1;r5:3],N/A
a144,specificity=3 index=111 count=46,[!#1;r5:1]~;@[#6X3;r5:2]~[!#1;r7:3],N/A
a145,specificity=3 index=112 count=46,[!#1;!r3;!r4;!r5;!r6;!r7;!r8:1]~[#6X3;r7:2]~;@[!#1;r6:3],N/A
a146,specificity=3 index=113 count=44,[!#1;r6:1]~;@[#6X3;r6:2]~[!#1;r6:3],N/A
a147,specificity=3 index=114 count=43,[!#1;!r3;!r4;!r5;!r6;!r7;!r8:1]~[#7X3;r7:2]~;@[!#1;r7:3],N/A
a148,specificity=3 index=115 count=40,[!#1;r5:1]~;@[#6X4;r5:2]~[!#1;r6:3],N/A
a149,specificity=3 index=116 count=37,[!#1;r5:1]~[#6X3;r6:2]~;@[!#1;r6:3],N/A
a150,specificity=3 index=117 count=37,[!#1;!r3;!r4;!r5;!r6;!r7;!r8:1]~[#6X3;r4:2]~;@[!#1;r4:3],N/A
a151,specificity=3 index=118 count=36,[!#1;!r3;!r4;!r5;!r6;!r7;!r8:1]~[#6X3;r7:2]~;@[!#1;r5:3],N/A
a152,specificity=3 index=119 count=36,[!#1;r6:1]~;@[#7X3;r6:2]~[!#1;r6:3],N/A
a153,specificity=3 index=120 count=35,[!#1;!r3;!r4;!r5;!r6;!r7;!r8:1]~[#7X3;r4:2]~;@[!#1;r4:3],N/A
a154,specificity=3 index=121 count=34,[!#1;r6:1]~;@[#6X4;r6:2]~[!#1;r6:3],N/A
a155,specificity=3 index=122 count=33,[!#1;r5:1]~;@[#7X3;r5:2]~[!#1;r5:3],N/A
a156,specificity=3 index=123 count=32,[!#1;r6:1]~[#6X4;r7:2]~;@[!#1;r7:3],N/A
a157,specificity=3 index=124 count=32,[!#1;r5:1]~;@[#6X4;r5:2]~[!#1;r5:3],N/A
a158,specificity=3 index=125 count=31,[!#1;!r3;!r4;!r5;!r6;!r7;!r8:1]~[#6X3;r8:2]~;@[!#1;r8:3],N/A
a159,specificity=3 index=126 count=30,[!#1;r6:1]~[#6X3;r7:2]~;@[!#1;r7:3],N/A
a160,specificity=3 index=127 count=28,[!#1;r5:1]~;@[#6X4;r4:2]~[#1;!r3;!r4;!r5;!r6;!r7;!r8:3],N/A
a161,specificity=3 index=128 count=28,[!#1;!r3;!r4;!r5;!r6;!r7;!r8:1]~[#15X4;r7:2]~;@[!#1;r7:3],N/A
a162,specificity=3 index=129 count=28,[!#1;r5:1]~[#6X4;r7:2]~;@[!#1;r7:3],N/A
a163,specificity=3 index=130 count=28,[!#1;r5:1]~;@[#6X4;r6:2]~[!#1;r5:3],N/A
a164,specificity=3 index=131 count=28,[!#1;!r3;!r4;!r5;!r6;!r7;!r8:1]~[#6X3;r3:2]~;@[!#1;r3:3],N/A
a165,specificity=3 index=132 count=28,[!#1;!r3;!r4;!r5;!r6;!r7;!r8:1]~[#6X4;r8:2]~;@[!#1;r8:3],N/A
a166,specificity=3 index=133 count=28,[!#1;!r3;!r4;!r5;!r6;!r7;!r8:1]~[#15X3;r5:2]~;@[!#1;r5:3],N/A
a167,specificity=3 index=134 count=27,[!#1;r5:1]~;@[#7X3;r5:2]~[!#1;r6:3],N/A
a168,specificity=3 index=135 count=26,[!#1;!r3;!r4;!r5;!r6;!r7;!r8:1]~[#6X4;r5:2]~;@[!#1;r6:3],N/A
a169,specificity=3 index=136 count=26,[!#1;r7:1]~;@[#6X4;r6:2]~[#1;!r3;!r4;!r5;!r6;!r7;!r8:3],N/A
a170,specificity=3 index=137 count=26,[!#1;!r3;!r4;!r5;!r6;!r7;!r8:1]~[#16X3;r5:2]~;@[!#1;r5:3],N/A
a171,specificity=3 index=138 count=25,[!#1;r4:1]~[#6X3;r5:2]~;@[!#1;r5:3],N/A
a172,specificity=3 index=139 count=25,[!#1;!r3;!r4;!r5;!r6;!r7;!r8:1]~[#6X4;r5:2]~;@[!#1;r3:3],N/A
a173,specificity=3 index=140 count=23,[!#1;!r3;!r4;!r5;!r6;!r7;!r8:1]~[#7X3;r3:2]~;@[!#1;r3:3],N/A
a174,specificity=3 index=141 count=23,[!#1;!r3;!r4;!r5;!r6;!r7;!r8:1]~[#6X4;r5:2]~;@[!#1;r4:3],N/A
a175,specificity=3 index=142 count=22,[!#1;!r3;!r4;!r5;!r6;!r7;!r8:1]~[#6X4;r7:2]~;@[!#1;r5:3],N/A
a176,specificity=3 index=143 count=22,[!#1;!r3;!r4;!r5;!r6;!r7;!r8:1]~[#6X3;r6:2]~;@[!#1;r3:3],N/A
a177,specificity=3 index=144 count=22,[!#1;!r3;!r4;!r5;!r6;!r7;!r8:1]~[#6X4;r4:2]~;@[!#1;r5:3],N/A
a178,specificity=3 index=145 count=21,[!#1;!r3;!r4;!r5;!r6;!r7;!r8:1]~[#6X4;r3:2]~;@[!#1;r6:3],N/A
a179,specificity=3 index=146 count=20,[!#1;r6:1]~;@[#6X4;r4:2]~[#1;!r3;!r4;!r5;!r6;!r7;!r8:3],N/A
a180,specificity=3 index=147 count=20,[!#1;r5:1]~;@[#6X3;r6:2]~[!#1;r6:3],N/A
a181,specificity=3 index=148 count=20,[!#1;r3:1]~;@[#6X4;r3:2]~[!#1;r6:3],N/A
a182,specificity=3 index=149 count=20,[!#1;r4:1]~;@[#6X4;r4:2]~[!#1;r6:3],N/A
a183,specificity=3 index=150 count=20,[!#1;!r3;!r4;!r5;!r6;!r7;!r8:1]~[#7X3;r6:2]~;@[!#1;r5:3],N/A
a184,specificity=3 index=151 count=20,[!#1;r5:1]~[#6X4;r6:2]~;@[!#1;r6:3],N/A
a185,specificity=3 index=152 count=19,[!#1;r5:1]~[#7X3;r6:2]~;@[!#1;r6:3],N/A
a186,specificity=3 index=153 count=19,[!#1;!r3;!r4;!r5;!r6;!r7;!r8:1]~[#6X3;r6:2]~;@[!#1;r4:3],N/A
a187,specificity=3 index=154 count=19,[!#1;r4:1]~;@[#7X3;r4:2]~[!#1;r6:3],N/A
a188,specificity=3 index=155 count=19,[!#1;r8:1]~;@[#6X3;r8:2]~[#1;!r3;!r4;!r5;!r6;!r7;!r8:3],N/A
a189,specificity=3 index=156 count=18,[!#1;r5:1]~;@[#6X3;r6:2]~[!#1;r5:3],N/A
a190,specificity=3 index=157 count=18,[!#1;r7:1]~;@[#6X4;r7:2]~[#1;!r3;!r4;!r5;!r6;!r7;!r8:3],N/A
a191,specificity=3 index=158 count=18,[!#1;r6:1]~;@[#15X4;r6:2]~[!#1;r6:3],N/A
a192,specificity=3 index=159 count=18,[!#1;r3:1]~[#6X4;r5:2]~;@[!#1;r5:3],N/A
a193,specificity=3 index=160 count=17,[!#1;r6:1]~[#7X3;r7:2]~;@[!#1;r7:3],N/A
a194,specificity=3 index=161 count=16,[!#1;r6:1]~;@[#6X3;r6:2]~[#1;!r3;!r4;!r5;!r6;!r7;!r8:3],N/A
a195,specificity=3 index=162 count=16,[!#1;!r3;!r4;!r5;!r6;!r7;!r8:1]~[#7X3;r8:2]~;@[!#1;r8:3],N/A
a196,specificity=3 index=163 count=16,[!#1;!r3;!r4;!r5;!r6;!r7;!r8:1]~[#6X4;r7:2]~;@[!#1;r6:3],N/A
a197,specificity=3 index=164 count=15,[!#1;!r3;!r4;!r5;!r6;!r7;!r8:1]~[#6X4;r6:2]~;@[!#1;r4:3],N/A
a198,specificity=3 index=165 count=15,[!#1;r8:1]~;@[#7X3;r8:2]~[#1;!r3;!r4;!r5;!r6;!r7;!r8:3],N/A
a199,specificity=3 index=166 count=15,[!#1;r5:1]~;@[#6X3;r5:2]~[!#1;r5:3],N/A
a200,specificity=3 index=167 count=15,[!#1;!r3;!r4;!r5;!r6;!r7;!r8:1]~[#6X4;r3:2]~;@[!#1;r5:3],N/A
a201,specificity=3 index=168 count=15,[!#1;r4:1]~[#6X4;r6:2]~;@[!#1;r6:3],N/A
a202,specificity=3 index=169 count=14,[!#1;r5:1]~;@[#6X3;r5:2]~[#1;!r3;!r4;!r5;!r6;!r7;!r8:3],N/A
a203,specificity=3 index=170 count=14,[!#1;r5:1]~;@[#6X3;r5:2]~[!#1;r6:3],N/A
a204,specificity=3 index=171 count=14,[!#1;r3:1]~;@[#6X3;r3:2]~[#1;!r3;!r4;!r5;!r6;!r7;!r8:3],N/A
a205,specificity=3 index=172 count=13,[!#1;!r3;!r4;!r5;!r6;!r7;!r8:1]~[#16X3;r6:2]~;@[!#1;r6:3],N/A
a206,specificity=3 index=173 count=13,[!#1;r6:1]~;@[#6X4;r7:2]~[!#1;r6:3],N/A
a207,specificity=3 index=174 count=13,[!#1;!r3;!r4;!r5;!r6;!r7;!r8:1]~[#6X3;r5:2]~;@[!#1;r3:3],N/A
a208,specificity=3 index=175 count=13,[!#1;r6:1]~;@[#6X4;r8:2]~[#1;!r3;!r4;!r5;!r6;!r7;!r8:3],N/A
a209,specificity=3 index=176 count=12,[!#1;r5:1]~;@[#6X4;r3:2]~[#1;!r3;!r4;!r5;!r6;!r7;!r8:3],N/A
a210,specificity=3 index=177 count=12,[!#1;r3:1]~[#6X3;r6:2]~;@[!#1;r6:3],N/A
a211,specificity=3 index=178 count=12,[!#1;!r3;!r4;!r5;!r6;!r7;!r8:1]~[#6X3;r5:2]~;@[!#1;r4:3],N/A
a212,specificity=3 index=179 count=12,[!#1;!r3;!r4;!r5;!r6;!r7;!r8:1]~[#15X5;r4:2]~;@[!#1;r4:3],N/A
a213,specificity=3 index=180 count=12,[!#1;!r3;!r4;!r5;!r6;!r7;!r8:1]~[#6X4;r6:2]~;@[!#1;r7:3],N/A
a214,specificity=3 index=181 count=12,[!#1;r5:1]~;@[#7X3;r5:2]~[!#1;r7:3],N/A
a215,specificity=3 index=182 count=11,[!#1;r4:1]~[#7X3;r5:2]~;@[!#1;r5:3],N/A
a216,specificity=3 index=183 count=11,[!#1;r5:1]~;@[#7X3;r5:2]~[#1;!r3;!r4;!r5;!r6;!r7;!r8:3],N/A
a217,specificity=3 index=184 count=11,[!#1;!r3;!r4;!r5;!r6;!r7;!r8:1]~[#7X4;r6:2]~;@[!#1;r6:3],N/A
a218,specificity=3 index=185 count=10,[!#1;r6:1]~;@[#6X3;r7:2]~[!#1;r6:3],N/A
a219,specificity=3 index=186 count=10,[!#1;r5:1]~[#6X3;r7:2]~;@[!#1;r7:3],N/A
a220,specificity=3 index=187 count=10,[!#1;r6:1]~;@[#6X4;r5:2]~[!#1;r6:3],N/A
a221,specificity=3 index=188 count=10,[!#1;r7:1]~;@[#6X4;r5:2]~[#1;!r3;!r4;!r5;!r6;!r7;!r8:3],N/A
a222,specificity=3 index=189 count=10,[!#1;r4:1]~[#6X3;r6:2]~;@[!#1;r5:3],N/A
a223,specificity=3 index=190 count=10,[!#1;r8:1]~;@[#6X4;r6:2]~[#1;!r3;!r4;!r5;!r6;!r7;!r8:3],N/A
a224,specificity=3 index=191 count=10,[!#1;r3:1]~;@[#7X3;r3:2]~[#1;!r3;!r4;!r5;!r6;!r7;!r8:3],N/A
a225,specificity=3 index=192 count=70,[!#1;r5:1]~;@[#6X3;r5:2]~;@[!#1;r7:3],N/A
a226,specificity=3 index=193 count=70,[!#1;r4:1]~;@[#6X4;r4:2]~;@[!#1;r5:3],N/A
a227,specificity=3 index=194 count=61,[!#1;r4:1]~;@[#6X4;r4:2]~;@[!#1;r6:3],N/A
a228,specificity=3 index=195 count=60,[!#1;r5:1]~;@[#6X4;r5:2]~;@[!#1;r6:3],N/A
a229,specificity=3 index=196 count=49,[!#1;r6:1]~;@[#16X4;r6:2]~;@[!#1;r6:3],N/A
a230,specificity=3 index=197 count=46,[!#1;r5:1]~;@[#6X4;r5:2]~;@[!#1;r5:3],N/A
a231,specificity=3 index=198 count=46,[!#1;r6:1]~;@[#6X4;r6:2]~;@[!#1;r6:3],N/A
a232,specificity=3 index=199 count=45,[!#1;r5:1]~;@[#6X3;r5:2]~;@[!#1;r6:3],N/A
a233,specificity=3 index=200 count=45,[!#1;r7:1]~;@[#6X4;r7:2]~;@[!#1;r7:3],N/A
a234,specificity=3 index=201 count=45,[!#1;r5:1]~;@[#7X3;r5:2]~;@[!#1;r5:3],N/A
a235,specificity=3 index=202 count=41,[!#1;r5:1]~;@[#6X4;r6:2]~;@[!#1;r6:3],N/A
a236,specificity=3 index=203 count=41,[!#1;r5:1]~;@[#6X4;r5:2]~;@[!#1;r7:3],N/A
a237,specificity=3 index=204 count=40,[!#1;r5:1]~;@[#6X4;r7:2]~;@[!#1;r7:3],N/A
a238,specificity=3 index=205 count=39,[!#1;r6:1]~;@[#6X4;r6:2]~;@[!#1;r7:3],N/A
a239,specificity=3 index=206 count=39,[!#1;r5:1]~;@[#8X2;r5:2]~;@[!#1;r5:3],N/A
a240,specificity=3 index=207 count=38,[!#1;r4:1]~;@[#6X4;r4:2]~;@[!#1;r4:3],N/A
a241,specificity=3 index=208 count=36,[!#1;r7:1]~;@[#6X3;r7:2]~;@[!#1;r7:3],N/A
a242,specificity=3 index=209 count=35,[!#1;r3:1]~;@[#6X4;r3:2]~;@[!#1;r3:3],N/A
a243,specificity=3 index=210 count=34,[!#1;r6:1]~;@[#6X3;r6:2]~;@[!#1;r7:3],N/A
a244,specificity=3 index=211 count=34,[!#1;r5:1]~;@[#6X3;r5:2]~;@[!#1;r5:3],N/A
a245,specificity=3 index=212 count=34,[!#1;r6:1]~;@[#6X3;r7:2]~;@[!#1;r7:3],N/A
a246,specificity=3 index=213 count=33,[!#1;r6:1]~;@[#8X2;r6:2]~;@[!#1;r6:3],N/A
a247,specificity=3 index=214 count=32,[!#1;r5:1]~;@[#6X3;r7:2]~;@[!#1;r7:3],N/A
a248,specificity=3 index=215 count=29,[!#1;r6:1]~;@[#6X4;r7:2]~;@[!#1;r7:3],N/A
a249,specificity=3 index=216 count=28,[!#1;r6:1]~;@[#6X4;r5:2]~;@[!#1;r6:3],N/A
a250,specificity=3 index=217 count=28,[!#1;r6:1]~;@[#7X3;r6:2]~;@[!#1;r6:3],N/A
a251,specificity=3 index=218 count=28,[!#1;r5:1]~;@[#16X3;r5:2]~;@[!#1;r5:3],N/A
a252,specificity=3 index=219 count=27,[!#1;r6:1]~;@[#16X3;r6:2]~;@[!#1;r6:3],N/A
a253,specificity=3 index=220 count=26,[!#1;r5:1]~;@[#15X4;r5:2]~;@[!#1;r5:3],N/A
a254,specificity=3 index=221 count=26,[!#1;r6:1]~;@[#6X4;r6:2]~;@[!#1;r8:3],N/A
a255,specificity=3 index=222 count=25,[!#1;r5:1]~;@[#7X3;r6:2]~;@[!#1;r6:3],N/A
a256,specificity=3 index=223 count=25,[!#1;r3:1]~;@[#6X3;r3:2]~;@[!#1;r3:3],N/A
a257,specificity=3 index=224 count=24,[!#1;r4:1]~;@[#6X3;r4:2]~;@[!#1;r4:3],N/A
a258,specificity=3 index=225 count=24,[!#1;r7:1]~;@[#8X2;r7:2]~;@[!#1;r7:3],N/A
a259,specificity=3 index=226 count=24,[!#1;r3:1]~;@[#6X3;r6:2]~;@[!#1;r6:3],N/A
a260,specificity=3 index=227 count=24,[!#1;r6:1]~;@[#7X3;r6:2]~;@[!#1;r7:3],N/A
a261,specificity=3 index=228 count=23,[!#1;r5:1]~;@[#16X2;r5:2]~;@[!#1;r5:3],N/A
a262,specificity=3 index=229 count=23,[!#1;r6:1]~;@[#15X4;r6:2]~;@[!#1;r6:3],N/A
a263,specificity=3 index=230 count=22,[!#1;r7:1]~;@[#7X3;r7:2]~;@[!#1;r7:3],N/A
a264,specificity=3 index=231 count=22,[!#1;r5:1]~;@[#6X3;r5:2]~;@[!#1;r8:3],N/A
a265,specificity=3 index=232 count=22,[!#1;r6:1]~;@[#6X3;r6:2]~;@[!#1;r8:3],N/A
a266,specificity=3 index=233 count=22,[!#1;r5:1]~;@[#7X3;r5:2]~;@[!#1;r6:3],N/A
a267,specificity=3 index=234 count=20,[!#1;r3:1]~;@[#6X4;r3:2]~;@[!#1;r6:3],N/A
a268,specificity=3 index=235 count=19,[!#1;r6:1]~;@[#7X3;r7:2]~;@[!#1;r7:3],N/A
a269,specificity=3 index=236 count=19,[!#1;r5:1]~;@[#6X3;r7:2]~;@[!#1;r6:3],N/A
a270,specificity=3 index=237 count=19,[!#1;r6:1]~;@[#6X4;r8:2]~;@[!#1;r8:3],N/A
a271,specificity=3 index=238 count=19,[!#1;r5:1]~;@[#15X3;r5:2]~;@[!#1;r5:3],N/A
a272,specificity=3 index=239 count=19,[!#1;r8:1]~;@[#6X3;r8:2]~;@[!#1;r8:3],N/A
a273,specificity=3 index=240 count=18,[!#1;r5:1]~;@[#16X4;r5:2]~;@[!#1;r5:3],N/A
a274,specificity=3 index=241 count=18,[!#1;r5:1]~;@[#6X4;r6:2]~;@[!#1;r5:3],N/A
a275,specificity=3 index=242 count=18,[!#1;r5:1]~;@[#6X3;r6:2]~;@[!#1;r7:3],N/A
a276,specificity=3 index=243 count=18,[!#1;r3:1]~;@[#6X4;r3:2]~;@[!#1;r5:3],N/A
a277,specificity=3 index=244 count=18,[!#1;r3:1]~;@[#6X3;r3:2]~;@[!#1;r6:3],N/A
a278,specificity=3 index=245 count=17,[!#1;r5:1]~;@[#16X4;r6:2]~;@[!#1;r6:3],N/A
a279,specificity=3 index=246 count=17,[!#1;r4:1]~;@[#6X3;r5:2]~;@[!#1;r5:3],N/A
a280,specificity=3 index=247 count=17,[!#1;r4:1]~;@[#7X3;r4:2]~;@[!#1;r4:3],N/A
a281,specificity=3 index=248 count=16,[!#1;r6:1]~;@[#7X2;r7:2]~;@[!#1;r7:3],N/A
a282,specificity=3 index=249 count=15,[!#1;r7:1]~;@[#16X2;r7:2]~;@[!#1;r7:3],N/A
a283,specificity=3 index=250 count=15,[!#1;r6:1]~;@[#16X2;r7:2]~;@[!#1;r7:3],N/A
a284,specificity=3 index=251 count=15,[!#1;r6:1]~;@[#7X2;r6:2]~;@[!#1;r6:3],N/A
a285,specificity=3 index=252 count=15,[!#1;r5:1]~;@[#6X4;r8:2]~;@[!#1;r8:3],N/A
a286,specificity=3 index=253 count=15,[!#1;r5:1]~;@[#6X4;r3:2]~;@[!#1;r6:3],N/A
a287,specificity=3 index=254 count=15,[!#1;r4:1]~;@[#16X2;r4:2]~;@[!#1;r4:3],N/A
a288,specificity=3 index=255 count=15,[!#1;r6:1]~;@[#16X2;r6:2]~;@[!#1;r6:3],N/A
a289,specificity=3 index=256 count=15,[!#1;r3:1]~;@[#6X3;r5:2]~;@[!#1;r5:3],N/A
a290,specificity=3 index=257 count=15,[!#1;r6:1]~;@[#6X4;r3:2]~;@[!#1;r6:3],N/A
a291,specificity=3 index=258 count=14,[!#1;r5:1]~;@[#6X4;r7:2]~;@[!#1;r6:3],N/A
a292,specificity=3 index=259 count=14,[!#1;r5:1]~;@[#7X3;r5:2]~;@[!#1;r7:3],N/A
a293,specificity=3 index=260 count=14,[!#1;r5:1]~;@[#6X3;r6:2]~;@[!#1;r5:3],N/A
a294,specificity=3 index=261 count=14,[!#1;r4:1]~;@[#6X4;r6:2]~;@[!#1;r6:3],N/A
a295,specificity=3 index=262 count=14,[!#1;r8:1]~;@[#7X3;r8:2]~;@[!#1;r8:3],N/A
a296,specificity=3 index=263 count=14,[!#1;r5:1]~;@[#6X3;r6:2]~;@[!#1;r6:3],N/A
a297,specificity=3 index=264 count=13,[!#1;r8:1]~;@[#6X4;r8:2]~;@[!#1;r8:3],N/A
a298,specificity=3 index=265 count=13,[!#1;r6:1]~;@[#15X3;r6:2]~;@[!#1;r6:3],N/A
a299,specificity=3 index=266 count=13,[!#1;r4:1]~;@[#6X4;r5:2]~;@[!#1;r5:3],N/A
a300,specificity=3 index=267 count=12,[!#1;r4:1]~;@[#8X2;r5:2]~;@[!#1;r5:3],N/A
a301,specificity=3 index=268 count=12,[!#1;r3:1]~;@[#7X3;r3:2]~;@[!#1;r3:3],N/A
a302,specificity=3 index=269 count=12,[!#1;r5:1]~;@[#15X5;r5:2]~;@[!#1;r5:3],N/A
a303,specificity=3 index=270 count=12,[!#1;r4:1]~;@[#7X3;r5:2]~;@[!#1;r5:3],N/A
a304,specificity=3 index=271 count=12,[!#1;r5:1]~;@[#6X4;r4:2]~;@[!#1;r5:3],N/A
a305,specificity=3 index=272 count=12,[!#1;r4:1]~;@[#6X3;r4:2]~;@[!#1;r5:3],N/A
a306,specificity=3 index=273 count=12,[!#1;r3:1]~;@[#6X4;r3:2]~;@[!#1;r7:3],N/A
a307,specificity=3 index=274 count=11,[!#1;r5:1]~;@[#7X2;r7:2]~;@[!#1;r7:3],N/A
a308,specificity=3 index=275 count=11,[!#1;r6:1]~;@[#16X4;r7:2]~;@[!#1;r7:3],N/A
a309,specificity=3 index=276 count=11,[!#1;r3:1]~;@[#6X4;r6:2]~;@[!#1;r6:3],N/A
a310,specificity=3 index=277 count=11,[!#1;r5:1]~;@[#7X2;r5:2]~;@[!#1;r5:3],N/A
a311,specificity=3 index=278 count=11,[!#1;r6:1]~;@[#8X2;r7:2]~;@[!#1;r7:3],N/A
a312,specificity=3 index=279 count=11,[!#1;r6:1]~;@[#6X3;r8:2]~;@[!#1;r8:3],N/A
a313,specificity=3 index=280 count=11,[!#1;r5:1]~;@[#7X3;r6:2]~;@[!#1;r5:3],N/A
a314,specificity=3 index=281 count=11,[!#1;r3:1]~;@[#8X2;r3:2]~;@[!#1;r3:3],N/A
a315,specificity=3 index=282 count=11,[!#1;r4:1]~;@[#16X4;r4:2]~;@[!#1;r4:3],N/A
a316,specificity=3 index=283 count=11,[!#1;r5:1]~;@[#6X4;r6:2]~;@[!#1;r7:3],N/A
a317,specificity=3 index=284 count=10,[!#1;r4:1]~;@[#8X2;r4:2]~;@[!#1;r4:3],N/A
a318,specificity=3 index=285 count=10,[!#1;r4:1]~;@[#16X2;r5:2]~;@[!#1;r5:3],N/A
a319,specificity=3 index=286 count=10,[!#1;r3:1]~;@[#6X3;r3:2]~;@[!#1;r5:3],N/A
a320,specificity=3 index=287 count=10,[!#1;r6:1]~;@[#6X4;r4:2]~;@[!#1;r6:3],N/A
a321,specificity=3 index=288 count=10,[!#1;r8:1]~;@[#8X2;r8:2]~;@[!#1;r8:3],N/A
a322,specificity=3 index=289 count=10,[!#1;r6:1]~;@[#6X3;r6:2]~;@[!#1;r6:3],N/A
a323,specificity=4 index=0 count=120962,[#1X1;!r3;!r4;!r5;!r6;!r7;!r8:1]~[#6X4;!r3;!r4;!r5;!r6;!r7;!r8:2]~[#1X1;!r3;!r4;!r5;!r6;!r7;!r8:3],N/A
a324,specificity=4 index=1 count=88339,[#1X1;!r3;!r4;!r5;!r6;!r7;!r8:1]~[#6X4;!r3;!r4;!r5;!r6;!r7;!r8:2]~[#6X4;!r3;!r4;!r5;!r6;!r7;!r8:3],N/A
a325,specificity=4 index=2 count=21272,[#1X1;!r3;!r4;!r5;!r6;!r7;!r8:1]~[#6X4;!r3;!r4;!r5;!r6;!r7;!r8:2]~[#7X3;!r3;!r4;!r5;!r6;!r7;!r8:3],N/A
a326,specificity=4 index=3 count=20038,[#1X1;!r3;!r4;!r5;!r6;!r7;!r8:1]~[#6X4;r6:2]~[#1X1;!r3;!r4;!r5;!r6;!r7;!r8:3],N/A
a327,specificity=4 index=4 count=19833,[#1X1;!r3;!r4;!r5;!r6;!r7;!r8:1]~[#6X4;!r3;!r4;!r5;!r6;!r7;!r8:2]~[#8X2;!r3;!r4;!r5;!r6;!r7;!r8:3],N/A
a328,specificity=4 index=5 count=17987,[#1X1;!r3;!r4;!r5;!r6;!r7;!r8:1]~[#6X4;!r3;!r4;!r5;!r6;!r7;!r8:2]~[#6X3;!r3;!r4;!r5;!r6;!r7;!r8:3],N/A
a329,specificity=4 index=6 count=17751,[#1X1;!r3;!r4;!r5;!r6;!r7;!r8:1]~[#6X4;!r3;!r4;!r5;!r6;!r7;!r8:2]~[#6X3;r6:3],N/A
a330,specificity=4 index=7 count=12586,[#6X4;!r3;!r4;!r5;!r6;!r7;!r8:1]~[#6X4;!r3;!r4;!r5;!r6;!r7;!r8:2]~[#6X4;!r3;!r4;!r5;!r6;!r7;!r8:3],N/A
a331,specificity=4 index=8 count=10270,[#1X1;!r3;!r4;!r5;!r6;!r7;!r8:1]~[#6X4;!r3;!r4;!r5;!r6;!r7;!r8:2]~[#6X3;r5:3],N/A
a332,specificity=4 index=9 count=9181,[#1X1;!r3;!r4;!r5;!r6;!r7;!r8:1]~[#7X3;!r3;!r4;!r5;!r6;!r7;!r8:2]~[#6X3;!r3;!r4;!r5;!r6;!r7;!r8:3],N/A
a333,specificity=4 index=10 count=8510,[#1X1;!r3;!r4;!r5;!r6;!r7;!r8:1]~[#6X4;r5:2]~[#1X1;!r3;!r4;!r5;!r6;!r7;!r8:3],N/A
a334,specificity=4 index=11 count=7723,[#1X1;!r3;!r4;!r5;!r6;!r7;!r8:1]~[#6X4;!r3;!r4;!r5;!r6;!r7;!r8:2]~[#6X4;r6:3],N/A
a335,specificity=4 index=12 count=7226,[#7X3;!r3;!r4;!r5;!r6;!r7;!r8:1]~[#6X3;!r3;!r4;!r5;!r6;!r7;!r8:2]~[#8X1;!r3;!r4;!r5;!r6;!r7;!r8:3],N/A
a336,specificity=4 index=13 count=7106,[#6X4;!r3;!r4;!r5;!r6;!r7;!r8:1]~[#6X3;!r3;!r4;!r5;!r6;!r7;!r8:2]~[#8X1;!r3;!r4;!r5;!r6;!r7;!r8:3],N/A
a337,specificity=4 index=14 count=6988,[#1X1;!r3;!r4;!r5;!r6;!r7;!r8:1]~[#6X4;!r3;!r4;!r5;!r6;!r7;!r8:2]~[#7X3;r5:3],N/A
a338,specificity=4 index=15 count=6779,[#1X1;!r3;!r4;!r5;!r6;!r7;!r8:1]~[#7X3;!r3;!r4;!r5;!r6;!r7;!r8:2]~[#6X4;!r3;!r4;!r5;!r6;!r7;!r8:3],N/A
a339,specificity=4 index=16 count=6030,[#1X1;!r3;!r4;!r5;!r6;!r7;!r8:1]~[#7X3;!r3;!r4;!r5;!r6;!r7;!r8:2]~[#6X3;r6:3],N/A
a340,specificity=4 index=17 count=5833,[#1X1;!r3;!r4;!r5;!r6;!r7;!r8:1]~[#6X4;!r3;!r4;!r5;!r6;!r7;!r8:2]~[#6X4;r5:3],N/A
a341,specificity=4 index=18 count=5811,[#6X4;!r3;!r4;!r5;!r6;!r7;!r8:1]~[#6X4;!r3;!r4;!r5;!r6;!r7;!r8:2]~[#7X3;!r3;!r4;!r5;!r6;!r7;!r8:3],N/A
a342,specificity=4 index=19 count=5530,[#6X4;!r3;!r4;!r5;!r6;!r7;!r8:1]~[#6X4;!r3;!r4;!r5;!r6;!r7;!r8:2]~[#8X2;!r3;!r4;!r5;!r6;!r7;!r8:3],N/A
a343,specificity=4 index=20 count=5398,[#9X1;!r3;!r4;!r5;!r6;!r7;!r8:1]~[#6X4;!r3;!r4;!r5;!r6;!r7;!r8:2]~[#9X1;!r3;!r4;!r5;!r6;!r7;!r8:3],N/A
a344,specificity=4 index=21 count=5229,[#1X1;!r3;!r4;!r5;!r6;!r7;!r8:1]~[#6X3;!r3;!r4;!r5;!r6;!r7;!r8:2]~[#6X3;!r3;!r4;!r5;!r6;!r7;!r8:3],N/A
a345,specificity=4 index=22 count=5124,[#1X1;!r3;!r4;!r5;!r6;!r7;!r8:1]~[#6X4;!r3;!r4;!r5;!r6;!r7;!r8:2]~[#7X3;r6:3],N/A
a346,specificity=4 index=23 count=4685,[#6X3;!r3;!r4;!r5;!r6;!r7;!r8:1]~[#7X3;!r3;!r4;!r5;!r6;!r7;!r8:2]~[#6X4;!r3;!r4;!r5;!r6;!r7;!r8:3],N/A
a347,specificity=4 index=24 count=4500,[#6X3;!r3;!r4;!r5;!r6;!r7;!r8:1]~[#6X4;!r3;!r4;!r5;!r6;!r7;!r8:2]~[#6X4;!r3;!r4;!r5;!r6;!r7;!r8:3],N/A
a348,specificity=4 index=25 count=4416,[#16X2;!r3;!r4;!r5;!r6;!r7;!r8:1]~[#6X4;!r3;!r4;!r5;!r6;!r7;!r8:2]~[#1X1;!r3;!r4;!r5;!r6;!r7;!r8:3],N/A
a349,specificity=4 index=26 count=4137,[#1X1;!r3;!r4;!r5;!r6;!r7;!r8:1]~[#7X3;!r3;!r4;!r5;!r6;!r7;!r8:2]~[#1X1;!r3;!r4;!r5;!r6;!r7;!r8:3],N/A
a350,specificity=4 index=27 count=3882,[#8X1;!r3;!r4;!r5;!r6;!r7;!r8:1]~[#6X3;!r3;!r4;!r5;!r6;!r7;!r8:2]~[#8X2;!r3;!r4;!r5;!r6;!r7;!r8:3],N/A
a351,specificity=4 index=28 count=3730,[#6X4;!r3;!r4;!r5;!r6;!r7;!r8:1]~[#6X3;!r3;!r4;!r5;!r6;!r7;!r8:2]~[#7X3;!r3;!r4;!r5;!r6;!r7;!r8:3],N/A
a352,specificity=4 index=29 count=2935,[#6X4;!r3;!r4;!r5;!r6;!r7;!r8:1]~[#7X3;!r3;!r4;!r5;!r6;!r7;!r8:2]~[#6X4;!r3;!r4;!r5;!r6;!r7;!r8:3],N/A
a353,specificity=4 index=30 count=2900,[#6X3;r6:1]~[#8X2;!r3;!r4;!r5;!r6;!r7;!r8:2]~[#6X4;!r3;!r4;!r5;!r6;!r7;!r8:3],N/A
a354,specificity=4 index=31 count=2653,[#6X3;r6:1]~[#6X3;!r3;!r4;!r5;!r6;!r7;!r8:2]~[#8X1;!r3;!r4;!r5;!r6;!r7;!r8:3],N/A
a355,specificity=4 index=32 count=2449,[#6X3;r6:1]~[#6X4;!r3;!r4;!r5;!r6;!r7;!r8:2]~[#6X4;!r3;!r4;!r5;!r6;!r7;!r8:3],N/A
a356,specificity=4 index=33 count=2376,[#6X3;r6:1]~[#6X4;!r3;!r4;!r5;!r6;!r7;!r8:2]~[#9X1;!r3;!r4;!r5;!r6;!r7;!r8:3],N/A
a357,specificity=4 index=34 count=2323,[#6X3;r6:1]~[#16X4;!r3;!r4;!r5;!r6;!r7;!r8:2]~[#8X1;!r3;!r4;!r5;!r6;!r7;!r8:3],N/A
a358,specificity=4 index=35 count=2226,[#6X4;!r3;!r4;!r5;!r6;!r7;!r8:1]~[#6X4;!r3;!r4;!r5;!r6;!r7;!r8:2]~[#9X1;!r3;!r4;!r5;!r6;!r7;!r8:3],N/A
a359,specificity=4 index=36 count=2112,[#6X3;!r3;!r4;!r5;!r6;!r7;!r8:1]~[#6X4;!r3;!r4;!r5;!r6;!r7;!r8:2]~[#7X3;!r3;!r4;!r5;!r6;!r7;!r8:3],N/A
a360,specificity=4 index=37 count=2090,[#1X1;!r3;!r4;!r5;!r6;!r7;!r8:1]~[#8X2;!r3;!r4;!r5;!r6;!r7;!r8:2]~[#6X4;!r3;!r4;!r5;!r6;!r7;!r8:3],N/A
a361,specificity=4 index=38 count=2032,[#8X1;!r3;!r4;!r5;!r6;!r7;!r8:1]~[#16X4;!r3;!r4;!r5;!r6;!r7;!r8:2]~[#8X1;!r3;!r4;!r5;!r6;!r7;!r8:3],N/A
a362,specificity=4 index=39 count=2020,[#6X3;!r3;!r4;!r5;!r6;!r7;!r8:1]~[#6X3;!r3;!r4;!r5;!r6;!r7;!r8:2]~[#6X4;!r3;!r4;!r5;!r6;!r7;!r8:3],N/A
a363,specificity=4 index=40 count=1905,[#1X1;!r3;!r4;!r5;!r6;!r7;!r8:1]~[#7X3;!r3;!r4;!r5;!r6;!r7;!r8:2]~[#6X3;r5:3],N/A
a364,specificity=4 index=41 count=1886,[#1X1;!r3;!r4;!r5;!r6;!r7;!r8:1]~[#8X2;!r3;!r4;!r5;!r6;!r7;!r8:2]~[#6X3;r6:3],N/A
a365,specificity=4 index=42 count=1836,[#16X4;!r3;!r4;!r5;!r6;!r7;!r8:1]~[#6X4;!r3;!r4;!r5;!r6;!r7;!r8:2]~[#1X1;!r3;!r4;!r5;!r6;!r7;!r8:3],N/A
a366,specificity=4 index=43 count=1795,[#6X3;!r3;!r4;!r5;!r6;!r7;!r8:1]~[#8X2;!r3;!r4;!r5;!r6;!r7;!r8:2]~[#6X4;!r3;!r4;!r5;!r6;!r7;!r8:3],N/A
a367,specificity=4 index=44 count=1747,[#7X3;!r3;!r4;!r5;!r6;!r7;!r8:1]~[#16X4;!r3;!r4;!r5;!r6;!r7;!r8:2]~[#8X1;!r3;!r4;!r5;!r6;!r7;!r8:3],N/A
a368,specificity=4 index=45 count=1703,[#1X1;!r3;!r4;!r5;!r6;!r7;!r8:1]~[#8X2;!r3;!r4;!r5;!r6;!r7;!r8:2]~[#6X3;!r3;!r4;!r5;!r6;!r7;!r8:3],N/A
a369,specificity=4 index=46 count=1637,[#6X3;r6:1]~[#7X3;!r3;!r4;!r5;!r6;!r7;!r8:2]~[#6X4;!r3;!r4;!r5;!r6;!r7;!r8:3],N/A
a370,specificity=4 index=47 count=1617,[#6X3;r5:1]~[#6X3;!r3;!r4;!r5;!r6;!r7;!r8:2]~[#8X1;!r3;!r4;!r5;!r6;!r7;!r8:3],N/A
a371,specificity=4 index=48 count=1597,[#1X1;!r3;!r4;!r5;!r6;!r7;!r8:1]~[#6X4;r3:2]~[#1X1;!r3;!r4;!r5;!r6;!r7;!r8:3],N/A
a372,specificity=4 index=49 count=1597,[#6X4;!r3;!r4;!r5;!r6;!r7;!r8:1]~[#6X3;!r3;!r4;!r5;!r6;!r7;!r8:2]~[#8X2;!r3;!r4;!r5;!r6;!r7;!r8:3],N/A
a373,specificity=4 index=50 count=1567,[#6X4;!r3;!r4;!r5;!r6;!r7;!r8:1]~[#16X4;!r3;!r4;!r5;!r6;!r7;!r8:2]~[#8X1;!r3;!r4;!r5;!r6;!r7;!r8:3],N/A
a374,specificity=4 index=51 count=1502,[#6X3;r5:1]~[#6X4;!r3;!r4;!r5;!r6;!r7;!r8:2]~[#6X4;!r3;!r4;!r5;!r6;!r7;!r8:3],N/A
a375,specificity=4 index=52 count=1492,[#1X1;!r3;!r4;!r5;!r6;!r7;!r8:1]~[#6X4;r6:2]~[#6X4;!r3;!r4;!r5;!r6;!r7;!r8:3],N/A
a376,specificity=4 index=53 count=1485,[#1X1;!r3;!r4;!r5;!r6;!r7;!r8:1]~[#6X4;r7:2]~[#1X1;!r3;!r4;!r5;!r6;!r7;!r8:3],N/A
a377,specificity=4 index=54 count=1375,[#1X1;!r3;!r4;!r5;!r6;!r7;!r8:1]~[#6X4;!r3;!r4;!r5;!r6;!r7;!r8:2]~[#6X2;!r3;!r4;!r5;!r6;!r7;!r8:3],N/A
a378,specificity=4 index=55 count=1292,[#1X1;!r3;!r4;!r5;!r6;!r7;!r8:1]~[#6X3;!r3;!r4;!r5;!r6;!r7;!r8:2]~[#6X3;r6:3],N/A
a379,specificity=4 index=56 count=1265,[#6X3;!r3;!r4;!r5;!r6;!r7;!r8:1]~[#7X3;!r3;!r4;!r5;!r6;!r7;!r8:2]~[#6X3;r6:3],N/A
a380,specificity=4 index=57 count=1223,[#1X1;!r3;!r4;!r5;!r6;!r7;!r8:1]~[#6X4;!r3;!r4;!r5;!r6;!r7;!r8:2]~[#6X4;r3:3],N/A
a381,specificity=4 index=58 count=1187,[#6X4;!r3;!r4;!r5;!r6;!r7;!r8:1]~[#6X4;!r3;!r4;!r5;!r6;!r7;!r8:2]~[#7X3;r5:3],N/A
a382,specificity=4 index=59 count=1152,[#6X3;r6:1]~[#6X3;!r3;!r4;!r5;!r6;!r7;!r8:2]~[#7X3;!r3;!r4;!r5;!r6;!r7;!r8:3],N/A
a383,specificity=4 index=60 count=1135,[#1X1;!r3;!r4;!r5;!r6;!r7;!r8:1]~[#6X3;!r3;!r4;!r5;!r6;!r7;!r8:2]~[#6X4;!r3;!r4;!r5;!r6;!r7;!r8:3],N/A
a384,specificity=4 index=61 count=1134,[#1X1;!r3;!r4;!r5;!r6;!r7;!r8:1]~[#6X4;!r3;!r4;!r5;!r6;!r7;!r8:2]~[#7X4;!r3;!r4;!r5;!r6;!r7;!r8:3],N/A
a385,specificity=4 index=62 count=1124,[#6X3;r6:1]~[#7X3;!r3;!r4;!r5;!r6;!r7;!r8:2]~[#8X1;!r3;!r4;!r5;!r6;!r7;!r8:3],N/A
a386,specificity=4 index=63 count=1030,[#1X1;!r3;!r4;!r5;!r6;!r7;!r8:1]~[#6X4;r5:2]~[#6X4;!r3;!r4;!r5;!r6;!r7;!r8:3],N/A
a387,specificity=4 index=64 count=1005,[#1X1;!r3;!r4;!r5;!r6;!r7;!r8:1]~[#6X4;r6:2]~[#8X2;!r3;!r4;!r5;!r6;!r7;!r8:3],N/A
a388,specificity=4 index=65 count=1000,[#6X3;!r3;!r4;!r5;!r6;!r7;!r8:1]~[#6X3;!r3;!r4;!r5;!r6;!r7;!r8:2]~[#8X1;!r3;!r4;!r5;!r6;!r7;!r8:3],N/A
a389,specificity=4 index=66 count=986,[#16X2;!r3;!r4;!r5;!r6;!r7;!r8:1]~[#6X4;!r3;!r4;!r5;!r6;!r7;!r8:2]~[#6X4;!r3;!r4;!r5;!r6;!r7;!r8:3],N/A
a390,specificity=4 index=67 count=984,[#1X1;!r3;!r4;!r5;!r6;!r7;!r8:1]~[#6X3;!r3;!r4;!r5;!r6;!r7;!r8:2]~[#6X3;r5:3],N/A
a391,specificity=4 index=68 count=981,[#6X3;!r3;!r4;!r5;!r6;!r7;!r8:1]~[#6X3;!r3;!r4;!r5;!r6;!r7;!r8:2]~[#6X3;!r3;!r4;!r5;!r6;!r7;!r8:3],N/A
a392,specificity=4 index=69 count=970,[#1X1;!r3;!r4;!r5;!r6;!r7;!r8:1]~[#6X3;!r3;!r4;!r5;!r6;!r7;!r8:2]~[#1X1;!r3;!r4;!r5;!r6;!r7;!r8:3],N/A
a393,specificity=4 index=70 count=906,[#16X4;!r3;!r4;!r5;!r6;!r7;!r8:1]~[#7X3;!r3;!r4;!r5;!r6;!r7;!r8:2]~[#1X1;!r3;!r4;!r5;!r6;!r7;!r8:3],N/A
a394,specificity=4 index=71 count=891,[#7X3;!r3;!r4;!r5;!r6;!r7;!r8:1]~[#6X3;!r3;!r4;!r5;!r6;!r7;!r8:2]~[#7X3;!r3;!r4;!r5;!r6;!r7;!r8:3],N/A
a395,specificity=4 index=72 count=887,[#1X1;!r3;!r4;!r5;!r6;!r7;!r8:1]~[#8X2;!r3;!r4;!r5;!r6;!r7;!r8:2]~[#6X4;r6:3],N/A
a396,specificity=4 index=73 count=848,[#8X1;!r3;!r4;!r5;!r6;!r7;!r8:1]~[#7X3;!r3;!r4;!r5;!r6;!r7;!r8:2]~[#8X1;!r3;!r4;!r5;!r6;!r7;!r8:3],N/A
a397,specificity=4 index=74 count=845,[#1X1;!r3;!r4;!r5;!r6;!r7;!r8:1]~[#6X4;r4:2]~[#1X1;!r3;!r4;!r5;!r6;!r7;!r8:3],N/A
a398,specificity=4 index=75 count=843,[#6X3;r6:1]~[#6X4;!r3;!r4;!r5;!r6;!r7;!r8:2]~[#7X3;!r3;!r4;!r5;!r6;!r7;!r8:3],N/A
a399,specificity=4 index=76 count=842,[#6X3;!r3;!r4;!r5;!r6;!r7;!r8:1]~[#6X3;!r3;!r4;!r5;!r6;!r7;!r8:2]~[#6X3;r6:3],N/A
a400,specificity=4 index=77 count=808,[#6X3;r6:1]~[#6X4;!r3;!r4;!r5;!r6;!r7;!r8:2]~[#8X2;!r3;!r4;!r5;!r6;!r7;!r8:3],N/A
a401,specificity=4 index=78 count=791,[#6X4;!r3;!r4;!r5;!r6;!r7;!r8:1]~[#8X2;!r3;!r4;!r5;!r6;!r7;!r8:2]~[#6X4;!r3;!r4;!r5;!r6;!r7;!r8:3],N/A
a402,specificity=4 index=79 count=790,[#17X1;!r3;!r4;!r5;!r6;!r7;!r8:1]~[#6X4;!r3;!r4;!r5;!r6;!r7;!r8:2]~[#1X1;!r3;!r4;!r5;!r6;!r7;!r8:3],N/A
a403,specificity=4 index=80 count=767,[#6X3;r5:1]~[#6X3;!r3;!r4;!r5;!r6;!r7;!r8:2]~[#7X3;!r3;!r4;!r5;!r6;!r7;!r8:3],N/A
a404,specificity=4 index=81 count=754,[#8X1;!r3;!r4;!r5;!r6;!r7;!r8:1]~[#15X4;!r3;!r4;!r5;!r6;!r7;!r8:2]~[#8X2;!r3;!r4;!r5;!r6;!r7;!r8:3],N/A
a405,specificity=4 index=82 count=740,[#6X4;!r3;!r4;!r5;!r6;!r7;!r8:1]~[#6X4;!r3;!r4;!r5;!r6;!r7;!r8:2]~[#7X3;r6:3],N/A
a406,specificity=4 index=83 count=713,[#6X3;r6:1]~[#6X2;!r3;!r4;!r5;!r6;!r7;!r8:2]~[#7X1;!r3;!r4;!r5;!r6;!r7;!r8:3],N/A
a407,specificity=4 index=84 count=686,[#6X3;r6:1]~[#6X3;!r3;!r4;!r5;!r6;!r7;!r8:2]~[#8X2;!r3;!r4;!r5;!r6;!r7;!r8:3],N/A
a408,specificity=4 index=85 count=677,[#1X1;!r3;!r4;!r5;!r6;!r7;!r8:1]~[#7X3;!r3;!r4;!r5;!r6;!r7;!r8:2]~[#7X3;!r3;!r4;!r5;!r6;!r7;!r8:3],N/A
a409,specificity=4 index=86 count=671,[#7X2;!r3;!r4;!r5;!r6;!r7;!r8:1]~[#6X3;!r3;!r4;!r5;!r6;!r7;!r8:2]~[#7X3;!r3;!r4;!r5;!r6;!r7;!r8:3],N/A
a410,specificity=4 index=87 count=641,[#6X4;!r3;!r4;!r5;!r6;!r7;!r8:1]~[#6X4;!r3;!r4;!r5;!r6;!r7;!r8:2]~[#6X4;r6:3],N/A
a411,specificity=4 index=88 count=640,[#6X3;!r3;!r4;!r5;!r6;!r7;!r8:1]~[#6X4;!r3;!r4;!r5;!r6;!r7;!r8:2]~[#8X2;!r3;!r4;!r5;!r6;!r7;!r8:3],N/A
a412,specificity=4 index=89 count=615,[#17X1;!r3;!r4;!r5;!r6;!r7;!r8:1]~[#6X4;!r3;!r4;!r5;!r6;!r7;!r8:2]~[#6X4;!r3;!r4;!r5;!r6;!r7;!r8:3],N/A
a413,specificity=4 index=90 count=597,[#1X1;!r3;!r4;!r5;!r6;!r7;!r8:1]~[#6X4;!r3;!r4;!r5;!r6;!r7;!r8:2]~[#7X2;!r3;!r4;!r5;!r6;!r7;!r8:3],N/A
a414,specificity=4 index=91 count=575,[#1X1;!r3;!r4;!r5;!r6;!r7;!r8:1]~[#7X3;!r3;!r4;!r5;!r6;!r7;!r8:2]~[#6X4;r6:3],N/A
a415,specificity=4 index=92 count=569,[#1X1;!r3;!r4;!r5;!r6;!r7;!r8:1]~[#6X4;r5:2]~[#8X2;!r3;!r4;!r5;!r6;!r7;!r8:3],N/A
a416,specificity=4 index=93 count=569,[#1X1;!r3;!r4;!r5;!r6;!r7;!r8:1]~[#8X2;!r3;!r4;!r5;!r6;!r7;!r8:2]~[#6X4;r5:3],N/A
a417,specificity=4 index=94 count=550,[#6X3;r6:1]~[#16X2;!r3;!r4;!r5;!r6;!r7;!r8:2]~[#6X4;!r3;!r4;!r5;!r6;!r7;!r8:3],N/A
a418,specificity=4 index=95 count=548,[#6X4;!r3;!r4;!r5;!r6;!r7;!r8:1]~[#6X4;r6:2]~[#6X4;!r3;!r4;!r5;!r6;!r7;!r8:3],N/A
a419,specificity=4 index=96 count=548,[#7X3;r5:1]~[#6X3;!r3;!r4;!r5;!r6;!r7;!r8:2]~[#8X1;!r3;!r4;!r5;!r6;!r7;!r8:3],N/A
a420,specificity=4 index=97 count=543,[#8X1;!r3;!r4;!r5;!r6;!r7;!r8:1]~[#16X4;!r3;!r4;!r5;!r6;!r7;!r8:2]~[#8X2;!r3;!r4;!r5;!r6;!r7;!r8:3],N/A
a421,specificity=4 index=98 count=536,[#6X4;!r3;!r4;!r5;!r6;!r7;!r8:1]~[#6X3;!r3;!r4;!r5;!r6;!r7;!r8:2]~[#6X4;!r3;!r4;!r5;!r6;!r7;!r8:3],N/A
a422,specificity=4 index=99 count=534,[#7X3;r6:1]~[#6X3;!r3;!r4;!r5;!r6;!r7;!r8:2]~[#8X1;!r3;!r4;!r5;!r6;!r7;!r8:3],N/A
a423,specificity=4 index=100 count=531,[#6X3;!r3;!r4;!r5;!r6;!r7;!r8:1]~[#7X3;!r3;!r4;!r5;!r6;!r7;!r8:2]~[#6X3;r5:3],N/A
a424,specificity=4 index=101 count=530,[#1X1;!r3;!r4;!r5;!r6;!r7;!r8:1]~[#6X4;r6:2]~[#7X3;!r3;!r4;!r5;!r6;!r7;!r8:3],N/A
a425,specificity=4 index=102 count=523,[#1X1;!r3;!r4;!r5;!r6;!r7;!r8:1]~[#6X4;r6:2]~[#6X3;r6:3],N/A
a426,specificity=4 index=103 count=519,[#6X4;r5:1]~[#6X3;!r3;!r4;!r5;!r6;!r7;!r8:2]~[#8X1;!r3;!r4;!r5;!r6;!r7;!r8:3],N/A
a427,specificity=4 index=104 count=518,[#6X3;r5:1]~[#6X4;!r3;!r4;!r5;!r6;!r7;!r8:2]~[#9X1;!r3;!r4;!r5;!r6;!r7;!r8:3],N/A
a428,specificity=4 index=105 count=514,[#6X3;r6:1]~[#7X3;!r3;!r4;!r5;!r6;!r7;!r8:2]~[#6X3;r6:3],N/A
a429,specificity=4 index=106 count=514,[#1X1;!r3;!r4;!r5;!r6;!r7;!r8:1]~[#6X3;!r3;!r4;!r5;!r6;!r7;!r8:2]~[#7X2;!r3;!r4;!r5;!r6;!r7;!r8:3],N/A
a430,specificity=4 index=107 count=513,[#8X2;!r3;!r4;!r5;!r6;!r7;!r8:1]~[#15X4;!r3;!r4;!r5;!r6;!r7;!r8:2]~[#8X2;!r3;!r4;!r5;!r6;!r7;!r8:3],N/A
a431,specificity=4 index=108 count=512,[#1X1;!r3;!r4;!r5;!r6;!r7;!r8:1]~[#6X4;!r3;!r4;!r5;!r6;!r7;!r8:2]~[#9X1;!r3;!r4;!r5;!r6;!r7;!r8:3],N/A
a432,specificity=4 index=109 count=508,[#6X3;r5:1]~[#16X4;!r3;!r4;!r5;!r6;!r7;!r8:2]~[#8X1;!r3;!r4;!r5;!r6;!r7;!r8:3],N/A
a433,specificity=4 index=110 count=489,[#6X3;r6:1]~[#16X4;!r3;!r4;!r5;!r6;!r7;!r8:2]~[#7X3;!r3;!r4;!r5;!r6;!r7;!r8:3],N/A
a434,specificity=4 index=111 count=488,[#6X4;r6:1]~[#6X3;!r3;!r4;!r5;!r6;!r7;!r8:2]~[#8X1;!r3;!r4;!r5;!r6;!r7;!r8:3],N/A
a435,specificity=4 index=112 count=485,[#6X4;!r3;!r4;!r5;!r6;!r7;!r8:1]~[#7X4;!r3;!r4;!r5;!r6;!r7;!r8:2]~[#6X4;!r3;!r4;!r5;!r6;!r7;!r8:3],N/A
a436,specificity=4 index=113 count=481,[#1X1;!r3;!r4;!r5;!r6;!r7;!r8:1]~[#6X4;!r3;!r4;!r5;!r6;!r7;!r8:2]~[#6X4;r4:3],N/A
a437,specificity=4 index=114 count=480,[#1X1;!r3;!r4;!r5;!r6;!r7;!r8:1]~[#6X4;r6:2]~[#6X3;!r3;!r4;!r5;!r6;!r7;!r8:3],N/A
a438,specificity=4 index=115 count=476,[#6X2;!r3;!r4;!r5;!r6;!r7;!r8:1]~[#6X2;!r3;!r4;!r5;!r6;!r7;!r8:2]~[#6X4;!r3;!r4;!r5;!r6;!r7;!r8:3],N/A
a439,specificity=4 index=116 count=474,[#1X1;!r3;!r4;!r5;!r6;!r7;!r8:1]~[#6X4;r5:2]~[#6X3;!r3;!r4;!r5;!r6;!r7;!r8:3],N/A
a440,specificity=4 index=117 count=472,[#6X4;!r3;!r4;!r5;!r6;!r7;!r8:1]~[#6X4;!r3;!r4;!r5;!r6;!r7;!r8:2]~[#6X4;r5:3],N/A
a441,specificity=4 index=118 count=470,[#8X2;!r3;!r4;!r5;!r6;!r7;!r8:1]~[#6X4;!r3;!r4;!r5;!r6;!r7;!r8:2]~[#9X1;!r3;!r4;!r5;!r6;!r7;!r8:3],N/A
a442,specificity=4 index=119 count=468,[#6X3;!r3;!r4;!r5;!r6;!r7;!r8:1]~[#6X3;!r3;!r4;!r5;!r6;!r7;!r8:2]~[#7X3;!r3;!r4;!r5;!r6;!r7;!r8:3],N/A
a443,specificity=4 index=120 count=463,[#6X3;!r3;!r4;!r5;!r6;!r7;!r8:1]~[#6X3;!r3;!r4;!r5;!r6;!r7;!r8:2]~[#8X2;!r3;!r4;!r5;!r6;!r7;!r8:3],N/A
a444,specificity=4 index=121 count=463,[#15X4;!r3;!r4;!r5;!r6;!r7;!r8:1]~[#6X4;!r3;!r4;!r5;!r6;!r7;!r8:2]~[#1X1;!r3;!r4;!r5;!r6;!r7;!r8:3],N/A
a445,specificity=4 index=122 count=452,[#16X1;!r3;!r4;!r5;!r6;!r7;!r8:1]~[#6X3;!r3;!r4;!r5;!r6;!r7;!r8:2]~[#7X3;!r3;!r4;!r5;!r6;!r7;!r8:3],N/A
a446,specificity=4 index=123 count=450,[#16X3;!r3;!r4;!r5;!r6;!r7;!r8:1]~[#6X4;!r3;!r4;!r5;!r6;!r7;!r8:2]~[#1X1;!r3;!r4;!r5;!r6;!r7;!r8:3],N/A
a447,specificity=4 index=124 count=442,[#6X3;r6:1]~[#6X3;!r3;!r4;!r5;!r6;!r7;!r8:2]~[#6X4;!r3;!r4;!r5;!r6;!r7;!r8:3],N/A
a448,specificity=4 index=125 count=438,[#6X4;!r3;!r4;!r5;!r6;!r7;!r8:1]~[#6X4;r5:2]~[#6X4;!r3;!r4;!r5;!r6;!r7;!r8:3],N/A
a449,specificity=4 index=126 count=436,[#6X2;!r3;!r4;!r5;!r6;!r7;!r8:1]~[#6X4;!r3;!r4;!r5;!r6;!r7;!r8:2]~[#6X4;!r3;!r4;!r5;!r6;!r7;!r8:3],N/A
a450,specificity=4 index=127 count=435,[#6X3;!r3;!r4;!r5;!r6;!r7;!r8:1]~[#6X3;!r3;!r4;!r5;!r6;!r7;!r8:2]~[#6X3;r5:3],N/A
a451,specificity=4 index=128 count=424,[#6X4;!r3;!r4;!r5;!r6;!r7;!r8:1]~[#6X3;!r3;!r4;!r5;!r6;!r7;!r8:2]~[#7X2;!r3;!r4;!r5;!r6;!r7;!r8:3],N/A
a452,specificity=4 index=129 count=409,[#15X4;!r3;!r4;!r5;!r6;!r7;!r8:1]~[#8X2;!r3;!r4;!r5;!r6;!r7;!r8:2]~[#6X4;!r3;!r4;!r5;!r6;!r7;!r8:3],N/A
a453,specificity=4 index=130 count=408,[#17X1;!r3;!r4;!r5;!r6;!r7;!r8:1]~[#6X4;!r3;!r4;!r5;!r6;!r7;!r8:2]~[#17X1;!r3;!r4;!r5;!r6;!r7;!r8:3],N/A
a454,specificity=4 index=131 count=398,[#6X3;r5:1]~[#6X3;!r3;!r4;!r5;!r6;!r7;!r8:2]~[#8X2;!r3;!r4;!r5;!r6;!r7;!r8:3],N/A
a455,specificity=4 index=132 count=397,[#6X3;r6:1]~[#6X3;!r3;!r4;!r5;!r6;!r7;!r8:2]~[#7X2;!r3;!r4;!r5;!r6;!r7;!r8:3],N/A
a456,specificity=4 index=133 count=393,[#1X1;!r3;!r4;!r5;!r6;!r7;!r8:1]~[#6X4;!r3;!r4;!r5;!r6;!r7;!r8:2]~[#6X4;r7:3],N/A
a457,specificity=4 index=134 count=386,[#6X3;r6:1]~[#6X4;!r3;!r4;!r5;!r6;!r7;!r8:2]~[#7X3;r5:3],N/A
a458,specificity=4 index=135 count=382,[#1X1;!r3;!r4;!r5;!r6;!r7;!r8:1]~[#7X4;!r3;!r4;!r5;!r6;!r7;!r8:2]~[#6X4;!r3;!r4;!r5;!r6;!r7;!r8:3],N/A
a459,specificity=4 index=136 count=370,[#6X3;r6:1]~[#8X2;!r3;!r4;!r5;!r6;!r7;!r8:2]~[#6X3;r6:3],N/A
a460,specificity=4 index=137 count=365,[#6X3;r5:1]~[#6X4;!r3;!r4;!r5;!r6;!r7;!r8:2]~[#7X3;!r3;!r4;!r5;!r6;!r7;!r8:3],N/A
a461,specificity=4 index=138 count=365,[#1X1;!r3;!r4;!r5;!r6;!r7;!r8:1]~[#6X3;!r3;!r4;!r5;!r6;!r7;!r8:2]~[#8X1;!r3;!r4;!r5;!r6;!r7;!r8:3],N/A
a462,specificity=4 index=139 count=362,[#1X1;!r3;!r4;!r5;!r6;!r7;!r8:1]~[#7X3;!r3;!r4;!r5;!r6;!r7;!r8:2]~[#7X2;!r3;!r4;!r5;!r6;!r7;!r8:3],N/A
a463,specificity=4 index=140 count=354,[#1X1;!r3;!r4;!r5;!r6;!r7;!r8:1]~[#6X4;r5:2]~[#6X3;r6:3],N/A
a464,specificity=4 index=141 count=351,[#6X4;!r3;!r4;!r5;!r6;!r7;!r8:1]~[#6X2;!r3;!r4;!r5;!r6;!r7;!r8:2]~[#7X1;!r3;!r4;!r5;!r6;!r7;!r8:3],N/A
a465,specificity=4 index=142 count=351,[#16X4;!r3;!r4;!r5;!r6;!r7;!r8:1]~[#7X3;!r3;!r4;!r5;!r6;!r7;!r8:2]~[#6X4;!r3;!r4;!r5;!r6;!r7;!r8:3],N/A
a466,specificity=4 index=143 count=346,[#6X3;r5:1]~[#16X2;!r3;!r4;!r5;!r6;!r7;!r8:2]~[#6X4;!r3;!r4;!r5;!r6;!r7;!r8:3],N/A
a467,specificity=4 index=144 count=339,[#1X1;!r3;!r4;!r5;!r6;!r7;!r8:1]~[#7X4;!r3;!r4;!r5;!r6;!r7;!r8:2]~[#1X1;!r3;!r4;!r5;!r6;!r7;!r8:3],N/A
a468,specificity=4 index=145 count=339,[#6X3;!r3;!r4;!r5;!r6;!r7;!r8:1]~[#6X4;!r3;!r4;!r5;!r6;!r7;!r8:2]~[#9X1;!r3;!r4;!r5;!r6;!r7;!r8:3],N/A
a469,specificity=4 index=146 count=338,[#1X1;!r3;!r4;!r5;!r6;!r7;!r8:1]~[#7X3;!r3;!r4;!r5;!r6;!r7;!r8:2]~[#6X4;r5:3],N/A
a470,specificity=4 index=147 count=337,[#16X2;!r3;!r4;!r5;!r6;!r7;!r8:1]~[#6X4;!r3;!r4;!r5;!r6;!r7;!r8:2]~[#6X3;!r3;!r4;!r5;!r6;!r7;!r8:3],N/A
a471,specificity=4 index=148 count=334,[#6X3;r5:1]~[#7X3;!r3;!r4;!r5;!r6;!r7;!r8:2]~[#8X1;!r3;!r4;!r5;!r6;!r7;!r8:3],N/A
a472,specificity=4 index=149 count=331,[#6X3;!r3;!r4;!r5;!r6;!r7;!r8:1]~[#6X4;!r3;!r4;!r5;!r6;!r7;!r8:2]~[#6X3;r6:3],N/A
a473,specificity=4 index=150 count=327,[#6X3;r5:1]~[#6X4;!r3;!r4;!r5;!r6;!r7;!r8:2]~[#8X2;!r3;!r4;!r5;!r6;!r7;!r8:3],N/A
a474,specificity=4 index=151 count=327,[#1X1;!r3;!r4;!r5;!r6;!r7;!r8:1]~[#6X4;!r3;!r4;!r5;!r6;!r7;!r8:2]~[#7X3;r7:3],N/A
a475,specificity=4 index=152 count=322,[#6X3;r5:1]~[#7X3;!r3;!r4;!r5;!r6;!r7;!r8:2]~[#6X4;!r3;!r4;!r5;!r6;!r7;!r8:3],N/A
a476,specificity=4 index=153 count=316,[#1X1;!r3;!r4;!r5;!r6;!r7;!r8:1]~[#6X4;!r3;!r4;!r5;!r6;!r7;!r8:2]~[#35X1;!r3;!r4;!r5;!r6;!r7;!r8:3],N/A
a477,specificity=4 index=154 count=316,[#16X4;!r3;!r4;!r5;!r6;!r7;!r8:1]~[#6X4;!r3;!r4;!r5;!r6;!r7;!r8:2]~[#6X4;!r3;!r4;!r5;!r6;!r7;!r8:3],N/A
a478,specificity=4 index=155 count=310,[#6X4;!r3;!r4;!r5;!r6;!r7;!r8:1]~[#16X2;!r3;!r4;!r5;!r6;!r7;!r8:2]~[#6X4;!r3;!r4;!r5;!r6;!r7;!r8:3],N/A
a479,specificity=4 index=156 count=306,[#6X3;r5:1]~[#6X3;!r3;!r4;!r5;!r6;!r7;!r8:2]~[#6X4;!r3;!r4;!r5;!r6;!r7;!r8:3],N/A
a480,specificity=4 index=157 count=305,[#15X4;!r3;!r4;!r5;!r6;!r7;!r8:1]~[#8X2;!r3;!r4;!r5;!r6;!r7;!r8:2]~[#1X1;!r3;!r4;!r5;!r6;!r7;!r8:3],N/A
a481,specificity=4 index=158 count=304,[#7X3;!r3;!r4;!r5;!r6;!r7;!r8:1]~[#6X3;!r3;!r4;!r5;!r6;!r7;!r8:2]~[#8X2;!r3;!r4;!r5;!r6;!r7;!r8:3],N/A
a482,specificity=4 index=159 count=303,[#6X3;!r3;!r4;!r5;!r6;!r7;!r8:1]~[#7X3;!r3;!r4;!r5;!r6;!r7;!r8:2]~[#7X3;!r3;!r4;!r5;!r6;!r7;!r8:3],N/A
a483,specificity=4 index=160 count=303,[#1X1;!r3;!r4;!r5;!r6;!r7;!r8:1]~[#6X4;r5:2]~[#7X3;!r3;!r4;!r5;!r6;!r7;!r8:3],N/A
a484,specificity=4 index=161 count=299,[#6X3;r5:1]~[#6X3;!r3;!r4;!r5;!r6;!r7;!r8:2]~[#6X3;r6:3],N/A
a485,specificity=4 index=162 count=293,[#6X2;!r3;!r4;!r5;!r6;!r7;!r8:1]~[#6X2;!r3;!r4;!r5;!r6;!r7;!r8:2]~[#6X3;r6:3],N/A
a486,specificity=4 index=163 count=286,[#6X4;r5:1]~[#6X4;!r3;!r4;!r5;!r6;!r7;!r8:2]~[#8X2;!r3;!r4;!r5;!r6;!r7;!r8:3],N/A
a487,specificity=4 index=164 count=285,[#6X4;!r3;!r4;!r5;!r6;!r7;!r8:1]~[#15X4;!r3;!r4;!r5;!r6;!r7;!r8:2]~[#8X2;!r3;!r4;!r5;!r6;!r7;!r8:3],N/A
a488,specificity=4 index=165 count=283,[#6X3;r5:1]~[#7X3;!r3;!r4;!r5;!r6;!r7;!r8:2]~[#6X3;r6:3],N/A
a489,specificity=4 index=166 count=277,[#1X1;!r3;!r4;!r5;!r6;!r7;!r8:1]~[#6X4;r3:2]~[#6X4;!r3;!r4;!r5;!r6;!r7;!r8:3],N/A
a490,specificity=4 index=167 count=277,[#1X1;!r3;!r4;!r5;!r6;!r7;!r8:1]~[#7X2;!r3;!r4;!r5;!r6;!r7;!r8:2]~[#6X3;!r3;!r4;!r5;!r6;!r7;!r8:3],N/A
a491,specificity=4 index=168 count=273,[#6X3;r6:1]~[#6X4;!r3;!r4;!r5;!r6;!r7;!r8:2]~[#6X3;r6:3],N/A
a492,specificity=4 index=169 count=272,[#1X1;!r3;!r4;!r5;!r6;!r7;!r8:1]~[#8X2;!r3;!r4;!r5;!r6;!r7;!r8:2]~[#6X3;r5:3],N/A
a493,specificity=4 index=170 count=268,[#6X3;r6:1]~[#6X4;!r3;!r4;!r5;!r6;!r7;!r8:2]~[#7X3;r6:3],N/A
a494,specificity=4 index=171 count=266,[#1X1;!r3;!r4;!r5;!r6;!r7;!r8:1]~[#6X3;!r3;!r4;!r5;!r6;!r7;!r8:2]~[#7X3;!r3;!r4;!r5;!r6;!r7;!r8:3],N/A
a495,specificity=4 index=172 count=266,[#7X3;r5:1]~[#16X4;!r3;!r4;!r5;!r6;!r7;!r8:2]~[#8X1;!r3;!r4;!r5;!r6;!r7;!r8:3],N/A
a496,specificity=4 index=173 count=265,[#6X3;!r3;!r4;!r5;!r6;!r7;!r8:1]~[#6X4;!r3;!r4;!r5;!r6;!r7;!r8:2]~[#7X3;r5:3],N/A
a497,specificity=4 index=174 count=259,[#6X3;!r3;!r4;!r5;!r6;!r7;!r8:1]~[#7X3;!r3;!r4;!r5;!r6;!r7;!r8:2]~[#8X2;!r3;!r4;!r5;!r6;!r7;!r8:3],N/A
a498,specificity=4 index=175 count=258,[#6X3;!r3;!r4;!r5;!r6;!r7;!r8:1]~[#7X2;!r3;!r4;!r5;!r6;!r7;!r8:2]~[#7X3;!r3;!r4;!r5;!r6;!r7;!r8:3],N/A
a499,specificity=4 index=176 count=255,[#6X4;r6:1]~[#6X4;!r3;!r4;!r5;!r6;!r7;!r8:2]~[#8X2;!r3;!r4;!r5;!r6;!r7;!r8:3],N/A
a500,specificity=4 index=177 count=254,[#6X3;r5:1]~[#6X4;!r3;!r4;!r5;!r6;!r7;!r8:2]~[#6X3;r6:3],N/A
a501,specificity=4 index=178 count=251,[#8X1;!r3;!r4;!r5;!r6;!r7;!r8:1]~[#6X3;!r3;!r4;!r5;!r6;!r7;!r8:2]~[#8X1;!r3;!r4;!r5;!r6;!r7;!r8:3],N/A
a502,specificity=4 index=179 count=242,[#6X4;!r3;!r4;!r5;!r6;!r7;!r8:1]~[#6X4;!r3;!r4;!r5;!r6;!r7;!r8:2]~[#7X2;!r3;!r4;!r5;!r6;!r7;!r8:3],N/A
a503,specificity=4 index=180 count=241,[#1X1;!r3;!r4;!r5;!r6;!r7;!r8:1]~[#7X3;!r3;!r4;!r5;!r6;!r7;!r8:2]~[#8X2;!r3;!r4;!r5;!r6;!r7;!r8:3],N/A
a504,specificity=4 index=181 count=240,[#7X3;r6:1]~[#16X4;!r3;!r4;!r5;!r6;!r7;!r8:2]~[#8X1;!r3;!r4;!r5;!r6;!r7;!r8:3],N/A
a505,specificity=4 index=182 count=237,[#1X1;!r3;!r4;!r5;!r6;!r7;!r8:1]~[#6X2;!r3;!r4;!r5;!r6;!r7;!r8:2]~[#6X2;!r3;!r4;!r5;!r6;!r7;!r8:3],N/A
a506,specificity=4 index=183 count=231,[#1X1;!r3;!r4;!r5;!r6;!r7;!r8:1]~[#8X2;!r3;!r4;!r5;!r6;!r7;!r8:2]~[#7X3;!r3;!r4;!r5;!r6;!r7;!r8:3],N/A
a507,specificity=4 index=184 count=230,[#6X2;!r3;!r4;!r5;!r6;!r7;!r8:1]~[#6X3;!r3;!r4;!r5;!r6;!r7;!r8:2]~[#6X3;!r3;!r4;!r5;!r6;!r7;!r8:3],N/A
a508,specificity=4 index=185 count=228,[#6X4;!r3;!r4;!r5;!r6;!r7;!r8:1]~[#6X4;!r3;!r4;!r5;!r6;!r7;!r8:2]~[#7X4;!r3;!r4;!r5;!r6;!r7;!r8:3],N/A
a509,specificity=4 index=186 count=227,[#6X4;!r3;!r4;!r5;!r6;!r7;!r8:1]~[#6X3;!r3;!r4;!r5;!r6;!r7;!r8:2]~[#7X3;r5:3],N/A
a510,specificity=4 index=187 count=222,[#16X4;!r3;!r4;!r5;!r6;!r7;!r8:1]~[#7X3;!r3;!r4;!r5;!r6;!r7;!r8:2]~[#6X3;r6:3],N/A
a511,specificity=4 index=188 count=221,[#1X1;!r3;!r4;!r5;!r6;!r7;!r8:1]~[#6X4;r6:2]~[#6X3;r5:3],N/A
a512,specificity=4 index=189 count=219,[#6X4;!r3;!r4;!r5;!r6;!r7;!r8:1]~[#15X4;!r3;!r4;!r5;!r6;!r7;!r8:2]~[#8X1;!r3;!r4;!r5;!r6;!r7;!r8:3],N/A
a513,specificity=4 index=190 count=218,[#6X4;r6:1]~[#6X3;!r3;!r4;!r5;!r6;!r7;!r8:2]~[#8X2;!r3;!r4;!r5;!r6;!r7;!r8:3],N/A
a514,specificity=4 index=191 count=218,[#6X3;!r3;!r4;!r5;!r6;!r7;!r8:1]~[#7X3;!r3;!r4;!r5;!r6;!r7;!r8:2]~[#7X2;!r3;!r4;!r5;!r6;!r7;!r8:3],N/A
a515,specificity=4 index=192 count=217,[#6X3;r5:1]~[#6X2;!r3;!r4;!r5;!r6;!r7;!r8:2]~[#7X1;!r3;!r4;!r5;!r6;!r7;!r8:3],N/A
a516,specificity=4 index=193 count=217,[#6X3;r6:1]~[#16X4;!r3;!r4;!r5;!r6;!r7;!r8:2]~[#6X4;!r3;!r4;!r5;!r6;!r7;!r8:3],N/A
a517,specificity=4 index=194 count=209,[#6X4;r5:1]~[#6X3;!r3;!r4;!r5;!r6;!r7;!r8:2]~[#7X3;!r3;!r4;!r5;!r6;!r7;!r8:3],N/A
a518,specificity=4 index=195 count=207,[#6X3;!r3;!r4;!r5;!r6;!r7;!r8:1]~[#6X2;!r3;!r4;!r5;!r6;!r7;!r8:2]~[#7X1;!r3;!r4;!r5;!r6;!r7;!r8:3],N/A
a519,specificity=4 index=196 count=207,[#6X3;!r3;!r4;!r5;!r6;!r7;!r8:1]~[#8X2;!r3;!r4;!r5;!r6;!r7;!r8:2]~[#6X3;r6:3],N/A
a520,specificity=4 index=197 count=205,[#16X2;!r3;!r4;!r5;!r6;!r7;!r8:1]~[#6X4;!r3;!r4;!r5;!r6;!r7;!r8:2]~[#6X3;r6:3],N/A
a521,specificity=4 index=198 count=205,[#6X3;!r3;!r4;!r5;!r6;!r7;!r8:1]~[#6X4;!r3;!r4;!r5;!r6;!r7;!r8:2]~[#7X3;r6:3],N/A
a522,specificity=4 index=199 count=204,[#6X3;r5:1]~[#6X3;!r3;!r4;!r5;!r6;!r7;!r8:2]~[#7X2;!r3;!r4;!r5;!r6;!r7;!r8:3],N/A
a523,specificity=4 index=200 count=202,[#6X3;!r3;!r4;!r5;!r6;!r7;!r8:1]~[#7X3;!r3;!r4;!r5;!r6;!r7;!r8:2]~[#6X4;r6:3],N/A
a524,specificity=4 index=201 count=196,[#6X4;!r3;!r4;!r5;!r6;!r7;!r8:1]~[#16X3;!r3;!r4;!r5;!r6;!r7;!r8:2]~[#8X1;!r3;!r4;!r5;!r6;!r7;!r8:3],N/A
a525,specificity=4 index=202 count=196,[#6X3;!r3;!r4;!r5;!r6;!r7;!r8:1]~[#6X4;!r3;!r4;!r5;!r6;!r7;!r8:2]~[#6X3;!r3;!r4;!r5;!r6;!r7;!r8:3],N/A
a526,specificity=4 index=203 count=193,[#6X3;r6:1]~[#7X2;!r3;!r4;!r5;!r6;!r7;!r8:2]~[#7X2;!r3;!r4;!r5;!r6;!r7;!r8:3],N/A
a527,specificity=4 index=204 count=193,[#6X4;r6:1]~[#6X4;!r3;!r4;!r5;!r6;!r7;!r8:2]~[#9X1;!r3;!r4;!r5;!r6;!r7;!r8:3],N/A
a528,specificity=4 index=205 count=191,[#35X1;!r3;!r4;!r5;!r6;!r7;!r8:1]~[#6X4;!r3;!r4;!r5;!r6;!r7;!r8:2]~[#6X4;!r3;!r4;!r5;!r6;!r7;!r8:3],N/A
a529,specificity=4 index=206 count=190,[#6X4;!r3;!r4;!r5;!r6;!r7;!r8:1]~[#7X3;!r3;!r4;!r5;!r6;!r7;!r8:2]~[#6X4;r6:3],N/A
a530,specificity=4 index=207 count=190,[#6X3;!r3;!r4;!r5;!r6;!r7;!r8:1]~[#7X2;!r3;!r4;!r5;!r6;!r7;!r8:2]~[#8X2;!r3;!r4;!r5;!r6;!r7;!r8:3],N/A
a531,specificity=4 index=208 count=184,[#1X1;!r3;!r4;!r5;!r6;!r7;!r8:1]~[#6X4;!r3;!r4;!r5;!r6;!r7;!r8:2]~[#7X4;r6:3],N/A
a532,specificity=4 index=209 count=184,[#6X4;!r3;!r4;!r5;!r6;!r7;!r8:1]~[#16X4;!r3;!r4;!r5;!r6;!r7;!r8:2]~[#7X3;!r3;!r4;!r5;!r6;!r7;!r8:3],N/A
a533,specificity=4 index=210 count=184,[#17X1;!r3;!r4;!r5;!r6;!r7;!r8:1]~[#6X3;!r3;!r4;!r5;!r6;!r7;!r8:2]~[#6X3;!r3;!r4;!r5;!r6;!r7;!r8:3],N/A
a534,specificity=4 index=211 count=183,[#6X3;r6:1]~[#6X3;!r3;!r4;!r5;!r6;!r7;!r8:2]~[#6X3;r6:3],N/A
a535,specificity=4 index=212 count=181,[#6X3;!r3;!r4;!r5;!r6;!r7;!r8:1]~[#7X3;!r3;!r4;!r5;!r6;!r7;!r8:2]~[#6X3;!r3;!r4;!r5;!r6;!r7;!r8:3],N/A
a536,specificity=4 index=213 count=178,[#6X3;!r3;!r4;!r5;!r6;!r7;!r8:1]~[#7X2;!r3;!r4;!r5;!r6;!r7;!r8:2]~[#6X3;r6:3],N/A
a537,specificity=4 index=214 count=177,[#6X4;r3:1]~[#6X3;!r3;!r4;!r5;!r6;!r7;!r8:2]~[#8X1;!r3;!r4;!r5;!r6;!r7;!r8:3],N/A
a538,specificity=4 index=215 count=176,[#8X1;!r3;!r4;!r5;!r6;!r7;!r8:1]~[#16X4;r6:2]~[#8X1;!r3;!r4;!r5;!r6;!r7;!r8:3],N/A
a539,specificity=4 index=216 count=171,[#6X4;!r3;!r4;!r5;!r6;!r7;!r8:1]~[#6X3;!r3;!r4;!r5;!r6;!r7;!r8:2]~[#7X3;r6:3],N/A
a540,specificity=4 index=217 count=170,[#6X4;r5:1]~[#6X3;!r3;!r4;!r5;!r6;!r7;!r8:2]~[#8X2;!r3;!r4;!r5;!r6;!r7;!r8:3],N/A
a541,specificity=4 index=218 count=168,[#1X1;!r3;!r4;!r5;!r6;!r7;!r8:1]~[#16X2;!r3;!r4;!r5;!r6;!r7;!r8:2]~[#6X4;!r3;!r4;!r5;!r6;!r7;!r8:3],N/A
a542,specificity=4 index=219 count=168,[#6X4;!r3;!r4;!r5;!r6;!r7;!r8:1]~[#8X2;!r3;!r4;!r5;!r6;!r7;!r8:2]~[#6X4;r6:3],N/A
a543,specificity=4 index=220 count=167,[#6X3;!r3;!r4;!r5;!r6;!r7;!r8:1]~[#16X2;!r3;!r4;!r5;!r6;!r7;!r8:2]~[#6X4;!r3;!r4;!r5;!r6;!r7;!r8:3],N/A
a544,specificity=4 index=221 count=165,[#8X1;!r3;!r4;!r5;!r6;!r7;!r8:1]~[#16X4;r5:2]~[#8X1;!r3;!r4;!r5;!r6;!r7;!r8:3],N/A
a545,specificity=4 index=222 count=163,[#17X1;!r3;!r4;!r5;!r6;!r7;!r8:1]~[#6X4;!r3;!r4;!r5;!r6;!r7;!r8:2]~[#6X3;!r3;!r4;!r5;!r6;!r7;!r8:3],N/A
a546,specificity=4 index=223 count=153,[#1X1;!r3;!r4;!r5;!r6;!r7;!r8:1]~[#6X4;r3:2]~[#6X3;!r3;!r4;!r5;!r6;!r7;!r8:3],N/A
a547,specificity=4 index=224 count=153,[#6X4;r5:1]~[#6X4;!r3;!r4;!r5;!r6;!r7;!r8:2]~[#9X1;!r3;!r4;!r5;!r6;!r7;!r8:3],N/A
a548,specificity=4 index=225 count=152,[#6X3;!r3;!r4;!r5;!r6;!r7;!r8:1]~[#6X4;!r3;!r4;!r5;!r6;!r7;!r8:2]~[#6X3;r5:3],N/A
a549,specificity=4 index=226 count=149,[#6X3;r5:1]~[#8X2;!r3;!r4;!r5;!r6;!r7;!r8:2]~[#6X4;!r3;!r4;!r5;!r6;!r7;!r8:3],N/A
a550,specificity=4 index=227 count=149,[#6X3;!r3;!r4;!r5;!r6;!r7;!r8:1]~[#6X3;!r3;!r4;!r5;!r6;!r7;!r8:2]~[#7X2;!r3;!r4;!r5;!r6;!r7;!r8:3],N/A
a551,specificity=4 index=228 count=147,[#1X1;!r3;!r4;!r5;!r6;!r7;!r8:1]~[#6X4;r5:2]~[#6X3;r5:3],N/A
a552,specificity=4 index=229 count=145,[#6X4;r6:1]~[#6X3;!r3;!r4;!r5;!r6;!r7;!r8:2]~[#7X3;!r3;!r4;!r5;!r6;!r7;!r8:3],N/A
a553,specificity=4 index=230 count=145,[#1X1;!r3;!r4;!r5;!r6;!r7;!r8:1]~[#6X4;!r3;!r4;!r5;!r6;!r7;!r8:2]~[#6X3;r7:3],N/A
a554,specificity=4 index=231 count=144,[#6X3;!r3;!r4;!r5;!r6;!r7;!r8:1]~[#7X3;!r3;!r4;!r5;!r6;!r7;!r8:2]~[#6X4;r5:3],N/A
a555,specificity=4 index=232 count=142,[#6X2;!r3;!r4;!r5;!r6;!r7;!r8:1]~[#6X4;!r3;!r4;!r5;!r6;!r7;!r8:2]~[#8X2;!r3;!r4;!r5;!r6;!r7;!r8:3],N/A
a556,specificity=4 index=233 count=141,[#1X1;!r3;!r4;!r5;!r6;!r7;!r8:1]~[#6X4;r6:2]~[#7X3;r5:3],N/A
a557,specificity=4 index=234 count=140,[#1X1;!r3;!r4;!r5;!r6;!r7;!r8:1]~[#7X3;!r3;!r4;!r5;!r6;!r7;!r8:2]~[#6X4;r3:3],N/A
a558,specificity=4 index=235 count=140,[#6X4;!r3;!r4;!r5;!r6;!r7;!r8:1]~[#7X3;!r3;!r4;!r5;!r6;!r7;!r8:2]~[#7X2;!r3;!r4;!r5;!r6;!r7;!r8:3],N/A
a559,specificity=4 index=236 count=137,[#6X3;!r3;!r4;!r5;!r6;!r7;!r8:1]~[#8X2;!r3;!r4;!r5;!r6;!r7;!r8:2]~[#6X4;r6:3],N/A
a560,specificity=4 index=237 count=136,[#6X3;!r3;!r4;!r5;!r6;!r7;!r8:1]~[#6X4;!r3;!r4;!r5;!r6;!r7;!r8:2]~[#6X4;r6:3],N/A
a561,specificity=4 index=238 count=136,[#6X4;r6:1]~[#6X4;!r3;!r4;!r5;!r6;!r7;!r8:2]~[#7X3;!r3;!r4;!r5;!r6;!r7;!r8:3],N/A
a562,specificity=4 index=239 count=135,[#16X1;!r3;!r4;!r5;!r6;!r7;!r8:1]~[#15X4;!r3;!r4;!r5;!r6;!r7;!r8:2]~[#8X2;!r3;!r4;!r5;!r6;!r7;!r8:3],N/A
a563,specificity=4 index=240 count=133,[#1X1;!r3;!r4;!r5;!r6;!r7;!r8:1]~[#6X4;r8:2]~[#1X1;!r3;!r4;!r5;!r6;!r7;!r8:3],N/A
a564,specificity=4 index=241 count=127,[#6X4;r5:1]~[#6X4;!r3;!r4;!r5;!r6;!r7;!r8:2]~[#7X3;!r3;!r4;!r5;!r6;!r7;!r8:3],N/A
a565,specificity=4 index=242 count=127,[#1X1;!r3;!r4;!r5;!r6;!r7;!r8:1]~[#6X4;r3:2]~[#6X3;r6:3],N/A
a566,specificity=4 index=243 count=127,[#15X4;!r3;!r4;!r5;!r6;!r7;!r8:1]~[#7X3;!r3;!r4;!r5;!r6;!r7;!r8:2]~[#6X4;!r3;!r4;!r5;!r6;!r7;!r8:3],N/A
a567,specificity=4 index=244 count=126,[#6X4;!r3;!r4;!r5;!r6;!r7;!r8:1]~[#7X3;!r3;!r4;!r5;!r6;!r7;!r8:2]~[#7X3;!r3;!r4;!r5;!r6;!r7;!r8:3],N/A
a568,specificity=4 index=245 count=124,[#16X4;!r3;!r4;!r5;!r6;!r7;!r8:1]~[#8X2;!r3;!r4;!r5;!r6;!r7;!r8:2]~[#1X1;!r3;!r4;!r5;!r6;!r7;!r8:3],N/A
a569,specificity=4 index=246 count=121,[#6X4;!r3;!r4;!r5;!r6;!r7;!r8:1]~[#6X4;!r3;!r4;!r5;!r6;!r7;!r8:2]~[#6X4;r3:3],N/A
a570,specificity=4 index=247 count=121,[#6X4;!r3;!r4;!r5;!r6;!r7;!r8:1]~[#6X4;r6:2]~[#8X2;!r3;!r4;!r5;!r6;!r7;!r8:3],N/A
a571,specificity=4 index=248 count=119,[#15X4;!r3;!r4;!r5;!r6;!r7;!r8:1]~[#6X4;!r3;!r4;!r5;!r6;!r7;!r8:2]~[#6X4;!r3;!r4;!r5;!r6;!r7;!r8:3],N/A
a572,specificity=4 index=249 count=118,[#16X2;!r3;!r4;!r5;!r6;!r7;!r8:1]~[#15X4;!r3;!r4;!r5;!r6;!r7;!r8:2]~[#8X2;!r3;!r4;!r5;!r6;!r7;!r8:3],N/A
a573,specificity=4 index=250 count=118,[#6X3;r5:1]~[#6X4;!r3;!r4;!r5;!r6;!r7;!r8:2]~[#7X3;r6:3],N/A
a574,specificity=4 index=251 count=118,[#6X2;!r3;!r4;!r5;!r6;!r7;!r8:1]~[#6X4;!r3;!r4;!r5;!r6;!r7;!r8:2]~[#7X3;!r3;!r4;!r5;!r6;!r7;!r8:3],N/A
a575,specificity=4 index=252 count=118,[#6X3;r5:1]~[#6X4;!r3;!r4;!r5;!r6;!r7;!r8:2]~[#7X3;r5:3],N/A
a576,specificity=4 index=253 count=118,[#8X2;!r3;!r4;!r5;!r6;!r7;!r8:1]~[#6X4;!r3;!r4;!r5;!r6;!r7;!r8:2]~[#8X2;!r3;!r4;!r5;!r6;!r7;!r8:3],N/A
a577,specificity=4 index=254 count=117,[#1X1;!r3;!r4;!r5;!r6;!r7;!r8:1]~[#6X3;!r3;!r4;!r5;!r6;!r7;!r8:2]~[#6X2;!r3;!r4;!r5;!r6;!r7;!r8:3],N/A
a578,specificity=4 index=255 count=117,[#7X3;!r3;!r4;!r5;!r6;!r7;!r8:1]~[#15X4;!r3;!r4;!r5;!r6;!r7;!r8:2]~[#8X1;!r3;!r4;!r5;!r6;!r7;!r8:3],N/A
a579,specificity=4 index=256 count=114,[#1X1;!r3;!r4;!r5;!r6;!r7;!r8:1]~[#6X3;!r3;!r4;!r5;!r6;!r7;!r8:2]~[#8X2;!r3;!r4;!r5;!r6;!r7;!r8:3],N/A
a580,specificity=4 index=257 count=114,[#6X3;r6:1]~[#7X3;!r3;!r4;!r5;!r6;!r7;!r8:2]~[#7X2;!r3;!r4;!r5;!r6;!r7;!r8:3],N/A
a581,specificity=4 index=258 count=112,[#6X3;r5:1]~[#6X3;!r3;!r4;!r5;!r6;!r7;!r8:2]~[#6X3;r5:3],N/A
a582,specificity=4 index=259 count=111,[#1X1;!r3;!r4;!r5;!r6;!r7;!r8:1]~[#8X2;!r3;!r4;!r5;!r6;!r7;!r8:2]~[#7X2;!r3;!r4;!r5;!r6;!r7;!r8:3],N/A
a583,specificity=4 index=260 count=111,[#6X3;r6:1]~[#16X2;!r3;!r4;!r5;!r6;!r7;!r8:2]~[#6X3;r6:3],N/A
a584,specificity=4 index=261 count=110,[#6X3;r6:1]~[#16X3;!r3;!r4;!r5;!r6;!r7;!r8:2]~[#8X1;!r3;!r4;!r5;!r6;!r7;!r8:3],N/A
a585,specificity=4 index=262 count=110,[#6X3;!r3;!r4;!r5;!r6;!r7;!r8:1]~[#6X3;!r3;!r4;!r5;!r6;!r7;!r8:2]~[#6X4;r6:3],N/A
a586,specificity=4 index=263 count=109,[#1X1;!r3;!r4;!r5;!r6;!r7;!r8:1]~[#6X3;!r3;!r4;!r5;!r6;!r7;!r8:2]~[#6X4;r6:3],N/A
a587,specificity=4 index=264 count=109,[#6X3;r6:1]~[#7X3;!r3;!r4;!r5;!r6;!r7;!r8:2]~[#6X4;r6:3],N/A
a588,specificity=4 index=265 count=109,[#1X1;!r3;!r4;!r5;!r6;!r7;!r8:1]~[#6X4;r5:2]~[#7X3;r5:3],N/A
a589,specificity=4 index=266 count=108,[#1X1;!r3;!r4;!r5;!r6;!r7;!r8:1]~[#7X2;!r3;!r4;!r5;!r6;!r7;!r8:2]~[#6X3;r6:3],N/A
a590,specificity=4 index=267 count=107,[#15X4;!r3;!r4;!r5;!r6;!r7;!r8:1]~[#7X3;!r3;!r4;!r5;!r6;!r7;!r8:2]~[#1X1;!r3;!r4;!r5;!r6;!r7;!r8:3],N/A
a591,specificity=4 index=268 count=107,[#16X2;!r3;!r4;!r5;!r6;!r7;!r8:1]~[#6X3;!r3;!r4;!r5;!r6;!r7;!r8:2]~[#8X1;!r3;!r4;!r5;!r6;!r7;!r8:3],N/A
a592,specificity=4 index=269 count=107,[#1X1;!r3;!r4;!r5;!r6;!r7;!r8:1]~[#6X4;!r3;!r4;!r5;!r6;!r7;!r8:2]~[#7X4;r5:3],N/A
a593,specificity=4 index=270 count=107,[#6X3;!r3;!r4;!r5;!r6;!r7;!r8:1]~[#7X2;!r3;!r4;!r5;!r6;!r7;!r8:2]~[#6X4;!r3;!r4;!r5;!r6;!r7;!r8:3],N/A
a594,specificity=4 index=271 count=106,[#6X4;r6:1]~[#6X2;!r3;!r4;!r5;!r6;!r7;!r8:2]~[#7X1;!r3;!r4;!r5;!r6;!r7;!r8:3],N/A
a595,specificity=4 index=272 count=106,[#6X4;!r3;!r4;!r5;!r6;!r7;!r8:1]~[#8X2;!r3;!r4;!r5;!r6;!r7;!r8:2]~[#7X2;!r3;!r4;!r5;!r6;!r7;!r8:3],N/A
a596,specificity=4 index=273 count=103,[#1X1;!r3;!r4;!r5;!r6;!r7;!r8:1]~[#7X3;!r3;!r4;!r5;!r6;!r7;!r8:2]~[#7X3;r5:3],N/A
a597,specificity=4 index=274 count=103,[#6X3;!r3;!r4;!r5;!r6;!r7;!r8:1]~[#6X4;!r3;!r4;!r5;!r6;!r7;!r8:2]~[#6X4;r5:3],N/A
a598,specificity=4 index=275 count=102,[#6X3;r6:1]~[#6X3;!r3;!r4;!r5;!r6;!r7;!r8:2]~[#7X3;r6:3],N/A
a599,specificity=4 index=276 count=102,[#16X3;!r3;!r4;!r5;!r6;!r7;!r8:1]~[#6X4;!r3;!r4;!r5;!r6;!r7;!r8:2]~[#6X4;!r3;!r4;!r5;!r6;!r7;!r8:3],N/A
a600,specificity=4 index=277 count=102,[#16X1;!r3;!r4;!r5;!r6;!r7;!r8:1]~[#6X4;!r3;!r4;!r5;!r6;!r7;!r8:2]~[#1X1;!r3;!r4;!r5;!r6;!r7;!r8:3],N/A
a601,specificity=4 index=278 count=100,[#6X3;r6:1]~[#7X3;!r3;!r4;!r5;!r6;!r7;!r8:2]~[#7X3;!r3;!r4;!r5;!r6;!r7;!r8:3],N/A
a602,specificity=4 index=279 count=100,[#7X3;!r3;!r4;!r5;!r6;!r7;!r8:1]~[#6X3;!r3;!r4;!r5;!r6;!r7;!r8:2]~[#7X3;r5:3],N/A
a603,specificity=4 index=280 count=100,[#1X1;!r3;!r4;!r5;!r6;!r7;!r8:1]~[#6X4;r3:2]~[#7X3;!r3;!r4;!r5;!r6;!r7;!r8:3],N/A
a604,specificity=4 index=281 count=99,[#6X4;!r3;!r4;!r5;!r6;!r7;!r8:1]~[#8X2;!r3;!r4;!r5;!r6;!r7;!r8:2]~[#6X4;r5:3],N/A
a605,specificity=4 index=282 count=99,[#1X1;!r3;!r4;!r5;!r6;!r7;!r8:1]~[#6X4;r3:2]~[#6X3;r5:3],N/A
a606,specificity=4 index=283 count=99,[#16X2;!r3;!r4;!r5;!r6;!r7;!r8:1]~[#6X3;!r3;!r4;!r5;!r6;!r7;!r8:2]~[#7X3;!r3;!r4;!r5;!r6;!r7;!r8:3],N/A
a607,specificity=4 index=284 count=98,[#6X3;!r3;!r4;!r5;!r6;!r7;!r8:1]~[#16X4;!r3;!r4;!r5;!r6;!r7;!r8:2]~[#8X1;!r3;!r4;!r5;!r6;!r7;!r8:3],N/A
a608,specificity=4 index=285 count=97,[#6X3;r5:1]~[#16X4;!r3;!r4;!r5;!r6;!r7;!r8:2]~[#7X3;!r3;!r4;!r5;!r6;!r7;!r8:3],N/A
a609,specificity=4 index=286 count=96,[#16X2;!r3;!r4;!r5;!r6;!r7;!r8:1]~[#6X4;!r3;!r4;!r5;!r6;!r7;!r8:2]~[#6X3;r5:3],N/A
a610,specificity=4 index=287 count=96,[#6X3;r6:1]~[#6X3;!r3;!r4;!r5;!r6;!r7;!r8:2]~[#7X3;r5:3],N/A
a611,specificity=4 index=288 count=95,[#6X4;!r3;!r4;!r5;!r6;!r7;!r8:1]~[#6X4;r5:2]~[#8X2;!r3;!r4;!r5;!r6;!r7;!r8:3],N/A
a612,specificity=4 index=289 count=94,[#9X1;!r3;!r4;!r5;!r6;!r7;!r8:1]~[#6X4;r6:2]~[#9X1;!r3;!r4;!r5;!r6;!r7;!r8:3],N/A
a613,specificity=4 index=290 count=93,[#1X1;!r3;!r4;!r5;!r6;!r7;!r8:1]~[#7X3;!r3;!r4;!r5;!r6;!r7;!r8:2]~[#7X3;r6:3],N/A
a614,specificity=4 index=291 count=91,[#1X1;!r3;!r4;!r5;!r6;!r7;!r8:1]~[#6X4;r7:2]~[#6X4;!r3;!r4;!r5;!r6;!r7;!r8:3],N/A
a615,specificity=4 index=292 count=90,[#6X4;!r3;!r4;!r5;!r6;!r7;!r8:1]~[#7X2;!r3;!r4;!r5;!r6;!r7;!r8:2]~[#7X2;!r3;!r4;!r5;!r6;!r7;!r8:3],N/A
a616,specificity=4 index=293 count=87,[#1X1;!r3;!r4;!r5;!r6;!r7;!r8:1]~[#7X3;!r3;!r4;!r5;!r6;!r7;!r8:2]~[#6X4;r4:3],N/A
a617,specificity=4 index=294 count=87,[#16X2;!r3;!r4;!r5;!r6;!r7;!r8:1]~[#6X3;!r3;!r4;!r5;!r6;!r7;!r8:2]~[#7X2;!r3;!r4;!r5;!r6;!r7;!r8:3],N/A
a618,specificity=4 index=295 count=86,[#6X3;!r3;!r4;!r5;!r6;!r7;!r8:1]~[#7X3;!r3;!r4;!r5;!r6;!r7;!r8:2]~[#8X1;!r3;!r4;!r5;!r6;!r7;!r8:3],N/A
a619,specificity=4 index=296 count=86,[#16X2;!r3;!r4;!r5;!r6;!r7;!r8:1]~[#6X4;!r3;!r4;!r5;!r6;!r7;!r8:2]~[#9X1;!r3;!r4;!r5;!r6;!r7;!r8:3],N/A
a620,specificity=4 index=297 count=85,[#6X3;r5:1]~[#7X2;!r3;!r4;!r5;!r6;!r7;!r8:2]~[#7X2;!r3;!r4;!r5;!r6;!r7;!r8:3],N/A
a621,specificity=4 index=298 count=84,[#6X4;!r3;!r4;!r5;!r6;!r7;!r8:1]~[#7X3;!r3;!r4;!r5;!r6;!r7;!r8:2]~[#8X2;!r3;!r4;!r5;!r6;!r7;!r8:3],N/A
a622,specificity=4 index=299 count=84,[#6X4;!r3;!r4;!r5;!r6;!r7;!r8:1]~[#7X3;!r3;!r4;!r5;!r6;!r7;!r8:2]~[#8X1;!r3;!r4;!r5;!r6;!r7;!r8:3],N/A
a623,specificity=4 index=300 count=83,[#7X3;!r3;!r4;!r5;!r6;!r7;!r8:1]~[#15X4;!r3;!r4;!r5;!r6;!r7;!r8:2]~[#8X2;!r3;!r4;!r5;!r6;!r7;!r8:3],N/A
a624,specificity=4 index=301 count=83,[#6X2;!r3;!r4;!r5;!r6;!r7;!r8:1]~[#6X4;!r3;!r4;!r5;!r6;!r7;!r8:2]~[#6X3;r6:3],N/A
a625,specificity=4 index=302 count=83,[#6X4;!r3;!r4;!r5;!r6;!r7;!r8:1]~[#6X4;r3:2]~[#6X4;!r3;!r4;!r5;!r6;!r7;!r8:3],N/A
a626,specificity=4 index=303 count=83,[#6X2;!r3;!r4;!r5;!r6;!r7;!r8:1]~[#6X2;!r3;!r4;!r5;!r6;!r7;!r8:2]~[#6X3;!r3;!r4;!r5;!r6;!r7;!r8:3],N/A
a627,specificity=4 index=304 count=83,[#6X3;r5:1]~[#16X2;!r3;!r4;!r5;!r6;!r7;!r8:2]~[#6X3;r6:3],N/A
a628,specificity=4 index=305 count=83,[#6X2;!r3;!r4;!r5;!r6;!r7;!r8:1]~[#6X4;!r3;!r4;!r5;!r6;!r7;!r8:2]~[#6X3;!r3;!r4;!r5;!r6;!r7;!r8:3],N/A
a629,specificity=4 index=306 count=83,[#6X3;!r3;!r4;!r5;!r6;!r7;!r8:1]~[#7X2;!r3;!r4;!r5;!r6;!r7;!r8:2]~[#6X3;r5:3],N/A
a630,specificity=4 index=307 count=82,[#6X3;!r3;!r4;!r5;!r6;!r7;!r8:1]~[#6X3;!r3;!r4;!r5;!r6;!r7;!r8:2]~[#7X3;r6:3],N/A
a631,specificity=4 index=308 count=82,[#6X3;r6:1]~[#6X4;!r3;!r4;!r5;!r6;!r7;!r8:2]~[#7X2;!r3;!r4;!r5;!r6;!r7;!r8:3],N/A
a632,specificity=4 index=309 count=81,[#1X1;!r3;!r4;!r5;!r6;!r7;!r8:1]~[#6X4;r6:2]~[#6X2;!r3;!r4;!r5;!r6;!r7;!r8:3],N/A
a633,specificity=4 index=310 count=81,[#16X4;!r3;!r4;!r5;!r6;!r7;!r8:1]~[#7X3;!r3;!r4;!r5;!r6;!r7;!r8:2]~[#6X3;!r3;!r4;!r5;!r6;!r7;!r8:3],N/A
a634,specificity=4 index=311 count=81,[#16X1;!r3;!r4;!r5;!r6;!r7;!r8:1]~[#6X3;!r3;!r4;!r5;!r6;!r7;!r8:2]~[#16X2;!r3;!r4;!r5;!r6;!r7;!r8:3],N/A
a635,specificity=4 index=312 count=80,[#6X4;r3:1]~[#6X4;!r3;!r4;!r5;!r6;!r7;!r8:2]~[#8X2;!r3;!r4;!r5;!r6;!r7;!r8:3],N/A
a636,specificity=4 index=313 count=79,[#6X4;!r3;!r4;!r5;!r6;!r7;!r8:1]~[#8X2;!r3;!r4;!r5;!r6;!r7;!r8:2]~[#7X3;!r3;!r4;!r5;!r6;!r7;!r8:3],N/A
a637,specificity=4 index=314 count=79,[#6X3;r6:1]~[#6X4;!r3;!r4;!r5;!r6;!r7;!r8:2]~[#6X4;r5:3],N/A
a638,specificity=4 index=315 count=79,[#6X4;!r3;!r4;!r5;!r6;!r7;!r8:1]~[#7X3;!r3;!r4;!r5;!r6;!r7;!r8:2]~[#6X4;r5:3],N/A
a639,specificity=4 index=316 count=79,[#6X3;r6:1]~[#6X4;!r3;!r4;!r5;!r6;!r7;!r8:2]~[#6X4;r6:3],N/A
a640,specificity=4 index=317 count=79,[#6X4;!r3;!r4;!r5;!r6;!r7;!r8:1]~[#16X4;!r3;!r4;!r5;!r6;!r7;!r8:2]~[#6X4;!r3;!r4;!r5;!r6;!r7;!r8:3],N/A
a641,specificity=4 index=318 count=78,[#15X4;!r3;!r4;!r5;!r6;!r7;!r8:1]~[#8X2;!r3;!r4;!r5;!r6;!r7;!r8:2]~[#6X3;r6:3],N/A
a642,specificity=4 index=319 count=78,[#1X1;!r3;!r4;!r5;!r6;!r7;!r8:1]~[#6X3;!r3;!r4;!r5;!r6;!r7;!r8:2]~[#6X4;r5:3],N/A
a643,specificity=4 index=320 count=78,[#17X1;!r3;!r4;!r5;!r6;!r7;!r8:1]~[#6X4;!r3;!r4;!r5;!r6;!r7;!r8:2]~[#9X1;!r3;!r4;!r5;!r6;!r7;!r8:3],N/A
a644,specificity=4 index=321 count=78,[#1X1;!r3;!r4;!r5;!r6;!r7;!r8:1]~[#7X2;!r3;!r4;!r5;!r6;!r7;!r8:2]~[#6X3;r5:3],N/A
a645,specificity=4 index=322 count=76,[#6X3;!r3;!r4;!r5;!r6;!r7;!r8:1]~[#7X2;!r3;!r4;!r5;!r6;!r7;!r8:2]~[#7X2;!r3;!r4;!r5;!r6;!r7;!r8:3],N/A
a646,specificity=4 index=323 count=75,[#8X1;!r3;!r4;!r5;!r6;!r7;!r8:1]~[#15X4;!r3;!r4;!r5;!r6;!r7;!r8:2]~[#8X1;!r3;!r4;!r5;!r6;!r7;!r8:3],N/A
a647,specificity=4 index=324 count=75,[#7X2;!r3;!r4;!r5;!r6;!r7;!r8:1]~[#6X3;!r3;!r4;!r5;!r6;!r7;!r8:2]~[#8X1;!r3;!r4;!r5;!r6;!r7;!r8:3],N/A
a648,specificity=4 index=325 count=75,[#6X2;!r3;!r4;!r5;!r6;!r7;!r8:1]~[#6X2;!r3;!r4;!r5;!r6;!r7;!r8:2]~[#6X3;r5:3],N/A
a649,specificity=4 index=326 count=75,[#6X3;!r3;!r4;!r5;!r6;!r7;!r8:1]~[#6X3;!r3;!r4;!r5;!r6;!r7;!r8:2]~[#6X4;r5:3],N/A
a650,specificity=4 index=327 count=75,[#6X3;r6:1]~[#7X3;!r3;!r4;!r5;!r6;!r7;!r8:2]~[#6X4;r5:3],N/A
a651,specificity=4 index=328 count=74,[#17X1;!r3;!r4;!r5;!r6;!r7;!r8:1]~[#6X4;!r3;!r4;!r5;!r6;!r7;!r8:2]~[#6X3;r6:3],N/A
a652,specificity=4 index=329 count=74,[#6X3;r6:1]~[#16X4;!r3;!r4;!r5;!r6;!r7;!r8:2]~[#7X3;r5:3],N/A
a653,specificity=4 index=330 count=73,[#16X4;!r3;!r4;!r5;!r6;!r7;!r8:1]~[#7X3;!r3;!r4;!r5;!r6;!r7;!r8:2]~[#6X3;r5:3],N/A
a654,specificity=4 index=331 count=73,[#1X1;!r3;!r4;!r5;!r6;!r7;!r8:1]~[#6X4;!r3;!r4;!r5;!r6;!r7;!r8:2]~[#7X3;r4:3],N/A
a655,specificity=4 index=332 count=73,[#6X4;!r3;!r4;!r5;!r6;!r7;!r8:1]~[#16X4;!r3;!r4;!r5;!r6;!r7;!r8:2]~[#8X2;!r3;!r4;!r5;!r6;!r7;!r8:3],N/A
a656,specificity=4 index=333 count=72,[#6X3;r6:1]~[#16X4;!r3;!r4;!r5;!r6;!r7;!r8:2]~[#8X2;!r3;!r4;!r5;!r6;!r7;!r8:3],N/A
a657,specificity=4 index=334 count=72,[#1X1;!r3;!r4;!r5;!r6;!r7;!r8:1]~[#6X4;!r3;!r4;!r5;!r6;!r7;!r8:2]~[#53X1;!r3;!r4;!r5;!r6;!r7;!r8:3],N/A
a658,specificity=4 index=335 count=70,[#1X1;!r3;!r4;!r5;!r6;!r7;!r8:1]~[#6X4;r4:2]~[#7X3;!r3;!r4;!r5;!r6;!r7;!r8:3],N/A
a659,specificity=4 index=336 count=70,[#16X2;!r3;!r4;!r5;!r6;!r7;!r8:1]~[#6X3;!r3;!r4;!r5;!r6;!r7;!r8:2]~[#6X4;!r3;!r4;!r5;!r6;!r7;!r8:3],N/A
a660,specificity=4 index=337 count=70,[#7X3;!r3;!r4;!r5;!r6;!r7;!r8:1]~[#6X4;!r3;!r4;!r5;!r6;!r7;!r8:2]~[#8X2;!r3;!r4;!r5;!r6;!r7;!r8:3],N/A
a661,specificity=4 index=338 count=69,[#7X2;!r3;!r4;!r5;!r6;!r7;!r8:1]~[#16X4;!r3;!r4;!r5;!r6;!r7;!r8:2]~[#8X1;!r3;!r4;!r5;!r6;!r7;!r8:3],N/A
a662,specificity=4 index=339 count=68,[#1X1;!r3;!r4;!r5;!r6;!r7;!r8:1]~[#6X4;r4:2]~[#6X4;!r3;!r4;!r5;!r6;!r7;!r8:3],N/A
a663,specificity=4 index=340 count=68,[#6X3;r6:1]~[#6X4;r6:2]~[#6X4;!r3;!r4;!r5;!r6;!r7;!r8:3],N/A
a664,specificity=4 index=341 count=67,[#1X1;!r3;!r4;!r5;!r6;!r7;!r8:1]~[#6X4;r5:2]~[#7X3;r6:3],N/A
a665,specificity=4 index=342 count=67,[#6X3;r5:1]~[#6X3;!r3;!r4;!r5;!r6;!r7;!r8:2]~[#7X3;r6:3],N/A
a666,specificity=4 index=343 count=67,[#1X1;!r3;!r4;!r5;!r6;!r7;!r8:1]~[#6X4;r6:2]~[#7X3;r6:3],N/A
a667,specificity=4 index=344 count=67,[#15X3;!r3;!r4;!r5;!r6;!r7;!r8:1]~[#6X4;!r3;!r4;!r5;!r6;!r7;!r8:2]~[#1X1;!r3;!r4;!r5;!r6;!r7;!r8:3],N/A
a668,specificity=4 index=345 count=67,[#6X4;r3:1]~[#6X3;!r3;!r4;!r5;!r6;!r7;!r8:2]~[#7X3;!r3;!r4;!r5;!r6;!r7;!r8:3],N/A
a669,specificity=4 index=346 count=67,[#7X3;!r3;!r4;!r5;!r6;!r7;!r8:1]~[#6X3;!r3;!r4;!r5;!r6;!r7;!r8:2]~[#7X3;r6:3],N/A
a670,specificity=4 index=347 count=66,[#16X2;!r3;!r4;!r5;!r6;!r7;!r8:1]~[#6X4;r6:2]~[#1X1;!r3;!r4;!r5;!r6;!r7;!r8:3],N/A
a671,specificity=4 index=348 count=66,[#16X4;!r3;!r4;!r5;!r6;!r7;!r8:1]~[#6X4;!r3;!r4;!r5;!r6;!r7;!r8:2]~[#9X1;!r3;!r4;!r5;!r6;!r7;!r8:3],N/A
a672,specificity=4 index=349 count=65,[#1X1;!r3;!r4;!r5;!r6;!r7;!r8:1]~[#6X4;r4:2]~[#8X2;!r3;!r4;!r5;!r6;!r7;!r8:3],N/A
a673,specificity=4 index=350 count=65,[#15X4;!r3;!r4;!r5;!r6;!r7;!r8:1]~[#16X2;!r3;!r4;!r5;!r6;!r7;!r8:2]~[#6X4;!r3;!r4;!r5;!r6;!r7;!r8:3],N/A
a674,specificity=4 index=351 count=64,[#6X3;r6:1]~[#8X2;!r3;!r4;!r5;!r6;!r7;!r8:2]~[#6X4;r6:3],N/A
a675,specificity=4 index=352 count=64,[#6X3;r5:1]~[#7X2;!r3;!r4;!r5;!r6;!r7;!r8:2]~[#6X3;r6:3],N/A
a676,specificity=4 index=353 count=63,[#6X3;r6:1]~[#16X3;!r3;!r4;!r5;!r6;!r7;!r8:2]~[#6X4;!r3;!r4;!r5;!r6;!r7;!r8:3],N/A
a677,specificity=4 index=354 count=63,[#6X4;r3:1]~[#6X3;!r3;!r4;!r5;!r6;!r7;!r8:2]~[#8X2;!r3;!r4;!r5;!r6;!r7;!r8:3],N/A
a678,specificity=4 index=355 count=63,[#6X4;r3:1]~[#6X4;!r3;!r4;!r5;!r6;!r7;!r8:2]~[#7X3;!r3;!r4;!r5;!r6;!r7;!r8:3],N/A
a679,specificity=4 index=356 count=63,[#7X3;!r3;!r4;!r5;!r6;!r7;!r8:1]~[#7X2;!r3;!r4;!r5;!r6;!r7;!r8:2]~[#8X1;!r3;!r4;!r5;!r6;!r7;!r8:3],N/A
a680,specificity=4 index=357 count=61,[#6X3;!r3;!r4;!r5;!r6;!r7;!r8:1]~[#6X3;!r3;!r4;!r5;!r6;!r7;!r8:2]~[#7X3;r5:3],N/A
a681,specificity=4 index=358 count=61,[#17X1;!r3;!r4;!r5;!r6;!r7;!r8:1]~[#6X4;r6:2]~[#1X1;!r3;!r4;!r5;!r6;!r7;!r8:3],N/A
a682,specificity=4 index=359 count=60,[#6X2;!r3;!r4;!r5;!r6;!r7;!r8:1]~[#6X3;!r3;!r4;!r5;!r6;!r7;!r8:2]~[#6X3;r5:3],N/A
a683,specificity=4 index=360 count=60,[#1X1;!r3;!r4;!r5;!r6;!r7;!r8:1]~[#8X2;!r3;!r4;!r5;!r6;!r7;!r8:2]~[#7X3;r6:3],N/A
a684,specificity=4 index=361 count=60,[#6X4;r5:1]~[#6X2;!r3;!r4;!r5;!r6;!r7;!r8:2]~[#7X1;!r3;!r4;!r5;!r6;!r7;!r8:3],N/A
a685,specificity=4 index=362 count=60,[#16X2;!r3;!r4;!r5;!r6;!r7;!r8:1]~[#16X2;!r3;!r4;!r5;!r6;!r7;!r8:2]~[#6X4;!r3;!r4;!r5;!r6;!r7;!r8:3],N/A
a686,specificity=4 index=363 count=59,[#6X4;!r3;!r4;!r5;!r6;!r7;!r8:1]~[#6X3;!r3;!r4;!r5;!r6;!r7;!r8:2]~[#6X4;r6:3],N/A
a687,specificity=4 index=364 count=59,[#6X2;!r3;!r4;!r5;!r6;!r7;!r8:1]~[#6X2;!r3;!r4;!r5;!r6;!r7;!r8:2]~[#6X2;!r3;!r4;!r5;!r6;!r7;!r8:3],N/A
a688,specificity=4 index=365 count=59,[#6X4;!r3;!r4;!r5;!r6;!r7;!r8:1]~[#16X3;!r3;!r4;!r5;!r6;!r7;!r8:2]~[#6X4;!r3;!r4;!r5;!r6;!r7;!r8:3],N/A
a689,specificity=4 index=366 count=58,[#16X2;!r3;!r4;!r5;!r6;!r7;!r8:1]~[#15X4;!r3;!r4;!r5;!r6;!r7;!r8:2]~[#8X1;!r3;!r4;!r5;!r6;!r7;!r8:3],N/A
a690,specificity=4 index=367 count=58,[#35X1;!r3;!r4;!r5;!r6;!r7;!r8:1]~[#6X3;!r3;!r4;!r5;!r6;!r7;!r8:2]~[#6X3;!r3;!r4;!r5;!r6;!r7;!r8:3],N/A
a691,specificity=4 index=368 count=57,[#7X3;r4:1]~[#6X3;!r3;!r4;!r5;!r6;!r7;!r8:2]~[#8X1;!r3;!r4;!r5;!r6;!r7;!r8:3],N/A
a692,specificity=4 index=369 count=57,[#6X3;!r3;!r4;!r5;!r6;!r7;!r8:1]~[#6X4;r5:2]~[#6X4;!r3;!r4;!r5;!r6;!r7;!r8:3],N/A
a693,specificity=4 index=370 count=56,[#16X2;!r3;!r4;!r5;!r6;!r7;!r8:1]~[#6X3;!r3;!r4;!r5;!r6;!r7;!r8:2]~[#6X3;!r3;!r4;!r5;!r6;!r7;!r8:3],N/A
a694,specificity=4 index=371 count=56,[#16X2;!r3;!r4;!r5;!r6;!r7;!r8:1]~[#6X4;r5:2]~[#1X1;!r3;!r4;!r5;!r6;!r7;!r8:3],N/A
a695,specificity=4 index=372 count=56,[#6X3;r6:1]~[#8X2;!r3;!r4;!r5;!r6;!r7;!r8:2]~[#6X4;r5:3],N/A
a696,specificity=4 index=373 count=56,[#6X3;!r3;!r4;!r5;!r6;!r7;!r8:1]~[#8X2;!r3;!r4;!r5;!r6;!r7;!r8:2]~[#6X4;r5:3],N/A
a697,specificity=4 index=374 count=55,[#6X3;r6:1]~[#7X2;!r3;!r4;!r5;!r6;!r7;!r8:2]~[#7X3;!r3;!r4;!r5;!r6;!r7;!r8:3],N/A
a698,specificity=4 index=375 count=55,[#1X1;!r3;!r4;!r5;!r6;!r7;!r8:1]~[#16X2;!r3;!r4;!r5;!r6;!r7;!r8:2]~[#6X3;r6:3],N/A
a699,specificity=4 index=376 count=55,[#7X3;!r3;!r4;!r5;!r6;!r7;!r8:1]~[#15X4;!r3;!r4;!r5;!r6;!r7;!r8:2]~[#7X3;!r3;!r4;!r5;!r6;!r7;!r8:3],N/A
a700,specificity=4 index=377 count=54,[#6X3;r6:1]~[#16X4;!r3;!r4;!r5;!r6;!r7;!r8:2]~[#7X3;r6:3],N/A
a701,specificity=4 index=378 count=54,[#6X3;!r3;!r4;!r5;!r6;!r7;!r8:1]~[#6X3;!r3;!r4;!r5;!r6;!r7;!r8:2]~[#9X1;!r3;!r4;!r5;!r6;!r7;!r8:3],N/A
a702,specificity=4 index=379 count=54,[#6X4;!r3;!r4;!r5;!r6;!r7;!r8:1]~[#8X2;!r3;!r4;!r5;!r6;!r7;!r8:2]~[#8X2;!r3;!r4;!r5;!r6;!r7;!r8:3],N/A
a703,specificity=4 index=380 count=53,[#7X3;r6:1]~[#6X3;!r3;!r4;!r5;!r6;!r7;!r8:2]~[#8X2;!r3;!r4;!r5;!r6;!r7;!r8:3],N/A
a704,specificity=4 index=381 count=52,[#16X4;!r3;!r4;!r5;!r6;!r7;!r8:1]~[#8X2;!r3;!r4;!r5;!r6;!r7;!r8:2]~[#6X3;r6:3],N/A
a705,specificity=4 index=382 count=52,[#6X4;!r3;!r4;!r5;!r6;!r7;!r8:1]~[#6X4;!r3;!r4;!r5;!r6;!r7;!r8:2]~[#7X3;r7:3],N/A
a706,specificity=4 index=383 count=52,[#6X3;!r3;!r4;!r5;!r6;!r7;!r8:1]~[#7X3;!r3;!r4;!r5;!r6;!r7;!r8:2]~[#6X4;r3:3],N/A
a707,specificity=4 index=384 count=52,[#16X4;!r3;!r4;!r5;!r6;!r7;!r8:1]~[#8X2;!r3;!r4;!r5;!r6;!r7;!r8:2]~[#6X4;!r3;!r4;!r5;!r6;!r7;!r8:3],N/A
a708,specificity=4 index=385 count=52,[#6X4;!r3;!r4;!r5;!r6;!r7;!r8:1]~[#15X4;!r3;!r4;!r5;!r6;!r7;!r8:2]~[#6X4;!r3;!r4;!r5;!r6;!r7;!r8:3],N/A
a709,specificity=4 index=386 count=51,[#6X4;!r3;!r4;!r5;!r6;!r7;!r8:1]~[#6X3;!r3;!r4;!r5;!r6;!r7;!r8:2]~[#6X4;r5:3],N/A
a710,specificity=4 index=387 count=51,[#6X3;r6:1]~[#15X4;!r3;!r4;!r5;!r6;!r7;!r8:2]~[#8X1;!r3;!r4;!r5;!r6;!r7;!r8:3],N/A
a711,specificity=4 index=388 count=51,[#16X1;!r3;!r4;!r5;!r6;!r7;!r8:1]~[#6X4;!r3;!r4;!r5;!r6;!r7;!r8:2]~[#6X4;!r3;!r4;!r5;!r6;!r7;!r8:3],N/A
a712,specificity=4 index=389 count=50,[#7X2;!r3;!r4;!r5;!r6;!r7;!r8:1]~[#6X3;!r3;!r4;!r5;!r6;!r7;!r8:2]~[#8X2;!r3;!r4;!r5;!r6;!r7;!r8:3],N/A
a713,specificity=4 index=390 count=50,[#6X2;!r3;!r4;!r5;!r6;!r7;!r8:1]~[#6X3;!r3;!r4;!r5;!r6;!r7;!r8:2]~[#6X3;r6:3],N/A
a714,specificity=4 index=391 count=49,[#16X4;!r3;!r4;!r5;!r6;!r7;!r8:1]~[#6X4;!r3;!r4;!r5;!r6;!r7;!r8:2]~[#6X3;r6:3],N/A
a715,specificity=4 index=392 count=49,[#1X1;!r3;!r4;!r5;!r6;!r7;!r8:1]~[#7X3;!r3;!r4;!r5;!r6;!r7;!r8:2]~[#6X3;r7:3],N/A
a716,specificity=4 index=393 count=49,[#6X4;!r3;!r4;!r5;!r6;!r7;!r8:1]~[#7X2;!r3;!r4;!r5;!r6;!r7;!r8:2]~[#8X1;!r3;!r4;!r5;!r6;!r7;!r8:3],N/A
a717,specificity=4 index=394 count=49,[#9X1;!r3;!r4;!r5;!r6;!r7;!r8:1]~[#6X4;r4:2]~[#9X1;!r3;!r4;!r5;!r6;!r7;!r8:3],N/A
a718,specificity=4 index=395 count=48,[#6X3;r5:1]~[#16X4;!r3;!r4;!r5;!r6;!r7;!r8:2]~[#6X3;r6:3],N/A
a719,specificity=4 index=396 count=48,[#6X4;r6:1]~[#7X3;!r3;!r4;!r5;!r6;!r7;!r8:2]~[#8X1;!r3;!r4;!r5;!r6;!r7;!r8:3],N/A
a720,specificity=4 index=397 count=48,[#7X3;r7:1]~[#6X3;!r3;!r4;!r5;!r6;!r7;!r8:2]~[#8X1;!r3;!r4;!r5;!r6;!r7;!r8:3],N/A
a721,specificity=4 index=398 count=48,[#6X3;!r3;!r4;!r5;!r6;!r7;!r8:1]~[#7X3;!r3;!r4;!r5;!r6;!r7;!r8:2]~[#6X4;r4:3],N/A
a722,specificity=4 index=399 count=48,[#6X2;!r3;!r4;!r5;!r6;!r7;!r8:1]~[#6X3;!r3;!r4;!r5;!r6;!r7;!r8:2]~[#6X4;!r3;!r4;!r5;!r6;!r7;!r8:3],N/A
a723,specificity=4 index=400 count=48,[#6X4;!r3;!r4;!r5;!r6;!r7;!r8:1]~[#6X4;!r3;!r4;!r5;!r6;!r7;!r8:2]~[#6X4;r4:3],N/A
a724,specificity=4 index=401 count=48,[#6X3;r6:1]~[#6X4;r5:2]~[#6X4;!r3;!r4;!r5;!r6;!r7;!r8:3],N/A
a725,specificity=4 index=402 count=47,[#7X3;r5:1]~[#6X4;!r3;!r4;!r5;!r6;!r7;!r8:2]~[#8X2;!r3;!r4;!r5;!r6;!r7;!r8:3],N/A
a726,specificity=4 index=403 count=47,[#1X1;!r3;!r4;!r5;!r6;!r7;!r8:1]~[#16X2;!r3;!r4;!r5;!r6;!r7;!r8:2]~[#6X3;!r3;!r4;!r5;!r6;!r7;!r8:3],N/A
a727,specificity=4 index=404 count=47,[#6X3;r6:1]~[#7X2;!r3;!r4;!r5;!r6;!r7;!r8:2]~[#8X2;!r3;!r4;!r5;!r6;!r7;!r8:3],N/A
a728,specificity=4 index=405 count=47,[#6X4;r3:1]~[#6X4;!r3;!r4;!r5;!r6;!r7;!r8:2]~[#9X1;!r3;!r4;!r5;!r6;!r7;!r8:3],N/A
a729,specificity=4 index=406 count=47,[#6X3;r5:1]~[#7X2;!r3;!r4;!r5;!r6;!r7;!r8:2]~[#7X3;!r3;!r4;!r5;!r6;!r7;!r8:3],N/A
a730,specificity=4 index=407 count=46,[#6X4;!r3;!r4;!r5;!r6;!r7;!r8:1]~[#6X4;r4:2]~[#6X4;!r3;!r4;!r5;!r6;!r7;!r8:3],N/A
a731,specificity=4 index=408 count=45,[#9X1;!r3;!r4;!r5;!r6;!r7;!r8:1]~[#6X4;r5:2]~[#9X1;!r3;!r4;!r5;!r6;!r7;!r8:3],N/A
a732,specificity=4 index=409 count=45,[#6X3;r5:1]~[#6X4;!r3;!r4;!r5;!r6;!r7;!r8:2]~[#6X3;r5:3],N/A
a733,specificity=4 index=410 count=45,[#1X1;!r3;!r4;!r5;!r6;!r7;!r8:1]~[#16X2;!r3;!r4;!r5;!r6;!r7;!r8:2]~[#6X3;r5:3],N/A
a734,specificity=4 index=411 count=45,[#6X3;!r3;!r4;!r5;!r6;!r7;!r8:1]~[#8X2;!r3;!r4;!r5;!r6;!r7;!r8:2]~[#7X2;!r3;!r4;!r5;!r6;!r7;!r8:3],N/A
a735,specificity=4 index=412 count=44,[#7X1;!r3;!r4;!r5;!r6;!r7;!r8:1]~[#6X2;!r3;!r4;!r5;!r6;!r7;!r8:2]~[#7X3;!r3;!r4;!r5;!r6;!r7;!r8:3],N/A
a736,specificity=4 index=413 count=44,[#16X2;!r3;!r4;!r5;!r6;!r7;!r8:1]~[#6X4;!r3;!r4;!r5;!r6;!r7;!r8:2]~[#17X1;!r3;!r4;!r5;!r6;!r7;!r8:3],N/A
a737,specificity=4 index=414 count=44,[#8X2;!r3;!r4;!r5;!r6;!r7;!r8:1]~[#6X3;!r3;!r4;!r5;!r6;!r7;!r8:2]~[#8X2;!r3;!r4;!r5;!r6;!r7;!r8:3],N/A
a738,specificity=4 index=415 count=43,[#1X1;!r3;!r4;!r5;!r6;!r7;!r8:1]~[#7X3;!r3;!r4;!r5;!r6;!r7;!r8:2]~[#6X4;r7:3],N/A
a739,specificity=4 index=416 count=43,[#1X1;!r3;!r4;!r5;!r6;!r7;!r8:1]~[#6X4;r6:2]~[#7X2;!r3;!r4;!r5;!r6;!r7;!r8:3],N/A
a740,specificity=4 index=417 count=43,[#6X3;r5:1]~[#8X2;!r3;!r4;!r5;!r6;!r7;!r8:2]~[#6X3;r6:3],N/A
a741,specificity=4 index=418 count=43,[#6X3;r6:1]~[#16X4;!r3;!r4;!r5;!r6;!r7;!r8:2]~[#6X3;r6:3],N/A
a742,specificity=4 index=419 count=43,[#16X4;!r3;!r4;!r5;!r6;!r7;!r8:1]~[#6X3;!r3;!r4;!r5;!r6;!r7;!r8:2]~[#6X3;!r3;!r4;!r5;!r6;!r7;!r8:3],N/A
a743,specificity=4 index=420 count=42,[#7X3;r5:1]~[#6X3;!r3;!r4;!r5;!r6;!r7;!r8:2]~[#8X2;!r3;!r4;!r5;!r6;!r7;!r8:3],N/A
a744,specificity=4 index=421 count=42,[#1X1;!r3;!r4;!r5;!r6;!r7;!r8:1]~[#6X4;r7:2]~[#7X3;!r3;!r4;!r5;!r6;!r7;!r8:3],N/A
a745,specificity=4 index=422 count=42,[#1X1;!r3;!r4;!r5;!r6;!r7;!r8:1]~[#8X2;!r3;!r4;!r5;!r6;!r7;!r8:2]~[#7X3;r5:3],N/A
a746,specificity=4 index=423 count=42,[#6X2;!r3;!r4;!r5;!r6;!r7;!r8:1]~[#6X3;!r3;!r4;!r5;!r6;!r7;!r8:2]~[#8X1;!r3;!r4;!r5;!r6;!r7;!r8:3],N/A
a747,specificity=4 index=424 count=42,[#6X3;r5:1]~[#16X4;!r3;!r4;!r5;!r6;!r7;!r8:2]~[#6X4;!r3;!r4;!r5;!r6;!r7;!r8:3],N/A
a748,specificity=4 index=425 count=42,[#8X1;!r3;!r4;!r5;!r6;!r7;!r8:1]~[#7X3;!r3;!r4;!r5;!r6;!r7;!r8:2]~[#8X2;!r3;!r4;!r5;!r6;!r7;!r8:3],N/A
a749,specificity=4 index=426 count=42,[#6X3;r5:1]~[#6X3;!r3;!r4;!r5;!r6;!r7;!r8:2]~[#7X3;r5:3],N/A
a750,specificity=4 index=427 count=41,[#6X3;!r3;!r4;!r5;!r6;!r7;!r8:1]~[#6X4;!r3;!r4;!r5;!r6;!r7;!r8:2]~[#7X4;!r3;!r4;!r5;!r6;!r7;!r8:3],N/A
a751,specificity=4 index=428 count=41,[#16X1;!r3;!r4;!r5;!r6;!r7;!r8:1]~[#6X3;!r3;!r4;!r5;!r6;!r7;!r8:2]~[#8X2;!r3;!r4;!r5;!r6;!r7;!r8:3],N/A
a752,specificity=4 index=429 count=41,[#17X1;!r3;!r4;!r5;!r6;!r7;!r8:1]~[#6X3;!r3;!r4;!r5;!r6;!r7;!r8:2]~[#6X4;!r3;!r4;!r5;!r6;!r7;!r8:3],N/A
a753,specificity=4 index=430 count=41,[#6X3;r6:1]~[#15X4;!r3;!r4;!r5;!r6;!r7;!r8:2]~[#6X3;r6:3],N/A
a754,specificity=4 index=431 count=41,[#6X4;r3:1]~[#16X4;!r3;!r4;!r5;!r6;!r7;!r8:2]~[#8X1;!r3;!r4;!r5;!r6;!r7;!r8:3],N/A
a755,specificity=4 index=432 count=40,[#1X1;!r3;!r4;!r5;!r6;!r7;!r8:1]~[#6X3;!r3;!r4;!r5;!r6;!r7;!r8:2]~[#7X3;r5:3],N/A
a756,specificity=4 index=433 count=40,[#6X2;!r3;!r4;!r5;!r6;!r7;!r8:1]~[#6X2;!r3;!r4;!r5;!r6;!r7;!r8:2]~[#6X4;r6:3],N/A
a757,specificity=4 index=434 count=40,[#6X3;!r3;!r4;!r5;!r6;!r7;!r8:1]~[#6X4;r6:2]~[#6X4;!r3;!r4;!r5;!r6;!r7;!r8:3],N/A
a758,specificity=4 index=435 count=40,[#1X1;!r3;!r4;!r5;!r6;!r7;!r8:1]~[#6X4;r7:2]~[#8X2;!r3;!r4;!r5;!r6;!r7;!r8:3],N/A
a759,specificity=4 index=436 count=40,[#6X2;!r3;!r4;!r5;!r6;!r7;!r8:1]~[#6X3;!r3;!r4;!r5;!r6;!r7;!r8:2]~[#6X2;!r3;!r4;!r5;!r6;!r7;!r8:3],N/A
a760,specificity=4 index=437 count=40,[#6X3;!r3;!r4;!r5;!r6;!r7;!r8:1]~[#6X3;!r3;!r4;!r5;!r6;!r7;!r8:2]~[#6X4;r3:3],N/A
a761,specificity=4 index=438 count=40,[#6X3;!r3;!r4;!r5;!r6;!r7;!r8:1]~[#7X2;!r3;!r4;!r5;!r6;!r7;!r8:2]~[#7X3;r5:3],N/A
a762,specificity=4 index=439 count=40,[#17X1;!r3;!r4;!r5;!r6;!r7;!r8:1]~[#6X4;r5:2]~[#1X1;!r3;!r4;!r5;!r6;!r7;!r8:3],N/A
a763,specificity=4 index=440 count=39,[#1X1;!r3;!r4;!r5;!r6;!r7;!r8:1]~[#6X4;r7:2]~[#6X3;r6:3],N/A
a764,specificity=4 index=441 count=39,[#6X4;r4:1]~[#6X3;!r3;!r4;!r5;!r6;!r7;!r8:2]~[#8X1;!r3;!r4;!r5;!r6;!r7;!r8:3],N/A
a765,specificity=4 index=442 count=39,[#6X4;r5:1]~[#6X4;!r3;!r4;!r5;!r6;!r7;!r8:2]~[#7X3;r5:3],N/A
a766,specificity=4 index=443 count=39,[#6X2;!r3;!r4;!r5;!r6;!r7;!r8:1]~[#6X4;!r3;!r4;!r5;!r6;!r7;!r8:2]~[#6X3;r5:3],N/A
a767,specificity=4 index=444 count=39,[#16X4;!r3;!r4;!r5;!r6;!r7;!r8:1]~[#6X3;!r3;!r4;!r5;!r6;!r7;!r8:2]~[#1X1;!r3;!r4;!r5;!r6;!r7;!r8:3],N/A
a768,specificity=4 index=445 count=39,[#6X3;r6:1]~[#15X4;!r3;!r4;!r5;!r6;!r7;!r8:2]~[#8X2;!r3;!r4;!r5;!r6;!r7;!r8:3],N/A
a769,specificity=4 index=446 count=39,[#6X4;r6:1]~[#16X4;!r3;!r4;!r5;!r6;!r7;!r8:2]~[#8X1;!r3;!r4;!r5;!r6;!r7;!r8:3],N/A
a770,specificity=4 index=447 count=38,[#6X3;r6:1]~[#6X4;r6:2]~[#8X2;!r3;!r4;!r5;!r6;!r7;!r8:3],N/A
a771,specificity=4 index=448 count=38,[#1X1;!r3;!r4;!r5;!r6;!r7;!r8:1]~[#6X4;r5:2]~[#6X2;!r3;!r4;!r5;!r6;!r7;!r8:3],N/A
a772,specificity=4 index=449 count=38,[#6X3;!r3;!r4;!r5;!r6;!r7;!r8:1]~[#7X3;!r3;!r4;!r5;!r6;!r7;!r8:2]~[#7X3;r5:3],N/A
a773,specificity=4 index=450 count=38,[#1X1;!r3;!r4;!r5;!r6;!r7;!r8:1]~[#6X3;!r3;!r4;!r5;!r6;!r7;!r8:2]~[#7X3;r6:3],N/A
a774,specificity=4 index=451 count=38,[#15X4;!r3;!r4;!r5;!r6;!r7;!r8:1]~[#6X4;!r3;!r4;!r5;!r6;!r7;!r8:2]~[#8X2;!r3;!r4;!r5;!r6;!r7;!r8:3],N/A
a775,specificity=4 index=452 count=38,[#17X1;!r3;!r4;!r5;!r6;!r7;!r8:1]~[#6X4;r5:2]~[#17X1;!r3;!r4;!r5;!r6;!r7;!r8:3],N/A
a776,specificity=4 index=453 count=38,[#17X1;!r3;!r4;!r5;!r6;!r7;!r8:1]~[#6X3;!r3;!r4;!r5;!r6;!r7;!r8:2]~[#17X1;!r3;!r4;!r5;!r6;!r7;!r8:3],N/A
a777,specificity=4 index=454 count=38,[#35X1;!r3;!r4;!r5;!r6;!r7;!r8:1]~[#6X4;!r3;!r4;!r5;!r6;!r7;!r8:2]~[#35X1;!r3;!r4;!r5;!r6;!r7;!r8:3],N/A
a778,specificity=4 index=455 count=38,[#16X2;!r3;!r4;!r5;!r6;!r7;!r8:1]~[#16X4;!r3;!r4;!r5;!r6;!r7;!r8:2]~[#8X1;!r3;!r4;!r5;!r6;!r7;!r8:3],N/A
a779,specificity=4 index=456 count=37,[#6X3;r5:1]~[#6X4;!r3;!r4;!r5;!r6;!r7;!r8:2]~[#7X2;!r3;!r4;!r5;!r6;!r7;!r8:3],N/A
a780,specificity=4 index=457 count=37,[#6X4;!r3;!r4;!r5;!r6;!r7;!r8:1]~[#6X4;!r3;!r4;!r5;!r6;!r7;!r8:2]~[#6X4;r7:3],N/A
a781,specificity=4 index=458 count=37,[#6X4;!r3;!r4;!r5;!r6;!r7;!r8:1]~[#7X4;!r3;!r4;!r5;!r6;!r7;!r8:2]~[#8X1;!r3;!r4;!r5;!r6;!r7;!r8:3],N/A
a782,specificity=4 index=459 count=36,[#35X1;!r3;!r4;!r5;!r6;!r7;!r8:1]~[#6X4;!r3;!r4;!r5;!r6;!r7;!r8:2]~[#6X3;!r3;!r4;!r5;!r6;!r7;!r8:3],N/A
a783,specificity=4 index=460 count=36,[#1X1;!r3;!r4;!r5;!r6;!r7;!r8:1]~[#6X4;r6:2]~[#6X4;r6:3],N/A
a784,specificity=4 index=461 count=36,[#6X3;!r3;!r4;!r5;!r6;!r7;!r8:1]~[#7X2;!r3;!r4;!r5;!r6;!r7;!r8:2]~[#6X3;!r3;!r4;!r5;!r6;!r7;!r8:3],N/A
a785,specificity=4 index=462 count=36,[#16X1;!r3;!r4;!r5;!r6;!r7;!r8:1]~[#6X2;!r3;!r4;!r5;!r6;!r7;!r8:2]~[#7X2;!r3;!r4;!r5;!r6;!r7;!r8:3],N/A
a786,specificity=4 index=463 count=36,[#1X1;!r3;!r4;!r5;!r6;!r7;!r8:1]~[#8X2;!r3;!r4;!r5;!r6;!r7;!r8:2]~[#6X4;r4:3],N/A
a787,specificity=4 index=464 count=36,[#1X1;!r3;!r4;!r5;!r6;!r7;!r8:1]~[#6X4;!r3;!r4;!r5;!r6;!r7;!r8:2]~[#7X3;r3:3],N/A
a788,specificity=4 index=465 count=36,[#6X3;r6:1]~[#15X4;!r3;!r4;!r5;!r6;!r7;!r8:2]~[#6X4;!r3;!r4;!r5;!r6;!r7;!r8:3],N/A
a789,specificity=4 index=466 count=35,[#6X4;!r3;!r4;!r5;!r6;!r7;!r8:1]~[#16X4;!r3;!r4;!r5;!r6;!r7;!r8:2]~[#7X3;r6:3],N/A
a790,specificity=4 index=467 count=35,[#6X3;!r3;!r4;!r5;!r6;!r7;!r8:1]~[#6X4;!r3;!r4;!r5;!r6;!r7;!r8:2]~[#7X2;!r3;!r4;!r5;!r6;!r7;!r8:3],N/A
a791,specificity=4 index=468 count=35,[#6X4;r4:1]~[#6X4;!r3;!r4;!r5;!r6;!r7;!r8:2]~[#8X2;!r3;!r4;!r5;!r6;!r7;!r8:3],N/A
a792,specificity=4 index=469 count=35,[#35X1;!r3;!r4;!r5;!r6;!r7;!r8:1]~[#6X4;!r3;!r4;!r5;!r6;!r7;!r8:2]~[#6X3;r6:3],N/A
a793,specificity=4 index=470 count=35,[#1X1;!r3;!r4;!r5;!r6;!r7;!r8:1]~[#7X3;!r3;!r4;!r5;!r6;!r7;!r8:2]~[#6X2;!r3;!r4;!r5;!r6;!r7;!r8:3],N/A
a794,specificity=4 index=471 count=35,[#1X1;!r3;!r4;!r5;!r6;!r7;!r8:1]~[#6X4;r6:2]~[#35X1;!r3;!r4;!r5;!r6;!r7;!r8:3],N/A
a795,specificity=4 index=472 count=35,[#15X4;r5:1]~[#6X4;!r3;!r4;!r5;!r6;!r7;!r8:2]~[#1X1;!r3;!r4;!r5;!r6;!r7;!r8:3],N/A
a796,specificity=4 index=473 count=34,[#6X2;!r3;!r4;!r5;!r6;!r7;!r8:1]~[#6X4;!r3;!r4;!r5;!r6;!r7;!r8:2]~[#7X3;r6:3],N/A
a797,specificity=4 index=474 count=34,[#6X2;!r3;!r4;!r5;!r6;!r7;!r8:1]~[#6X4;!r3;!r4;!r5;!r6;!r7;!r8:2]~[#7X3;r5:3],N/A
a798,specificity=4 index=475 count=34,[#6X3;!r3;!r4;!r5;!r6;!r7;!r8:1]~[#16X2;!r3;!r4;!r5;!r6;!r7;!r8:2]~[#6X3;r6:3],N/A
a799,specificity=4 index=476 count=34,[#1X1;!r3;!r4;!r5;!r6;!r7;!r8:1]~[#8X2;!r3;!r4;!r5;!r6;!r7;!r8:2]~[#6X4;r7:3],N/A
a800,specificity=4 index=477 count=34,[#6X4;!r3;!r4;!r5;!r6;!r7;!r8:1]~[#16X2;!r3;!r4;!r5;!r6;!r7;!r8:2]~[#6X4;r6:3],N/A
a801,specificity=4 index=478 count=34,[#6X3;r5:1]~[#7X2;!r3;!r4;!r5;!r6;!r7;!r8:2]~[#8X2;!r3;!r4;!r5;!r6;!r7;!r8:3],N/A
a802,specificity=4 index=479 count=34,[#16X1;!r3;!r4;!r5;!r6;!r7;!r8:1]~[#6X3;!r3;!r4;!r5;!r6;!r7;!r8:2]~[#7X3;r6:3],N/A
a803,specificity=4 index=480 count=34,[#6X3;r6:1]~[#7X2;!r3;!r4;!r5;!r6;!r7;!r8:2]~[#6X3;r6:3],N/A
a804,specificity=4 index=481 count=34,[#16X1;!r3;!r4;!r5;!r6;!r7;!r8:1]~[#15X4;!r3;!r4;!r5;!r6;!r7;!r8:2]~[#16X2;!r3;!r4;!r5;!r6;!r7;!r8:3],N/A
a805,specificity=4 index=482 count=33,[#6X3;r6:1]~[#7X3;!r3;!r4;!r5;!r6;!r7;!r8:2]~[#8X2;!r3;!r4;!r5;!r6;!r7;!r8:3],N/A
a806,specificity=4 index=483 count=33,[#6X4;r3:1]~[#6X4;!r3;!r4;!r5;!r6;!r7;!r8:2]~[#7X3;r5:3],N/A
a807,specificity=4 index=484 count=33,[#1X1;!r3;!r4;!r5;!r6;!r7;!r8:1]~[#6X4;r5:2]~[#7X2;!r3;!r4;!r5;!r6;!r7;!r8:3],N/A
a808,specificity=4 index=485 count=33,[#6X3;!r3;!r4;!r5;!r6;!r7;!r8:1]~[#6X4;r6:2]~[#8X2;!r3;!r4;!r5;!r6;!r7;!r8:3],N/A
a809,specificity=4 index=486 count=33,[#1X1;!r3;!r4;!r5;!r6;!r7;!r8:1]~[#6X3;!r3;!r4;!r5;!r6;!r7;!r8:2]~[#6X4;r3:3],N/A
a810,specificity=4 index=487 count=33,[#6X3;!r3;!r4;!r5;!r6;!r7;!r8:1]~[#7X3;!r3;!r4;!r5;!r6;!r7;!r8:2]~[#7X3;r6:3],N/A
a811,specificity=4 index=488 count=33,[#6X3;r6:1]~[#7X3;!r3;!r4;!r5;!r6;!r7;!r8:2]~[#6X4;r3:3],N/A
a812,specificity=4 index=489 count=33,[#16X1;!r3;!r4;!r5;!r6;!r7;!r8:1]~[#15X4;!r3;!r4;!r5;!r6;!r7;!r8:2]~[#6X4;!r3;!r4;!r5;!r6;!r7;!r8:3],N/A
a813,specificity=4 index=490 count=32,[#6X3;!r3;!r4;!r5;!r6;!r7;!r8:1]~[#8X2;!r3;!r4;!r5;!r6;!r7;!r8:2]~[#6X3;!r3;!r4;!r5;!r6;!r7;!r8:3],N/A
a814,specificity=4 index=491 count=32,[#6X3;!r3;!r4;!r5;!r6;!r7;!r8:1]~[#15X4;!r3;!r4;!r5;!r6;!r7;!r8:2]~[#8X1;!r3;!r4;!r5;!r6;!r7;!r8:3],N/A
a815,specificity=4 index=492 count=32,[#1X1;!r3;!r4;!r5;!r6;!r7;!r8:1]~[#6X4;r5:2]~[#9X1;!r3;!r4;!r5;!r6;!r7;!r8:3],N/A
a816,specificity=4 index=493 count=32,[#16X1;!r3;!r4;!r5;!r6;!r7;!r8:1]~[#15X4;!r3;!r4;!r5;!r6;!r7;!r8:2]~[#7X3;!r3;!r4;!r5;!r6;!r7;!r8:3],N/A
a817,specificity=4 index=494 count=31,[#6X4;!r3;!r4;!r5;!r6;!r7;!r8:1]~[#8X2;!r3;!r4;!r5;!r6;!r7;!r8:2]~[#6X4;r4:3],N/A
a818,specificity=4 index=495 count=31,[#16X2;!r3;!r4;!r5;!r6;!r7;!r8:1]~[#6X4;!r3;!r4;!r5;!r6;!r7;!r8:2]~[#6X2;!r3;!r4;!r5;!r6;!r7;!r8:3],N/A
a819,specificity=4 index=496 count=31,[#6X4;!r3;!r4;!r5;!r6;!r7;!r8:1]~[#7X3;!r3;!r4;!r5;!r6;!r7;!r8:2]~[#7X3;r5:3],N/A
a820,specificity=4 index=497 count=31,[#6X3;r5:1]~[#6X4;!r3;!r4;!r5;!r6;!r7;!r8:2]~[#6X4;r6:3],N/A
a821,specificity=4 index=498 count=31,[#8X2;!r3;!r4;!r5;!r6;!r7;!r8:1]~[#16X4;!r3;!r4;!r5;!r6;!r7;!r8:2]~[#8X2;!r3;!r4;!r5;!r6;!r7;!r8:3],N/A
a822,specificity=4 index=499 count=31,[#1X1;!r3;!r4;!r5;!r6;!r7;!r8:1]~[#6X4;r4:2]~[#6X3;!r3;!r4;!r5;!r6;!r7;!r8:3],N/A
a823,specificity=4 index=500 count=30,[#6X3;r5:1]~[#16X3;!r3;!r4;!r5;!r6;!r7;!r8:2]~[#8X1;!r3;!r4;!r5;!r6;!r7;!r8:3],N/A
a824,specificity=4 index=501 count=30,[#16X1;!r3;!r4;!r5;!r6;!r7;!r8:1]~[#6X3;!r3;!r4;!r5;!r6;!r7;!r8:2]~[#6X4;!r3;!r4;!r5;!r6;!r7;!r8:3],N/A
a825,specificity=4 index=502 count=30,[#15X3;!r3;!r4;!r5;!r6;!r7;!r8:1]~[#6X4;!r3;!r4;!r5;!r6;!r7;!r8:2]~[#6X4;!r3;!r4;!r5;!r6;!r7;!r8:3],N/A
a826,specificity=4 index=503 count=30,[#6X3;!r3;!r4;!r5;!r6;!r7;!r8:1]~[#8X2;!r3;!r4;!r5;!r6;!r7;!r8:2]~[#6X3;r5:3],N/A
a827,specificity=4 index=504 count=30,[#6X3;r5:1]~[#7X2;!r3;!r4;!r5;!r6;!r7;!r8:2]~[#6X4;!r3;!r4;!r5;!r6;!r7;!r8:3],N/A
a828,specificity=4 index=505 count=30,[#17X1;!r3;!r4;!r5;!r6;!r7;!r8:1]~[#16X4;!r3;!r4;!r5;!r6;!r7;!r8:2]~[#8X1;!r3;!r4;!r5;!r6;!r7;!r8:3],N/A
a829,specificity=4 index=506 count=29,[#6X3;!r3;!r4;!r5;!r6;!r7;!r8:1]~[#15X4;!r3;!r4;!r5;!r6;!r7;!r8:2]~[#8X2;!r3;!r4;!r5;!r6;!r7;!r8:3],N/A
a830,specificity=4 index=507 count=29,[#6X4;!r3;!r4;!r5;!r6;!r7;!r8:1]~[#16X2;!r3;!r4;!r5;!r6;!r7;!r8:2]~[#6X4;r5:3],N/A
a831,specificity=4 index=508 count=29,[#7X3;r6:1]~[#6X4;!r3;!r4;!r5;!r6;!r7;!r8:2]~[#8X2;!r3;!r4;!r5;!r6;!r7;!r8:3],N/A
a832,specificity=4 index=509 count=29,[#6X2;!r3;!r4;!r5;!r6;!r7;!r8:1]~[#6X2;!r3;!r4;!r5;!r6;!r7;!r8:2]~[#6X4;r3:3],N/A
a833,specificity=4 index=510 count=29,[#7X2;!r3;!r4;!r5;!r6;!r7;!r8:1]~[#6X3;!r3;!r4;!r5;!r6;!r7;!r8:2]~[#7X3;r6:3],N/A
a834,specificity=4 index=511 count=29,[#6X3;r5:1]~[#7X3;!r3;!r4;!r5;!r6;!r7;!r8:2]~[#6X4;r6:3],N/A
a835,specificity=4 index=512 count=29,[#16X1;!r3;!r4;!r5;!r6;!r7;!r8:1]~[#6X3;!r3;!r4;!r5;!r6;!r7;!r8:2]~[#6X3;r6:3],N/A
a836,specificity=4 index=513 count=29,[#7X3;!r3;!r4;!r5;!r6;!r7;!r8:1]~[#6X4;!r3;!r4;!r5;!r6;!r7;!r8:2]~[#7X3;!r3;!r4;!r5;!r6;!r7;!r8:3],N/A
a837,specificity=4 index=514 count=28,[#6X3;r6:1]~[#8X2;!r3;!r4;!r5;!r6;!r7;!r8:2]~[#6X4;r4:3],N/A
a838,specificity=4 index=515 count=28,[#1X1;!r3;!r4;!r5;!r6;!r7;!r8:1]~[#6X4;r6:2]~[#9X1;!r3;!r4;!r5;!r6;!r7;!r8:3],N/A
a839,specificity=4 index=516 count=28,[#7X2;!r3;!r4;!r5;!r6;!r7;!r8:1]~[#7X2;!r3;!r4;!r5;!r6;!r7;!r8:2]~[#7X3;!r3;!r4;!r5;!r6;!r7;!r8:3],N/A
a840,specificity=4 index=517 count=28,[#6X4;r5:1]~[#6X3;!r3;!r4;!r5;!r6;!r7;!r8:2]~[#7X3;r5:3],N/A
a841,specificity=4 index=518 count=28,[#7X1;!r3;!r4;!r5;!r6;!r7;!r8:1]~[#6X2;!r3;!r4;!r5;!r6;!r7;!r8:2]~[#7X2;!r3;!r4;!r5;!r6;!r7;!r8:3],N/A
a842,specificity=4 index=519 count=28,[#15X4;!r3;!r4;!r5;!r6;!r7;!r8:1]~[#6X4;!r3;!r4;!r5;!r6;!r7;!r8:2]~[#9X1;!r3;!r4;!r5;!r6;!r7;!r8:3],N/A
a843,specificity=4 index=520 count=28,[#15X4;!r3;!r4;!r5;!r6;!r7;!r8:1]~[#6X4;!r3;!r4;!r5;!r6;!r7;!r8:2]~[#6X3;r6:3],N/A
a844,specificity=4 index=521 count=28,[#6X4;r5:1]~[#6X4;!r3;!r4;!r5;!r6;!r7;!r8:2]~[#7X3;r6:3],N/A
a845,specificity=4 index=522 count=27,[#6X3;r5:1]~[#7X3;!r3;!r4;!r5;!r6;!r7;!r8:2]~[#7X2;!r3;!r4;!r5;!r6;!r7;!r8:3],N/A
a846,specificity=4 index=523 count=27,[#6X4;!r3;!r4;!r5;!r6;!r7;!r8:1]~[#6X4;r7:2]~[#6X4;!r3;!r4;!r5;!r6;!r7;!r8:3],N/A
a847,specificity=4 index=524 count=27,[#6X4;!r3;!r4;!r5;!r6;!r7;!r8:1]~[#7X3;!r3;!r4;!r5;!r6;!r7;!r8:2]~[#6X4;r3:3],N/A
a848,specificity=4 index=525 count=27,[#16X2;!r3;!r4;!r5;!r6;!r7;!r8:1]~[#7X3;!r3;!r4;!r5;!r6;!r7;!r8:2]~[#6X4;!r3;!r4;!r5;!r6;!r7;!r8:3],N/A
a849,specificity=4 index=526 count=27,[#6X2;!r3;!r4;!r5;!r6;!r7;!r8:1]~[#7X2;!r3;!r4;!r5;!r6;!r7;!r8:2]~[#6X4;!r3;!r4;!r5;!r6;!r7;!r8:3],N/A
a850,specificity=4 index=527 count=27,[#16X4;!r3;!r4;!r5;!r6;!r7;!r8:1]~[#6X4;!r3;!r4;!r5;!r6;!r7;!r8:2]~[#6X3;!r3;!r4;!r5;!r6;!r7;!r8:3],N/A
a851,specificity=4 index=528 count=27,[#6X4;r4:1]~[#6X4;!r3;!r4;!r5;!r6;!r7;!r8:2]~[#9X1;!r3;!r4;!r5;!r6;!r7;!r8:3],N/A
a852,specificity=4 index=529 count=27,[#7X3;!r3;!r4;!r5;!r6;!r7;!r8:1]~[#6X4;!r3;!r4;!r5;!r6;!r7;!r8:2]~[#9X1;!r3;!r4;!r5;!r6;!r7;!r8:3],N/A
a853,specificity=4 index=530 count=26,[#6X3;r6:1]~[#6X3;!r3;!r4;!r5;!r6;!r7;!r8:2]~[#6X4;r6:3],N/A
a854,specificity=4 index=531 count=26,[#16X4;!r3;!r4;!r5;!r6;!r7;!r8:1]~[#7X3;!r3;!r4;!r5;!r6;!r7;!r8:2]~[#6X4;r6:3],N/A
a855,specificity=4 index=532 count=26,[#1X1;!r3;!r4;!r5;!r6;!r7;!r8:1]~[#6X4;r4:2]~[#6X3;r6:3],N/A
a856,specificity=4 index=533 count=26,[#16X2;!r3;!r4;!r5;!r6;!r7;!r8:1]~[#6X3;!r3;!r4;!r5;!r6;!r7;!r8:2]~[#8X2;!r3;!r4;!r5;!r6;!r7;!r8:3],N/A
a857,specificity=4 index=534 count=26,[#1X1;!r3;!r4;!r5;!r6;!r7;!r8:1]~[#6X3;!r3;!r4;!r5;!r6;!r7;!r8:2]~[#6X3;r7:3],N/A
a858,specificity=4 index=535 count=26,[#16X2;!r3;!r4;!r5;!r6;!r7;!r8:1]~[#6X2;!r3;!r4;!r5;!r6;!r7;!r8:2]~[#7X1;!r3;!r4;!r5;!r6;!r7;!r8:3],N/A
a859,specificity=4 index=536 count=26,[#6X3;r6:1]~[#6X4;r5:2]~[#6X3;r6:3],N/A
a860,specificity=4 index=537 count=26,[#8X1;!r3;!r4;!r5;!r6;!r7;!r8:1]~[#16X3;!r3;!r4;!r5;!r6;!r7;!r8:2]~[#8X2;!r3;!r4;!r5;!r6;!r7;!r8:3],N/A
a861,specificity=4 index=538 count=26,[#1X1;!r3;!r4;!r5;!r6;!r7;!r8:1]~[#6X4;r5:2]~[#6X4;r6:3],N/A
a862,specificity=4 index=539 count=26,[#6X3;!r3;!r4;!r5;!r6;!r7;!r8:1]~[#6X2;!r3;!r4;!r5;!r6;!r7;!r8:2]~[#6X3;!r3;!r4;!r5;!r6;!r7;!r8:3],N/A
a863,specificity=4 index=540 count=26,[#17X1;!r3;!r4;!r5;!r6;!r7;!r8:1]~[#6X4;!r3;!r4;!r5;!r6;!r7;!r8:2]~[#6X4;r5:3],N/A
a864,specificity=4 index=541 count=26,[#6X4;!r3;!r4;!r5;!r6;!r7;!r8:1]~[#16X4;!r3;!r4;!r5;!r6;!r7;!r8:2]~[#7X2;!r3;!r4;!r5;!r6;!r7;!r8:3],N/A
a865,specificity=4 index=542 count=25,[#6X4;r6:1]~[#6X4;!r3;!r4;!r5;!r6;!r7;!r8:2]~[#7X3;r5:3],N/A
a866,specificity=4 index=543 count=25,[#6X4;r6:1]~[#6X3;!r3;!r4;!r5;!r6;!r7;!r8:2]~[#7X2;!r3;!r4;!r5;!r6;!r7;!r8:3],N/A
a867,specificity=4 index=544 count=25,[#16X2;!r3;!r4;!r5;!r6;!r7;!r8:1]~[#6X3;!r3;!r4;!r5;!r6;!r7;!r8:2]~[#6X3;r6:3],N/A
a868,specificity=4 index=545 count=25,[#8X2;!r3;!r4;!r5;!r6;!r7;!r8:1]~[#15X3;!r3;!r4;!r5;!r6;!r7;!r8:2]~[#8X2;!r3;!r4;!r5;!r6;!r7;!r8:3],N/A
a869,specificity=4 index=546 count=25,[#15X4;!r3;!r4;!r5;!r6;!r7;!r8:1]~[#6X4;!r3;!r4;!r5;!r6;!r7;!r8:2]~[#7X3;!r3;!r4;!r5;!r6;!r7;!r8:3],N/A
a870,specificity=4 index=547 count=25,[#16X2;!r3;!r4;!r5;!r6;!r7;!r8:1]~[#6X4;!r3;!r4;!r5;!r6;!r7;!r8:2]~[#16X2;!r3;!r4;!r5;!r6;!r7;!r8:3],N/A
a871,specificity=4 index=548 count=25,[#6X4;!r3;!r4;!r5;!r6;!r7;!r8:1]~[#16X4;!r3;!r4;!r5;!r6;!r7;!r8:2]~[#7X3;r5:3],N/A
a872,specificity=4 index=549 count=25,[#1X1;!r3;!r4;!r5;!r6;!r7;!r8:1]~[#6X4;r4:2]~[#7X3;r5:3],N/A
a873,specificity=4 index=550 count=25,[#6X4;r3:1]~[#6X2;!r3;!r4;!r5;!r6;!r7;!r8:2]~[#7X1;!r3;!r4;!r5;!r6;!r7;!r8:3],N/A
a874,specificity=4 index=551 count=25,[#16X2;!r3;!r4;!r5;!r6;!r7;!r8:1]~[#6X4;!r3;!r4;!r5;!r6;!r7;!r8:2]~[#6X4;r5:3],N/A
a875,specificity=4 index=552 count=25,[#53X1;!r3;!r4;!r5;!r6;!r7;!r8:1]~[#6X4;!r3;!r4;!r5;!r6;!r7;!r8:2]~[#6X4;!r3;!r4;!r5;!r6;!r7;!r8:3],N/A
a876,specificity=4 index=553 count=25,[#16X2;!r3;!r4;!r5;!r6;!r7;!r8:1]~[#16X2;!r3;!r4;!r5;!r6;!r7;!r8:2]~[#6X3;!r3;!r4;!r5;!r6;!r7;!r8:3],N/A
a877,specificity=4 index=554 count=25,[#1X1;!r3;!r4;!r5;!r6;!r7;!r8:1]~[#8X2;!r3;!r4;!r5;!r6;!r7;!r8:2]~[#8X2;!r3;!r4;!r5;!r6;!r7;!r8:3],N/A
a878,specificity=4 index=555 count=24,[#16X3;!r3;!r4;!r5;!r6;!r7;!r8:1]~[#6X4;!r3;!r4;!r5;!r6;!r7;!r8:2]~[#6X3;r6:3],N/A
a879,specificity=4 index=556 count=24,[#6X2;!r3;!r4;!r5;!r6;!r7;!r8:1]~[#7X3;!r3;!r4;!r5;!r6;!r7;!r8:2]~[#6X3;!r3;!r4;!r5;!r6;!r7;!r8:3],N/A
a880,specificity=4 index=557 count=24,[#6X4;!r3;!r4;!r5;!r6;!r7;!r8:1]~[#6X4;r6:2]~[#7X3;!r3;!r4;!r5;!r6;!r7;!r8:3],N/A
a881,specificity=4 index=558 count=24,[#6X3;r5:1]~[#6X4;!r3;!r4;!r5;!r6;!r7;!r8:2]~[#6X4;r5:3],N/A
a882,specificity=4 index=559 count=24,[#6X3;r6:1]~[#6X4;!r3;!r4;!r5;!r6;!r7;!r8:2]~[#6X4;r3:3],N/A
a883,specificity=4 index=560 count=24,[#6X3;r6:1]~[#7X2;!r3;!r4;!r5;!r6;!r7;!r8:2]~[#8X1;!r3;!r4;!r5;!r6;!r7;!r8:3],N/A
a884,specificity=4 index=561 count=24,[#6X3;r6:1]~[#7X3;!r3;!r4;!r5;!r6;!r7;!r8:2]~[#7X3;r5:3],N/A
a885,specificity=4 index=562 count=24,[#1X1;!r3;!r4;!r5;!r6;!r7;!r8:1]~[#6X4;r3:2]~[#6X2;!r3;!r4;!r5;!r6;!r7;!r8:3],N/A
a886,specificity=4 index=563 count=24,[#17X1;!r3;!r4;!r5;!r6;!r7;!r8:1]~[#6X3;!r3;!r4;!r5;!r6;!r7;!r8:2]~[#8X1;!r3;!r4;!r5;!r6;!r7;!r8:3],N/A
a887,specificity=4 index=564 count=24,[#15X3;!r3;!r4;!r5;!r6;!r7;!r8:1]~[#8X2;!r3;!r4;!r5;!r6;!r7;!r8:2]~[#6X4;!r3;!r4;!r5;!r6;!r7;!r8:3],N/A
a888,specificity=4 index=565 count=24,[#6X4;!r3;!r4;!r5;!r6;!r7;!r8:1]~[#7X3;!r3;!r4;!r5;!r6;!r7;!r8:2]~[#6X4;r4:3],N/A
a889,specificity=4 index=566 count=24,[#6X1;!r3;!r4;!r5;!r6;!r7;!r8:1]~[#7X2;!r3;!r4;!r5;!r6;!r7;!r8:2]~[#6X3;r6:3],N/A
a890,specificity=4 index=567 count=23,[#1X1;!r3;!r4;!r5;!r6;!r7;!r8:1]~[#6X4;r4:2]~[#6X3;r5:3],N/A
a891,specificity=4 index=568 count=23,[#1X1;!r3;!r4;!r5;!r6;!r7;!r8:1]~[#6X4;r3:2]~[#7X3;r6:3],N/A
a892,specificity=4 index=569 count=23,[#17X1;!r3;!r4;!r5;!r6;!r7;!r8:1]~[#6X3;!r3;!r4;!r5;!r6;!r7;!r8:2]~[#1X1;!r3;!r4;!r5;!r6;!r7;!r8:3],N/A
a893,specificity=4 index=570 count=23,[#16X2;!r3;!r4;!r5;!r6;!r7;!r8:1]~[#6X3;!r3;!r4;!r5;!r6;!r7;!r8:2]~[#1X1;!r3;!r4;!r5;!r6;!r7;!r8:3],N/A
a894,specificity=4 index=571 count=23,[#35X1;!r3;!r4;!r5;!r6;!r7;!r8:1]~[#6X4;!r3;!r4;!r5;!r6;!r7;!r8:2]~[#9X1;!r3;!r4;!r5;!r6;!r7;!r8:3],N/A
a895,specificity=4 index=572 count=23,[#1X1;!r3;!r4;!r5;!r6;!r7;!r8:1]~[#6X4;r6:2]~[#6X4;r5:3],N/A
a896,specificity=4 index=573 count=23,[#17X1;!r3;!r4;!r5;!r6;!r7;!r8:1]~[#6X4;!r3;!r4;!r5;!r6;!r7;!r8:2]~[#6X4;r6:3],N/A
a897,specificity=4 index=574 count=23,[#7X3;!r3;!r4;!r5;!r6;!r7;!r8:1]~[#6X4;!r3;!r4;!r5;!r6;!r7;!r8:2]~[#7X3;r5:3],N/A
a898,specificity=4 index=575 count=22,[#6X3;!r3;!r4;!r5;!r6;!r7;!r8:1]~[#7X3;!r3;!r4;!r5;!r6;!r7;!r8:2]~[#6X4;r7:3],N/A
a899,specificity=4 index=576 count=22,[#6X3;r6:1]~[#7X2;!r3;!r4;!r5;!r6;!r7;!r8:2]~[#6X4;!r3;!r4;!r5;!r6;!r7;!r8:3],N/A
a900,specificity=4 index=577 count=22,[#6X3;r6:1]~[#7X4;!r3;!r4;!r5;!r6;!r7;!r8:2]~[#6X4;!r3;!r4;!r5;!r6;!r7;!r8:3],N/A
a901,specificity=4 index=578 count=22,[#6X4;r6:1]~[#6X4;!r3;!r4;!r5;!r6;!r7;!r8:2]~[#7X3;r6:3],N/A
a902,specificity=4 index=579 count=22,[#6X4;r5:1]~[#16X4;!r3;!r4;!r5;!r6;!r7;!r8:2]~[#8X1;!r3;!r4;!r5;!r6;!r7;!r8:3],N/A
a903,specificity=4 index=580 count=22,[#6X4;!r3;!r4;!r5;!r6;!r7;!r8:1]~[#6X4;!r3;!r4;!r5;!r6;!r7;!r8:2]~[#7X3;r3:3],N/A
a904,specificity=4 index=581 count=22,[#6X3;r5:1]~[#7X3;!r3;!r4;!r5;!r6;!r7;!r8:2]~[#7X3;!r3;!r4;!r5;!r6;!r7;!r8:3],N/A
a905,specificity=4 index=582 count=21,[#6X3;!r3;!r4;!r5;!r6;!r7;!r8:1]~[#8X2;!r3;!r4;!r5;!r6;!r7;!r8:2]~[#7X3;!r3;!r4;!r5;!r6;!r7;!r8:3],N/A
a906,specificity=4 index=583 count=21,[#6X3;r7:1]~[#7X3;!r3;!r4;!r5;!r6;!r7;!r8:2]~[#6X4;!r3;!r4;!r5;!r6;!r7;!r8:3],N/A
a907,specificity=4 index=584 count=21,[#6X3;r6:1]~[#6X4;r5:2]~[#8X2;!r3;!r4;!r5;!r6;!r7;!r8:3],N/A
a908,specificity=4 index=585 count=21,[#7X3;!r3;!r4;!r5;!r6;!r7;!r8:1]~[#16X4;!r3;!r4;!r5;!r6;!r7;!r8:2]~[#8X2;!r3;!r4;!r5;!r6;!r7;!r8:3],N/A
a909,specificity=4 index=586 count=21,[#16X1;!r3;!r4;!r5;!r6;!r7;!r8:1]~[#6X3;!r3;!r4;!r5;!r6;!r7;!r8:2]~[#6X3;r5:3],N/A
a910,specificity=4 index=587 count=21,[#6X3;r6:1]~[#16X4;!r3;!r4;!r5;!r6;!r7;!r8:2]~[#7X2;!r3;!r4;!r5;!r6;!r7;!r8:3],N/A
a911,specificity=4 index=588 count=21,[#1X1;!r3;!r4;!r5;!r6;!r7;!r8:1]~[#6X4;r3:2]~[#7X3;r5:3],N/A
a912,specificity=4 index=589 count=21,[#1X1;!r3;!r4;!r5;!r6;!r7;!r8:1]~[#6X4;r5:2]~[#6X4;r5:3],N/A
a913,specificity=4 index=590 count=21,[#7X2;!r3;!r4;!r5;!r6;!r7;!r8:1]~[#7X3;!r3;!r4;!r5;!r6;!r7;!r8:2]~[#8X1;!r3;!r4;!r5;!r6;!r7;!r8:3],N/A
a914,specificity=4 index=591 count=21,[#16X2;!r3;!r4;!r5;!r6;!r7;!r8:1]~[#15X4;!r3;!r4;!r5;!r6;!r7;!r8:2]~[#6X4;!r3;!r4;!r5;!r6;!r7;!r8:3],N/A
a915,specificity=4 index=592 count=20,[#6X4;!r3;!r4;!r5;!r6;!r7;!r8:1]~[#7X4;r6:2]~[#6X4;!r3;!r4;!r5;!r6;!r7;!r8:3],N/A
a916,specificity=4 index=593 count=20,[#6X4;r3:1]~[#6X4;!r3;!r4;!r5;!r6;!r7;!r8:2]~[#7X3;r6:3],N/A
a917,specificity=4 index=594 count=20,[#6X3;!r3;!r4;!r5;!r6;!r7;!r8:1]~[#16X2;!r3;!r4;!r5;!r6;!r7;!r8:2]~[#6X3;r5:3],N/A
a918,specificity=4 index=595 count=20,[#6X3;!r3;!r4;!r5;!r6;!r7;!r8:1]~[#6X4;r3:2]~[#6X4;!r3;!r4;!r5;!r6;!r7;!r8:3],N/A
a919,specificity=4 index=596 count=20,[#6X3;r6:1]~[#16X2;!r3;!r4;!r5;!r6;!r7;!r8:2]~[#6X4;r6:3],N/A
a920,specificity=4 index=597 count=20,[#16X1;!r3;!r4;!r5;!r6;!r7;!r8:1]~[#6X3;!r3;!r4;!r5;!r6;!r7;!r8:2]~[#7X3;r5:3],N/A
a921,specificity=4 index=598 count=20,[#6X2;!r3;!r4;!r5;!r6;!r7;!r8:1]~[#6X4;!r3;!r4;!r5;!r6;!r7;!r8:2]~[#6X4;r6:3],N/A
a922,specificity=4 index=599 count=20,[#8X1;!r3;!r4;!r5;!r6;!r7;!r8:1]~[#16X4;r7:2]~[#8X1;!r3;!r4;!r5;!r6;!r7;!r8:3],N/A
a923,specificity=4 index=600 count=20,[#6X2;!r3;!r4;!r5;!r6;!r7;!r8:1]~[#6X4;r6:2]~[#8X2;!r3;!r4;!r5;!r6;!r7;!r8:3],N/A
a924,specificity=4 index=601 count=20,[#6X4;!r3;!r4;!r5;!r6;!r7;!r8:1]~[#6X4;!r3;!r4;!r5;!r6;!r7;!r8:2]~[#7X3;r4:3],N/A
a925,specificity=4 index=602 count=20,[#6X4;!r3;!r4;!r5;!r6;!r7;!r8:1]~[#6X4;r5:2]~[#7X3;!r3;!r4;!r5;!r6;!r7;!r8:3],N/A
a926,specificity=4 index=603 count=20,[#7X3;r3:1]~[#15X4;!r3;!r4;!r5;!r6;!r7;!r8:2]~[#8X1;!r3;!r4;!r5;!r6;!r7;!r8:3],N/A
a927,specificity=4 index=604 count=20,[#6X3;!r3;!r4;!r5;!r6;!r7;!r8:1]~[#8X2;!r3;!r4;!r5;!r6;!r7;!r8:2]~[#8X2;!r3;!r4;!r5;!r6;!r7;!r8:3],N/A
a928,specificity=4 index=605 count=20,[#35X1;!r3;!r4;!r5;!r6;!r7;!r8:1]~[#6X3;!r3;!r4;!r5;!r6;!r7;!r8:2]~[#6X4;!r3;!r4;!r5;!r6;!r7;!r8:3],N/A
a929,specificity=4 index=606 count=20,[#6X3;!r3;!r4;!r5;!r6;!r7;!r8:1]~[#7X2;!r3;!r4;!r5;!r6;!r7;!r8:2]~[#7X3;r6:3],N/A
a930,specificity=4 index=607 count=19,[#6X4;!r3;!r4;!r5;!r6;!r7;!r8:1]~[#6X3;!r3;!r4;!r5;!r6;!r7;!r8:2]~[#7X3;r7:3],N/A
a931,specificity=4 index=608 count=19,[#6X3;r7:1]~[#6X3;!r3;!r4;!r5;!r6;!r7;!r8:2]~[#8X1;!r3;!r4;!r5;!r6;!r7;!r8:3],N/A
a932,specificity=4 index=609 count=19,[#7X1;!r3;!r4;!r5;!r6;!r7;!r8:1]~[#6X2;!r3;!r4;!r5;!r6;!r7;!r8:2]~[#7X3;r5:3],N/A
a933,specificity=4 index=610 count=19,[#16X2;!r3;!r4;!r5;!r6;!r7;!r8:1]~[#16X2;!r3;!r4;!r5;!r6;!r7;!r8:2]~[#6X3;r6:3],N/A
a934,specificity=4 index=611 count=19,[#6X3;r5:1]~[#16X4;!r3;!r4;!r5;!r6;!r7;!r8:2]~[#7X3;r6:3],N/A
a935,specificity=4 index=612 count=19,[#15X4;r6:1]~[#7X3;!r3;!r4;!r5;!r6;!r7;!r8:2]~[#6X4;!r3;!r4;!r5;!r6;!r7;!r8:3],N/A
a936,specificity=4 index=613 count=19,[#6X4;!r3;!r4;!r5;!r6;!r7;!r8:1]~[#15X3;!r3;!r4;!r5;!r6;!r7;!r8:2]~[#6X4;!r3;!r4;!r5;!r6;!r7;!r8:3],N/A
a937,specificity=4 index=614 count=19,[#1X1;!r3;!r4;!r5;!r6;!r7;!r8:1]~[#6X4;!r3;!r4;!r5;!r6;!r7;!r8:2]~[#6X4;r8:3],N/A
a938,specificity=4 index=615 count=18,[#6X3;r5:1]~[#16X3;!r3;!r4;!r5;!r6;!r7;!r8:2]~[#6X4;!r3;!r4;!r5;!r6;!r7;!r8:3],N/A
a939,specificity=4 index=616 count=18,[#6X3;!r3;!r4;!r5;!r6;!r7;!r8:1]~[#7X2;!r3;!r4;!r5;!r6;!r7;!r8:2]~[#6X4;r6:3],N/A
a940,specificity=4 index=617 count=18,[#7X3;!r3;!r4;!r5;!r6;!r7;!r8:1]~[#16X4;!r3;!r4;!r5;!r6;!r7;!r8:2]~[#7X3;!r3;!r4;!r5;!r6;!r7;!r8:3],N/A
a941,specificity=4 index=618 count=18,[#6X2;!r3;!r4;!r5;!r6;!r7;!r8:1]~[#7X2;!r3;!r4;!r5;!r6;!r7;!r8:2]~[#6X3;!r3;!r4;!r5;!r6;!r7;!r8:3],N/A
a942,specificity=4 index=619 count=18,[#7X2;!r3;!r4;!r5;!r6;!r7;!r8:1]~[#6X3;!r3;!r4;!r5;!r6;!r7;!r8:2]~[#7X3;r5:3],N/A
a943,specificity=4 index=620 count=18,[#16X4;!r3;!r4;!r5;!r6;!r7;!r8:1]~[#7X3;!r3;!r4;!r5;!r6;!r7;!r8:2]~[#6X4;r5:3],N/A
a944,specificity=4 index=621 count=18,[#16X2;!r3;!r4;!r5;!r6;!r7;!r8:1]~[#6X3;!r3;!r4;!r5;!r6;!r7;!r8:2]~[#7X3;r6:3],N/A
a945,specificity=4 index=622 count=18,[#7X3;r4:1]~[#16X4;!r3;!r4;!r5;!r6;!r7;!r8:2]~[#8X1;!r3;!r4;!r5;!r6;!r7;!r8:3],N/A
a946,specificity=4 index=623 count=18,[#6X4;!r3;!r4;!r5;!r6;!r7;!r8:1]~[#8X2;!r3;!r4;!r5;!r6;!r7;!r8:2]~[#7X3;r5:3],N/A
a947,specificity=4 index=624 count=18,[#6X3;r5:1]~[#16X4;!r3;!r4;!r5;!r6;!r7;!r8:2]~[#7X3;r5:3],N/A
a948,specificity=4 index=625 count=18,[#16X2;!r3;!r4;!r5;!r6;!r7;!r8:1]~[#16X2;!r3;!r4;!r5;!r6;!r7;!r8:2]~[#6X3;r5:3],N/A
a949,specificity=4 index=626 count=18,[#17X1;!r3;!r4;!r5;!r6;!r7;!r8:1]~[#6X4;!r3;!r4;!r5;!r6;!r7;!r8:2]~[#8X2;!r3;!r4;!r5;!r6;!r7;!r8:3],N/A
a950,specificity=4 index=627 count=18,[#6X3;r5:1]~[#7X3;!r3;!r4;!r5;!r6;!r7;!r8:2]~[#6X3;r5:3],N/A
a951,specificity=4 index=628 count=18,[#6X3;r6:1]~[#15X4;!r3;!r4;!r5;!r6;!r7;!r8:2]~[#7X3;!r3;!r4;!r5;!r6;!r7;!r8:3],N/A
a952,specificity=4 index=629 count=18,[#16X1;!r3;!r4;!r5;!r6;!r7;!r8:1]~[#15X4;!r3;!r4;!r5;!r6;!r7;!r8:2]~[#6X3;r6:3],N/A
a953,specificity=4 index=630 count=18,[#16X2;!r3;!r4;!r5;!r6;!r7;!r8:1]~[#6X4;!r3;!r4;!r5;!r6;!r7;!r8:2]~[#7X3;!r3;!r4;!r5;!r6;!r7;!r8:3],N/A
a954,specificity=4 index=631 count=17,[#1X1;!r3;!r4;!r5;!r6;!r7;!r8:1]~[#6X4;r5:2]~[#35X1;!r3;!r4;!r5;!r6;!r7;!r8:3],N/A
a955,specificity=4 index=632 count=17,[#15X4;!r3;!r4;!r5;!r6;!r7;!r8:1]~[#7X3;!r3;!r4;!r5;!r6;!r7;!r8:2]~[#6X3;!r3;!r4;!r5;!r6;!r7;!r8:3],N/A
a956,specificity=4 index=633 count=17,[#6X4;r4:1]~[#6X4;!r3;!r4;!r5;!r6;!r7;!r8:2]~[#7X3;!r3;!r4;!r5;!r6;!r7;!r8:3],N/A
a957,specificity=4 index=634 count=17,[#16X2;!r3;!r4;!r5;!r6;!r7;!r8:1]~[#6X3;!r3;!r4;!r5;!r6;!r7;!r8:2]~[#6X3;r5:3],N/A
a958,specificity=4 index=635 count=17,[#6X2;!r3;!r4;!r5;!r6;!r7;!r8:1]~[#7X2;!r3;!r4;!r5;!r6;!r7;!r8:2]~[#6X3;r6:3],N/A
a959,specificity=4 index=636 count=17,[#6X4;r7:1]~[#6X3;!r3;!r4;!r5;!r6;!r7;!r8:2]~[#8X1;!r3;!r4;!r5;!r6;!r7;!r8:3],N/A
a960,specificity=4 index=637 count=17,[#6X2;!r3;!r4;!r5;!r6;!r7;!r8:1]~[#6X4;!r3;!r4;!r5;!r6;!r7;!r8:2]~[#6X2;!r3;!r4;!r5;!r6;!r7;!r8:3],N/A
a961,specificity=4 index=638 count=17,[#16X4;!r3;!r4;!r5;!r6;!r7;!r8:1]~[#6X4;!r3;!r4;!r5;!r6;!r7;!r8:2]~[#6X3;r5:3],N/A
a962,specificity=4 index=639 count=17,[#6X3;!r3;!r4;!r5;!r6;!r7;!r8:1]~[#6X4;r5:2]~[#8X2;!r3;!r4;!r5;!r6;!r7;!r8:3],N/A
a963,specificity=4 index=640 count=17,[#16X1;!r3;!r4;!r5;!r6;!r7;!r8:1]~[#6X3;!r3;!r4;!r5;!r6;!r7;!r8:2]~[#6X3;!r3;!r4;!r5;!r6;!r7;!r8:3],N/A
a964,specificity=4 index=641 count=17,[#6X2;!r3;!r4;!r5;!r6;!r7;!r8:1]~[#6X3;!r3;!r4;!r5;!r6;!r7;!r8:2]~[#7X2;!r3;!r4;!r5;!r6;!r7;!r8:3],N/A
a965,specificity=4 index=642 count=17,[#6X2;!r3;!r4;!r5;!r6;!r7;!r8:1]~[#6X2;!r3;!r4;!r5;!r6;!r7;!r8:2]~[#6X4;r5:3],N/A
a966,specificity=4 index=643 count=16,[#6X3;r6:1]~[#16X3;!r3;!r4;!r5;!r6;!r7;!r8:2]~[#6X3;r6:3],N/A
a967,specificity=4 index=644 count=16,[#6X4;r4:1]~[#6X3;!r3;!r4;!r5;!r6;!r7;!r8:2]~[#7X3;!r3;!r4;!r5;!r6;!r7;!r8:3],N/A
a968,specificity=4 index=645 count=16,[#6X2;!r3;!r4;!r5;!r6;!r7;!r8:1]~[#7X3;!r3;!r4;!r5;!r6;!r7;!r8:2]~[#6X4;!r3;!r4;!r5;!r6;!r7;!r8:3],N/A
a969,specificity=4 index=646 count=16,[#1X1;!r3;!r4;!r5;!r6;!r7;!r8:1]~[#6X4;r7:2]~[#6X3;!r3;!r4;!r5;!r6;!r7;!r8:3],N/A
a970,specificity=4 index=647 count=16,[#7X3;r7:1]~[#16X4;!r3;!r4;!r5;!r6;!r7;!r8:2]~[#8X1;!r3;!r4;!r5;!r6;!r7;!r8:3],N/A
a971,specificity=4 index=648 count=16,[#15X4;!r3;!r4;!r5;!r6;!r7;!r8:1]~[#6X4;!r3;!r4;!r5;!r6;!r7;!r8:2]~[#6X3;!r3;!r4;!r5;!r6;!r7;!r8:3],N/A
a972,specificity=4 index=649 count=16,[#1X1;!r3;!r4;!r5;!r6;!r7;!r8:1]~[#6X4;r6:2]~[#6X4;r3:3],N/A
a973,specificity=4 index=650 count=16,[#7X2;!r3;!r4;!r5;!r6;!r7;!r8:1]~[#6X3;!r3;!r4;!r5;!r6;!r7;!r8:2]~[#7X2;!r3;!r4;!r5;!r6;!r7;!r8:3],N/A
a974,specificity=4 index=651 count=16,[#17X1;!r3;!r4;!r5;!r6;!r7;!r8:1]~[#6X4;!r3;!r4;!r5;!r6;!r7;!r8:2]~[#6X3;r5:3],N/A
a975,specificity=4 index=652 count=16,[#6X4;r5:1]~[#6X3;!r3;!r4;!r5;!r6;!r7;!r8:2]~[#7X2;!r3;!r4;!r5;!r6;!r7;!r8:3],N/A
a976,specificity=4 index=653 count=16,[#6X4;r4:1]~[#6X3;!r3;!r4;!r5;!r6;!r7;!r8:2]~[#8X2;!r3;!r4;!r5;!r6;!r7;!r8:3],N/A
a977,specificity=4 index=654 count=16,[#15X4;!r3;!r4;!r5;!r6;!r7;!r8:1]~[#7X3;!r3;!r4;!r5;!r6;!r7;!r8:2]~[#6X3;r6:3],N/A
a978,specificity=4 index=655 count=16,[#6X3;r5:1]~[#16X2;!r3;!r4;!r5;!r6;!r7;!r8:2]~[#6X3;r5:3],N/A
a979,specificity=4 index=656 count=16,[#16X4;!r3;!r4;!r5;!r6;!r7;!r8:1]~[#6X4;r6:2]~[#1X1;!r3;!r4;!r5;!r6;!r7;!r8:3],N/A
a980,specificity=4 index=657 count=16,[#6X4;!r3;!r4;!r5;!r6;!r7;!r8:1]~[#6X3;!r3;!r4;!r5;!r6;!r7;!r8:2]~[#9X1;!r3;!r4;!r5;!r6;!r7;!r8:3],N/A
a981,specificity=4 index=658 count=16,[#7X3;r5:1]~[#15X4;!r3;!r4;!r5;!r6;!r7;!r8:2]~[#8X1;!r3;!r4;!r5;!r6;!r7;!r8:3],N/A
a982,specificity=4 index=659 count=16,[#16X2;!r3;!r4;!r5;!r6;!r7;!r8:1]~[#7X3;!r3;!r4;!r5;!r6;!r7;!r8:2]~[#6X3;!r3;!r4;!r5;!r6;!r7;!r8:3],N/A
a983,specificity=4 index=660 count=16,[#8X1;!r3;!r4;!r5;!r6;!r7;!r8:1]~[#16X4;!r3;!r4;!r5;!r6;!r7;!r8:2]~[#9X1;!r3;!r4;!r5;!r6;!r7;!r8:3],N/A
a984,specificity=4 index=661 count=15,[#6X4;!r3;!r4;!r5;!r6;!r7;!r8:1]~[#6X4;!r3;!r4;!r5;!r6;!r7;!r8:2]~[#7X4;r6:3],N/A
a985,specificity=4 index=662 count=15,[#6X4;!r3;!r4;!r5;!r6;!r7;!r8:1]~[#8X2;!r3;!r4;!r5;!r6;!r7;!r8:2]~[#7X3;r6:3],N/A
a986,specificity=4 index=663 count=15,[#6X3;r5:1]~[#6X4;r5:2]~[#6X4;!r3;!r4;!r5;!r6;!r7;!r8:3],N/A
a987,specificity=4 index=664 count=15,[#6X4;!r3;!r4;!r5;!r6;!r7;!r8:1]~[#6X3;!r3;!r4;!r5;!r6;!r7;!r8:2]~[#6X4;r3:3],N/A
a988,specificity=4 index=665 count=15,[#7X1;!r3;!r4;!r5;!r6;!r7;!r8:1]~[#7X2;!r3;!r4;!r5;!r6;!r7;!r8:2]~[#7X2;!r3;!r4;!r5;!r6;!r7;!r8:3],N/A
a989,specificity=4 index=666 count=15,[#1X1;!r3;!r4;!r5;!r6;!r7;!r8:1]~[#6X4;r3:2]~[#6X4;r6:3],N/A
a990,specificity=4 index=667 count=15,[#6X3;!r3;!r4;!r5;!r6;!r7;!r8:1]~[#16X4;!r3;!r4;!r5;!r6;!r7;!r8:2]~[#6X4;!r3;!r4;!r5;!r6;!r7;!r8:3],N/A
a991,specificity=4 index=668 count=15,[#6X2;!r3;!r4;!r5;!r6;!r7;!r8:1]~[#16X2;!r3;!r4;!r5;!r6;!r7;!r8:2]~[#6X4;!r3;!r4;!r5;!r6;!r7;!r8:3],N/A
a992,specificity=4 index=669 count=15,[#1X1;!r3;!r4;!r5;!r6;!r7;!r8:1]~[#7X4;!r3;!r4;!r5;!r6;!r7;!r8:2]~[#6X4;r6:3],N/A
a993,specificity=4 index=670 count=15,[#16X4;!r3;!r4;!r5;!r6;!r7;!r8:1]~[#7X3;!r3;!r4;!r5;!r6;!r7;!r8:2]~[#6X4;r3:3],N/A
a994,specificity=4 index=671 count=15,[#1X1;!r3;!r4;!r5;!r6;!r7;!r8:1]~[#7X3;!r3;!r4;!r5;!r6;!r7;!r8:2]~[#6X3;r4:3],N/A
a995,specificity=4 index=672 count=15,[#15X4;!r3;!r4;!r5;!r6;!r7;!r8:1]~[#8X2;!r3;!r4;!r5;!r6;!r7;!r8:2]~[#6X4;r6:3],N/A
a996,specificity=4 index=673 count=15,[#16X3;!r3;!r4;!r5;!r6;!r7;!r8:1]~[#6X4;!r3;!r4;!r5;!r6;!r7;!r8:2]~[#6X3;!r3;!r4;!r5;!r6;!r7;!r8:3],N/A
a997,specificity=4 index=674 count=15,[#7X3;!r3;!r4;!r5;!r6;!r7;!r8:1]~[#15X4;!r3;!r4;!r5;!r6;!r7;!r8:2]~[#7X3;r3:3],N/A
a998,specificity=4 index=675 count=15,[#16X2;!r3;!r4;!r5;!r6;!r7;!r8:1]~[#6X4;!r3;!r4;!r5;!r6;!r7;!r8:2]~[#8X2;!r3;!r4;!r5;!r6;!r7;!r8:3],N/A
a999,specificity=4 index=676 count=15,[#6X4;!r3;!r4;!r5;!r6;!r7;!r8:1]~[#15X4;!r3;!r4;!r5;!r6;!r7;!r8:2]~[#7X3;!r3;!r4;!r5;!r6;!r7;!r8:3],N/A
a1000,specificity=4 index=677 count=15,[#6X4;!r3;!r4;!r5;!r6;!r7;!r8:1]~[#7X3;!r3;!r4;!r5;!r6;!r7;!r8:2]~[#7X3;r6:3],N/A
a1001,specificity=4 index=678 count=15,[#16X4;!r3;!r4;!r5;!r6;!r7;!r8:1]~[#6X4;r3:2]~[#1X1;!r3;!r4;!r5;!r6;!r7;!r8:3],N/A
a1002,specificity=4 index=679 count=14,[#6X4;!r3;!r4;!r5;!r6;!r7;!r8:1]~[#7X4;!r3;!r4;!r5;!r6;!r7;!r8:2]~[#7X3;!r3;!r4;!r5;!r6;!r7;!r8:3],N/A
a1003,specificity=4 index=680 count=14,[#6X3;r5:1]~[#6X3;!r3;!r4;!r5;!r6;!r7;!r8:2]~[#7X3;r4:3],N/A
a1004,specificity=4 index=681 count=14,[#6X3;!r3;!r4;!r5;!r6;!r7;!r8:1]~[#6X4;!r3;!r4;!r5;!r6;!r7;!r8:2]~[#7X3;r7:3],N/A
a1005,specificity=4 index=682 count=14,[#6X3;r7:1]~[#6X3;!r3;!r4;!r5;!r6;!r7;!r8:2]~[#6X4;!r3;!r4;!r5;!r6;!r7;!r8:3],N/A
a1006,specificity=4 index=683 count=14,[#6X4;r3:1]~[#6X3;!r3;!r4;!r5;!r6;!r7;!r8:2]~[#7X2;!r3;!r4;!r5;!r6;!r7;!r8:3],N/A
a1007,specificity=4 index=684 count=14,[#6X2;!r3;!r4;!r5;!r6;!r7;!r8:1]~[#6X4;r6:2]~[#6X4;!r3;!r4;!r5;!r6;!r7;!r8:3],N/A
a1008,specificity=4 index=685 count=14,[#1X1;!r3;!r4;!r5;!r6;!r7;!r8:1]~[#6X3;!r3;!r4;!r5;!r6;!r7;!r8:2]~[#6X3;r4:3],N/A
a1009,specificity=4 index=686 count=14,[#6X3;r6:1]~[#6X4;r3:2]~[#6X4;!r3;!r4;!r5;!r6;!r7;!r8:3],N/A
a1010,specificity=4 index=687 count=14,[#7X3;!r3;!r4;!r5;!r6;!r7;!r8:1]~[#16X3;!r3;!r4;!r5;!r6;!r7;!r8:2]~[#8X1;!r3;!r4;!r5;!r6;!r7;!r8:3],N/A
a1011,specificity=4 index=688 count=14,[#15X4;r6:1]~[#6X4;!r3;!r4;!r5;!r6;!r7;!r8:2]~[#1X1;!r3;!r4;!r5;!r6;!r7;!r8:3],N/A
a1012,specificity=4 index=689 count=14,[#15X4;!r3;!r4;!r5;!r6;!r7;!r8:1]~[#6X3;!r3;!r4;!r5;!r6;!r7;!r8:2]~[#6X3;!r3;!r4;!r5;!r6;!r7;!r8:3],N/A
a1013,specificity=4 index=690 count=14,[#6X3;!r3;!r4;!r5;!r6;!r7;!r8:1]~[#16X4;!r3;!r4;!r5;!r6;!r7;!r8:2]~[#6X3;r6:3],N/A
a1014,specificity=4 index=691 count=14,[#15X4;!r3;!r4;!r5;!r6;!r7;!r8:1]~[#8X2;!r3;!r4;!r5;!r6;!r7;!r8:2]~[#6X3;!r3;!r4;!r5;!r6;!r7;!r8:3],N/A
a1015,specificity=4 index=692 count=14,[#7X3;r3:1]~[#15X4;!r3;!r4;!r5;!r6;!r7;!r8:2]~[#7X3;r3:3],N/A
a1016,specificity=4 index=693 count=14,[#16X3;!r3;!r4;!r5;!r6;!r7;!r8:1]~[#8X2;!r3;!r4;!r5;!r6;!r7;!r8:2]~[#6X4;!r3;!r4;!r5;!r6;!r7;!r8:3],N/A
a1017,specificity=4 index=694 count=14,[#1X1;!r3;!r4;!r5;!r6;!r7;!r8:1]~[#6X4;!r3;!r4;!r5;!r6;!r7;!r8:2]~[#7X3;r8:3],N/A
a1018,specificity=4 index=695 count=14,[#15X3;!r3;!r4;!r5;!r6;!r7;!r8:1]~[#7X3;!r3;!r4;!r5;!r6;!r7;!r8:2]~[#6X4;!r3;!r4;!r5;!r6;!r7;!r8:3],N/A
a1019,specificity=4 index=696 count=14,[#6X3;r6:1]~[#7X3;!r3;!r4;!r5;!r6;!r7;!r8:2]~[#6X4;r4:3],N/A
a1020,specificity=4 index=697 count=13,[#16X2;!r3;!r4;!r5;!r6;!r7;!r8:1]~[#15X4;!r3;!r4;!r5;!r6;!r7;!r8:2]~[#7X3;!r3;!r4;!r5;!r6;!r7;!r8:3],N/A
a1021,specificity=4 index=698 count=13,[#6X4;!r3;!r4;!r5;!r6;!r7;!r8:1]~[#7X3;!r3;!r4;!r5;!r6;!r7;!r8:2]~[#6X4;r7:3],N/A
a1022,specificity=4 index=699 count=13,[#6X2;!r3;!r4;!r5;!r6;!r7;!r8:1]~[#6X3;!r3;!r4;!r5;!r6;!r7;!r8:2]~[#8X2;!r3;!r4;!r5;!r6;!r7;!r8:3],N/A
a1023,specificity=4 index=700 count=13,[#6X3;!r3;!r4;!r5;!r6;!r7;!r8:1]~[#6X4;!r3;!r4;!r5;!r6;!r7;!r8:2]~[#6X4;r7:3],N/A
a1024,specificity=4 index=701 count=13,[#16X4;!r3;!r4;!r5;!r6;!r7;!r8:1]~[#7X3;!r3;!r4;!r5;!r6;!r7;!r8:2]~[#7X2;!r3;!r4;!r5;!r6;!r7;!r8:3],N/A
a1025,specificity=4 index=702 count=13,[#6X4;r5:1]~[#6X3;!r3;!r4;!r5;!r6;!r7;!r8:2]~[#7X3;r6:3],N/A
a1026,specificity=4 index=703 count=13,[#16X2;!r3;!r4;!r5;!r6;!r7;!r8:1]~[#7X3;!r3;!r4;!r5;!r6;!r7;!r8:2]~[#1X1;!r3;!r4;!r5;!r6;!r7;!r8:3],N/A
a1027,specificity=4 index=704 count=13,[#6X3;r6:1]~[#6X3;!r3;!r4;!r5;!r6;!r7;!r8:2]~[#7X3;r7:3],N/A
a1028,specificity=4 index=705 count=13,[#16X4;!r3;!r4;!r5;!r6;!r7;!r8:1]~[#7X2;!r3;!r4;!r5;!r6;!r7;!r8:2]~[#6X3;!r3;!r4;!r5;!r6;!r7;!r8:3],N/A
a1029,specificity=4 index=706 count=13,[#6X3;r7:1]~[#6X4;!r3;!r4;!r5;!r6;!r7;!r8:2]~[#6X4;!r3;!r4;!r5;!r6;!r7;!r8:3],N/A
a1030,specificity=4 index=707 count=13,[#7X3;r5:1]~[#6X4;!r3;!r4;!r5;!r6;!r7;!r8:2]~[#9X1;!r3;!r4;!r5;!r6;!r7;!r8:3],N/A
a1031,specificity=4 index=708 count=13,[#6X3;!r3;!r4;!r5;!r6;!r7;!r8:1]~[#6X4;!r3;!r4;!r5;!r6;!r7;!r8:2]~[#6X4;r3:3],N/A
a1032,specificity=4 index=709 count=13,[#6X3;r5:1]~[#6X3;!r3;!r4;!r5;!r6;!r7;!r8:2]~[#6X4;r5:3],N/A
a1033,specificity=4 index=710 count=13,[#16X1;!r3;!r4;!r5;!r6;!r7;!r8:1]~[#6X3;!r3;!r4;!r5;!r6;!r7;!r8:2]~[#16X1;!r3;!r4;!r5;!r6;!r7;!r8:3],N/A
a1034,specificity=4 index=711 count=13,[#6X4;!r3;!r4;!r5;!r6;!r7;!r8:1]~[#6X3;!r3;!r4;!r5;!r6;!r7;!r8:2]~[#7X3;r4:3],N/A
a1035,specificity=4 index=712 count=13,[#1X1;!r3;!r4;!r5;!r6;!r7;!r8:1]~[#16X2;!r3;!r4;!r5;!r6;!r7;!r8:2]~[#6X4;r6:3],N/A
a1036,specificity=4 index=713 count=13,[#17X1;!r3;!r4;!r5;!r6;!r7;!r8:1]~[#6X3;!r3;!r4;!r5;!r6;!r7;!r8:2]~[#7X2;!r3;!r4;!r5;!r6;!r7;!r8:3],N/A
a1037,specificity=4 index=714 count=13,[#8X2;!r3;!r4;!r5;!r6;!r7;!r8:1]~[#6X4;r6:2]~[#8X2;!r3;!r4;!r5;!r6;!r7;!r8:3],N/A
a1038,specificity=4 index=715 count=13,[#9X1;!r3;!r4;!r5;!r6;!r7;!r8:1]~[#6X3;!r3;!r4;!r5;!r6;!r7;!r8:2]~[#9X1;!r3;!r4;!r5;!r6;!r7;!r8:3],N/A
a1039,specificity=4 index=716 count=13,[#6X4;r6:1]~[#7X2;!r3;!r4;!r5;!r6;!r7;!r8:2]~[#8X1;!r3;!r4;!r5;!r6;!r7;!r8:3],N/A
a1040,specificity=4 index=717 count=13,[#16X3;!r3;!r4;!r5;!r6;!r7;!r8:1]~[#7X3;!r3;!r4;!r5;!r6;!r7;!r8:2]~[#6X4;!r3;!r4;!r5;!r6;!r7;!r8:3],N/A
a1041,specificity=4 index=718 count=13,[#6X4;r6:1]~[#8X2;!r3;!r4;!r5;!r6;!r7;!r8:2]~[#8X2;!r3;!r4;!r5;!r6;!r7;!r8:3],N/A
a1042,specificity=4 index=719 count=12,[#16X2;!r3;!r4;!r5;!r6;!r7;!r8:1]~[#6X4;!r3;!r4;!r5;!r6;!r7;!r8:2]~[#6X4;r6:3],N/A
a1043,specificity=4 index=720 count=12,[#6X3;r6:1]~[#16X2;!r3;!r4;!r5;!r6;!r7;!r8:2]~[#6X4;r5:3],N/A
a1044,specificity=4 index=721 count=12,[#6X3;r6:1]~[#6X4;!r3;!r4;!r5;!r6;!r7;!r8:2]~[#6X4;r4:3],N/A
a1045,specificity=4 index=722 count=12,[#6X3;r6:1]~[#6X4;!r3;!r4;!r5;!r6;!r7;!r8:2]~[#7X4;!r3;!r4;!r5;!r6;!r7;!r8:3],N/A
a1046,specificity=4 index=723 count=12,[#6X3;r6:1]~[#6X4;!r3;!r4;!r5;!r6;!r7;!r8:2]~[#7X3;r7:3],N/A
a1047,specificity=4 index=724 count=12,[#6X3;r6:1]~[#6X3;!r3;!r4;!r5;!r6;!r7;!r8:2]~[#6X4;r5:3],N/A
a1048,specificity=4 index=725 count=12,[#17X1;!r3;!r4;!r5;!r6;!r7;!r8:1]~[#6X3;!r3;!r4;!r5;!r6;!r7;!r8:2]~[#6X3;r6:3],N/A
a1049,specificity=4 index=726 count=12,[#6X4;!r3;!r4;!r5;!r6;!r7;!r8:1]~[#7X4;r5:2]~[#6X4;!r3;!r4;!r5;!r6;!r7;!r8:3],N/A
a1050,specificity=4 index=727 count=12,[#16X2;!r3;!r4;!r5;!r6;!r7;!r8:1]~[#6X3;!r3;!r4;!r5;!r6;!r7;!r8:2]~[#16X2;!r3;!r4;!r5;!r6;!r7;!r8:3],N/A
a1051,specificity=4 index=728 count=12,[#6X3;r5:1]~[#15X4;!r3;!r4;!r5;!r6;!r7;!r8:2]~[#8X2;!r3;!r4;!r5;!r6;!r7;!r8:3],N/A
a1052,specificity=4 index=729 count=12,[#6X3;r5:1]~[#15X4;!r3;!r4;!r5;!r6;!r7;!r8:2]~[#8X1;!r3;!r4;!r5;!r6;!r7;!r8:3],N/A
a1053,specificity=4 index=730 count=12,[#15X4;!r3;!r4;!r5;!r6;!r7;!r8:1]~[#6X3;!r3;!r4;!r5;!r6;!r7;!r8:2]~[#1X1;!r3;!r4;!r5;!r6;!r7;!r8:3],N/A
a1054,specificity=4 index=731 count=12,[#6X4;r5:1]~[#15X4;!r3;!r4;!r5;!r6;!r7;!r8:2]~[#8X2;!r3;!r4;!r5;!r6;!r7;!r8:3],N/A
a1055,specificity=4 index=732 count=12,[#53X1;!r3;!r4;!r5;!r6;!r7;!r8:1]~[#6X3;!r3;!r4;!r5;!r6;!r7;!r8:2]~[#6X3;!r3;!r4;!r5;!r6;!r7;!r8:3],N/A
a1056,specificity=4 index=733 count=12,[#6X4;r4:1]~[#6X2;!r3;!r4;!r5;!r6;!r7;!r8:2]~[#7X1;!r3;!r4;!r5;!r6;!r7;!r8:3],N/A
a1057,specificity=4 index=734 count=12,[#17X1;!r3;!r4;!r5;!r6;!r7;!r8:1]~[#6X4;r6:2]~[#6X4;!r3;!r4;!r5;!r6;!r7;!r8:3],N/A
a1058,specificity=4 index=735 count=12,[#8X1;!r3;!r4;!r5;!r6;!r7;!r8:1]~[#15X4;r6:2]~[#8X2;!r3;!r4;!r5;!r6;!r7;!r8:3],N/A
a1059,specificity=4 index=736 count=12,[#17X1;!r3;!r4;!r5;!r6;!r7;!r8:1]~[#15X4;!r3;!r4;!r5;!r6;!r7;!r8:2]~[#8X1;!r3;!r4;!r5;!r6;!r7;!r8:3],N/A
a1060,specificity=4 index=737 count=12,[#16X4;!r3;!r4;!r5;!r6;!r7;!r8:1]~[#16X2;!r3;!r4;!r5;!r6;!r7;!r8:2]~[#6X4;!r3;!r4;!r5;!r6;!r7;!r8:3],N/A
a1061,specificity=4 index=738 count=12,[#16X3;!r3;!r4;!r5;!r6;!r7;!r8:1]~[#6X4;!r3;!r4;!r5;!r6;!r7;!r8:2]~[#17X1;!r3;!r4;!r5;!r6;!r7;!r8:3],N/A
a1062,specificity=4 index=739 count=12,[#6X2;!r3;!r4;!r5;!r6;!r7;!r8:1]~[#6X3;!r3;!r4;!r5;!r6;!r7;!r8:2]~[#7X3;!r3;!r4;!r5;!r6;!r7;!r8:3],N/A
a1063,specificity=4 index=740 count=11,[#15X4;!r3;!r4;!r5;!r6;!r7;!r8:1]~[#16X2;!r3;!r4;!r5;!r6;!r7;!r8:2]~[#1X1;!r3;!r4;!r5;!r6;!r7;!r8:3],N/A
a1064,specificity=4 index=741 count=11,[#15X4;!r3;!r4;!r5;!r6;!r7;!r8:1]~[#6X3;!r3;!r4;!r5;!r6;!r7;!r8:2]~[#8X1;!r3;!r4;!r5;!r6;!r7;!r8:3],N/A
a1065,specificity=4 index=742 count=11,[#15X3;!r3;!r4;!r5;!r6;!r7;!r8:1]~[#8X2;!r3;!r4;!r5;!r6;!r7;!r8:2]~[#1X1;!r3;!r4;!r5;!r6;!r7;!r8:3],N/A
a1066,specificity=4 index=743 count=11,[#7X3;r5:1]~[#6X4;!r3;!r4;!r5;!r6;!r7;!r8:2]~[#7X3;r6:3],N/A
a1067,specificity=4 index=744 count=11,[#6X3;!r3;!r4;!r5;!r6;!r7;!r8:1]~[#6X3;!r3;!r4;!r5;!r6;!r7;!r8:2]~[#7X3;r4:3],N/A
a1068,specificity=4 index=745 count=11,[#1X1;!r3;!r4;!r5;!r6;!r7;!r8:1]~[#16X2;!r3;!r4;!r5;!r6;!r7;!r8:2]~[#6X4;r5:3],N/A
a1069,specificity=4 index=746 count=11,[#6X4;r5:1]~[#7X2;!r3;!r4;!r5;!r6;!r7;!r8:2]~[#8X1;!r3;!r4;!r5;!r6;!r7;!r8:3],N/A
a1070,specificity=4 index=747 count=11,[#1X1;!r3;!r4;!r5;!r6;!r7;!r8:1]~[#6X4;r4:2]~[#7X3;r6:3],N/A
a1071,specificity=4 index=748 count=11,[#6X4;!r3;!r4;!r5;!r6;!r7;!r8:1]~[#6X4;r4:2]~[#8X2;!r3;!r4;!r5;!r6;!r7;!r8:3],N/A
a1072,specificity=4 index=749 count=11,[#6X2;!r3;!r4;!r5;!r6;!r7;!r8:1]~[#6X4;!r3;!r4;!r5;!r6;!r7;!r8:2]~[#6X4;r5:3],N/A
a1073,specificity=4 index=750 count=11,[#6X3;r5:1]~[#7X2;!r3;!r4;!r5;!r6;!r7;!r8:2]~[#6X3;r5:3],N/A
a1074,specificity=4 index=751 count=11,[#6X4;r5:1]~[#7X2;!r3;!r4;!r5;!r6;!r7;!r8:2]~[#7X2;!r3;!r4;!r5;!r6;!r7;!r8:3],N/A
a1075,specificity=4 index=752 count=11,[#6X3;!r3;!r4;!r5;!r6;!r7;!r8:1]~[#16X3;!r3;!r4;!r5;!r6;!r7;!r8:2]~[#8X1;!r3;!r4;!r5;!r6;!r7;!r8:3],N/A
a1076,specificity=4 index=753 count=11,[#6X3;r5:1]~[#8X2;!r3;!r4;!r5;!r6;!r7;!r8:2]~[#6X4;r6:3],N/A
a1077,specificity=4 index=754 count=11,[#6X3;!r3;!r4;!r5;!r6;!r7;!r8:1]~[#8X2;!r3;!r4;!r5;!r6;!r7;!r8:2]~[#7X3;r5:3],N/A
a1078,specificity=4 index=755 count=11,[#15X3;!r3;!r4;!r5;!r6;!r7;!r8:1]~[#16X2;!r3;!r4;!r5;!r6;!r7;!r8:2]~[#6X4;!r3;!r4;!r5;!r6;!r7;!r8:3],N/A
a1079,specificity=4 index=756 count=11,[#1X1;!r3;!r4;!r5;!r6;!r7;!r8:1]~[#15X4;!r3;!r4;!r5;!r6;!r7;!r8:2]~[#8X2;!r3;!r4;!r5;!r6;!r7;!r8:3],N/A
a1080,specificity=4 index=757 count=11,[#1X1;!r3;!r4;!r5;!r6;!r7;!r8:1]~[#6X4;!r3;!r4;!r5;!r6;!r7;!r8:2]~[#7X4;r7:3],N/A
a1081,specificity=4 index=758 count=11,[#17X1;!r3;!r4;!r5;!r6;!r7;!r8:1]~[#6X4;r6:2]~[#17X1;!r3;!r4;!r5;!r6;!r7;!r8:3],N/A
a1082,specificity=4 index=759 count=11,[#8X1;!r3;!r4;!r5;!r6;!r7;!r8:1]~[#16X4;r4:2]~[#8X1;!r3;!r4;!r5;!r6;!r7;!r8:3],N/A
a1083,specificity=4 index=760 count=11,[#16X4;!r3;!r4;!r5;!r6;!r7;!r8:1]~[#7X3;!r3;!r4;!r5;!r6;!r7;!r8:2]~[#7X3;!r3;!r4;!r5;!r6;!r7;!r8:3],N/A
a1084,specificity=4 index=761 count=10,[#9X1;!r3;!r4;!r5;!r6;!r7;!r8:1]~[#6X4;r3:2]~[#9X1;!r3;!r4;!r5;!r6;!r7;!r8:3],N/A
a1085,specificity=4 index=762 count=10,[#6X3;!r3;!r4;!r5;!r6;!r7;!r8:1]~[#7X2;!r3;!r4;!r5;!r6;!r7;!r8:2]~[#6X4;r5:3],N/A
a1086,specificity=4 index=763 count=10,[#6X3;r5:1]~[#6X4;r6:2]~[#6X4;!r3;!r4;!r5;!r6;!r7;!r8:3],N/A
a1087,specificity=4 index=764 count=10,[#6X3;r5:1]~[#7X2;!r3;!r4;!r5;!r6;!r7;!r8:2]~[#8X1;!r3;!r4;!r5;!r6;!r7;!r8:3],N/A
a1088,specificity=4 index=765 count=10,[#6X4;r6:1]~[#6X3;!r3;!r4;!r5;!r6;!r7;!r8:2]~[#7X3;r5:3],N/A
a1089,specificity=4 index=766 count=10,[#7X3;r5:1]~[#6X3;!r3;!r4;!r5;!r6;!r7;!r8:2]~[#7X3;r6:3],N/A
a1090,specificity=4 index=767 count=10,[#1X1;!r3;!r4;!r5;!r6;!r7;!r8:1]~[#8X2;!r3;!r4;!r5;!r6;!r7;!r8:2]~[#6X3;r7:3],N/A
a1091,specificity=4 index=768 count=10,[#16X4;!r3;!r4;!r5;!r6;!r7;!r8:1]~[#6X4;!r3;!r4;!r5;!r6;!r7;!r8:2]~[#6X4;r6:3],N/A
a1092,specificity=4 index=769 count=10,[#6X3;!r3;!r4;!r5;!r6;!r7;!r8:1]~[#6X4;r5:2]~[#7X3;!r3;!r4;!r5;!r6;!r7;!r8:3],N/A
a1093,specificity=4 index=770 count=10,[#6X2;!r3;!r4;!r5;!r6;!r7;!r8:1]~[#16X2;!r3;!r4;!r5;!r6;!r7;!r8:2]~[#6X3;r6:3],N/A
a1094,specificity=4 index=771 count=10,[#1X1;!r3;!r4;!r5;!r6;!r7;!r8:1]~[#7X4;!r3;!r4;!r5;!r6;!r7;!r8:2]~[#6X3;r6:3],N/A
a1095,specificity=4 index=772 count=10,[#6X3;!r3;!r4;!r5;!r6;!r7;!r8:1]~[#16X4;!r3;!r4;!r5;!r6;!r7;!r8:2]~[#7X3;!r3;!r4;!r5;!r6;!r7;!r8:3],N/A
a1096,specificity=4 index=773 count=10,[#6X4;r3:1]~[#6X3;!r3;!r4;!r5;!r6;!r7;!r8:2]~[#7X3;r6:3],N/A
a1097,specificity=4 index=774 count=10,[#1X1;!r3;!r4;!r5;!r6;!r7;!r8:1]~[#6X3;!r3;!r4;!r5;!r6;!r7;!r8:2]~[#35X1;!r3;!r4;!r5;!r6;!r7;!r8:3],N/A
a1098,specificity=4 index=775 count=10,[#53X1;!r3;!r4;!r5;!r6;!r7;!r8:1]~[#6X4;!r3;!r4;!r5;!r6;!r7;!r8:2]~[#6X3;!r3;!r4;!r5;!r6;!r7;!r8:3],N/A
a1099,specificity=4 index=776 count=10,[#16X3;!r3;!r4;!r5;!r6;!r7;!r8:1]~[#6X4;!r3;!r4;!r5;!r6;!r7;!r8:2]~[#6X3;r5:3],N/A
a1100,specificity=4 index=777 count=10,[#1X1;!r3;!r4;!r5;!r6;!r7;!r8:1]~[#6X4;r7:2]~[#6X3;r5:3],N/A
a1101,specificity=4 index=778 count=10,[#7X3;r5:1]~[#15X4;!r3;!r4;!r5;!r6;!r7;!r8:2]~[#8X2;!r3;!r4;!r5;!r6;!r7;!r8:3],N/A
a1102,specificity=4 index=779 count=10,[#6X4;r5:1]~[#7X3;!r3;!r4;!r5;!r6;!r7;!r8:2]~[#8X1;!r3;!r4;!r5;!r6;!r7;!r8:3],N/A
a1103,specificity=4 index=780 count=10,[#6X3;r5:1]~[#7X3;!r3;!r4;!r5;!r6;!r7;!r8:2]~[#6X4;r5:3],N/A
a1104,specificity=4 index=781 count=10,[#16X4;!r3;!r4;!r5;!r6;!r7;!r8:1]~[#7X2;!r3;!r4;!r5;!r6;!r7;!r8:2]~[#6X3;r6:3],N/A
a1105,specificity=4 index=782 count=10,[#6X2;!r3;!r4;!r5;!r6;!r7;!r8:1]~[#6X4;!r3;!r4;!r5;!r6;!r7;!r8:2]~[#7X2;!r3;!r4;!r5;!r6;!r7;!r8:3],N/A
a1106,specificity=4 index=783 count=10,[#1X1;!r3;!r4;!r5;!r6;!r7;!r8:1]~[#6X4;!r3;!r4;!r5;!r6;!r7;!r8:2]~[#6X3;r8:3],N/A
a1107,specificity=4 index=784 count=10,[#7X3;!r3;!r4;!r5;!r6;!r7;!r8:1]~[#15X4;r6:2]~[#8X1;!r3;!r4;!r5;!r6;!r7;!r8:3],N/A
a1108,specificity=4 index=785 count=10,[#17X1;!r3;!r4;!r5;!r6;!r7;!r8:1]~[#16X4;!r3;!r4;!r5;!r6;!r7;!r8:2]~[#6X3;r6:3],N/A
a1109,specificity=4 index=786 count=10,[#7X3;r6:1]~[#7X2;!r3;!r4;!r5;!r6;!r7;!r8:2]~[#8X1;!r3;!r4;!r5;!r6;!r7;!r8:3],N/A
a1110,specificity=4 index=787 count=10,[#6X3;r6:1]~[#7X3;!r3;!r4;!r5;!r6;!r7;!r8:2]~[#7X3;r6:3],N/A
a1111,specificity=4 index=788 count=10,[#16X2;!r3;!r4;!r5;!r6;!r7;!r8:1]~[#16X2;!r3;!r4;!r5;!r6;!r7;!r8:2]~[#16X2;!r3;!r4;!r5;!r6;!r7;!r8:3],N/A
a1112,specificity=4 index=789 count=10,[#6X2;!r3;!r4;!r5;!r6;!r7;!r8:1]~[#6X4;r5:2]~[#8X2;!r3;!r4;!r5;!r6;!r7;!r8:3],N/A
a1113,specificity=4 index=790 count=10,[#6X3;r6:1]~[#15X5;!r3;!r4;!r5;!r6;!r7;!r8:2]~[#8X2;!r3;!r4;!r5;!r6;!r7;!r8:3],N/A
a1114,specificity=4 index=791 count=10,[#8X2;!r3;!r4;!r5;!r6;!r7;!r8:1]~[#15X5;!r3;!r4;!r5;!r6;!r7;!r8:2]~[#8X2;!r3;!r4;!r5;!r6;!r7;!r8:3],N/A
a1115,specificity=4 index=792 count=10,[#6X4;r4:1]~[#7X3;!r3;!r4;!r5;!r6;!r7;!r8:2]~[#8X1;!r3;!r4;!r5;!r6;!r7;!r8:3],N/A
a1116,specificity=4 index=793 count=169678,[#1X1;!r3;!r4;!r5;!r6;!r7;!r8:1]~[#6X3;r6:2]~;@[#6X3;r6:3],N/A
a1117,specificity=4 index=794 count=63833,[#1X1;!r3;!r4;!r5;!r6;!r7;!r8:1]~[#6X4;r6:2]~;@[#6X4;r6:3],N/A
a1118,specificity=4 index=795 count=29984,[#1X1;!r3;!r4;!r5;!r6;!r7;!r8:1]~[#6X4;r5:2]~;@[#6X4;r5:3],N/A
a1119,specificity=4 index=796 count=16748,[#1X1;!r3;!r4;!r5;!r6;!r7;!r8:1]~[#6X3;r5:2]~;@[#6X3;r5:3],N/A
a1120,specificity=4 index=797 count=15077,[#6X3;r6:1]~;@[#6X3;r6:2]~[#6X4;!r3;!r4;!r5;!r6;!r7;!r8:3],N/A
a1121,specificity=4 index=798 count=12260,[#1X1;!r3;!r4;!r5;!r6;!r7;!r8:1]~[#6X4;r6:2]~;@[#7X3;r6:3],N/A
a1122,specificity=4 index=799 count=10795,[#6X3;r6:1]~;@[#6X3;r6:2]~[#8X2;!r3;!r4;!r5;!r6;!r7;!r8:3],N/A
a1123,specificity=4 index=800 count=8390,[#17X1;!r3;!r4;!r5;!r6;!r7;!r8:1]~[#6X3;r6:2]~;@[#6X3;r6:3],N/A
a1124,specificity=4 index=801 count=8304,[#6X3;r6:1]~;@[#6X3;r6:2]~[#7X3;!r3;!r4;!r5;!r6;!r7;!r8:3],N/A
a1125,specificity=4 index=802 count=8172,[#1X1;!r3;!r4;!r5;!r6;!r7;!r8:1]~[#6X4;r3:2]~;@[#6X4;r3:3],N/A
a1126,specificity=4 index=803 count=8042,[#1X1;!r3;!r4;!r5;!r6;!r7;!r8:1]~[#6X4;r6:2]~;@[#6X3;r6:3],N/A
a1127,specificity=4 index=804 count=7653,[#1X1;!r3;!r4;!r5;!r6;!r7;!r8:1]~[#6X3;r6:2]~;@[#6X3;r5:3],N/A
a1128,specificity=4 index=805 count=7341,[#6X3;!r3;!r4;!r5;!r6;!r7;!r8:1]~[#6X3;r6:2]~;@[#6X3;r6:3],N/A
a1129,specificity=4 index=806 count=5983,[#6X3;r6:1]~;@[#6X3;r6:2]~[#9X1;!r3;!r4;!r5;!r6;!r7;!r8:3],N/A
a1130,specificity=4 index=807 count=5966,[#1X1;!r3;!r4;!r5;!r6;!r7;!r8:1]~[#6X3;r6:2]~;@[#7X2;r6:3],N/A
a1131,specificity=4 index=808 count=5655,[#1X1;!r3;!r4;!r5;!r6;!r7;!r8:1]~[#6X4;r5:2]~;@[#7X3;r5:3],N/A
a1132,specificity=4 index=809 count=5554,[#6X3;r6:1]~;@[#6X3;r6:2]~[#6X3;r6:3],N/A
a1133,specificity=4 index=810 count=5429,[#1X1;!r3;!r4;!r5;!r6;!r7;!r8:1]~[#7X3;r5:2]~;@[#6X3;r5:3],N/A
a1134,specificity=4 index=811 count=5067,[#1X1;!r3;!r4;!r5;!r6;!r7;!r8:1]~[#6X4;r5:2]~;@[#6X3;r5:3],N/A
a1135,specificity=4 index=812 count=4945,[#6X3;r5:1]~[#6X3;r6:2]~;@[#6X3;r6:3],N/A
a1136,specificity=4 index=813 count=4273,[#6X3;r5:1]~;@[#7X3;r5:2]~[#6X4;!r3;!r4;!r5;!r6;!r7;!r8:3],N/A
a1137,specificity=4 index=814 count=4241,[#6X3;r5:1]~;@[#6X3;r5:2]~[#6X4;!r3;!r4;!r5;!r6;!r7;!r8:3],N/A
a1138,specificity=4 index=815 count=3919,[#1X1;!r3;!r4;!r5;!r6;!r7;!r8:1]~[#6X4;r6:2]~;@[#8X2;r6:3],N/A
a1139,specificity=4 index=816 count=3621,[#6X4;!r3;!r4;!r5;!r6;!r7;!r8:1]~[#6X4;r6:2]~;@[#6X4;r6:3],N/A
a1140,specificity=4 index=817 count=3611,[#6X3;r6:1]~;@[#6X3;r6:2]~[#8X1;!r3;!r4;!r5;!r6;!r7;!r8:3],N/A
a1141,specificity=4 index=818 count=3470,[#1X1;!r3;!r4;!r5;!r6;!r7;!r8:1]~[#6X4;r7:2]~;@[#6X4;r7:3],N/A
a1142,specificity=4 index=819 count=3359,[#1X1;!r3;!r4;!r5;!r6;!r7;!r8:1]~[#6X3;r5:2]~;@[#7X3;r5:3],N/A
a1143,specificity=4 index=820 count=3305,[#1X1;!r3;!r4;!r5;!r6;!r7;!r8:1]~[#6X4;r4:2]~;@[#6X4;r4:3],N/A
a1144,specificity=4 index=821 count=3226,[#7X3;r6:1]~;@[#6X3;r6:2]~[#8X1;!r3;!r4;!r5;!r6;!r7;!r8:3],N/A
a1145,specificity=4 index=822 count=3118,[#1X1;!r3;!r4;!r5;!r6;!r7;!r8:1]~[#6X3;r5:2]~;@[#7X2;r5:3],N/A
a1146,specificity=4 index=823 count=3075,[#1X1;!r3;!r4;!r5;!r6;!r7;!r8:1]~[#6X4;r5:2]~;@[#8X2;r5:3],N/A
a1147,specificity=4 index=824 count=2991,[#6X3;!r3;!r4;!r5;!r6;!r7;!r8:1]~[#6X3;r5:2]~;@[#6X3;r5:3],N/A
a1148,specificity=4 index=825 count=2901,[#1X1;!r3;!r4;!r5;!r6;!r7;!r8:1]~[#7X3;r6:2]~;@[#6X3;r6:3],N/A
a1149,specificity=4 index=826 count=2876,[#7X2;r6:1]~;@[#6X3;r6:2]~[#7X3;!r3;!r4;!r5;!r6;!r7;!r8:3],N/A
a1150,specificity=4 index=827 count=2684,[#35X1;!r3;!r4;!r5;!r6;!r7;!r8:1]~[#6X3;r6:2]~;@[#6X3;r6:3],N/A
a1151,specificity=4 index=828 count=2507,[#6X3;r6:1]~;@[#6X3;r6:2]~[#7X3;r5:3],N/A
a1152,specificity=4 index=829 count=2387,[#7X3;r5:1]~;@[#6X3;r5:2]~[#8X1;!r3;!r4;!r5;!r6;!r7;!r8:3],N/A
a1153,specificity=4 index=830 count=2338,[#6X3;r5:1]~;@[#6X3;r5:2]~[#6X3;r6:3],N/A
a1154,specificity=4 index=831 count=2285,[#6X4;!r3;!r4;!r5;!r6;!r7;!r8:1]~[#6X4;r5:2]~;@[#6X4;r5:3],N/A
a1155,specificity=4 index=832 count=2281,[#6X3;r6:1]~;@[#7X3;r6:2]~[#6X4;!r3;!r4;!r5;!r6;!r7;!r8:3],N/A
a1156,specificity=4 index=833 count=2225,[#6X4;!r3;!r4;!r5;!r6;!r7;!r8:1]~[#6X3;r5:2]~;@[#7X2;r5:3],N/A
a1157,specificity=4 index=834 count=2213,[#16X4;!r3;!r4;!r5;!r6;!r7;!r8:1]~[#6X3;r6:2]~;@[#6X3;r6:3],N/A
a1158,specificity=4 index=835 count=2080,[#1X1;!r3;!r4;!r5;!r6;!r7;!r8:1]~[#6X4;r6:2]~;@[#6X4;r5:3],N/A
a1159,specificity=4 index=836 count=2014,[#6X4;r6:1]~;@[#6X4;r6:2]~[#8X2;!r3;!r4;!r5;!r6;!r7;!r8:3],N/A
a1160,specificity=4 index=837 count=1766,[#6X4;!r3;!r4;!r5;!r6;!r7;!r8:1]~[#7X3;r6:2]~;@[#6X4;r6:3],N/A
a1161,specificity=4 index=838 count=1753,[#6X2;!r3;!r4;!r5;!r6;!r7;!r8:1]~[#6X3;r6:2]~;@[#6X3;r6:3],N/A
a1162,specificity=4 index=839 count=1714,[#6X4;!r3;!r4;!r5;!r6;!r7;!r8:1]~[#6X3;r6:2]~;@[#7X2;r6:3],N/A
a1163,specificity=4 index=840 count=1706,[#6X3;r5:1]~;@[#7X3;r5:2]~[#6X3;r6:3],N/A
a1164,specificity=4 index=841 count=1676,[#1X1;!r3;!r4;!r5;!r6;!r7;!r8:1]~[#6X4;r6:2]~;@[#6X3;r5:3],N/A
a1165,specificity=4 index=842 count=1576,[#6X3;r6:1]~[#6X3;r5:2]~;@[#7X2;r5:3],N/A
a1166,specificity=4 index=843 count=1575,[#16X2;r5:1]~;@[#6X3;r5:2]~[#1X1;!r3;!r4;!r5;!r6;!r7;!r8:3],N/A
a1167,specificity=4 index=844 count=1483,[#6X4;r6:1]~;@[#6X3;r6:2]~[#8X1;!r3;!r4;!r5;!r6;!r7;!r8:3],N/A
a1168,specificity=4 index=845 count=1430,[#6X3;r5:1]~;@[#6X3;r5:2]~[#8X1;!r3;!r4;!r5;!r6;!r7;!r8:3],N/A
a1169,specificity=4 index=846 count=1374,[#6X4;!r3;!r4;!r5;!r6;!r7;!r8:1]~[#6X3;r5:2]~;@[#7X3;r5:3],N/A
a1170,specificity=4 index=847 count=1322,[#1X1;!r3;!r4;!r5;!r6;!r7;!r8:1]~[#7X3;r6:2]~;@[#6X4;r6:3],N/A
a1171,specificity=4 index=848 count=1313,[#16X2;!r3;!r4;!r5;!r6;!r7;!r8:1]~[#6X3;r6:2]~;@[#6X3;r6:3],N/A
a1172,specificity=4 index=849 count=1277,[#6X4;r5:1]~;@[#6X3;r5:2]~[#8X1;!r3;!r4;!r5;!r6;!r7;!r8:3],N/A
a1173,specificity=4 index=850 count=1265,[#6X3;r6:1]~;@[#6X3;r6:2]~[#6X4;r6:3],N/A
a1174,specificity=4 index=851 count=1198,[#6X3;r6:1]~;@[#6X3;r6:2]~[#7X3;r6:3],N/A
a1175,specificity=4 index=852 count=1196,[#6X3;r5:1]~;@[#6X3;r5:2]~[#7X3;!r3;!r4;!r5;!r6;!r7;!r8:3],N/A
a1176,specificity=4 index=853 count=1173,[#6X3;r5:1]~;@[#6X3;r5:2]~[#6X3;r5:3],N/A
a1177,specificity=4 index=854 count=1171,[#6X4;r5:1]~;@[#6X4;r5:2]~[#8X2;!r3;!r4;!r5;!r6;!r7;!r8:3],N/A
a1178,specificity=4 index=855 count=1166,[#6X3;r6:1]~[#7X3;r6:2]~;@[#6X4;r6:3],N/A
a1179,specificity=4 index=856 count=1163,[#6X3;r6:1]~;@[#6X3;r6:2]~[#7X2;!r3;!r4;!r5;!r6;!r7;!r8:3],N/A
a1180,specificity=4 index=857 count=1131,[#7X2;r5:1]~;@[#6X3;r5:2]~[#7X3;!r3;!r4;!r5;!r6;!r7;!r8:3],N/A
a1181,specificity=4 index=858 count=1080,[#6X3;r6:1]~;@[#6X4;r6:2]~[#6X4;!r3;!r4;!r5;!r6;!r7;!r8:3],N/A
a1182,specificity=4 index=859 count=1078,[#6X4;r6:1]~;@[#6X4;r6:2]~[#7X3;!r3;!r4;!r5;!r6;!r7;!r8:3],N/A
a1183,specificity=4 index=860 count=1045,[#6X3;!r3;!r4;!r5;!r6;!r7;!r8:1]~[#7X3;r6:2]~;@[#6X4;r6:3],N/A
a1184,specificity=4 index=861 count=1026,[#1X1;!r3;!r4;!r5;!r6;!r7;!r8:1]~[#6X3;r6:2]~;@[#7X3;r6:3],N/A
a1185,specificity=4 index=862 count=987,[#6X3;r5:1]~;@[#6X4;r5:2]~[#6X4;!r3;!r4;!r5;!r6;!r7;!r8:3],N/A
a1186,specificity=4 index=863 count=979,[#1X1;!r3;!r4;!r5;!r6;!r7;!r8:1]~[#6X3;r6:2]~;@[#6X4;r6:3],N/A
a1187,specificity=4 index=864 count=966,[#6X3;r6:1]~;@[#6X3;r6:2]~[#6X4;r5:3],N/A
a1188,specificity=4 index=865 count=963,[#6X4;!r3;!r4;!r5;!r6;!r7;!r8:1]~[#7X3;r5:2]~;@[#7X2;r5:3],N/A
a1189,specificity=4 index=866 count=958,[#6X3;r6:1]~[#6X3;r6:2]~;@[#7X2;r6:3],N/A
a1190,specificity=4 index=867 count=940,[#16X2;r5:1]~;@[#6X4;r5:2]~[#1X1;!r3;!r4;!r5;!r6;!r7;!r8:3],N/A
a1191,specificity=4 index=868 count=934,[#1X1;!r3;!r4;!r5;!r6;!r7;!r8:1]~[#7X3;r5:2]~;@[#6X4;r5:3],N/A
a1192,specificity=4 index=869 count=924,[#6X4;!r3;!r4;!r5;!r6;!r7;!r8:1]~[#6X4;r3:2]~;@[#6X4;r3:3],N/A
a1193,specificity=4 index=870 count=871,[#7X2;r6:1]~;@[#6X3;r6:2]~[#8X2;!r3;!r4;!r5;!r6;!r7;!r8:3],N/A
a1194,specificity=4 index=871 count=846,[#6X3;!r3;!r4;!r5;!r6;!r7;!r8:1]~[#6X4;r6:2]~;@[#6X4;r6:3],N/A
a1195,specificity=4 index=872 count=828,[#6X4;!r3;!r4;!r5;!r6;!r7;!r8:1]~[#6X4;r5:2]~;@[#8X2;r5:3],N/A
a1196,specificity=4 index=873 count=813,[#1X1;!r3;!r4;!r5;!r6;!r7;!r8:1]~[#6X4;r7:2]~;@[#7X3;r7:3],N/A
a1197,specificity=4 index=874 count=784,[#1X1;!r3;!r4;!r5;!r6;!r7;!r8:1]~[#6X3;r5:2]~;@[#8X2;r5:3],N/A
a1198,specificity=4 index=875 count=752,[#1X1;!r3;!r4;!r5;!r6;!r7;!r8:1]~[#6X4;r4:2]~;@[#7X3;r4:3],N/A
a1199,specificity=4 index=876 count=745,[#1X1;!r3;!r4;!r5;!r6;!r7;!r8:1]~[#7X3;r5:2]~;@[#7X2;r5:3],N/A
a1200,specificity=4 index=877 count=744,[#6X3;r6:1]~[#6X3;r5:2]~;@[#7X3;r5:3],N/A
a1201,specificity=4 index=878 count=724,[#6X3;!r3;!r4;!r5;!r6;!r7;!r8:1]~[#7X3;r5:2]~;@[#6X4;r5:3],N/A
a1202,specificity=4 index=879 count=722,[#6X4;!r3;!r4;!r5;!r6;!r7;!r8:1]~[#7X3;r5:2]~;@[#6X4;r5:3],N/A
a1203,specificity=4 index=880 count=713,[#6X4;!r3;!r4;!r5;!r6;!r7;!r8:1]~[#6X3;r5:2]~;@[#8X2;r5:3],N/A
a1204,specificity=4 index=881 count=683,[#6X3;r6:1]~[#6X4;r6:2]~;@[#6X4;r6:3],N/A
a1205,specificity=4 index=882 count=669,[#6X3;!r3;!r4;!r5;!r6;!r7;!r8:1]~[#6X4;r5:2]~;@[#6X4;r5:3],N/A
a1206,specificity=4 index=883 count=660,[#1X1;!r3;!r4;!r5;!r6;!r7;!r8:1]~[#6X4;r5:2]~;@[#6X4;r6:3],N/A
a1207,specificity=4 index=884 count=658,[#6X4;!r3;!r4;!r5;!r6;!r7;!r8:1]~[#6X4;r6:2]~;@[#8X2;r6:3],N/A
a1208,specificity=4 index=885 count=647,[#16X2;r5:1]~;@[#6X3;r5:2]~[#6X3;!r3;!r4;!r5;!r6;!r7;!r8:3],N/A
a1209,specificity=4 index=886 count=642,[#16X2;r6:1]~;@[#6X4;r6:2]~[#1X1;!r3;!r4;!r5;!r6;!r7;!r8:3],N/A
a1210,specificity=4 index=887 count=638,[#16X2;r5:1]~;@[#6X3;r5:2]~[#6X4;!r3;!r4;!r5;!r6;!r7;!r8:3],N/A
a1211,specificity=4 index=888 count=620,[#6X3;r6:1]~[#7X3;r5:2]~;@[#7X2;r5:3],N/A
a1212,specificity=4 index=889 count=612,[#6X3;r5:1]~;@[#6X3;r6:2]~[#8X1;!r3;!r4;!r5;!r6;!r7;!r8:3],N/A
a1213,specificity=4 index=890 count=610,[#6X3;r5:1]~[#6X3;r5:2]~;@[#7X2;r5:3],N/A
a1214,specificity=4 index=891 count=605,[#16X2;r5:1]~;@[#6X3;r5:2]~[#7X3;!r3;!r4;!r5;!r6;!r7;!r8:3],N/A
a1215,specificity=4 index=892 count=603,[#6X4;!r3;!r4;!r5;!r6;!r7;!r8:1]~[#6X4;r6:2]~;@[#7X3;r6:3],N/A
a1216,specificity=4 index=893 count=590,[#6X3;!r3;!r4;!r5;!r6;!r7;!r8:1]~[#6X3;r5:2]~;@[#7X2;r5:3],N/A
a1217,specificity=4 index=894 count=570,[#53X1;!r3;!r4;!r5;!r6;!r7;!r8:1]~[#6X3;r6:2]~;@[#6X3;r6:3],N/A
a1218,specificity=4 index=895 count=558,[#8X1;!r3;!r4;!r5;!r6;!r7;!r8:1]~[#6X3;r5:2]~;@[#8X2;r5:3],N/A
a1219,specificity=4 index=896 count=546,[#6X3;!r3;!r4;!r5;!r6;!r7;!r8:1]~[#6X3;r5:2]~;@[#7X3;r5:3],N/A
a1220,specificity=4 index=897 count=543,[#16X2;!r3;!r4;!r5;!r6;!r7;!r8:1]~[#6X3;r6:2]~;@[#7X2;r6:3],N/A
a1221,specificity=4 index=898 count=534,[#17X1;!r3;!r4;!r5;!r6;!r7;!r8:1]~[#6X3;r5:2]~;@[#6X3;r5:3],N/A
a1222,specificity=4 index=899 count=527,[#6X3;r5:1]~;@[#6X3;r5:2]~[#8X2;!r3;!r4;!r5;!r6;!r7;!r8:3],N/A
a1223,specificity=4 index=900 count=521,[#6X3;r5:1]~[#6X3;r6:2]~;@[#7X2;r6:3],N/A
a1224,specificity=4 index=901 count=511,[#1X1;!r3;!r4;!r5;!r6;!r7;!r8:1]~[#6X4;r7:2]~;@[#6X3;r6:3],N/A
a1225,specificity=4 index=902 count=509,[#1X1;!r3;!r4;!r5;!r6;!r7;!r8:1]~[#6X4;r6:2]~;@[#7X3;r5:3],N/A
a1226,specificity=4 index=903 count=508,[#6X4;r5:1]~;@[#6X4;r5:2]~[#7X3;!r3;!r4;!r5;!r6;!r7;!r8:3],N/A
a1227,specificity=4 index=904 count=505,[#6X4;!r3;!r4;!r5;!r6;!r7;!r8:1]~[#6X4;r5:2]~;@[#7X3;r5:3],N/A
a1228,specificity=4 index=905 count=502,[#6X3;r5:1]~;@[#6X3;r6:2]~[#7X3;!r3;!r4;!r5;!r6;!r7;!r8:3],N/A
a1229,specificity=4 index=906 count=490,[#6X3;r6:1]~[#7X3;r5:2]~;@[#6X4;r5:3],N/A
a1230,specificity=4 index=907 count=479,[#6X3;!r3;!r4;!r5;!r6;!r7;!r8:1]~[#6X3;r6:2]~;@[#7X2;r6:3],N/A
a1231,specificity=4 index=908 count=463,[#1X1;!r3;!r4;!r5;!r6;!r7;!r8:1]~[#7X3;r5:2]~;@[#7X3;r5:3],N/A
a1232,specificity=4 index=909 count=463,[#6X3;r6:1]~;@[#7X3;r6:2]~[#6X3;r6:3],N/A
a1233,specificity=4 index=910 count=462,[#1X1;!r3;!r4;!r5;!r6;!r7;!r8:1]~[#6X4;r7:2]~;@[#6X3;r7:3],N/A
a1234,specificity=4 index=911 count=453,[#16X2;!r3;!r4;!r5;!r6;!r7;!r8:1]~[#6X3;r5:2]~;@[#7X2;r5:3],N/A
a1235,specificity=4 index=912 count=443,[#6X3;r6:1]~[#6X3;r5:2]~;@[#8X2;r5:3],N/A
a1236,specificity=4 index=913 count=437,[#1X1;!r3;!r4;!r5;!r6;!r7;!r8:1]~[#6X4;r5:2]~;@[#7X2;r5:3],N/A
a1237,specificity=4 index=914 count=433,[#6X3;!r3;!r4;!r5;!r6;!r7;!r8:1]~[#6X3;r5:2]~;@[#8X2;r5:3],N/A
a1238,specificity=4 index=915 count=431,[#16X2;r5:1]~;@[#6X3;r5:2]~[#6X3;r6:3],N/A
a1239,specificity=4 index=916 count=425,[#7X3;!r3;!r4;!r5;!r6;!r7;!r8:1]~[#6X3;r5:2]~;@[#7X3;r5:3],N/A
a1240,specificity=4 index=917 count=404,[#7X2;r6:1]~;@[#6X3;r6:2]~[#7X3;r6:3],N/A
a1241,specificity=4 index=918 count=403,[#1X1;!r3;!r4;!r5;!r6;!r7;!r8:1]~[#6X3;r5:2]~;@[#6X4;r5:3],N/A
a1242,specificity=4 index=919 count=403,[#6X2;!r3;!r4;!r5;!r6;!r7;!r8:1]~[#6X3;r5:2]~;@[#6X3;r5:3],N/A
a1243,specificity=4 index=920 count=402,[#6X3;!r3;!r4;!r5;!r6;!r7;!r8:1]~[#6X4;r3:2]~;@[#6X4;r3:3],N/A
a1244,specificity=4 index=921 count=399,[#6X3;r6:1]~[#6X4;r5:2]~;@[#6X4;r5:3],N/A
a1245,specificity=4 index=922 count=396,[#17X1;!r3;!r4;!r5;!r6;!r7;!r8:1]~[#6X3;r6:2]~;@[#7X2;r6:3],N/A
a1246,specificity=4 index=923 count=394,[#6X4;r6:1]~;@[#6X4;r6:2]~[#9X1;!r3;!r4;!r5;!r6;!r7;!r8:3],N/A
a1247,specificity=4 index=924 count=391,[#1X1;!r3;!r4;!r5;!r6;!r7;!r8:1]~[#6X3;r7:2]~;@[#6X3;r7:3],N/A
a1248,specificity=4 index=925 count=388,[#16X1;!r3;!r4;!r5;!r6;!r7;!r8:1]~[#6X3;r5:2]~;@[#7X3;r5:3],N/A
a1249,specificity=4 index=926 count=381,[#6X3;!r3;!r4;!r5;!r6;!r7;!r8:1]~[#7X3;r5:2]~;@[#6X3;r5:3],N/A
a1250,specificity=4 index=927 count=380,[#6X3;r6:1]~;@[#6X4;r6:2]~[#8X2;!r3;!r4;!r5;!r6;!r7;!r8:3],N/A
a1251,specificity=4 index=928 count=365,[#6X3;!r3;!r4;!r5;!r6;!r7;!r8:1]~[#6X3;r6:2]~;@[#6X4;r6:3],N/A
a1252,specificity=4 index=929 count=363,[#1X1;!r3;!r4;!r5;!r6;!r7;!r8:1]~[#6X3;r6:2]~;@[#7X3;r5:3],N/A
a1253,specificity=4 index=930 count=358,[#1X1;!r3;!r4;!r5;!r6;!r7;!r8:1]~[#6X4;r8:2]~;@[#6X4;r8:3],N/A
a1254,specificity=4 index=931 count=357,[#7X2;r6:1]~;@[#6X3;r6:2]~[#7X3;r5:3],N/A
a1255,specificity=4 index=932 count=349,[#6X3;r5:1]~;@[#6X3;r6:2]~[#6X4;!r3;!r4;!r5;!r6;!r7;!r8:3],N/A
a1256,specificity=4 index=933 count=346,[#6X4;!r3;!r4;!r5;!r6;!r7;!r8:1]~[#6X4;r4:2]~;@[#6X4;r4:3],N/A
a1257,specificity=4 index=934 count=346,[#6X3;r6:1]~[#6X4;r3:2]~;@[#6X4;r3:3],N/A
a1258,specificity=4 index=935 count=342,[#1X1;!r3;!r4;!r5;!r6;!r7;!r8:1]~[#6X4;r3:2]~;@[#7X3;r3:3],N/A
a1259,specificity=4 index=936 count=342,[#1X1;!r3;!r4;!r5;!r6;!r7;!r8:1]~[#6X4;r5:2]~;@[#6X4;r3:3],N/A
a1260,specificity=4 index=937 count=341,[#7X2;r6:1]~;@[#6X3;r6:2]~[#8X1;!r3;!r4;!r5;!r6;!r7;!r8:3],N/A
a1261,specificity=4 index=938 count=341,[#1X1;!r3;!r4;!r5;!r6;!r7;!r8:1]~[#6X4;r3:2]~;@[#8X2;r3:3],N/A
a1262,specificity=4 index=939 count=332,[#6X3;r5:1]~;@[#6X3;r6:2]~[#8X2;!r3;!r4;!r5;!r6;!r7;!r8:3],N/A
a1263,specificity=4 index=940 count=329,[#8X1;!r3;!r4;!r5;!r6;!r7;!r8:1]~[#6X3;r6:2]~;@[#8X2;r6:3],N/A
a1264,specificity=4 index=941 count=328,[#6X3;r5:1]~[#6X4;r6:2]~;@[#6X4;r6:3],N/A
a1265,specificity=4 index=942 count=319,[#1X1;!r3;!r4;!r5;!r6;!r7;!r8:1]~[#6X4;r6:2]~;@[#7X4;r6:3],N/A
a1266,specificity=4 index=943 count=316,[#6X4;!r3;!r4;!r5;!r6;!r7;!r8:1]~[#6X3;r6:2]~;@[#7X3;r6:3],N/A
a1267,specificity=4 index=944 count=315,[#16X2;r5:1]~;@[#6X3;r5:2]~[#6X3;r5:3],N/A
a1268,specificity=4 index=945 count=309,[#6X3;r5:1]~[#6X3;r5:2]~;@[#7X3;r5:3],N/A
a1269,specificity=4 index=946 count=304,[#6X3;r6:1]~;@[#6X3;r6:2]~[#6X4;r3:3],N/A
a1270,specificity=4 index=947 count=300,[#35X1;!r3;!r4;!r5;!r6;!r7;!r8:1]~[#6X3;r5:2]~;@[#6X3;r5:3],N/A
a1271,specificity=4 index=948 count=285,[#1X1;!r3;!r4;!r5;!r6;!r7;!r8:1]~[#6X4;r7:2]~;@[#6X3;r5:3],N/A
a1272,specificity=4 index=949 count=283,[#1X1;!r3;!r4;!r5;!r6;!r7;!r8:1]~[#6X4;r5:2]~;@[#6X3;r6:3],N/A
a1273,specificity=4 index=950 count=280,[#6X4;r3:1]~;@[#6X4;r3:2]~[#7X3;!r3;!r4;!r5;!r6;!r7;!r8:3],N/A
a1274,specificity=4 index=951 count=280,[#7X2;!r3;!r4;!r5;!r6;!r7;!r8:1]~[#6X3;r5:2]~;@[#7X3;r5:3],N/A
a1275,specificity=4 index=952 count=277,[#16X1;!r3;!r4;!r5;!r6;!r7;!r8:1]~[#6X3;r6:2]~;@[#7X3;r6:3],N/A
a1276,specificity=4 index=953 count=275,[#6X3;!r3;!r4;!r5;!r6;!r7;!r8:1]~[#6X3;r5:2]~;@[#6X4;r5:3],N/A
a1277,specificity=4 index=954 count=270,[#16X4;!r3;!r4;!r5;!r6;!r7;!r8:1]~[#6X3;r5:2]~;@[#6X3;r5:3],N/A
a1278,specificity=4 index=955 count=270,[#6X3;r5:1]~;@[#6X3;r5:2]~[#7X2;!r3;!r4;!r5;!r6;!r7;!r8:3],N/A
a1279,specificity=4 index=956 count=268,[#6X3;r6:1]~;@[#7X3;r6:2]~[#8X1;!r3;!r4;!r5;!r6;!r7;!r8:3],N/A
a1280,specificity=4 index=957 count=267,[#6X3;r5:1]~;@[#6X4;r5:2]~[#8X2;!r3;!r4;!r5;!r6;!r7;!r8:3],N/A
a1281,specificity=4 index=958 count=264,[#17X1;!r3;!r4;!r5;!r6;!r7;!r8:1]~[#6X4;r5:2]~;@[#6X4;r5:3],N/A
a1282,specificity=4 index=959 count=259,[#6X4;r6:1]~;@[#6X4;r6:2]~[#7X3;r5:3],N/A
a1283,specificity=4 index=960 count=258,[#6X4;r5:1]~;@[#16X4;r5:2]~[#8X1;!r3;!r4;!r5;!r6;!r7;!r8:3],N/A
a1284,specificity=4 index=961 count=253,[#6X3;r6:1]~[#6X4;r5:2]~;@[#7X3;r5:3],N/A
a1285,specificity=4 index=962 count=251,[#7X3;!r3;!r4;!r5;!r6;!r7;!r8:1]~[#6X3;r6:2]~;@[#7X3;r6:3],N/A
a1286,specificity=4 index=963 count=249,[#6X3;r6:1]~;@[#6X4;r6:2]~[#6X3;r6:3],N/A
a1287,specificity=4 index=964 count=248,[#6X3;!r3;!r4;!r5;!r6;!r7;!r8:1]~[#6X4;r5:2]~;@[#7X3;r5:3],N/A
a1288,specificity=4 index=965 count=245,[#6X4;r6:1]~;@[#16X4;r6:2]~[#8X1;!r3;!r4;!r5;!r6;!r7;!r8:3],N/A
a1289,specificity=4 index=966 count=240,[#6X3;r5:1]~[#6X4;r3:2]~;@[#6X4;r3:3],N/A
a1290,specificity=4 index=967 count=237,[#1X1;!r3;!r4;!r5;!r6;!r7;!r8:1]~[#6X4;r7:2]~;@[#8X2;r7:3],N/A
a1291,specificity=4 index=968 count=235,[#1X1;!r3;!r4;!r5;!r6;!r7;!r8:1]~[#7X3;r6:2]~;@[#6X3;r5:3],N/A
a1292,specificity=4 index=969 count=234,[#16X2;!r3;!r4;!r5;!r6;!r7;!r8:1]~[#6X3;r5:2]~;@[#7X3;r5:3],N/A
a1293,specificity=4 index=970 count=229,[#6X3;r5:1]~[#6X3;r5:2]~;@[#8X2;r5:3],N/A
a1294,specificity=4 index=971 count=229,[#6X3;r5:1]~[#7X3;r6:2]~;@[#6X4;r6:3],N/A
a1295,specificity=4 index=972 count=226,[#16X4;r5:1]~;@[#6X4;r5:2]~[#1X1;!r3;!r4;!r5;!r6;!r7;!r8:3],N/A
a1296,specificity=4 index=973 count=225,[#6X4;!r3;!r4;!r5;!r6;!r7;!r8:1]~[#6X3;r6:2]~;@[#6X4;r6:3],N/A
a1297,specificity=4 index=974 count=222,[#16X4;!r3;!r4;!r5;!r6;!r7;!r8:1]~[#7X3;r6:2]~;@[#6X4;r6:3],N/A
a1298,specificity=4 index=975 count=218,[#16X2;!r3;!r4;!r5;!r6;!r7;!r8:1]~[#6X3;r5:2]~;@[#6X3;r5:3],N/A
a1299,specificity=4 index=976 count=213,[#16X4;r6:1]~;@[#6X4;r6:2]~[#1X1;!r3;!r4;!r5;!r6;!r7;!r8:3],N/A
a1300,specificity=4 index=977 count=211,[#1X1;!r3;!r4;!r5;!r6;!r7;!r8:1]~[#6X4;r6:2]~;@[#6X4;r3:3],N/A
a1301,specificity=4 index=978 count=210,[#16X3;!r3;!r4;!r5;!r6;!r7;!r8:1]~[#6X3;r6:2]~;@[#6X3;r6:3],N/A
a1302,specificity=4 index=979 count=210,[#6X3;r5:1]~;@[#7X3;r5:2]~[#6X3;r5:3],N/A
a1303,specificity=4 index=980 count=209,[#6X3;r5:1]~;@[#16X4;r5:2]~[#8X1;!r3;!r4;!r5;!r6;!r7;!r8:3],N/A
a1304,specificity=4 index=981 count=209,[#7X3;r7:1]~;@[#6X3;r7:2]~[#8X1;!r3;!r4;!r5;!r6;!r7;!r8:3],N/A
a1305,specificity=4 index=982 count=205,[#6X3;r5:1]~;@[#6X3;r5:2]~[#6X4;r6:3],N/A
a1306,specificity=4 index=983 count=203,[#7X3;r5:1]~;@[#6X3;r6:2]~[#8X1;!r3;!r4;!r5;!r6;!r7;!r8:3],N/A
a1307,specificity=4 index=984 count=202,[#6X4;r4:1]~;@[#6X4;r4:2]~[#9X1;!r3;!r4;!r5;!r6;!r7;!r8:3],N/A
a1308,specificity=4 index=985 count=195,[#7X3;!r3;!r4;!r5;!r6;!r7;!r8:1]~[#6X3;r5:2]~;@[#8X2;r5:3],N/A
a1309,specificity=4 index=986 count=193,[#7X2;r5:1]~;@[#6X3;r5:2]~[#8X2;!r3;!r4;!r5;!r6;!r7;!r8:3],N/A
a1310,specificity=4 index=987 count=193,[#6X3;r5:1]~;@[#7X3;r5:2]~[#6X4;r6:3],N/A
a1311,specificity=4 index=988 count=192,[#6X3;!r3;!r4;!r5;!r6;!r7;!r8:1]~[#6X4;r6:2]~;@[#6X3;r6:3],N/A
a1312,specificity=4 index=989 count=191,[#1X1;!r3;!r4;!r5;!r6;!r7;!r8:1]~[#6X4;r4:2]~;@[#8X2;r4:3],N/A
a1313,specificity=4 index=990 count=190,[#6X4;r4:1]~;@[#6X4;r4:2]~[#8X2;!r3;!r4;!r5;!r6;!r7;!r8:3],N/A
a1314,specificity=4 index=991 count=190,[#7X3;r5:1]~;@[#6X3;r5:2]~[#8X2;!r3;!r4;!r5;!r6;!r7;!r8:3],N/A
a1315,specificity=4 index=992 count=189,[#1X1;!r3;!r4;!r5;!r6;!r7;!r8:1]~[#6X4;r6:2]~;@[#7X2;r6:3],N/A
a1316,specificity=4 index=993 count=188,[#6X3;r5:1]~;@[#6X4;r5:2]~[#6X3;r6:3],N/A
a1317,specificity=4 index=994 count=184,[#16X2;r5:1]~;@[#6X3;r5:2]~[#7X2;!r3;!r4;!r5;!r6;!r7;!r8:3],N/A
a1318,specificity=4 index=995 count=183,[#6X3;r6:1]~[#6X4;r6:2]~;@[#7X3;r6:3],N/A
a1319,specificity=4 index=996 count=183,[#7X3;r6:1]~;@[#16X4;r6:2]~[#8X1;!r3;!r4;!r5;!r6;!r7;!r8:3],N/A
a1320,specificity=4 index=997 count=183,[#16X2;r5:1]~;@[#6X4;r5:2]~[#6X4;!r3;!r4;!r5;!r6;!r7;!r8:3],N/A
a1321,specificity=4 index=998 count=179,[#6X3;r5:1]~;@[#7X3;r5:2]~[#6X4;r5:3],N/A
a1322,specificity=4 index=999 count=177,[#6X4;r5:1]~;@[#6X4;r5:2]~[#9X1;!r3;!r4;!r5;!r6;!r7;!r8:3],N/A
a1323,specificity=4 index=1000 count=177,[#6X3;r5:1]~[#6X4;r5:2]~;@[#6X4;r5:3],N/A
a1324,specificity=4 index=1001 count=177,[#1X1;!r3;!r4;!r5;!r6;!r7;!r8:1]~[#7X3;r7:2]~;@[#6X4;r7:3],N/A
a1325,specificity=4 index=1002 count=175,[#16X2;!r3;!r4;!r5;!r6;!r7;!r8:1]~[#6X3;r5:2]~;@[#16X2;r5:3],N/A
a1326,specificity=4 index=1003 count=173,[#6X2;!r3;!r4;!r5;!r6;!r7;!r8:1]~[#6X3;r6:2]~;@[#7X2;r6:3],N/A
a1327,specificity=4 index=1004 count=173,[#6X3;r5:1]~;@[#6X3;r6:2]~[#6X3;r6:3],N/A
a1328,specificity=4 index=1005 count=173,[#6X3;!r3;!r4;!r5;!r6;!r7;!r8:1]~[#7X3;r6:2]~;@[#6X3;r6:3],N/A
a1329,specificity=4 index=1006 count=172,[#6X4;r4:1]~;@[#6X4;r4:2]~[#7X3;!r3;!r4;!r5;!r6;!r7;!r8:3],N/A
a1330,specificity=4 index=1007 count=172,[#15X4;!r3;!r4;!r5;!r6;!r7;!r8:1]~[#6X3;r6:2]~;@[#6X3;r6:3],N/A
a1331,specificity=4 index=1008 count=171,[#6X2;!r3;!r4;!r5;!r6;!r7;!r8:1]~[#6X4;r6:2]~;@[#6X4;r6:3],N/A
a1332,specificity=4 index=1009 count=170,[#1X1;!r3;!r4;!r5;!r6;!r7;!r8:1]~[#6X4;r4:2]~;@[#6X3;r4:3],N/A
a1333,specificity=4 index=1010 count=167,[#6X3;r6:1]~;@[#16X4;r6:2]~[#8X1;!r3;!r4;!r5;!r6;!r7;!r8:3],N/A
a1334,specificity=4 index=1011 count=166,[#6X3;r5:1]~;@[#6X3;r5:2]~[#6X4;r5:3],N/A
a1335,specificity=4 index=1012 count=161,[#6X3;r5:1]~;@[#7X3;r5:2]~[#7X3;!r3;!r4;!r5;!r6;!r7;!r8:3],N/A
a1336,specificity=4 index=1013 count=161,[#1X1;!r3;!r4;!r5;!r6;!r7;!r8:1]~[#6X4;r3:2]~;@[#6X4;r5:3],N/A
a1337,specificity=4 index=1014 count=161,[#6X4;r5:1]~;@[#6X4;r5:2]~[#7X3;r5:3],N/A
a1338,specificity=4 index=1015 count=160,[#17X1;!r3;!r4;!r5;!r6;!r7;!r8:1]~[#6X4;r6:2]~;@[#6X4;r6:3],N/A
a1339,specificity=4 index=1016 count=154,[#1X1;!r3;!r4;!r5;!r6;!r7;!r8:1]~[#7X3;r7:2]~;@[#6X3;r6:3],N/A
a1340,specificity=4 index=1017 count=153,[#7X2;!r3;!r4;!r5;!r6;!r7;!r8:1]~[#6X3;r6:2]~;@[#7X3;r6:3],N/A
a1341,specificity=4 index=1018 count=153,[#6X3;!r3;!r4;!r5;!r6;!r7;!r8:1]~[#6X4;r5:2]~;@[#6X3;r5:3],N/A
a1342,specificity=4 index=1019 count=153,[#6X4;r5:1]~;@[#6X3;r6:2]~[#8X1;!r3;!r4;!r5;!r6;!r7;!r8:3],N/A
a1343,specificity=4 index=1020 count=152,[#1X1;!r3;!r4;!r5;!r6;!r7;!r8:1]~[#6X4;r7:2]~;@[#7X3;r5:3],N/A
a1344,specificity=4 index=1021 count=151,[#1X1;!r3;!r4;!r5;!r6;!r7;!r8:1]~[#7X3;r7:2]~;@[#6X3;r7:3],N/A
a1345,specificity=4 index=1022 count=151,[#17X1;!r3;!r4;!r5;!r6;!r7;!r8:1]~[#6X3;r6:2]~;@[#6X3;r5:3],N/A
a1346,specificity=4 index=1023 count=150,[#6X4;!r3;!r4;!r5;!r6;!r7;!r8:1]~[#7X4;r6:2]~;@[#6X4;r6:3],N/A
a1347,specificity=4 index=1024 count=150,[#16X4;!r3;!r4;!r5;!r6;!r7;!r8:1]~[#7X3;r5:2]~;@[#6X3;r5:3],N/A
a1348,specificity=4 index=1025 count=145,[#6X4;!r3;!r4;!r5;!r6;!r7;!r8:1]~[#6X3;r5:2]~;@[#6X4;r5:3],N/A
a1349,specificity=4 index=1026 count=143,[#6X3;r6:1]~;@[#6X3;r6:2]~[#6X3;r7:3],N/A
a1350,specificity=4 index=1027 count=140,[#7X3;r5:1]~;@[#16X4;r5:2]~[#8X1;!r3;!r4;!r5;!r6;!r7;!r8:3],N/A
a1351,specificity=4 index=1028 count=138,[#6X3;r6:1]~;@[#7X3;r6:2]~[#8X2;!r3;!r4;!r5;!r6;!r7;!r8:3],N/A
a1352,specificity=4 index=1029 count=136,[#1X1;!r3;!r4;!r5;!r6;!r7;!r8:1]~[#6X4;r5:2]~;@[#7X4;r5:3],N/A
a1353,specificity=4 index=1030 count=135,[#6X4;r7:1]~;@[#6X3;r7:2]~[#8X1;!r3;!r4;!r5;!r6;!r7;!r8:3],N/A
a1354,specificity=4 index=1031 count=133,[#6X3;r5:1]~;@[#7X3;r6:2]~[#6X4;!r3;!r4;!r5;!r6;!r7;!r8:3],N/A
a1355,specificity=4 index=1032 count=133,[#8X2;!r3;!r4;!r5;!r6;!r7;!r8:1]~[#6X4;r6:2]~;@[#8X2;r6:3],N/A
a1356,specificity=4 index=1033 count=132,[#1X1;!r3;!r4;!r5;!r6;!r7;!r8:1]~[#6X4;r7:2]~;@[#6X4;r5:3],N/A
a1357,specificity=4 index=1034 count=131,[#6X4;r6:1]~[#6X3;r5:2]~;@[#7X2;r5:3],N/A
a1358,specificity=4 index=1035 count=126,[#6X3;!r3;!r4;!r5;!r6;!r7;!r8:1]~[#7X3;r5:2]~;@[#7X2;r5:3],N/A
a1359,specificity=4 index=1036 count=125,[#16X2;r5:1]~;@[#6X3;r5:2]~[#8X1;!r3;!r4;!r5;!r6;!r7;!r8:3],N/A
a1360,specificity=4 index=1037 count=124,[#16X2;r5:1]~;@[#6X3;r5:2]~[#17X1;!r3;!r4;!r5;!r6;!r7;!r8:3],N/A
a1361,specificity=4 index=1038 count=122,[#16X2;r5:1]~;@[#6X3;r5:2]~[#16X4;!r3;!r4;!r5;!r6;!r7;!r8:3],N/A
a1362,specificity=4 index=1039 count=122,[#6X4;!r3;!r4;!r5;!r6;!r7;!r8:1]~[#6X4;r3:2]~;@[#8X2;r3:3],N/A
a1363,specificity=4 index=1040 count=121,[#6X3;!r3;!r4;!r5;!r6;!r7;!r8:1]~[#6X3;r6:2]~;@[#6X3;r5:3],N/A
a1364,specificity=4 index=1041 count=120,[#6X3;r5:1]~;@[#6X3;r5:2]~[#7X3;r5:3],N/A
a1365,specificity=4 index=1042 count=119,[#6X4;!r3;!r4;!r5;!r6;!r7;!r8:1]~[#7X3;r6:2]~;@[#7X2;r6:3],N/A
a1366,specificity=4 index=1043 count=118,[#6X4;r6:1]~;@[#6X3;r6:2]~[#7X2;!r3;!r4;!r5;!r6;!r7;!r8:3],N/A
a1367,specificity=4 index=1044 count=116,[#6X3;r6:1]~[#6X3;r6:2]~;@[#7X3;r6:3],N/A
a1368,specificity=4 index=1045 count=114,[#6X4;r6:1]~;@[#6X4;r6:2]~[#7X3;r6:3],N/A
a1369,specificity=4 index=1046 count=114,[#7X2;r5:1]~;@[#6X3;r5:2]~[#7X3;r5:3],N/A
a1370,specificity=4 index=1047 count=113,[#6X3;!r3;!r4;!r5;!r6;!r7;!r8:1]~[#7X3;r4:2]~;@[#6X4;r4:3],N/A
a1371,specificity=4 index=1048 count=112,[#6X4;!r3;!r4;!r5;!r6;!r7;!r8:1]~[#7X3;r7:2]~;@[#6X4;r7:3],N/A
a1372,specificity=4 index=1049 count=111,[#16X1;!r3;!r4;!r5;!r6;!r7;!r8:1]~[#6X3;r5:2]~;@[#16X2;r5:3],N/A
a1373,specificity=4 index=1050 count=111,[#6X3;r6:1]~;@[#6X3;r6:2]~[#6X4;r4:3],N/A
a1374,specificity=4 index=1051 count=111,[#6X3;r6:1]~[#6X4;r4:2]~;@[#6X4;r4:3],N/A
a1375,specificity=4 index=1052 count=110,[#6X4;!r3;!r4;!r5;!r6;!r7;!r8:1]~[#6X4;r7:2]~;@[#6X4;r7:3],N/A
a1376,specificity=4 index=1053 count=109,[#6X3;r6:1]~[#6X3;r6:2]~;@[#6X4;r6:3],N/A
a1377,specificity=4 index=1054 count=109,[#6X3;!r3;!r4;!r5;!r6;!r7;!r8:1]~[#6X3;r6:2]~;@[#7X3;r6:3],N/A
a1378,specificity=4 index=1055 count=107,[#7X2;!r3;!r4;!r5;!r6;!r7;!r8:1]~[#6X3;r6:2]~;@[#7X2;r6:3],N/A
a1379,specificity=4 index=1056 count=107,[#1X1;!r3;!r4;!r5;!r6;!r7;!r8:1]~[#6X4;r5:2]~;@[#6X4;r4:3],N/A
a1380,specificity=4 index=1057 count=105,[#6X3;r6:1]~[#6X4;r6:2]~;@[#8X2;r6:3],N/A
a1381,specificity=4 index=1058 count=103,[#6X2;!r3;!r4;!r5;!r6;!r7;!r8:1]~[#6X4;r5:2]~;@[#6X4;r5:3],N/A
a1382,specificity=4 index=1059 count=101,[#1X1;!r3;!r4;!r5;!r6;!r7;!r8:1]~[#6X4;r7:2]~;@[#7X2;r7:3],N/A
a1383,specificity=4 index=1060 count=101,[#6X4;r4:1]~;@[#6X3;r4:2]~[#8X1;!r3;!r4;!r5;!r6;!r7;!r8:3],N/A
a1384,specificity=4 index=1061 count=101,[#7X2;r5:1]~;@[#6X3;r5:2]~[#8X1;!r3;!r4;!r5;!r6;!r7;!r8:3],N/A
a1385,specificity=4 index=1062 count=101,[#7X2;r5:1]~;@[#6X3;r5:2]~[#7X3;r6:3],N/A
a1386,specificity=4 index=1063 count=101,[#8X2;!r3;!r4;!r5;!r6;!r7;!r8:1]~[#6X4;r5:2]~;@[#8X2;r5:3],N/A
a1387,specificity=4 index=1064 count=101,[#16X2;!r3;!r4;!r5;!r6;!r7;!r8:1]~[#6X4;r6:2]~;@[#6X4;r6:3],N/A
a1388,specificity=4 index=1065 count=101,[#6X3;r6:1]~[#7X3;r4:2]~;@[#6X4;r4:3],N/A
a1389,specificity=4 index=1066 count=100,[#6X3;r6:1]~;@[#6X4;r6:2]~[#7X3;!r3;!r4;!r5;!r6;!r7;!r8:3],N/A
a1390,specificity=4 index=1067 count=100,[#6X3;r6:1]~;@[#6X3;r7:2]~[#8X1;!r3;!r4;!r5;!r6;!r7;!r8:3],N/A
a1391,specificity=4 index=1068 count=99,[#6X3;r6:1]~[#6X4;r5:2]~;@[#8X2;r5:3],N/A
a1392,specificity=4 index=1069 count=98,[#6X3;r6:1]~[#6X3;r5:2]~;@[#6X4;r5:3],N/A
a1393,specificity=4 index=1070 count=98,[#1X1;!r3;!r4;!r5;!r6;!r7;!r8:1]~[#6X3;r6:2]~;@[#8X2;r6:3],N/A
a1394,specificity=4 index=1071 count=98,[#16X2;!r3;!r4;!r5;!r6;!r7;!r8:1]~[#6X3;r6:2]~;@[#7X3;r6:3],N/A
a1395,specificity=4 index=1072 count=98,[#6X4;r5:1]~;@[#6X3;r5:2]~[#7X2;!r3;!r4;!r5;!r6;!r7;!r8:3],N/A
a1396,specificity=4 index=1073 count=97,[#1X1;!r3;!r4;!r5;!r6;!r7;!r8:1]~[#7X3;r6:2]~;@[#7X2;r6:3],N/A
a1397,specificity=4 index=1074 count=97,[#6X3;r5:1]~;@[#7X3;r5:2]~[#8X2;!r3;!r4;!r5;!r6;!r7;!r8:3],N/A
a1398,specificity=4 index=1075 count=97,[#6X4;r6:1]~;@[#6X4;r6:2]~[#7X2;!r3;!r4;!r5;!r6;!r7;!r8:3],N/A
a1399,specificity=4 index=1076 count=97,[#6X2;!r3;!r4;!r5;!r6;!r7;!r8:1]~[#6X4;r3:2]~;@[#6X4;r3:3],N/A
a1400,specificity=4 index=1077 count=96,[#6X3;r5:1]~;@[#6X4;r5:2]~[#7X3;!r3;!r4;!r5;!r6;!r7;!r8:3],N/A
a1401,specificity=4 index=1078 count=96,[#6X3;r5:1]~;@[#6X4;r6:2]~[#6X4;!r3;!r4;!r5;!r6;!r7;!r8:3],N/A
a1402,specificity=4 index=1079 count=94,[#7X2;!r3;!r4;!r5;!r6;!r7;!r8:1]~[#6X3;r5:2]~;@[#7X2;r5:3],N/A
a1403,specificity=4 index=1080 count=93,[#6X4;!r3;!r4;!r5;!r6;!r7;!r8:1]~[#6X4;r5:2]~;@[#6X4;r6:3],N/A
a1404,specificity=4 index=1081 count=93,[#6X4;!r3;!r4;!r5;!r6;!r7;!r8:1]~[#6X3;r6:2]~;@[#8X2;r6:3],N/A
a1405,specificity=4 index=1082 count=91,[#6X3;r5:1]~;@[#6X3;r5:2]~[#6X4;r3:3],N/A
a1406,specificity=4 index=1083 count=91,[#16X2;r7:1]~;@[#6X4;r7:2]~[#1X1;!r3;!r4;!r5;!r6;!r7;!r8:3],N/A
a1407,specificity=4 index=1084 count=91,[#16X2;r6:1]~;@[#6X4;r6:2]~[#6X4;!r3;!r4;!r5;!r6;!r7;!r8:3],N/A
a1408,specificity=4 index=1085 count=91,[#16X4;!r3;!r4;!r5;!r6;!r7;!r8:1]~[#7X3;r5:2]~;@[#6X4;r5:3],N/A
a1409,specificity=4 index=1086 count=90,[#6X4;r6:1]~;@[#7X3;r6:2]~[#6X4;r6:3],N/A
a1410,specificity=4 index=1087 count=90,[#6X3;r6:1]~[#7X3;r5:2]~;@[#7X3;r5:3],N/A
a1411,specificity=4 index=1088 count=89,[#6X4;r5:1]~;@[#6X4;r5:2]~[#7X3;r6:3],N/A
a1412,specificity=4 index=1089 count=88,[#6X3;r6:1]~;@[#7X3;r6:2]~[#6X4;r5:3],N/A
a1413,specificity=4 index=1090 count=88,[#6X3;r6:1]~;@[#6X3;r6:2]~[#6X4;r7:3],N/A
a1414,specificity=4 index=1091 count=87,[#6X2;!r3;!r4;!r5;!r6;!r7;!r8:1]~[#6X4;r6:2]~;@[#6X3;r6:3],N/A
a1415,specificity=4 index=1092 count=87,[#1X1;!r3;!r4;!r5;!r6;!r7;!r8:1]~[#6X3;r6:2]~;@[#6X4;r5:3],N/A
a1416,specificity=4 index=1093 count=87,[#6X3;r6:1]~;@[#7X3;r6:2]~[#7X3;!r3;!r4;!r5;!r6;!r7;!r8:3],N/A
a1417,specificity=4 index=1094 count=87,[#6X4;!r3;!r4;!r5;!r6;!r7;!r8:1]~[#6X4;r6:2]~;@[#7X2;r6:3],N/A
a1418,specificity=4 index=1095 count=84,[#6X3;!r3;!r4;!r5;!r6;!r7;!r8:1]~[#6X4;r4:2]~;@[#6X4;r4:3],N/A
a1419,specificity=4 index=1096 count=84,[#6X4;!r3;!r4;!r5;!r6;!r7;!r8:1]~[#6X4;r6:2]~;@[#6X4;r5:3],N/A
a1420,specificity=4 index=1097 count=82,[#7X3;r4:1]~;@[#6X3;r4:2]~[#8X1;!r3;!r4;!r5;!r6;!r7;!r8:3],N/A
a1421,specificity=4 index=1098 count=82,[#7X2;r6:1]~;@[#6X3;r6:2]~[#9X1;!r3;!r4;!r5;!r6;!r7;!r8:3],N/A
a1422,specificity=4 index=1099 count=81,[#6X3;r5:1]~;@[#6X3;r6:2]~[#9X1;!r3;!r4;!r5;!r6;!r7;!r8:3],N/A
a1423,specificity=4 index=1100 count=81,[#6X4;r3:1]~[#6X3;r5:2]~;@[#7X2;r5:3],N/A
a1424,specificity=4 index=1101 count=80,[#6X4;!r3;!r4;!r5;!r6;!r7;!r8:1]~[#7X3;r5:2]~;@[#7X3;r5:3],N/A
a1425,specificity=4 index=1102 count=79,[#6X4;r5:1]~[#6X3;r5:2]~;@[#7X2;r5:3],N/A
a1426,specificity=4 index=1103 count=78,[#6X3;r7:1]~;@[#7X3;r7:2]~[#6X4;!r3;!r4;!r5;!r6;!r7;!r8:3],N/A
a1427,specificity=4 index=1104 count=78,[#6X4;!r3;!r4;!r5;!r6;!r7;!r8:1]~[#6X3;r6:2]~;@[#7X3;r5:3],N/A
a1428,specificity=4 index=1105 count=78,[#35X1;!r3;!r4;!r5;!r6;!r7;!r8:1]~[#6X3;r6:2]~;@[#6X3;r5:3],N/A
a1429,specificity=4 index=1106 count=77,[#7X3;!r3;!r4;!r5;!r6;!r7;!r8:1]~[#6X3;r6:2]~;@[#7X3;r5:3],N/A
a1430,specificity=4 index=1107 count=77,[#6X3;!r3;!r4;!r5;!r6;!r7;!r8:1]~[#6X4;r5:2]~;@[#8X2;r5:3],N/A
a1431,specificity=4 index=1108 count=77,[#6X3;r5:1]~[#6X4;r5:2]~;@[#7X3;r5:3],N/A
a1432,specificity=4 index=1109 count=76,[#6X3;!r3;!r4;!r5;!r6;!r7;!r8:1]~[#6X4;r6:2]~;@[#7X3;r6:3],N/A
a1433,specificity=4 index=1110 count=76,[#1X1;!r3;!r4;!r5;!r6;!r7;!r8:1]~[#6X4;r3:2]~;@[#6X4;r6:3],N/A
a1434,specificity=4 index=1111 count=75,[#6X3;r5:1]~;@[#6X3;r5:2]~[#7X3;r6:3],N/A
a1435,specificity=4 index=1112 count=75,[#6X4;!r3;!r4;!r5;!r6;!r7;!r8:1]~[#7X4;r5:2]~;@[#6X4;r5:3],N/A
a1436,specificity=4 index=1113 count=74,[#1X1;!r3;!r4;!r5;!r6;!r7;!r8:1]~[#6X4;r6:2]~;@[#6X4;r4:3],N/A
a1437,specificity=4 index=1114 count=74,[#6X4;r5:1]~;@[#6X4;r6:2]~[#8X2;!r3;!r4;!r5;!r6;!r7;!r8:3],N/A
a1438,specificity=4 index=1115 count=74,[#17X1;!r3;!r4;!r5;!r6;!r7;!r8:1]~[#6X4;r5:2]~;@[#6X3;r5:3],N/A
a1439,specificity=4 index=1116 count=73,[#6X3;!r3;!r4;!r5;!r6;!r7;!r8:1]~[#6X4;r6:2]~;@[#8X2;r6:3],N/A
a1440,specificity=4 index=1117 count=73,[#6X4;!r3;!r4;!r5;!r6;!r7;!r8:1]~[#6X4;r5:2]~;@[#7X2;r5:3],N/A
a1441,specificity=4 index=1118 count=73,[#6X3;r5:1]~[#6X4;r6:2]~;@[#6X3;r6:3],N/A
a1442,specificity=4 index=1119 count=72,[#6X4;r6:1]~;@[#6X3;r6:2]~[#7X3;!r3;!r4;!r5;!r6;!r7;!r8:3],N/A
a1443,specificity=4 index=1120 count=72,[#17X1;!r3;!r4;!r5;!r6;!r7;!r8:1]~[#6X3;r5:2]~;@[#7X2;r5:3],N/A
a1444,specificity=4 index=1121 count=71,[#16X2;!r3;!r4;!r5;!r6;!r7;!r8:1]~[#6X4;r5:2]~;@[#6X4;r5:3],N/A
a1445,specificity=4 index=1122 count=71,[#16X2;r5:1]~;@[#6X3;r5:2]~[#7X3;r5:3],N/A
a1446,specificity=4 index=1123 count=70,[#6X4;r6:1]~;@[#6X3;r6:2]~[#8X2;!r3;!r4;!r5;!r6;!r7;!r8:3],N/A
a1447,specificity=4 index=1124 count=70,[#8X2;r5:1]~;@[#6X4;r5:2]~[#9X1;!r3;!r4;!r5;!r6;!r7;!r8:3],N/A
a1448,specificity=4 index=1125 count=69,[#6X4;r6:1]~;@[#7X3;r6:2]~[#7X3;!r3;!r4;!r5;!r6;!r7;!r8:3],N/A
a1449,specificity=4 index=1126 count=69,[#1X1;!r3;!r4;!r5;!r6;!r7;!r8:1]~[#6X4;r7:2]~;@[#7X3;r6:3],N/A
a1450,specificity=4 index=1127 count=69,[#6X3;r5:1]~;@[#7X3;r5:2]~[#7X2;!r3;!r4;!r5;!r6;!r7;!r8:3],N/A
a1451,specificity=4 index=1128 count=68,[#1X1;!r3;!r4;!r5;!r6;!r7;!r8:1]~[#6X4;r5:2]~;@[#6X4;r7:3],N/A
a1452,specificity=4 index=1129 count=68,[#1X1;!r3;!r4;!r5;!r6;!r7;!r8:1]~[#6X4;r7:2]~;@[#6X4;r6:3],N/A
a1453,specificity=4 index=1130 count=68,[#6X3;r6:1]~;@[#6X3;r6:2]~[#7X3;r4:3],N/A
a1454,specificity=4 index=1131 count=68,[#17X1;!r3;!r4;!r5;!r6;!r7;!r8:1]~[#6X4;r4:2]~;@[#6X4;r4:3],N/A
a1455,specificity=4 index=1132 count=67,[#6X3;r5:1]~;@[#6X3;r6:2]~[#6X3;r5:3],N/A
a1456,specificity=4 index=1133 count=67,[#6X3;!r3;!r4;!r5;!r6;!r7;!r8:1]~[#7X3;r7:2]~;@[#6X4;r7:3],N/A
a1457,specificity=4 index=1134 count=66,[#6X3;r6:1]~;@[#7X3;r7:2]~[#6X4;!r3;!r4;!r5;!r6;!r7;!r8:3],N/A
a1458,specificity=4 index=1135 count=65,[#16X2;!r3;!r4;!r5;!r6;!r7;!r8:1]~[#6X3;r6:2]~;@[#6X3;r5:3],N/A
a1459,specificity=4 index=1136 count=65,[#6X3;r6:1]~;@[#6X3;r6:2]~[#7X3;r7:3],N/A
a1460,specificity=4 index=1137 count=65,[#6X4;r6:1]~[#6X3;r6:2]~;@[#7X2;r6:3],N/A
a1461,specificity=4 index=1138 count=64,[#1X1;!r3;!r4;!r5;!r6;!r7;!r8:1]~[#6X4;r5:2]~;@[#7X3;r6:3],N/A
a1462,specificity=4 index=1139 count=63,[#7X3;r5:1]~;@[#6X4;r5:2]~[#8X2;!r3;!r4;!r5;!r6;!r7;!r8:3],N/A
a1463,specificity=4 index=1140 count=62,[#6X4;r3:1]~;@[#6X4;r3:2]~[#9X1;!r3;!r4;!r5;!r6;!r7;!r8:3],N/A
a1464,specificity=4 index=1141 count=62,[#16X4;!r3;!r4;!r5;!r6;!r7;!r8:1]~[#6X3;r5:2]~;@[#7X2;r5:3],N/A
a1465,specificity=4 index=1142 count=62,[#6X2;!r3;!r4;!r5;!r6;!r7;!r8:1]~[#6X3;r5:2]~;@[#7X2;r5:3],N/A
a1466,specificity=4 index=1143 count=62,[#6X4;r3:1]~[#6X3;r6:2]~;@[#7X2;r6:3],N/A
a1467,specificity=4 index=1144 count=61,[#6X3;r5:1]~[#7X3;r5:2]~;@[#7X2;r5:3],N/A
a1468,specificity=4 index=1145 count=61,[#17X1;!r3;!r4;!r5;!r6;!r7;!r8:1]~[#6X3;r5:2]~;@[#7X3;r5:3],N/A
a1469,specificity=4 index=1146 count=60,[#6X3;r5:1]~;@[#6X3;r6:2]~[#7X3;r6:3],N/A
a1470,specificity=4 index=1147 count=60,[#7X3;r6:1]~;@[#6X3;r6:2]~[#8X2;!r3;!r4;!r5;!r6;!r7;!r8:3],N/A
a1471,specificity=4 index=1148 count=60,[#16X2;r5:1]~;@[#6X3;r5:2]~[#6X4;r6:3],N/A
a1472,specificity=4 index=1149 count=60,[#6X3;r5:1]~[#7X3;r5:2]~;@[#6X4;r5:3],N/A
a1473,specificity=4 index=1150 count=60,[#16X2;r5:1]~;@[#6X3;r5:2]~[#7X3;r6:3],N/A
a1474,specificity=4 index=1151 count=59,[#16X4;!r3;!r4;!r5;!r6;!r7;!r8:1]~[#6X3;r6:2]~;@[#7X2;r6:3],N/A
a1475,specificity=4 index=1152 count=59,[#6X3;r4:1]~;@[#6X3;r4:2]~[#8X1;!r3;!r4;!r5;!r6;!r7;!r8:3],N/A
a1476,specificity=4 index=1153 count=59,[#6X4;!r3;!r4;!r5;!r6;!r7;!r8:1]~[#7X3;r4:2]~;@[#6X4;r4:3],N/A
a1477,specificity=4 index=1154 count=58,[#1X1;!r3;!r4;!r5;!r6;!r7;!r8:1]~[#7X3;r4:2]~;@[#6X4;r4:3],N/A
a1478,specificity=4 index=1155 count=58,[#1X1;!r3;!r4;!r5;!r6;!r7;!r8:1]~[#6X3;r7:2]~;@[#6X3;r6:3],N/A
a1479,specificity=4 index=1156 count=58,[#16X1;!r3;!r4;!r5;!r6;!r7;!r8:1]~[#6X3;r6:2]~;@[#6X3;r6:3],N/A
a1480,specificity=4 index=1157 count=58,[#35X1;!r3;!r4;!r5;!r6;!r7;!r8:1]~[#6X4;r6:2]~;@[#6X4;r6:3],N/A
a1481,specificity=4 index=1158 count=57,[#8X1;!r3;!r4;!r5;!r6;!r7;!r8:1]~[#15X4;r6:2]~;@[#8X2;r6:3],N/A
a1482,specificity=4 index=1159 count=56,[#6X4;r6:1]~[#6X3;r5:2]~;@[#7X3;r5:3],N/A
a1483,specificity=4 index=1160 count=56,[#6X3;r6:1]~[#7X3;r3:2]~;@[#6X4;r3:3],N/A
a1484,specificity=4 index=1161 count=55,[#6X2;!r3;!r4;!r5;!r6;!r7;!r8:1]~[#6X3;r5:2]~;@[#7X3;r5:3],N/A
a1485,specificity=4 index=1162 count=55,[#6X4;r6:1]~[#6X3;r5:2]~;@[#8X2;r5:3],N/A
a1486,specificity=4 index=1163 count=55,[#6X3;r7:1]~;@[#6X3;r7:2]~[#6X4;!r3;!r4;!r5;!r6;!r7;!r8:3],N/A
a1487,specificity=4 index=1164 count=54,[#16X2;r5:1]~;@[#6X3;r5:2]~[#35X1;!r3;!r4;!r5;!r6;!r7;!r8:3],N/A
a1488,specificity=4 index=1165 count=54,[#6X4;r6:1]~;@[#6X4;r6:2]~[#6X4;r6:3],N/A
a1489,specificity=4 index=1166 count=54,[#6X3;r5:1]~[#6X3;r6:2]~;@[#6X4;r6:3],N/A
a1490,specificity=4 index=1167 count=54,[#16X2;r5:1]~;@[#6X4;r5:2]~[#6X3;r6:3],N/A
a1491,specificity=4 index=1168 count=54,[#6X3;r6:1]~;@[#7X3;r6:2]~[#6X4;r6:3],N/A
a1492,specificity=4 index=1169 count=54,[#15X4;!r3;!r4;!r5;!r6;!r7;!r8:1]~[#7X3;r3:2]~;@[#6X4;r3:3],N/A
a1493,specificity=4 index=1170 count=53,[#6X3;r6:1]~[#6X3;r7:2]~;@[#7X2;r7:3],N/A
a1494,specificity=4 index=1171 count=53,[#1X1;!r3;!r4;!r5;!r6;!r7;!r8:1]~[#6X4;r4:2]~;@[#6X4;r5:3],N/A
a1495,specificity=4 index=1172 count=53,[#1X1;!r3;!r4;!r5;!r6;!r7;!r8:1]~[#7X3;r6:2]~;@[#7X3;r6:3],N/A
a1496,specificity=4 index=1173 count=53,[#6X3;r5:1]~[#6X4;r6:2]~;@[#7X3;r6:3],N/A
a1497,specificity=4 index=1174 count=53,[#6X3;r5:1]~;@[#6X3;r6:2]~[#7X3;r5:3],N/A
a1498,specificity=4 index=1175 count=53,[#6X4;r4:1]~;@[#6X4;r4:2]~[#7X3;r5:3],N/A
a1499,specificity=4 index=1176 count=52,[#6X3;!r3;!r4;!r5;!r6;!r7;!r8:1]~[#6X3;r6:2]~;@[#8X2;r6:3],N/A
a1500,specificity=4 index=1177 count=52,[#1X1;!r3;!r4;!r5;!r6;!r7;!r8:1]~[#7X4;r6:2]~;@[#6X4;r6:3],N/A
a1501,specificity=4 index=1178 count=52,[#6X3;r5:1]~;@[#6X4;r6:2]~[#6X3;r6:3],N/A
a1502,specificity=4 index=1179 count=52,[#6X3;r5:1]~;@[#7X3;r5:2]~[#8X1;!r3;!r4;!r5;!r6;!r7;!r8:3],N/A
a1503,specificity=4 index=1180 count=51,[#6X4;r6:1]~[#7X3;r5:2]~;@[#7X2;r5:3],N/A
a1504,specificity=4 index=1181 count=51,[#6X3;r5:1]~[#7X3;r6:2]~;@[#6X3;r6:3],N/A
a1505,specificity=4 index=1182 count=51,[#6X3;r5:1]~[#6X4;r4:2]~;@[#6X4;r4:3],N/A
a1506,specificity=4 index=1183 count=51,[#6X3;r4:1]~;@[#6X4;r4:2]~[#6X4;!r3;!r4;!r5;!r6;!r7;!r8:3],N/A
a1507,specificity=4 index=1184 count=51,[#16X3;r5:1]~;@[#6X4;r5:2]~[#1X1;!r3;!r4;!r5;!r6;!r7;!r8:3],N/A
a1508,specificity=4 index=1185 count=51,[#16X2;r5:1]~;@[#6X3;r5:2]~[#8X2;!r3;!r4;!r5;!r6;!r7;!r8:3],N/A
a1509,specificity=4 index=1186 count=50,[#6X4;r5:1]~[#7X3;r6:2]~;@[#6X4;r6:3],N/A
a1510,specificity=4 index=1187 count=50,[#17X1;!r3;!r4;!r5;!r6;!r7;!r8:1]~[#6X4;r3:2]~;@[#6X4;r3:3],N/A
a1511,specificity=4 index=1188 count=50,[#6X4;r5:1]~[#6X3;r6:2]~;@[#7X2;r6:3],N/A
a1512,specificity=4 index=1189 count=49,[#6X3;r7:1]~;@[#6X3;r7:2]~[#8X1;!r3;!r4;!r5;!r6;!r7;!r8:3],N/A
a1513,specificity=4 index=1190 count=49,[#6X4;r6:1]~;@[#7X4;r6:2]~[#8X1;!r3;!r4;!r5;!r6;!r7;!r8:3],N/A
a1514,specificity=4 index=1191 count=49,[#6X4;r6:1]~;@[#7X3;r6:2]~[#7X2;!r3;!r4;!r5;!r6;!r7;!r8:3],N/A
a1515,specificity=4 index=1192 count=48,[#1X1;!r3;!r4;!r5;!r6;!r7;!r8:1]~[#7X4;r5:2]~;@[#6X4;r5:3],N/A
a1516,specificity=4 index=1193 count=48,[#6X4;r3:1]~;@[#6X4;r3:2]~[#7X3;r6:3],N/A
a1517,specificity=4 index=1194 count=48,[#1X1;!r3;!r4;!r5;!r6;!r7;!r8:1]~[#6X4;r3:2]~;@[#6X3;r6:3],N/A
a1518,specificity=4 index=1195 count=47,[#6X4;r5:1]~;@[#6X4;r5:2]~[#7X2;!r3;!r4;!r5;!r6;!r7;!r8:3],N/A
a1519,specificity=4 index=1196 count=47,[#6X3;r6:1]~[#6X3;r6:2]~;@[#8X2;r6:3],N/A
a1520,specificity=4 index=1197 count=47,[#16X2;!r3;!r4;!r5;!r6;!r7;!r8:1]~[#6X3;r5:2]~;@[#8X2;r5:3],N/A
a1521,specificity=4 index=1198 count=47,[#35X1;!r3;!r4;!r5;!r6;!r7;!r8:1]~[#6X3;r5:2]~;@[#7X2;r5:3],N/A
a1522,specificity=4 index=1199 count=46,[#6X3;r5:1]~;@[#6X3;r7:2]~[#8X1;!r3;!r4;!r5;!r6;!r7;!r8:3],N/A
a1523,specificity=4 index=1200 count=46,[#16X3;r6:1]~;@[#6X4;r6:2]~[#1X1;!r3;!r4;!r5;!r6;!r7;!r8:3],N/A
a1524,specificity=4 index=1201 count=46,[#1X1;!r3;!r4;!r5;!r6;!r7;!r8:1]~[#7X3;r6:2]~;@[#6X4;r5:3],N/A
a1525,specificity=4 index=1202 count=46,[#35X1;!r3;!r4;!r5;!r6;!r7;!r8:1]~[#6X3;r5:2]~;@[#7X3;r5:3],N/A
a1526,specificity=4 index=1203 count=46,[#6X3;!r3;!r4;!r5;!r6;!r7;!r8:1]~[#6X4;r3:2]~;@[#8X2;r3:3],N/A
a1527,specificity=4 index=1204 count=45,[#16X2;r5:1]~;@[#6X3;r5:2]~[#6X2;!r3;!r4;!r5;!r6;!r7;!r8:3],N/A
a1528,specificity=4 index=1205 count=45,[#6X4;r3:1]~;@[#6X4;r3:2]~[#7X3;r5:3],N/A
a1529,specificity=4 index=1206 count=45,[#17X1;!r3;!r4;!r5;!r6;!r7;!r8:1]~[#6X4;r6:2]~;@[#6X3;r6:3],N/A
a1530,specificity=4 index=1207 count=44,[#1X1;!r3;!r4;!r5;!r6;!r7;!r8:1]~[#7X3;r5:2]~;@[#8X2;r5:3],N/A
a1531,specificity=4 index=1208 count=44,[#6X4;r7:1]~;@[#6X4;r7:2]~[#7X3;!r3;!r4;!r5;!r6;!r7;!r8:3],N/A
a1532,specificity=4 index=1209 count=44,[#6X3;r5:1]~[#6X4;r5:2]~;@[#8X2;r5:3],N/A
a1533,specificity=4 index=1210 count=44,[#6X3;r7:1]~;@[#6X4;r7:2]~[#6X4;!r3;!r4;!r5;!r6;!r7;!r8:3],N/A
a1534,specificity=4 index=1211 count=43,[#6X4;!r3;!r4;!r5;!r6;!r7;!r8:1]~[#6X4;r6:2]~;@[#7X3;r5:3],N/A
a1535,specificity=4 index=1212 count=43,[#6X3;r5:1]~;@[#6X4;r5:2]~[#6X3;r5:3],N/A
a1536,specificity=4 index=1213 count=42,[#7X3;r6:1]~;@[#6X4;r6:2]~[#8X2;!r3;!r4;!r5;!r6;!r7;!r8:3],N/A
a1537,specificity=4 index=1214 count=42,[#1X1;!r3;!r4;!r5;!r6;!r7;!r8:1]~[#6X3;r7:2]~;@[#6X4;r7:3],N/A
a1538,specificity=4 index=1215 count=42,[#7X3;r5:1]~[#6X4;r5:2]~;@[#8X2;r5:3],N/A
a1539,specificity=4 index=1216 count=42,[#1X1;!r3;!r4;!r5;!r6;!r7;!r8:1]~[#6X3;r7:2]~;@[#6X3;r5:3],N/A
a1540,specificity=4 index=1217 count=42,[#16X4;!r3;!r4;!r5;!r6;!r7;!r8:1]~[#6X4;r3:2]~;@[#6X4;r3:3],N/A
a1541,specificity=4 index=1218 count=41,[#6X4;r5:1]~;@[#6X3;r5:2]~[#7X3;!r3;!r4;!r5;!r6;!r7;!r8:3],N/A
a1542,specificity=4 index=1219 count=41,[#15X3;!r3;!r4;!r5;!r6;!r7;!r8:1]~[#6X3;r6:2]~;@[#6X3;r6:3],N/A
a1543,specificity=4 index=1220 count=40,[#16X4;r6:1]~;@[#7X3;r6:2]~[#6X4;!r3;!r4;!r5;!r6;!r7;!r8:3],N/A
a1544,specificity=4 index=1221 count=40,[#7X3;!r3;!r4;!r5;!r6;!r7;!r8:1]~[#6X4;r5:2]~;@[#7X3;r5:3],N/A
a1545,specificity=4 index=1222 count=40,[#6X3;r6:1]~[#7X3;r7:2]~;@[#6X4;r7:3],N/A
a1546,specificity=4 index=1223 count=40,[#6X3;r5:1]~;@[#6X3;r5:2]~[#9X1;!r3;!r4;!r5;!r6;!r7;!r8:3],N/A
a1547,specificity=4 index=1224 count=40,[#17X1;!r3;!r4;!r5;!r6;!r7;!r8:1]~[#6X3;r5:2]~;@[#6X4;r5:3],N/A
a1548,specificity=4 index=1225 count=39,[#6X2;!r3;!r4;!r5;!r6;!r7;!r8:1]~[#6X3;r6:2]~;@[#6X3;r5:3],N/A
a1549,specificity=4 index=1226 count=39,[#6X3;r6:1]~;@[#6X3;r7:2]~[#6X3;r6:3],N/A
a1550,specificity=4 index=1227 count=39,[#53X1;!r3;!r4;!r5;!r6;!r7;!r8:1]~[#6X3;r5:2]~;@[#6X3;r5:3],N/A
a1551,specificity=4 index=1228 count=39,[#6X4;r5:1]~;@[#7X3;r5:2]~[#8X2;!r3;!r4;!r5;!r6;!r7;!r8:3],N/A
a1552,specificity=4 index=1229 count=39,[#6X4;r5:1]~[#6X3;r5:2]~;@[#7X3;r5:3],N/A
a1553,specificity=4 index=1230 count=39,[#6X4;!r3;!r4;!r5;!r6;!r7;!r8:1]~[#6X4;r7:2]~;@[#8X2;r7:3],N/A
a1554,specificity=4 index=1231 count=39,[#7X2;r6:1]~;@[#16X4;r6:2]~[#8X1;!r3;!r4;!r5;!r6;!r7;!r8:3],N/A
a1555,specificity=4 index=1232 count=38,[#6X4;r3:1]~[#6X3;r5:2]~;@[#7X3;r5:3],N/A
a1556,specificity=4 index=1233 count=38,[#6X3;r6:1]~[#7X3;r6:2]~;@[#7X2;r6:3],N/A
a1557,specificity=4 index=1234 count=38,[#6X4;r5:1]~[#6X3;r5:2]~;@[#8X2;r5:3],N/A
a1558,specificity=4 index=1235 count=38,[#6X3;r5:1]~;@[#7X3;r5:2]~[#6X4;r3:3],N/A
a1559,specificity=4 index=1236 count=38,[#6X4;r5:1]~;@[#6X3;r5:2]~[#8X2;!r3;!r4;!r5;!r6;!r7;!r8:3],N/A
a1560,specificity=4 index=1237 count=38,[#6X4;r4:1]~;@[#16X4;r4:2]~[#8X1;!r3;!r4;!r5;!r6;!r7;!r8:3],N/A
a1561,specificity=4 index=1238 count=37,[#35X1;!r3;!r4;!r5;!r6;!r7;!r8:1]~[#6X4;r5:2]~;@[#6X4;r5:3],N/A
a1562,specificity=4 index=1239 count=37,[#6X4;!r3;!r4;!r5;!r6;!r7;!r8:1]~[#6X4;r7:2]~;@[#7X3;r7:3],N/A
a1563,specificity=4 index=1240 count=37,[#6X3;r6:1]~;@[#6X4;r6:2]~[#9X1;!r3;!r4;!r5;!r6;!r7;!r8:3],N/A
a1564,specificity=4 index=1241 count=37,[#6X4;r7:1]~;@[#6X4;r7:2]~[#8X2;!r3;!r4;!r5;!r6;!r7;!r8:3],N/A
a1565,specificity=4 index=1242 count=37,[#35X1;!r3;!r4;!r5;!r6;!r7;!r8:1]~[#6X3;r6:2]~;@[#7X2;r6:3],N/A
a1566,specificity=4 index=1243 count=36,[#6X4;r5:1]~;@[#7X3;r5:2]~[#6X4;r6:3],N/A
a1567,specificity=4 index=1244 count=36,[#8X2;!r3;!r4;!r5;!r6;!r7;!r8:1]~[#6X3;r5:2]~;@[#8X2;r5:3],N/A
a1568,specificity=4 index=1245 count=36,[#6X3;r7:1]~;@[#6X3;r7:2]~[#8X2;!r3;!r4;!r5;!r6;!r7;!r8:3],N/A
a1569,specificity=4 index=1246 count=36,[#6X3;r6:1]~;@[#7X3;r6:2]~[#6X4;r3:3],N/A
a1570,specificity=4 index=1247 count=36,[#7X2;!r3;!r4;!r5;!r6;!r7;!r8:1]~[#6X3;r5:2]~;@[#8X2;r5:3],N/A
a1571,specificity=4 index=1248 count=36,[#6X4;r5:1]~[#7X3;r5:2]~;@[#7X2;r5:3],N/A
a1572,specificity=4 index=1249 count=36,[#16X4;r6:1]~;@[#7X3;r6:2]~[#1X1;!r3;!r4;!r5;!r6;!r7;!r8:3],N/A
a1573,specificity=4 index=1250 count=36,[#6X4;r7:1]~;@[#16X4;r7:2]~[#8X1;!r3;!r4;!r5;!r6;!r7;!r8:3],N/A
a1574,specificity=4 index=1251 count=36,[#7X2;r6:1]~;@[#6X3;r6:2]~[#7X3;r4:3],N/A
a1575,specificity=4 index=1252 count=36,[#6X3;r6:1]~;@[#6X3;r6:2]~[#7X3;r3:3],N/A
a1576,specificity=4 index=1253 count=35,[#6X3;r6:1]~[#6X4;r6:2]~;@[#7X2;r6:3],N/A
a1577,specificity=4 index=1254 count=35,[#6X2;!r3;!r4;!r5;!r6;!r7;!r8:1]~[#6X3;r6:2]~;@[#6X4;r6:3],N/A
a1578,specificity=4 index=1255 count=35,[#6X2;!r3;!r4;!r5;!r6;!r7;!r8:1]~[#7X3;r5:2]~;@[#6X4;r5:3],N/A
a1579,specificity=4 index=1256 count=35,[#6X3;r6:1]~[#6X4;r5:2]~;@[#7X2;r5:3],N/A
a1580,specificity=4 index=1257 count=35,[#6X3;r5:1]~;@[#7X3;r5:2]~[#6X4;r4:3],N/A
a1581,specificity=4 index=1258 count=35,[#6X4;!r3;!r4;!r5;!r6;!r7;!r8:1]~[#7X3;r3:2]~;@[#6X4;r3:3],N/A
a1582,specificity=4 index=1259 count=34,[#16X2;r6:1]~;@[#6X3;r6:2]~[#7X3;!r3;!r4;!r5;!r6;!r7;!r8:3],N/A
a1583,specificity=4 index=1260 count=34,[#16X4;!r3;!r4;!r5;!r6;!r7;!r8:1]~[#6X3;r5:2]~;@[#7X3;r5:3],N/A
a1584,specificity=4 index=1261 count=34,[#6X3;r6:1]~[#6X3;r6:2]~;@[#7X3;r5:3],N/A
a1585,specificity=4 index=1262 count=34,[#7X3;!r3;!r4;!r5;!r6;!r7;!r8:1]~[#6X4;r6:2]~;@[#7X3;r6:3],N/A
a1586,specificity=4 index=1263 count=34,[#6X4;r5:1]~[#6X4;r6:2]~;@[#6X4;r6:3],N/A
a1587,specificity=4 index=1264 count=34,[#6X4;r3:1]~;@[#6X3;r5:2]~[#8X1;!r3;!r4;!r5;!r6;!r7;!r8:3],N/A
a1588,specificity=4 index=1265 count=34,[#16X1;!r3;!r4;!r5;!r6;!r7;!r8:1]~[#6X3;r6:2]~;@[#7X2;r6:3],N/A
a1589,specificity=4 index=1266 count=34,[#1X1;!r3;!r4;!r5;!r6;!r7;!r8:1]~[#6X4;r8:2]~;@[#6X3;r8:3],N/A
a1590,specificity=4 index=1267 count=33,[#6X4;!r3;!r4;!r5;!r6;!r7;!r8:1]~[#7X3;r6:2]~;@[#6X4;r5:3],N/A
a1591,specificity=4 index=1268 count=33,[#16X2;r5:1]~;@[#6X3;r5:2]~[#6X4;r5:3],N/A
a1592,specificity=4 index=1269 count=33,[#7X2;r7:1]~;@[#6X3;r7:2]~[#7X3;!r3;!r4;!r5;!r6;!r7;!r8:3],N/A
a1593,specificity=4 index=1270 count=33,[#16X2;!r3;!r4;!r5;!r6;!r7;!r8:1]~[#6X4;r5:2]~;@[#6X3;r5:3],N/A
a1594,specificity=4 index=1271 count=33,[#1X1;!r3;!r4;!r5;!r6;!r7;!r8:1]~[#6X4;r5:2]~;@[#8X2;r6:3],N/A
a1595,specificity=4 index=1272 count=32,[#6X3;r7:1]~[#7X3;r6:2]~;@[#6X4;r6:3],N/A
a1596,specificity=4 index=1273 count=32,[#35X1;!r3;!r4;!r5;!r6;!r7;!r8:1]~[#6X3;r5:2]~;@[#8X2;r5:3],N/A
a1597,specificity=4 index=1274 count=32,[#6X4;r6:1]~;@[#7X3;r6:2]~[#8X2;!r3;!r4;!r5;!r6;!r7;!r8:3],N/A
a1598,specificity=4 index=1275 count=32,[#1X1;!r3;!r4;!r5;!r6;!r7;!r8:1]~[#6X4;r3:2]~;@[#6X3;r5:3],N/A
a1599,specificity=4 index=1276 count=32,[#6X4;!r3;!r4;!r5;!r6;!r7;!r8:1]~[#6X4;r6:2]~;@[#6X4;r3:3],N/A
a1600,specificity=4 index=1277 count=31,[#6X3;!r3;!r4;!r5;!r6;!r7;!r8:1]~[#7X3;r7:2]~;@[#6X3;r6:3],N/A
a1601,specificity=4 index=1278 count=31,[#16X2;!r3;!r4;!r5;!r6;!r7;!r8:1]~[#6X4;r6:2]~;@[#6X3;r6:3],N/A
a1602,specificity=4 index=1279 count=31,[#6X4;!r3;!r4;!r5;!r6;!r7;!r8:1]~[#6X4;r5:2]~;@[#6X4;r3:3],N/A
a1603,specificity=4 index=1280 count=31,[#6X4;r3:1]~;@[#6X3;r6:2]~[#8X1;!r3;!r4;!r5;!r6;!r7;!r8:3],N/A
a1604,specificity=4 index=1281 count=30,[#7X3;!r3;!r4;!r5;!r6;!r7;!r8:1]~[#6X3;r6:2]~;@[#8X2;r6:3],N/A
a1605,specificity=4 index=1282 count=30,[#6X4;r5:1]~;@[#16X3;r5:2]~[#8X1;!r3;!r4;!r5;!r6;!r7;!r8:3],N/A
a1606,specificity=4 index=1283 count=30,[#6X4;r3:1]~;@[#6X4;r3:2]~[#6X4;r6:3],N/A
a1607,specificity=4 index=1284 count=30,[#7X3;!r3;!r4;!r5;!r6;!r7;!r8:1]~[#6X4;r5:2]~;@[#8X2;r5:3],N/A
a1608,specificity=4 index=1285 count=30,[#17X1;!r3;!r4;!r5;!r6;!r7;!r8:1]~[#6X3;r6:2]~;@[#6X4;r6:3],N/A
a1609,specificity=4 index=1286 count=30,[#35X1;!r3;!r4;!r5;!r6;!r7;!r8:1]~[#6X4;r6:2]~;@[#6X3;r6:3],N/A
a1610,specificity=4 index=1287 count=30,[#16X4;r7:1]~;@[#6X4;r7:2]~[#1X1;!r3;!r4;!r5;!r6;!r7;!r8:3],N/A
a1611,specificity=4 index=1288 count=30,[#1X1;!r3;!r4;!r5;!r6;!r7;!r8:1]~[#6X4;r6:2]~;@[#6X4;r7:3],N/A
a1612,specificity=4 index=1289 count=30,[#6X3;r4:1]~;@[#6X3;r4:2]~[#7X3;!r3;!r4;!r5;!r6;!r7;!r8:3],N/A
a1613,specificity=4 index=1290 count=30,[#6X3;r5:1]~[#6X3;r5:2]~;@[#6X4;r5:3],N/A
a1614,specificity=4 index=1291 count=30,[#1X1;!r3;!r4;!r5;!r6;!r7;!r8:1]~[#6X4;r3:2]~;@[#6X3;r3:3],N/A
a1615,specificity=4 index=1292 count=30,[#6X2;!r3;!r4;!r5;!r6;!r7;!r8:1]~[#6X4;r4:2]~;@[#6X4;r4:3],N/A
a1616,specificity=4 index=1293 count=30,[#16X4;r4:1]~;@[#6X4;r4:2]~[#1X1;!r3;!r4;!r5;!r6;!r7;!r8:3],N/A
a1617,specificity=4 index=1294 count=29,[#6X4;!r3;!r4;!r5;!r6;!r7;!r8:1]~[#6X4;r3:2]~;@[#7X3;r3:3],N/A
a1618,specificity=4 index=1295 count=29,[#6X3;r5:1]~;@[#6X4;r6:2]~[#8X2;!r3;!r4;!r5;!r6;!r7;!r8:3],N/A
a1619,specificity=4 index=1296 count=29,[#1X1;!r3;!r4;!r5;!r6;!r7;!r8:1]~[#6X4;r8:2]~;@[#7X3;r8:3],N/A
a1620,specificity=4 index=1297 count=29,[#6X3;r5:1]~;@[#6X3;r6:2]~[#7X2;!r3;!r4;!r5;!r6;!r7;!r8:3],N/A
a1621,specificity=4 index=1298 count=29,[#6X4;r5:1]~;@[#6X4;r5:2]~[#6X4;r6:3],N/A
a1622,specificity=4 index=1299 count=29,[#6X4;r5:1]~;@[#6X4;r5:2]~[#6X4;r5:3],N/A
a1623,specificity=4 index=1300 count=29,[#7X3;r5:1]~;@[#6X3;r5:2]~[#7X3;r5:3],N/A
a1624,specificity=4 index=1301 count=29,[#6X3;r4:1]~;@[#6X4;r4:2]~[#9X1;!r3;!r4;!r5;!r6;!r7;!r8:3],N/A
a1625,specificity=4 index=1302 count=28,[#6X3;r5:1]~[#6X4;r6:2]~;@[#8X2;r6:3],N/A
a1626,specificity=4 index=1303 count=28,[#7X3;r5:1]~;@[#6X3;r5:2]~[#7X3;r6:3],N/A
a1627,specificity=4 index=1304 count=28,[#6X3;r5:1]~;@[#16X4;r6:2]~[#8X1;!r3;!r4;!r5;!r6;!r7;!r8:3],N/A
a1628,specificity=4 index=1305 count=28,[#6X3;!r3;!r4;!r5;!r6;!r7;!r8:1]~[#6X3;r7:2]~;@[#6X3;r7:3],N/A
a1629,specificity=4 index=1306 count=28,[#6X3;r6:1]~[#6X4;r6:2]~;@[#7X3;r5:3],N/A
a1630,specificity=4 index=1307 count=28,[#8X1;!r3;!r4;!r5;!r6;!r7;!r8:1]~[#16X4;r6:2]~;@[#8X2;r6:3],N/A
a1631,specificity=4 index=1308 count=28,[#6X4;r4:1]~;@[#6X4;r4:2]~[#7X3;r6:3],N/A
a1632,specificity=4 index=1309 count=28,[#6X3;r6:1]~;@[#16X4;r7:2]~[#8X1;!r3;!r4;!r5;!r6;!r7;!r8:3],N/A
a1633,specificity=4 index=1310 count=28,[#7X2;!r3;!r4;!r5;!r6;!r7;!r8:1]~[#6X3;r6:2]~;@[#8X2;r6:3],N/A
a1634,specificity=4 index=1311 count=27,[#7X3;r6:1]~[#6X4;r5:2]~;@[#8X2;r5:3],N/A
a1635,specificity=4 index=1312 count=27,[#1X1;!r3;!r4;!r5;!r6;!r7;!r8:1]~[#6X4;r4:2]~;@[#6X4;r6:3],N/A
a1636,specificity=4 index=1313 count=27,[#16X1;!r3;!r4;!r5;!r6;!r7;!r8:1]~[#6X3;r5:2]~;@[#8X2;r5:3],N/A
a1637,specificity=4 index=1314 count=27,[#6X3;r5:1]~[#6X3;r6:2]~;@[#7X3;r6:3],N/A
a1638,specificity=4 index=1315 count=27,[#6X4;r5:1]~;@[#7X3;r5:2]~[#7X3;!r3;!r4;!r5;!r6;!r7;!r8:3],N/A
a1639,specificity=4 index=1316 count=27,[#6X4;r3:1]~;@[#6X4;r3:2]~[#8X2;!r3;!r4;!r5;!r6;!r7;!r8:3],N/A
a1640,specificity=4 index=1317 count=27,[#6X4;r5:1]~;@[#7X3;r5:2]~[#7X2;!r3;!r4;!r5;!r6;!r7;!r8:3],N/A
a1641,specificity=4 index=1318 count=26,[#6X2;!r3;!r4;!r5;!r6;!r7;!r8:1]~[#6X4;r5:2]~;@[#7X3;r5:3],N/A
a1642,specificity=4 index=1319 count=26,[#6X4;!r3;!r4;!r5;!r6;!r7;!r8:1]~[#7X3;r5:2]~;@[#8X2;r5:3],N/A
a1643,specificity=4 index=1320 count=26,[#16X4;r5:1]~;@[#7X3;r5:2]~[#6X4;!r3;!r4;!r5;!r6;!r7;!r8:3],N/A
a1644,specificity=4 index=1321 count=26,[#1X1;!r3;!r4;!r5;!r6;!r7;!r8:1]~[#6X4;r8:2]~;@[#6X3;r6:3],N/A
a1645,specificity=4 index=1322 count=26,[#16X2;r8:1]~;@[#6X4;r8:2]~[#1X1;!r3;!r4;!r5;!r6;!r7;!r8:3],N/A
a1646,specificity=4 index=1323 count=26,[#16X4;!r3;!r4;!r5;!r6;!r7;!r8:1]~[#6X4;r6:2]~;@[#6X4;r6:3],N/A
a1647,specificity=4 index=1324 count=25,[#16X1;!r3;!r4;!r5;!r6;!r7;!r8:1]~[#6X3;r5:2]~;@[#6X4;r5:3],N/A
a1648,specificity=4 index=1325 count=25,[#7X2;r5:1]~;@[#16X4;r5:2]~[#8X1;!r3;!r4;!r5;!r6;!r7;!r8:3],N/A
a1649,specificity=4 index=1326 count=25,[#6X3;r4:1]~;@[#6X4;r4:2]~[#7X3;!r3;!r4;!r5;!r6;!r7;!r8:3],N/A
a1650,specificity=4 index=1327 count=25,[#16X4;!r3;!r4;!r5;!r6;!r7;!r8:1]~[#6X3;r6:2]~;@[#6X3;r5:3],N/A
a1651,specificity=4 index=1328 count=25,[#6X3;!r3;!r4;!r5;!r6;!r7;!r8:1]~[#6X4;r6:2]~;@[#6X4;r5:3],N/A
a1652,specificity=4 index=1329 count=25,[#6X3;r6:1]~;@[#6X3;r6:2]~[#7X4;!r3;!r4;!r5;!r6;!r7;!r8:3],N/A
a1653,specificity=4 index=1330 count=25,[#6X3;r6:1]~;@[#6X4;r7:2]~[#6X4;!r3;!r4;!r5;!r6;!r7;!r8:3],N/A
a1654,specificity=4 index=1331 count=24,[#16X1;!r3;!r4;!r5;!r6;!r7;!r8:1]~[#6X3;r5:2]~;@[#6X3;r5:3],N/A
a1655,specificity=4 index=1332 count=24,[#6X4;!r3;!r4;!r5;!r6;!r7;!r8:1]~[#6X4;r3:2]~;@[#7X2;r3:3],N/A
a1656,specificity=4 index=1333 count=24,[#6X3;r5:1]~;@[#6X4;r5:2]~[#7X2;!r3;!r4;!r5;!r6;!r7;!r8:3],N/A
a1657,specificity=4 index=1334 count=24,[#6X4;r4:1]~[#7X3;r6:2]~;@[#6X4;r6:3],N/A
a1658,specificity=4 index=1335 count=24,[#6X4;r3:1]~;@[#6X4;r5:2]~[#8X2;!r3;!r4;!r5;!r6;!r7;!r8:3],N/A
a1659,specificity=4 index=1336 count=23,[#6X3;r7:1]~;@[#6X4;r7:2]~[#7X3;!r3;!r4;!r5;!r6;!r7;!r8:3],N/A
a1660,specificity=4 index=1337 count=23,[#16X2;r5:1]~;@[#6X4;r5:2]~[#6X3;!r3;!r4;!r5;!r6;!r7;!r8:3],N/A
a1661,specificity=4 index=1338 count=23,[#6X3;r6:1]~[#6X3;r7:2]~;@[#6X3;r7:3],N/A
a1662,specificity=4 index=1339 count=23,[#6X4;r3:1]~;@[#6X4;r6:2]~[#8X2;!r3;!r4;!r5;!r6;!r7;!r8:3],N/A
a1663,specificity=4 index=1340 count=23,[#6X4;r6:1]~;@[#16X3;r6:2]~[#8X1;!r3;!r4;!r5;!r6;!r7;!r8:3],N/A
a1664,specificity=4 index=1341 count=23,[#6X3;!r3;!r4;!r5;!r6;!r7;!r8:1]~[#6X4;r7:2]~;@[#6X4;r7:3],N/A
a1665,specificity=4 index=1342 count=23,[#16X2;!r3;!r4;!r5;!r6;!r7;!r8:1]~[#6X4;r6:2]~;@[#7X3;r6:3],N/A
a1666,specificity=4 index=1343 count=23,[#16X2;r5:1]~;@[#7X3;r5:2]~[#6X4;!r3;!r4;!r5;!r6;!r7;!r8:3],N/A
a1667,specificity=4 index=1344 count=22,[#1X1;!r3;!r4;!r5;!r6;!r7;!r8:1]~[#7X3;r7:2]~;@[#6X3;r5:3],N/A
a1668,specificity=4 index=1345 count=22,[#6X3;!r3;!r4;!r5;!r6;!r7;!r8:1]~[#6X3;r7:2]~;@[#6X3;r6:3],N/A
a1669,specificity=4 index=1346 count=22,[#6X3;r6:1]~[#6X4;r7:2]~;@[#6X4;r7:3],N/A
a1670,specificity=4 index=1347 count=22,[#1X1;!r3;!r4;!r5;!r6;!r7;!r8:1]~[#6X3;r7:2]~;@[#7X2;r7:3],N/A
a1671,specificity=4 index=1348 count=22,[#6X3;r6:1]~[#6X4;r6:2]~;@[#6X4;r5:3],N/A
a1672,specificity=4 index=1349 count=22,[#7X3;r5:1]~;@[#6X3;r6:2]~[#8X2;!r3;!r4;!r5;!r6;!r7;!r8:3],N/A
a1673,specificity=4 index=1350 count=22,[#1X1;!r3;!r4;!r5;!r6;!r7;!r8:1]~[#6X4;r6:2]~;@[#7X4;r5:3],N/A
a1674,specificity=4 index=1351 count=22,[#6X4;!r3;!r4;!r5;!r6;!r7;!r8:1]~[#6X4;r3:2]~;@[#6X4;r5:3],N/A
a1675,specificity=4 index=1352 count=22,[#6X3;r6:1]~;@[#6X4;r5:2]~[#6X4;!r3;!r4;!r5;!r6;!r7;!r8:3],N/A
a1676,specificity=4 index=1353 count=22,[#16X1;!r3;!r4;!r5;!r6;!r7;!r8:1]~[#6X3;r6:2]~;@[#6X4;r6:3],N/A
a1677,specificity=4 index=1354 count=22,[#15X4;!r3;!r4;!r5;!r6;!r7;!r8:1]~[#7X3;r6:2]~;@[#6X4;r6:3],N/A
a1678,specificity=4 index=1355 count=22,[#6X3;r6:1]~;@[#6X4;r6:2]~[#7X3;r5:3],N/A
a1679,specificity=4 index=1356 count=22,[#16X1;!r3;!r4;!r5;!r6;!r7;!r8:1]~[#6X3;r6:2]~;@[#16X2;r6:3],N/A
a1680,specificity=4 index=1357 count=22,[#6X4;!r3;!r4;!r5;!r6;!r7;!r8:1]~[#7X3;r6:2]~;@[#7X3;r6:3],N/A
a1681,specificity=4 index=1358 count=21,[#6X2;!r3;!r4;!r5;!r6;!r7;!r8:1]~[#6X4;r6:2]~;@[#7X3;r6:3],N/A
a1682,specificity=4 index=1359 count=21,[#6X3;r6:1]~;@[#16X3;r6:2]~[#8X1;!r3;!r4;!r5;!r6;!r7;!r8:3],N/A
a1683,specificity=4 index=1360 count=21,[#16X4;!r3;!r4;!r5;!r6;!r7;!r8:1]~[#7X3;r5:2]~;@[#7X2;r5:3],N/A
a1684,specificity=4 index=1361 count=21,[#6X4;r4:1]~[#6X3;r5:2]~;@[#7X2;r5:3],N/A
a1685,specificity=4 index=1362 count=21,[#16X2;r6:1]~;@[#6X3;r6:2]~[#7X2;!r3;!r4;!r5;!r6;!r7;!r8:3],N/A
a1686,specificity=4 index=1363 count=21,[#6X3;r5:1]~;@[#16X3;r5:2]~[#8X1;!r3;!r4;!r5;!r6;!r7;!r8:3],N/A
a1687,specificity=4 index=1364 count=21,[#1X1;!r3;!r4;!r5;!r6;!r7;!r8:1]~[#6X4;r8:2]~;@[#8X2;r8:3],N/A
a1688,specificity=4 index=1365 count=21,[#16X2;r6:1]~;@[#6X4;r6:2]~[#6X3;!r3;!r4;!r5;!r6;!r7;!r8:3],N/A
a1689,specificity=4 index=1366 count=20,[#16X4;r5:1]~;@[#7X3;r5:2]~[#1X1;!r3;!r4;!r5;!r6;!r7;!r8:3],N/A
a1690,specificity=4 index=1367 count=20,[#6X3;r7:1]~;@[#6X3;r7:2]~[#7X3;!r3;!r4;!r5;!r6;!r7;!r8:3],N/A
a1691,specificity=4 index=1368 count=20,[#7X3;r5:1]~;@[#6X3;r7:2]~[#8X1;!r3;!r4;!r5;!r6;!r7;!r8:3],N/A
a1692,specificity=4 index=1369 count=20,[#1X1;!r3;!r4;!r5;!r6;!r7;!r8:1]~[#6X4;r5:2]~;@[#7X3;r4:3],N/A
a1693,specificity=4 index=1370 count=20,[#6X4;r7:1]~;@[#6X3;r7:2]~[#7X3;!r3;!r4;!r5;!r6;!r7;!r8:3],N/A
a1694,specificity=4 index=1371 count=20,[#6X3;r6:1]~[#7X3;r7:2]~;@[#6X3;r7:3],N/A
a1695,specificity=4 index=1372 count=20,[#6X3;!r3;!r4;!r5;!r6;!r7;!r8:1]~[#6X3;r4:2]~;@[#6X4;r4:3],N/A
a1696,specificity=4 index=1373 count=20,[#7X3;!r3;!r4;!r5;!r6;!r7;!r8:1]~[#6X4;r6:2]~;@[#8X2;r6:3],N/A
a1697,specificity=4 index=1374 count=20,[#6X3;!r3;!r4;!r5;!r6;!r7;!r8:1]~[#6X4;r5:2]~;@[#7X2;r5:3],N/A
a1698,specificity=4 index=1375 count=20,[#6X3;r5:1]~;@[#6X4;r7:2]~[#6X4;!r3;!r4;!r5;!r6;!r7;!r8:3],N/A
a1699,specificity=4 index=1376 count=20,[#6X2;!r3;!r4;!r5;!r6;!r7;!r8:1]~[#6X4;r5:2]~;@[#6X3;r5:3],N/A
a1700,specificity=4 index=1377 count=20,[#7X3;r6:1]~[#6X3;r5:2]~;@[#8X2;r5:3],N/A
a1701,specificity=4 index=1378 count=20,[#6X3;!r3;!r4;!r5;!r6;!r7;!r8:1]~[#7X3;r3:2]~;@[#6X4;r3:3],N/A
a1702,specificity=4 index=1379 count=20,[#15X4;r6:1]~;@[#6X4;r6:2]~[#1X1;!r3;!r4;!r5;!r6;!r7;!r8:3],N/A
a1703,specificity=4 index=1380 count=20,[#8X2;!r3;!r4;!r5;!r6;!r7;!r8:1]~[#15X4;r6:2]~;@[#8X2;r6:3],N/A
a1704,specificity=4 index=1381 count=20,[#15X4;r5:1]~;@[#6X4;r5:2]~[#1X1;!r3;!r4;!r5;!r6;!r7;!r8:3],N/A
a1705,specificity=4 index=1382 count=20,[#6X3;!r3;!r4;!r5;!r6;!r7;!r8:1]~[#6X3;r6:2]~;@[#6X4;r5:3],N/A
a1706,specificity=4 index=1383 count=20,[#15X5;!r3;!r4;!r5;!r6;!r7;!r8:1]~[#6X3;r6:2]~;@[#6X3;r6:3],N/A
a1707,specificity=4 index=1384 count=19,[#16X2;r6:1]~;@[#6X4;r6:2]~[#6X3;r6:3],N/A
a1708,specificity=4 index=1385 count=19,[#6X3;r6:1]~[#6X3;r7:2]~;@[#6X4;r7:3],N/A
a1709,specificity=4 index=1386 count=19,[#1X1;!r3;!r4;!r5;!r6;!r7;!r8:1]~[#6X4;r5:2]~;@[#6X3;r7:3],N/A
a1710,specificity=4 index=1387 count=19,[#6X3;r6:1]~;@[#6X4;r6:2]~[#6X4;r6:3],N/A
a1711,specificity=4 index=1388 count=19,[#6X4;r6:1]~;@[#6X4;r5:2]~[#8X2;!r3;!r4;!r5;!r6;!r7;!r8:3],N/A
a1712,specificity=4 index=1389 count=19,[#6X3;r5:1]~;@[#6X3;r5:2]~[#6X3;r7:3],N/A
a1713,specificity=4 index=1390 count=19,[#6X4;!r3;!r4;!r5;!r6;!r7;!r8:1]~[#6X3;r7:2]~;@[#7X2;r7:3],N/A
a1714,specificity=4 index=1391 count=19,[#16X2;r3:1]~;@[#6X4;r3:2]~[#1X1;!r3;!r4;!r5;!r6;!r7;!r8:3],N/A
a1715,specificity=4 index=1392 count=19,[#7X2;r6:1]~;@[#6X3;r6:2]~[#7X3;r3:3],N/A
a1716,specificity=4 index=1393 count=19,[#6X3;r6:1]~;@[#7X3;r6:2]~[#7X2;!r3;!r4;!r5;!r6;!r7;!r8:3],N/A
a1717,specificity=4 index=1394 count=19,[#1X1;!r3;!r4;!r5;!r6;!r7;!r8:1]~[#6X3;r6:2]~;@[#6X4;r3:3],N/A
a1718,specificity=4 index=1395 count=18,[#16X3;!r3;!r4;!r5;!r6;!r7;!r8:1]~[#6X3;r5:2]~;@[#7X2;r5:3],N/A
a1719,specificity=4 index=1396 count=18,[#16X4;!r3;!r4;!r5;!r6;!r7;!r8:1]~[#6X3;r5:2]~;@[#8X2;r5:3],N/A
a1720,specificity=4 index=1397 count=18,[#6X3;r6:1]~;@[#6X4;r7:2]~[#6X3;r6:3],N/A
a1721,specificity=4 index=1398 count=18,[#16X2;r6:1]~;@[#6X3;r6:2]~[#8X1;!r3;!r4;!r5;!r6;!r7;!r8:3],N/A
a1722,specificity=4 index=1399 count=18,[#16X2;r5:1]~;@[#7X3;r5:2]~[#1X1;!r3;!r4;!r5;!r6;!r7;!r8:3],N/A
a1723,specificity=4 index=1400 count=18,[#6X3;r6:1]~[#6X4;r3:2]~;@[#8X2;r3:3],N/A
a1724,specificity=4 index=1401 count=18,[#16X4;r6:1]~;@[#6X4;r6:2]~[#6X4;!r3;!r4;!r5;!r6;!r7;!r8:3],N/A
a1725,specificity=4 index=1402 count=18,[#16X2;!r3;!r4;!r5;!r6;!r7;!r8:1]~[#6X4;r5:2]~;@[#7X3;r5:3],N/A
a1726,specificity=4 index=1403 count=18,[#16X2;r5:1]~;@[#6X3;r5:2]~[#6X4;r3:3],N/A
a1727,specificity=4 index=1404 count=18,[#15X4;!r3;!r4;!r5;!r6;!r7;!r8:1]~[#7X3;r5:2]~;@[#6X4;r5:3],N/A
a1728,specificity=4 index=1405 count=18,[#17X1;!r3;!r4;!r5;!r6;!r7;!r8:1]~[#6X4;r5:2]~;@[#6X4;r4:3],N/A
a1729,specificity=4 index=1406 count=18,[#6X4;r5:1]~;@[#7X3;r5:2]~[#8X1;!r3;!r4;!r5;!r6;!r7;!r8:3],N/A
a1730,specificity=4 index=1407 count=18,[#1X1;!r3;!r4;!r5;!r6;!r7;!r8:1]~[#6X4;r8:2]~;@[#6X4;r5:3],N/A
a1731,specificity=4 index=1408 count=17,[#17X1;!r3;!r4;!r5;!r6;!r7;!r8:1]~[#6X3;r6:2]~;@[#7X3;r6:3],N/A
a1732,specificity=4 index=1409 count=17,[#6X3;r5:1]~;@[#6X4;r5:2]~[#7X3;r6:3],N/A
a1733,specificity=4 index=1410 count=17,[#1X1;!r3;!r4;!r5;!r6;!r7;!r8:1]~[#6X3;r7:2]~;@[#7X3;r7:3],N/A
a1734,specificity=4 index=1411 count=17,[#16X4;!r3;!r4;!r5;!r6;!r7;!r8:1]~[#6X4;r5:2]~;@[#6X4;r5:3],N/A
a1735,specificity=4 index=1412 count=17,[#16X1;!r3;!r4;!r5;!r6;!r7;!r8:1]~[#6X3;r6:2]~;@[#6X3;r5:3],N/A
a1736,specificity=4 index=1413 count=17,[#6X3;r6:1]~;@[#6X4;r7:2]~[#8X2;!r3;!r4;!r5;!r6;!r7;!r8:3],N/A
a1737,specificity=4 index=1414 count=17,[#7X3;r6:1]~;@[#6X3;r6:2]~[#7X3;r6:3],N/A
a1738,specificity=4 index=1415 count=17,[#1X1;!r3;!r4;!r5;!r6;!r7;!r8:1]~[#6X3;r4:2]~;@[#6X3;r4:3],N/A
a1739,specificity=4 index=1416 count=17,[#6X3;r6:1]~;@[#6X4;r6:2]~[#6X4;r5:3],N/A
a1740,specificity=4 index=1417 count=17,[#8X2;r6:1]~;@[#6X4;r6:2]~[#9X1;!r3;!r4;!r5;!r6;!r7;!r8:3],N/A
a1741,specificity=4 index=1418 count=17,[#6X3;r5:1]~;@[#6X4;r5:2]~[#7X3;r5:3],N/A
a1742,specificity=4 index=1419 count=16,[#6X3;r5:1]~;@[#7X3;r5:2]~[#7X3;r6:3],N/A
a1743,specificity=4 index=1420 count=16,[#6X3;r6:1]~;@[#6X4;r6:2]~[#7X3;r6:3],N/A
a1744,specificity=4 index=1421 count=16,[#6X3;r6:1]~[#6X4;r7:2]~;@[#7X3;r7:3],N/A
a1745,specificity=4 index=1422 count=16,[#16X4;!r3;!r4;!r5;!r6;!r7;!r8:1]~[#7X3;r4:2]~;@[#6X4;r4:3],N/A
a1746,specificity=4 index=1423 count=16,[#6X3;r5:1]~;@[#7X3;r6:2]~[#6X3;r6:3],N/A
a1747,specificity=4 index=1424 count=16,[#1X1;!r3;!r4;!r5;!r6;!r7;!r8:1]~[#6X4;r8:2]~;@[#6X3;r5:3],N/A
a1748,specificity=4 index=1425 count=16,[#7X3;r5:1]~[#6X3;r6:2]~;@[#7X3;r6:3],N/A
a1749,specificity=4 index=1426 count=16,[#15X4;!r3;!r4;!r5;!r6;!r7;!r8:1]~[#6X3;r5:2]~;@[#6X3;r5:3],N/A
a1750,specificity=4 index=1427 count=16,[#6X3;r7:1]~;@[#6X3;r7:2]~[#7X2;!r3;!r4;!r5;!r6;!r7;!r8:3],N/A
a1751,specificity=4 index=1428 count=16,[#16X2;!r3;!r4;!r5;!r6;!r7;!r8:1]~[#7X3;r5:2]~;@[#6X3;r5:3],N/A
a1752,specificity=4 index=1429 count=16,[#6X3;r3:1]~;@[#6X4;r3:2]~[#6X4;!r3;!r4;!r5;!r6;!r7;!r8:3],N/A
a1753,specificity=4 index=1430 count=16,[#6X3;r5:1]~;@[#6X4;r5:2]~[#6X4;r6:3],N/A
a1754,specificity=4 index=1431 count=16,[#16X1;!r3;!r4;!r5;!r6;!r7;!r8:1]~[#15X4;r6:2]~;@[#8X2;r6:3],N/A
a1755,specificity=4 index=1432 count=16,[#6X4;r3:1]~;@[#6X4;r3:2]~[#6X4;r5:3],N/A
a1756,specificity=4 index=1433 count=15,[#16X2;r6:1]~;@[#6X3;r6:2]~[#1X1;!r3;!r4;!r5;!r6;!r7;!r8:3],N/A
a1757,specificity=4 index=1434 count=15,[#6X3;!r3;!r4;!r5;!r6;!r7;!r8:1]~[#6X4;r6:2]~;@[#6X3;r5:3],N/A
a1758,specificity=4 index=1435 count=15,[#16X4;!r3;!r4;!r5;!r6;!r7;!r8:1]~[#7X3;r6:2]~;@[#6X3;r6:3],N/A
a1759,specificity=4 index=1436 count=15,[#7X3;r6:1]~;@[#15X4;r6:2]~[#8X1;!r3;!r4;!r5;!r6;!r7;!r8:3],N/A
a1760,specificity=4 index=1437 count=15,[#16X3;!r3;!r4;!r5;!r6;!r7;!r8:1]~[#6X3;r5:2]~;@[#6X3;r5:3],N/A
a1761,specificity=4 index=1438 count=15,[#16X2;r5:1]~;@[#6X3;r5:2]~[#16X3;!r3;!r4;!r5;!r6;!r7;!r8:3],N/A
a1762,specificity=4 index=1439 count=15,[#16X1;!r3;!r4;!r5;!r6;!r7;!r8:1]~[#6X3;r5:2]~;@[#7X2;r5:3],N/A
a1763,specificity=4 index=1440 count=15,[#6X4;r5:1]~;@[#7X4;r5:2]~[#8X1;!r3;!r4;!r5;!r6;!r7;!r8:3],N/A
a1764,specificity=4 index=1441 count=15,[#6X4;!r3;!r4;!r5;!r6;!r7;!r8:1]~[#6X4;r3:2]~;@[#6X4;r6:3],N/A
a1765,specificity=4 index=1442 count=15,[#6X2;!r3;!r4;!r5;!r6;!r7;!r8:1]~[#6X3;r5:2]~;@[#6X4;r5:3],N/A
a1766,specificity=4 index=1443 count=15,[#7X3;!r3;!r4;!r5;!r6;!r7;!r8:1]~[#15X4;r6:2]~;@[#8X2;r6:3],N/A
a1767,specificity=4 index=1444 count=15,[#1X1;!r3;!r4;!r5;!r6;!r7;!r8:1]~[#6X4;r7:2]~;@[#6X4;r3:3],N/A
a1768,specificity=4 index=1445 count=15,[#6X4;!r3;!r4;!r5;!r6;!r7;!r8:1]~[#6X4;r4:2]~;@[#8X2;r4:3],N/A
a1769,specificity=4 index=1446 count=15,[#6X4;r4:1]~[#6X3;r6:2]~;@[#7X2;r6:3],N/A
a1770,specificity=4 index=1447 count=14,[#6X3;!r3;!r4;!r5;!r6;!r7;!r8:1]~[#6X3;r6:2]~;@[#7X3;r4:3],N/A
a1771,specificity=4 index=1448 count=14,[#6X4;!r3;!r4;!r5;!r6;!r7;!r8:1]~[#6X4;r4:2]~;@[#7X3;r4:3],N/A
a1772,specificity=4 index=1449 count=14,[#8X1;!r3;!r4;!r5;!r6;!r7;!r8:1]~[#7X3;r5:2]~;@[#8X2;r5:3],N/A
a1773,specificity=4 index=1450 count=14,[#6X4;r4:1]~;@[#16X4;r5:2]~[#8X1;!r3;!r4;!r5;!r6;!r7;!r8:3],N/A
a1774,specificity=4 index=1451 count=14,[#16X4;r5:1]~;@[#6X4;r5:2]~[#6X4;!r3;!r4;!r5;!r6;!r7;!r8:3],N/A
a1775,specificity=4 index=1452 count=14,[#16X4;r5:1]~;@[#6X3;r5:2]~[#1X1;!r3;!r4;!r5;!r6;!r7;!r8:3],N/A
a1776,specificity=4 index=1453 count=14,[#1X1;!r3;!r4;!r5;!r6;!r7;!r8:1]~[#6X3;r7:2]~;@[#8X2;r7:3],N/A
a1777,specificity=4 index=1454 count=14,[#1X1;!r3;!r4;!r5;!r6;!r7;!r8:1]~[#6X4;r4:2]~;@[#6X3;r5:3],N/A
a1778,specificity=4 index=1455 count=14,[#6X3;!r3;!r4;!r5;!r6;!r7;!r8:1]~[#6X3;r7:2]~;@[#6X4;r7:3],N/A
a1779,specificity=4 index=1456 count=14,[#16X4;r5:1]~;@[#7X3;r5:2]~[#6X3;r6:3],N/A
a1780,specificity=4 index=1457 count=14,[#16X2;r6:1]~;@[#6X3;r6:2]~[#6X3;!r3;!r4;!r5;!r6;!r7;!r8:3],N/A
a1781,specificity=4 index=1458 count=14,[#6X4;r5:1]~;@[#6X4;r7:2]~[#8X2;!r3;!r4;!r5;!r6;!r7;!r8:3],N/A
a1782,specificity=4 index=1459 count=14,[#15X4;!r3;!r4;!r5;!r6;!r7;!r8:1]~[#7X3;r5:2]~;@[#6X3;r5:3],N/A
a1783,specificity=4 index=1460 count=14,[#6X3;r5:1]~[#6X3;r6:2]~;@[#8X2;r6:3],N/A
a1784,specificity=4 index=1461 count=13,[#6X3;r7:1]~[#6X3;r6:2]~;@[#6X4;r6:3],N/A
a1785,specificity=4 index=1462 count=13,[#6X3;r5:1]~;@[#6X4;r6:2]~[#7X3;!r3;!r4;!r5;!r6;!r7;!r8:3],N/A
a1786,specificity=4 index=1463 count=13,[#1X1;!r3;!r4;!r5;!r6;!r7;!r8:1]~[#6X3;r6:2]~;@[#6X3;r4:3],N/A
a1787,specificity=4 index=1464 count=13,[#6X3;!r3;!r4;!r5;!r6;!r7;!r8:1]~[#6X4;r5:2]~;@[#7X3;r4:3],N/A
a1788,specificity=4 index=1465 count=13,[#7X2;r6:1]~;@[#7X3;r6:2]~[#8X1;!r3;!r4;!r5;!r6;!r7;!r8:3],N/A
a1789,specificity=4 index=1466 count=13,[#6X3;r5:1]~;@[#6X3;r5:2]~[#6X4;r7:3],N/A
a1790,specificity=4 index=1467 count=13,[#6X4;r3:1]~[#6X4;r6:2]~;@[#6X4;r6:3],N/A
a1791,specificity=4 index=1468 count=13,[#16X2;r6:1]~;@[#6X3;r6:2]~[#6X4;!r3;!r4;!r5;!r6;!r7;!r8:3],N/A
a1792,specificity=4 index=1469 count=13,[#16X2;r6:1]~;@[#6X3;r6:2]~[#6X3;r6:3],N/A
a1793,specificity=4 index=1470 count=13,[#6X3;r5:1]~;@[#7X3;r6:2]~[#8X1;!r3;!r4;!r5;!r6;!r7;!r8:3],N/A
a1794,specificity=4 index=1471 count=13,[#6X4;r7:1]~;@[#6X3;r7:2]~[#7X2;!r3;!r4;!r5;!r6;!r7;!r8:3],N/A
a1795,specificity=4 index=1472 count=13,[#6X4;r6:1]~;@[#6X4;r6:2]~[#7X3;r7:3],N/A
a1796,specificity=4 index=1473 count=13,[#6X3;r6:1]~;@[#6X4;r6:2]~[#7X2;!r3;!r4;!r5;!r6;!r7;!r8:3],N/A
a1797,specificity=4 index=1474 count=13,[#16X2;r5:1]~;@[#6X4;r5:2]~[#7X3;!r3;!r4;!r5;!r6;!r7;!r8:3],N/A
a1798,specificity=4 index=1475 count=13,[#6X3;r5:1]~;@[#6X4;r5:2]~[#9X1;!r3;!r4;!r5;!r6;!r7;!r8:3],N/A
a1799,specificity=4 index=1476 count=13,[#16X2;!r3;!r4;!r5;!r6;!r7;!r8:1]~[#6X4;r6:2]~;@[#8X2;r6:3],N/A
a1800,specificity=4 index=1477 count=12,[#35X1;!r3;!r4;!r5;!r6;!r7;!r8:1]~[#6X4;r5:2]~;@[#6X3;r5:3],N/A
a1801,specificity=4 index=1478 count=12,[#6X4;r6:1]~;@[#7X3;r6:2]~[#7X3;r5:3],N/A
a1802,specificity=4 index=1479 count=12,[#6X4;r4:1]~;@[#16X4;r6:2]~[#8X1;!r3;!r4;!r5;!r6;!r7;!r8:3],N/A
a1803,specificity=4 index=1480 count=12,[#6X3;r5:1]~[#7X3;r7:2]~;@[#6X4;r7:3],N/A
a1804,specificity=4 index=1481 count=12,[#6X3;r5:1]~;@[#6X3;r5:2]~[#6X4;r4:3],N/A
a1805,specificity=4 index=1482 count=12,[#8X2;!r3;!r4;!r5;!r6;!r7;!r8:1]~[#6X3;r6:2]~;@[#8X2;r6:3],N/A
a1806,specificity=4 index=1483 count=12,[#6X4;r3:1]~[#6X3;r5:2]~;@[#8X2;r5:3],N/A
a1807,specificity=4 index=1484 count=12,[#8X1;!r3;!r4;!r5;!r6;!r7;!r8:1]~[#6X3;r7:2]~;@[#8X2;r7:3],N/A
a1808,specificity=4 index=1485 count=12,[#6X4;!r3;!r4;!r5;!r6;!r7;!r8:1]~[#6X3;r6:2]~;@[#6X4;r5:3],N/A
a1809,specificity=4 index=1486 count=12,[#6X4;r5:1]~[#6X4;r6:2]~;@[#8X2;r6:3],N/A
a1810,specificity=4 index=1487 count=12,[#6X4;!r3;!r4;!r5;!r6;!r7;!r8:1]~[#6X4;r7:2]~;@[#6X4;r5:3],N/A
a1811,specificity=4 index=1488 count=12,[#6X4;r6:1]~;@[#6X4;r6:2]~[#7X4;!r3;!r4;!r5;!r6;!r7;!r8:3],N/A
a1812,specificity=4 index=1489 count=12,[#1X1;!r3;!r4;!r5;!r6;!r7;!r8:1]~[#6X4;r7:2]~;@[#7X4;r7:3],N/A
a1813,specificity=4 index=1490 count=12,[#1X1;!r3;!r4;!r5;!r6;!r7;!r8:1]~[#6X4;r4:2]~;@[#6X3;r6:3],N/A
a1814,specificity=4 index=1491 count=12,[#6X3;r6:1]~[#7X3;r5:2]~;@[#8X2;r5:3],N/A
a1815,specificity=4 index=1492 count=12,[#8X1;!r3;!r4;!r5;!r6;!r7;!r8:1]~[#15X4;r5:2]~;@[#8X2;r5:3],N/A
a1816,specificity=4 index=1493 count=12,[#15X4;r6:1]~[#6X3;r6:2]~;@[#6X3;r6:3],N/A
a1817,specificity=4 index=1494 count=12,[#16X2;r5:1]~;@[#6X4;r5:2]~[#9X1;!r3;!r4;!r5;!r6;!r7;!r8:3],N/A
a1818,specificity=4 index=1495 count=12,[#53X1;!r3;!r4;!r5;!r6;!r7;!r8:1]~[#6X3;r5:2]~;@[#7X3;r5:3],N/A
a1819,specificity=4 index=1496 count=12,[#8X1;!r3;!r4;!r5;!r6;!r7;!r8:1]~[#16X4;r5:2]~;@[#8X2;r5:3],N/A
a1820,specificity=4 index=1497 count=12,[#16X2;!r3;!r4;!r5;!r6;!r7;!r8:1]~[#6X3;r6:2]~;@[#6X4;r6:3],N/A
a1821,specificity=4 index=1498 count=12,[#6X4;r3:1]~;@[#6X4;r3:2]~[#7X2;!r3;!r4;!r5;!r6;!r7;!r8:3],N/A
a1822,specificity=4 index=1499 count=12,[#16X2;r4:1]~;@[#6X4;r4:2]~[#1X1;!r3;!r4;!r5;!r6;!r7;!r8:3],N/A
a1823,specificity=4 index=1500 count=12,[#1X1;!r3;!r4;!r5;!r6;!r7;!r8:1]~[#7X3;r6:2]~;@[#7X3;r5:3],N/A
a1824,specificity=4 index=1501 count=12,[#17X1;!r3;!r4;!r5;!r6;!r7;!r8:1]~[#15X5;r4:2]~;@[#7X3;r4:3],N/A
a1825,specificity=4 index=1502 count=12,[#6X4;r7:1]~;@[#6X4;r7:2]~[#9X1;!r3;!r4;!r5;!r6;!r7;!r8:3],N/A
a1826,specificity=4 index=1503 count=11,[#16X3;!r3;!r4;!r5;!r6;!r7;!r8:1]~[#6X3;r5:2]~;@[#7X3;r5:3],N/A
a1827,specificity=4 index=1504 count=11,[#7X2;r5:1]~;@[#7X3;r5:2]~[#8X2;!r3;!r4;!r5;!r6;!r7;!r8:3],N/A
a1828,specificity=4 index=1505 count=11,[#6X3;r5:1]~;@[#6X3;r7:2]~[#6X3;r6:3],N/A
a1829,specificity=4 index=1506 count=11,[#6X3;!r3;!r4;!r5;!r6;!r7;!r8:1]~[#7X3;r5:2]~;@[#7X3;r5:3],N/A
a1830,specificity=4 index=1507 count=11,[#6X3;r6:1]~;@[#7X3;r7:2]~[#6X3;r6:3],N/A
a1831,specificity=4 index=1508 count=11,[#6X3;!r3;!r4;!r5;!r6;!r7;!r8:1]~[#6X3;r4:2]~;@[#6X3;r4:3],N/A
a1832,specificity=4 index=1509 count=11,[#6X4;!r3;!r4;!r5;!r6;!r7;!r8:1]~[#6X4;r7:2]~;@[#7X2;r7:3],N/A
a1833,specificity=4 index=1510 count=11,[#6X4;r6:1]~;@[#7X3;r6:2]~[#6X4;r7:3],N/A
a1834,specificity=4 index=1511 count=11,[#16X1;!r3;!r4;!r5;!r6;!r7;!r8:1]~[#6X3;r7:2]~;@[#7X3;r7:3],N/A
a1835,specificity=4 index=1512 count=11,[#7X2;!r3;!r4;!r5;!r6;!r7;!r8:1]~[#6X3;r6:2]~;@[#7X3;r5:3],N/A
a1836,specificity=4 index=1513 count=11,[#6X3;r4:1]~;@[#7X3;r4:2]~[#6X4;!r3;!r4;!r5;!r6;!r7;!r8:3],N/A
a1837,specificity=4 index=1514 count=11,[#7X2;r6:1]~;@[#6X3;r6:2]~[#7X3;r7:3],N/A
a1838,specificity=4 index=1515 count=11,[#17X1;!r3;!r4;!r5;!r6;!r7;!r8:1]~[#6X4;r4:2]~;@[#6X3;r4:3],N/A
a1839,specificity=4 index=1516 count=11,[#6X4;r3:1]~[#6X4;r6:2]~;@[#7X3;r6:3],N/A
a1840,specificity=4 index=1517 count=11,[#6X3;r6:1]~;@[#6X4;r5:2]~[#8X2;!r3;!r4;!r5;!r6;!r7;!r8:3],N/A
a1841,specificity=4 index=1518 count=11,[#17X1;!r3;!r4;!r5;!r6;!r7;!r8:1]~[#7X3;r5:2]~;@[#6X3;r5:3],N/A
a1842,specificity=4 index=1519 count=11,[#7X3;!r3;!r4;!r5;!r6;!r7;!r8:1]~[#15X4;r6:2]~;@[#7X3;r6:3],N/A
a1843,specificity=4 index=1520 count=11,[#6X4;r5:1]~;@[#15X4;r5:2]~[#8X1;!r3;!r4;!r5;!r6;!r7;!r8:3],N/A
a1844,specificity=4 index=1521 count=11,[#6X4;r3:1]~;@[#6X4;r3:2]~[#6X4;r3:3],N/A
a1845,specificity=4 index=1522 count=11,[#16X2;r5:1]~;@[#6X4;r5:2]~[#6X3;r5:3],N/A
a1846,specificity=4 index=1523 count=11,[#6X4;!r3;!r4;!r5;!r6;!r7;!r8:1]~[#15X4;r5:2]~;@[#6X4;r5:3],N/A
a1847,specificity=4 index=1524 count=11,[#6X3;r6:1]~;@[#6X4;r7:2]~[#7X3;!r3;!r4;!r5;!r6;!r7;!r8:3],N/A
a1848,specificity=4 index=1525 count=11,[#6X4;r3:1]~[#7X3;r6:2]~;@[#6X4;r6:3],N/A
a1849,specificity=4 index=1526 count=10,[#16X3;!r3;!r4;!r5;!r6;!r7;!r8:1]~[#6X3;r6:2]~;@[#7X2;r6:3],N/A
a1850,specificity=4 index=1527 count=10,[#7X2;r5:1]~;@[#7X3;r5:2]~[#7X3;!r3;!r4;!r5;!r6;!r7;!r8:3],N/A
a1851,specificity=4 index=1528 count=10,[#16X1;!r3;!r4;!r5;!r6;!r7;!r8:1]~[#6X3;r6:2]~;@[#8X2;r6:3],N/A
a1852,specificity=4 index=1529 count=10,[#6X3;r5:1]~;@[#6X4;r7:2]~[#6X3;r6:3],N/A
a1853,specificity=4 index=1530 count=10,[#1X1;!r3;!r4;!r5;!r6;!r7;!r8:1]~[#6X4;r5:2]~;@[#7X2;r6:3],N/A
a1854,specificity=4 index=1531 count=10,[#16X4;!r3;!r4;!r5;!r6;!r7;!r8:1]~[#7X3;r7:2]~;@[#6X4;r7:3],N/A
a1855,specificity=4 index=1532 count=10,[#6X3;r5:1]~[#6X4;r6:2]~;@[#7X2;r6:3],N/A
a1856,specificity=4 index=1533 count=10,[#16X1;!r3;!r4;!r5;!r6;!r7;!r8:1]~[#6X3;r6:2]~;@[#7X3;r5:3],N/A
a1857,specificity=4 index=1534 count=10,[#1X1;!r3;!r4;!r5;!r6;!r7;!r8:1]~[#7X4;r5:2]~;@[#6X3;r5:3],N/A
a1858,specificity=4 index=1535 count=10,[#6X3;r5:1]~;@[#6X3;r7:2]~[#6X4;!r3;!r4;!r5;!r6;!r7;!r8:3],N/A
a1859,specificity=4 index=1536 count=10,[#7X3;r7:1]~;@[#16X4;r7:2]~[#8X1;!r3;!r4;!r5;!r6;!r7;!r8:3],N/A
a1860,specificity=4 index=1537 count=10,[#6X3;r5:1]~[#6X3;r7:2]~;@[#6X4;r7:3],N/A
a1861,specificity=4 index=1538 count=10,[#15X4;r6:1]~;@[#7X3;r6:2]~[#1X1;!r3;!r4;!r5;!r6;!r7;!r8:3],N/A
a1862,specificity=4 index=1539 count=10,[#7X3;r5:1]~;@[#6X3;r6:2]~[#7X3;r6:3],N/A
a1863,specificity=4 index=1540 count=10,[#6X3;!r3;!r4;!r5;!r6;!r7;!r8:1]~[#6X3;r5:2]~;@[#7X3;r4:3],N/A
a1864,specificity=4 index=1541 count=10,[#6X3;r4:1]~;@[#6X3;r4:2]~[#8X2;!r3;!r4;!r5;!r6;!r7;!r8:3],N/A
a1865,specificity=4 index=1542 count=10,[#6X4;r4:1]~[#6X3;r5:2]~;@[#7X3;r5:3],N/A
a1866,specificity=4 index=1543 count=10,[#6X2;!r3;!r4;!r5;!r6;!r7;!r8:1]~[#7X3;r6:2]~;@[#6X4;r6:3],N/A
a1867,specificity=4 index=1544 count=10,[#6X3;!r3;!r4;!r5;!r6;!r7;!r8:1]~[#7X3;r6:2]~;@[#7X3;r6:3],N/A
a1868,specificity=4 index=1545 count=10,[#6X4;!r3;!r4;!r5;!r6;!r7;!r8:1]~[#6X3;r7:2]~;@[#6X4;r7:3],N/A
a1869,specificity=4 index=1546 count=10,[#16X4;!r3;!r4;!r5;!r6;!r7;!r8:1]~[#6X4;r6:2]~;@[#6X3;r6:3],N/A
a1870,specificity=4 index=1547 count=10,[#6X4;r4:1]~[#7X3;r5:2]~;@[#7X2;r5:3],N/A
a1871,specificity=4 index=1548 count=10,[#6X3;r7:1]~;@[#6X4;r7:2]~[#8X2;!r3;!r4;!r5;!r6;!r7;!r8:3],N/A
a1872,specificity=4 index=1549 count=10,[#17X1;!r3;!r4;!r5;!r6;!r7;!r8:1]~[#6X4;r4:2]~;@[#6X4;r5:3],N/A
a1873,specificity=4 index=1550 count=10,[#16X2;!r3;!r4;!r5;!r6;!r7;!r8:1]~[#6X3;r6:2]~;@[#7X3;r5:3],N/A
a1874,specificity=4 index=1551 count=10,[#1X1;!r3;!r4;!r5;!r6;!r7;!r8:1]~[#6X3;r4:2]~;@[#6X4;r4:3],N/A
a1875,specificity=4 index=1552 count=10,[#15X4;r6:1]~;@[#7X3;r6:2]~[#6X4;!r3;!r4;!r5;!r6;!r7;!r8:3],N/A
a1876,specificity=4 index=1553 count=10,[#15X4;!r3;!r4;!r5;!r6;!r7;!r8:1]~[#6X4;r6:2]~;@[#6X4;r6:3],N/A
a1877,specificity=4 index=1554 count=10,[#15X4;!r3;!r4;!r5;!r6;!r7;!r8:1]~[#6X4;r5:2]~;@[#6X4;r5:3],N/A
a1878,specificity=4 index=1555 count=10,[#16X3;!r3;!r4;!r5;!r6;!r7;!r8:1]~[#6X4;r6:2]~;@[#6X4;r6:3],N/A
a1879,specificity=4 index=1556 count=10,[#15X3;r6:1]~;@[#6X4;r6:2]~[#1X1;!r3;!r4;!r5;!r6;!r7;!r8:3],N/A
a1880,specificity=4 index=1557 count=10,[#8X1;!r3;!r4;!r5;!r6;!r7;!r8:1]~[#6X3;r4:2]~;@[#8X2;r4:3],N/A
a1881,specificity=4 index=1558 count=10,[#6X3;r5:1]~;@[#6X4;r3:2]~[#6X4;!r3;!r4;!r5;!r6;!r7;!r8:3],N/A
a1882,specificity=4 index=1559 count=10,[#6X4;r5:1]~;@[#6X4;r6:2]~[#9X1;!r3;!r4;!r5;!r6;!r7;!r8:3],N/A
a1883,specificity=4 index=1560 count=10,[#6X4;r6:1]~;@[#7X3;r6:2]~[#7X3;r6:3],N/A
a1884,specificity=4 index=1561 count=10,[#1X1;!r3;!r4;!r5;!r6;!r7;!r8:1]~[#7X3;r7:2]~;@[#7X2;r7:3],N/A
a1885,specificity=4 index=1562 count=10,[#6X4;r5:1]~[#6X4;r5:2]~;@[#8X2;r5:3],N/A
a1886,specificity=4 index=1563 count=10,[#6X3;r5:1]~[#6X3;r7:2]~;@[#7X2;r7:3],N/A
a1887,specificity=4 index=1564 count=10,[#6X4;r4:1]~;@[#6X4;r4:2]~[#6X4;r6:3],N/A
a1888,specificity=4 index=1565 count=133956,[#6X3;r6:1]~;@[#6X3;r6:2]~;@[#6X3;r6:3],N/A
a1889,specificity=4 index=1566 count=14555,[#6X4;r6:1]~;@[#6X4;r6:2]~;@[#6X4;r6:3],N/A
a1890,specificity=4 index=1567 count=13865,[#6X3;r5:1]~;@[#6X3;r5:2]~;@[#6X3;r6:3],N/A
a1891,specificity=4 index=1568 count=13474,[#6X3;r5:1]~;@[#6X3;r5:2]~;@[#6X3;r5:3],N/A
a1892,specificity=4 index=1569 count=13161,[#6X3;r6:1]~;@[#6X3;r6:2]~;@[#7X2;r6:3],N/A
a1893,specificity=4 index=1570 count=9883,[#6X3;r5:1]~;@[#6X3;r5:2]~;@[#7X3;r5:3],N/A
a1894,specificity=4 index=1571 count=9681,[#6X3;r5:1]~;@[#6X3;r6:2]~;@[#6X3;r6:3],N/A
a1895,specificity=4 index=1572 count=7704,[#6X3;r6:1]~;@[#7X2;r6:2]~;@[#6X3;r6:3],N/A
a1896,specificity=4 index=1573 count=7566,[#6X4;r5:1]~;@[#6X4;r5:2]~;@[#6X4;r5:3],N/A
a1897,specificity=4 index=1574 count=6384,[#6X3;r5:1]~;@[#6X3;r5:2]~;@[#7X2;r5:3],N/A
a1898,specificity=4 index=1575 count=5913,[#6X3;r5:1]~;@[#7X3;r5:2]~;@[#6X3;r5:3],N/A
a1899,specificity=4 index=1576 count=5847,[#6X4;r6:1]~;@[#6X4;r6:2]~;@[#7X3;r6:3],N/A
a1900,specificity=4 index=1577 count=5505,[#6X3;r6:1]~;@[#6X3;r6:2]~;@[#6X4;r6:3],N/A
a1901,specificity=4 index=1578 count=4823,[#16X2;r5:1]~;@[#6X3;r5:2]~;@[#6X3;r5:3],N/A
a1902,specificity=4 index=1579 count=4785,[#6X3;r6:1]~;@[#6X3;r6:2]~;@[#7X3;r6:3],N/A
a1903,specificity=4 index=1580 count=3902,[#6X3;r5:1]~;@[#7X2;r5:2]~;@[#6X3;r5:3],N/A
a1904,specificity=4 index=1581 count=3838,[#6X3;r6:1]~;@[#6X4;r6:2]~;@[#6X4;r6:3],N/A
a1905,specificity=4 index=1582 count=3680,[#6X3;r5:1]~;@[#6X3;r5:2]~;@[#8X2;r5:3],N/A
a1906,specificity=4 index=1583 count=3647,[#7X2;r5:1]~;@[#6X3;r5:2]~;@[#7X3;r5:3],N/A
a1907,specificity=4 index=1584 count=3329,[#6X3;r6:1]~;@[#6X3;r5:2]~;@[#7X3;r5:3],N/A
a1908,specificity=4 index=1585 count=3122,[#6X3;r5:1]~;@[#16X2;r5:2]~;@[#6X3;r5:3],N/A
a1909,specificity=4 index=1586 count=3082,[#6X4;r5:1]~;@[#6X4;r5:2]~;@[#7X3;r5:3],N/A
a1910,specificity=4 index=1587 count=3004,[#6X4;r6:1]~;@[#7X3;r6:2]~;@[#6X4;r6:3],N/A
a1911,specificity=4 index=1588 count=2812,[#6X3;r5:1]~;@[#7X3;r5:2]~;@[#7X2;r5:3],N/A
a1912,specificity=4 index=1589 count=2797,[#6X3;r5:1]~;@[#6X4;r5:2]~;@[#6X4;r5:3],N/A
a1913,specificity=4 index=1590 count=2721,[#6X3;r6:1]~;@[#7X3;r6:2]~;@[#6X3;r6:3],N/A
a1914,specificity=4 index=1591 count=2712,[#6X4;r3:1]~;@[#6X4;r3:2]~;@[#6X4;r3:3],N/A
a1915,specificity=4 index=1592 count=2642,[#6X3;r5:1]~;@[#6X3;r5:2]~;@[#6X4;r5:3],N/A
a1916,specificity=4 index=1593 count=2552,[#6X3;r5:1]~;@[#7X2;r5:2]~;@[#7X3;r5:3],N/A
a1917,specificity=4 index=1594 count=2407,[#6X3;r6:1]~;@[#6X3;r6:2]~;@[#8X2;r6:3],N/A
a1918,specificity=4 index=1595 count=2224,[#6X3;r5:1]~;@[#7X2;r5:2]~;@[#7X2;r5:3],N/A
a1919,specificity=4 index=1596 count=2209,[#7X2;r6:1]~;@[#6X3;r6:2]~;@[#7X2;r6:3],N/A
a1920,specificity=4 index=1597 count=2157,[#6X4;r6:1]~;@[#6X4;r6:2]~;@[#8X2;r6:3],N/A
a1921,specificity=4 index=1598 count=1866,[#6X3;r6:1]~;@[#6X3;r5:2]~;@[#7X2;r5:3],N/A
a1922,specificity=4 index=1599 count=1802,[#6X3;r5:1]~;@[#6X3;r5:2]~;@[#7X2;r6:3],N/A
a1923,specificity=4 index=1600 count=1677,[#6X4;r5:1]~;@[#6X4;r5:2]~;@[#8X2;r5:3],N/A
a1924,specificity=4 index=1601 count=1624,[#6X3;r5:1]~;@[#8X2;r5:2]~;@[#6X3;r5:3],N/A
a1925,specificity=4 index=1602 count=1619,[#6X3;r5:1]~;@[#7X2;r6:2]~;@[#6X3;r6:3],N/A
a1926,specificity=4 index=1603 count=1558,[#16X2;r5:1]~;@[#6X3;r5:2]~;@[#7X2;r5:3],N/A
a1927,specificity=4 index=1604 count=1462,[#6X3;r5:1]~;@[#7X3;r5:2]~;@[#6X4;r5:3],N/A
a1928,specificity=4 index=1605 count=1434,[#6X3;r5:1]~;@[#7X3;r5:2]~;@[#6X3;r6:3],N/A
a1929,specificity=4 index=1606 count=1340,[#6X3;r5:1]~;@[#6X3;r5:2]~;@[#6X4;r6:3],N/A
a1930,specificity=4 index=1607 count=1313,[#6X4;r5:1]~;@[#6X4;r5:2]~;@[#6X4;r6:3],N/A
a1931,specificity=4 index=1608 count=1239,[#6X3;r6:1]~;@[#6X3;r5:2]~;@[#6X4;r5:3],N/A
a1932,specificity=4 index=1609 count=1173,[#6X3;r6:1]~;@[#7X3;r6:2]~;@[#6X4;r6:3],N/A
a1933,specificity=4 index=1610 count=1114,[#6X4;r5:1]~;@[#7X3;r5:2]~;@[#6X4;r5:3],N/A
a1934,specificity=4 index=1611 count=1080,[#6X3;r5:1]~;@[#8X2;r5:2]~;@[#6X4;r5:3],N/A
a1935,specificity=4 index=1612 count=1040,[#6X4;r4:1]~;@[#6X4;r4:2]~;@[#6X4;r4:3],N/A
a1936,specificity=4 index=1613 count=1039,[#6X3;r6:1]~;@[#6X3;r5:2]~;@[#8X2;r5:3],N/A
a1937,specificity=4 index=1614 count=1025,[#7X2;r6:1]~;@[#6X3;r5:2]~;@[#7X3;r5:3],N/A
a1938,specificity=4 index=1615 count=993,[#6X3;r5:1]~;@[#6X3;r6:2]~;@[#7X2;r6:3],N/A
a1939,specificity=4 index=1616 count=977,[#6X4;r5:1]~;@[#6X4;r6:2]~;@[#6X4;r6:3],N/A
a1940,specificity=4 index=1617 count=960,[#7X2;r6:1]~;@[#6X3;r6:2]~;@[#7X3;r6:3],N/A
a1941,specificity=4 index=1618 count=944,[#6X3;r6:1]~;@[#6X3;r6:2]~;@[#7X3;r5:3],N/A
a1942,specificity=4 index=1619 count=894,[#6X4;r6:1]~;@[#8X2;r6:2]~;@[#6X4;r6:3],N/A
a1943,specificity=4 index=1620 count=875,[#6X4;r5:1]~;@[#6X3;r5:2]~;@[#7X3;r5:3],N/A
a1944,specificity=4 index=1621 count=836,[#7X2;r5:1]~;@[#6X3;r5:2]~;@[#8X2;r5:3],N/A
a1945,specificity=4 index=1622 count=716,[#7X3;r5:1]~;@[#6X3;r5:2]~;@[#7X3;r5:3],N/A
a1946,specificity=4 index=1623 count=702,[#6X3;r6:1]~;@[#8X2;r6:2]~;@[#6X4;r6:3],N/A
a1947,specificity=4 index=1624 count=701,[#6X3;r5:1]~;@[#6X4;r6:2]~;@[#6X4;r6:3],N/A
a1948,specificity=4 index=1625 count=687,[#6X4;r5:1]~;@[#8X2;r5:2]~;@[#6X4;r5:3],N/A
a1949,specificity=4 index=1626 count=680,[#6X3;r5:1]~;@[#7X2;r5:2]~;@[#8X2;r5:3],N/A
a1950,specificity=4 index=1627 count=667,[#16X2;r5:1]~;@[#6X3;r5:2]~;@[#6X3;r6:3],N/A
a1951,specificity=4 index=1628 count=661,[#6X4;r6:1]~;@[#6X3;r6:2]~;@[#7X3;r6:3],N/A
a1952,specificity=4 index=1629 count=658,[#7X2;r5:1]~;@[#6X3;r5:2]~;@[#7X2;r5:3],N/A
a1953,specificity=4 index=1630 count=657,[#6X3;r6:1]~;@[#6X4;r6:2]~;@[#6X3;r6:3],N/A
a1954,specificity=4 index=1631 count=615,[#6X3;r6:1]~;@[#7X2;r6:2]~;@[#7X2;r6:3],N/A
a1955,specificity=4 index=1632 count=594,[#6X3;r6:1]~;@[#6X4;r6:2]~;@[#7X3;r6:3],N/A
a1956,specificity=4 index=1633 count=590,[#7X2;r5:1]~;@[#7X2;r5:2]~;@[#7X3;r5:3],N/A
a1957,specificity=4 index=1634 count=583,[#7X3;r6:1]~;@[#6X3;r6:2]~;@[#7X3;r6:3],N/A
a1958,specificity=4 index=1635 count=581,[#6X3;r5:1]~;@[#6X4;r5:2]~;@[#7X3;r5:3],N/A
a1959,specificity=4 index=1636 count=553,[#6X3;r6:1]~;@[#6X3;r6:2]~;@[#6X4;r7:3],N/A
a1960,specificity=4 index=1637 count=545,[#16X2;r5:1]~;@[#6X3;r5:2]~;@[#7X3;r5:3],N/A
a1961,specificity=4 index=1638 count=544,[#16X2;r6:1]~;@[#6X3;r6:2]~;@[#6X3;r6:3],N/A
a1962,specificity=4 index=1639 count=518,[#6X3;r5:1]~;@[#6X3;r6:2]~;@[#7X3;r6:3],N/A
a1963,specificity=4 index=1640 count=507,[#6X3;r5:1]~;@[#8X2;r5:2]~;@[#7X2;r5:3],N/A
a1964,specificity=4 index=1641 count=499,[#6X3;r6:1]~;@[#6X3;r6:2]~;@[#6X3;r7:3],N/A
a1965,specificity=4 index=1642 count=489,[#6X3;r6:1]~;@[#6X3;r6:2]~;@[#7X3;r7:3],N/A
a1966,specificity=4 index=1643 count=476,[#6X3;r6:1]~;@[#6X4;r5:2]~;@[#6X4;r5:3],N/A
a1967,specificity=4 index=1644 count=471,[#6X3;r6:1]~;@[#8X2;r6:2]~;@[#6X3;r6:3],N/A
a1968,specificity=4 index=1645 count=466,[#6X3;r5:1]~;@[#7X3;r5:2]~;@[#7X3;r5:3],N/A
a1969,specificity=4 index=1646 count=459,[#6X3;r5:1]~;@[#6X4;r5:2]~;@[#6X3;r5:3],N/A
a1970,specificity=4 index=1647 count=452,[#6X4;r6:1]~;@[#6X3;r6:2]~;@[#7X2;r6:3],N/A
a1971,specificity=4 index=1648 count=451,[#6X4;r7:1]~;@[#6X4;r7:2]~;@[#6X4;r7:3],N/A
a1972,specificity=4 index=1649 count=445,[#6X3;r5:1]~;@[#6X3;r5:2]~;@[#7X3;r6:3],N/A
a1973,specificity=4 index=1650 count=426,[#6X4;r3:1]~;@[#6X4;r3:2]~;@[#8X2;r3:3],N/A
a1974,specificity=4 index=1651 count=421,[#6X4;r4:1]~;@[#6X4;r4:2]~;@[#7X3;r4:3],N/A
a1975,specificity=4 index=1652 count=418,[#6X3;r6:1]~;@[#6X3;r6:2]~;@[#6X4;r5:3],N/A
a1976,specificity=4 index=1653 count=415,[#6X4;r3:1]~;@[#6X4;r3:2]~;@[#6X4;r5:3],N/A
a1977,specificity=4 index=1654 count=410,[#6X3;r5:1]~;@[#7X3;r5:2]~;@[#6X4;r6:3],N/A
a1978,specificity=4 index=1655 count=404,[#16X2;r5:1]~;@[#6X4;r5:2]~;@[#6X4;r5:3],N/A
a1979,specificity=4 index=1656 count=380,[#6X3;r5:1]~;@[#6X4;r5:2]~;@[#6X4;r6:3],N/A
a1980,specificity=4 index=1657 count=376,[#6X3;r5:1]~;@[#6X4;r5:2]~;@[#8X2;r5:3],N/A
a1981,specificity=4 index=1658 count=373,[#8X2;r5:1]~;@[#6X4;r5:2]~;@[#8X2;r5:3],N/A
a1982,specificity=4 index=1659 count=367,[#6X4;r6:1]~;@[#6X3;r6:2]~;@[#6X4;r6:3],N/A
a1983,specificity=4 index=1660 count=357,[#6X3;r5:1]~;@[#7X3;r6:2]~;@[#6X3;r6:3],N/A
a1984,specificity=4 index=1661 count=353,[#6X3;r5:1]~;@[#7X3;r5:2]~;@[#7X2;r6:3],N/A
a1985,specificity=4 index=1662 count=346,[#6X3;r6:1]~;@[#6X4;r6:2]~;@[#8X2;r6:3],N/A
a1986,specificity=4 index=1663 count=343,[#6X4;r6:1]~;@[#6X4;r5:2]~;@[#7X3;r5:3],N/A
a1987,specificity=4 index=1664 count=335,[#6X4;r5:1]~;@[#6X3;r5:2]~;@[#7X2;r5:3],N/A
a1988,specificity=4 index=1665 count=331,[#6X3;r6:1]~;@[#7X3;r5:2]~;@[#7X2;r5:3],N/A
a1989,specificity=4 index=1666 count=330,[#6X4;r6:1]~;@[#6X4;r5:2]~;@[#8X2;r5:3],N/A
a1990,specificity=4 index=1667 count=320,[#6X3;r5:1]~;@[#7X2;r5:2]~;@[#6X4;r5:3],N/A
a1991,specificity=4 index=1668 count=306,[#6X4;r7:1]~;@[#6X4;r7:2]~;@[#7X3;r7:3],N/A
a1992,specificity=4 index=1669 count=297,[#6X3;r5:1]~;@[#16X2;r5:2]~;@[#6X4;r5:3],N/A
a1993,specificity=4 index=1670 count=295,[#7X2;r5:1]~;@[#6X3;r5:2]~;@[#7X2;r6:3],N/A
a1994,specificity=4 index=1671 count=290,[#6X3;r6:1]~;@[#7X3;r6:2]~;@[#7X2;r6:3],N/A
a1995,specificity=4 index=1672 count=275,[#6X3;r6:1]~;@[#7X2;r6:2]~;@[#7X3;r6:3],N/A
a1996,specificity=4 index=1673 count=273,[#6X3;r6:1]~;@[#6X3;r6:2]~;@[#8X2;r7:3],N/A
a1997,specificity=4 index=1674 count=263,[#6X4;r5:1]~;@[#6X4;r5:2]~;@[#7X2;r5:3],N/A
a1998,specificity=4 index=1675 count=261,[#6X4;r5:1]~;@[#7X3;r5:2]~;@[#7X3;r5:3],N/A
a1999,specificity=4 index=1676 count=260,[#6X4;r6:1]~;@[#6X3;r5:2]~;@[#7X3;r5:3],N/A
a2000,specificity=4 index=1677 count=250,[#16X2;r5:1]~;@[#6X3;r5:2]~;@[#7X2;r6:3],N/A
a2001,specificity=4 index=1678 count=233,[#7X2;r5:1]~;@[#7X2;r5:2]~;@[#7X2;r5:3],N/A
a2002,specificity=4 index=1679 count=230,[#6X4;r6:1]~;@[#6X4;r6:2]~;@[#7X3;r5:3],N/A
a2003,specificity=4 index=1680 count=225,[#16X2;r6:1]~;@[#6X4;r6:2]~;@[#6X4;r6:3],N/A
a2004,specificity=4 index=1681 count=211,[#16X2;r5:1]~;@[#7X2;r5:2]~;@[#6X3;r5:3],N/A
a2005,specificity=4 index=1682 count=210,[#6X4;r3:1]~;@[#6X4;r3:2]~;@[#6X4;r6:3],N/A
a2006,specificity=4 index=1683 count=208,[#7X3;r5:1]~;@[#6X3;r5:2]~;@[#8X2;r5:3],N/A
a2007,specificity=4 index=1684 count=204,[#6X4;r3:1]~;@[#8X2;r3:2]~;@[#6X4;r3:3],N/A
a2008,specificity=4 index=1685 count=203,[#6X3;r7:1]~;@[#6X3;r7:2]~;@[#6X3;r7:3],N/A
a2009,specificity=4 index=1686 count=197,[#7X2;r5:1]~;@[#6X3;r5:2]~;@[#7X3;r6:3],N/A
a2010,specificity=4 index=1687 count=194,[#6X4;r3:1]~;@[#6X4;r3:2]~;@[#7X3;r3:3],N/A
a2011,specificity=4 index=1688 count=191,[#6X4;r5:1]~;@[#6X3;r5:2]~;@[#8X2;r5:3],N/A
a2012,specificity=4 index=1689 count=190,[#6X4;r5:1]~;@[#16X2;r5:2]~;@[#6X4;r5:3],N/A
a2013,specificity=4 index=1690 count=189,[#6X4;r5:1]~;@[#6X3;r5:2]~;@[#6X4;r5:3],N/A
a2014,specificity=4 index=1691 count=187,[#6X3;r5:1]~;@[#6X3;r5:2]~;@[#6X4;r7:3],N/A
a2015,specificity=4 index=1692 count=182,[#6X3;r5:1]~;@[#6X4;r5:2]~;@[#6X3;r6:3],N/A
a2016,specificity=4 index=1693 count=182,[#6X3;r5:1]~;@[#6X3;r6:2]~;@[#6X4;r6:3],N/A
a2017,specificity=4 index=1694 count=181,[#6X3;r6:1]~;@[#7X3;r5:2]~;@[#6X4;r5:3],N/A
a2018,specificity=4 index=1695 count=181,[#6X3;r5:1]~;@[#6X3;r5:2]~;@[#6X3;r7:3],N/A
a2019,specificity=4 index=1696 count=175,[#6X4;r4:1]~;@[#7X3;r4:2]~;@[#6X4;r4:3],N/A
a2020,specificity=4 index=1697 count=174,[#6X3;r6:1]~;@[#7X2;r6:2]~;@[#7X3;r5:3],N/A
a2021,specificity=4 index=1698 count=172,[#6X4;r6:1]~;@[#6X4;r5:2]~;@[#6X4;r6:3],N/A
a2022,specificity=4 index=1699 count=172,[#6X3;r5:1]~;@[#6X4;r6:2]~;@[#7X3;r6:3],N/A
a2023,specificity=4 index=1700 count=171,[#6X3;r5:1]~;@[#16X2;r5:2]~;@[#7X2;r5:3],N/A
a2024,specificity=4 index=1701 count=170,[#6X4;r3:1]~;@[#6X4;r5:2]~;@[#6X4;r5:3],N/A
a2025,specificity=4 index=1702 count=167,[#6X3;r6:1]~;@[#6X4;r6:2]~;@[#6X4;r5:3],N/A
a2026,specificity=4 index=1703 count=166,[#6X4;r6:1]~;@[#6X4;r6:2]~;@[#7X4;r6:3],N/A
a2027,specificity=4 index=1704 count=162,[#6X3;r5:1]~;@[#6X4;r3:2]~;@[#6X4;r3:3],N/A
a2028,specificity=4 index=1705 count=159,[#6X3;r6:1]~;@[#7X2;r6:2]~;@[#6X4;r6:3],N/A
a2029,specificity=4 index=1706 count=155,[#6X3;r6:1]~;@[#6X3;r6:2]~;@[#7X2;r7:3],N/A
a2030,specificity=4 index=1707 count=155,[#7X3;r6:1]~;@[#6X4;r6:2]~;@[#7X3;r6:3],N/A
a2031,specificity=4 index=1708 count=149,[#6X4;r6:1]~;@[#6X3;r5:2]~;@[#7X2;r5:3],N/A
a2032,specificity=4 index=1709 count=149,[#6X4;r4:1]~;@[#6X4;r4:2]~;@[#6X4;r5:3],N/A
a2033,specificity=4 index=1710 count=148,[#6X3;r4:1]~;@[#6X4;r4:2]~;@[#6X4;r4:3],N/A
a2034,specificity=4 index=1711 count=148,[#16X4;r6:1]~;@[#6X3;r6:2]~;@[#6X3;r6:3],N/A
a2035,specificity=4 index=1712 count=148,[#16X2;r5:1]~;@[#6X4;r5:2]~;@[#6X3;r5:3],N/A
a2036,specificity=4 index=1713 count=145,[#6X3;r6:1]~;@[#16X2;r6:2]~;@[#6X4;r6:3],N/A
a2037,specificity=4 index=1714 count=139,[#16X2;r7:1]~;@[#6X3;r6:2]~;@[#6X3;r6:3],N/A
a2038,specificity=4 index=1715 count=138,[#6X3;r6:1]~;@[#6X4;r3:2]~;@[#6X4;r3:3],N/A
a2039,specificity=4 index=1716 count=135,[#6X4;r6:1]~;@[#6X4;r6:2]~;@[#7X2;r6:3],N/A
a2040,specificity=4 index=1717 count=133,[#6X4;r7:1]~;@[#7X3;r7:2]~;@[#6X4;r7:3],N/A
a2041,specificity=4 index=1718 count=131,[#6X3;r6:1]~;@[#16X2;r6:2]~;@[#6X3;r6:3],N/A
a2042,specificity=4 index=1719 count=130,[#7X3;r5:1]~;@[#6X3;r5:2]~;@[#7X3;r6:3],N/A
a2043,specificity=4 index=1720 count=130,[#7X2;r5:1]~;@[#7X3;r5:2]~;@[#7X2;r5:3],N/A
a2044,specificity=4 index=1721 count=130,[#6X4;r5:1]~;@[#7X3;r5:2]~;@[#7X2;r5:3],N/A
a2045,specificity=4 index=1722 count=129,[#6X4;r5:1]~;@[#7X3;r5:2]~;@[#6X4;r6:3],N/A
a2046,specificity=4 index=1723 count=128,[#6X3;r6:1]~;@[#6X4;r7:2]~;@[#6X4;r7:3],N/A
a2047,specificity=4 index=1724 count=128,[#8X2;r6:1]~;@[#6X4;r6:2]~;@[#8X2;r6:3],N/A
a2048,specificity=4 index=1725 count=128,[#16X2;r5:1]~;@[#6X4;r5:2]~;@[#7X3;r5:3],N/A
a2049,specificity=4 index=1726 count=127,[#6X3;r5:1]~;@[#7X3;r5:2]~;@[#6X4;r7:3],N/A
a2050,specificity=4 index=1727 count=126,[#6X4;r6:1]~;@[#7X4;r6:2]~;@[#6X4;r6:3],N/A
a2051,specificity=4 index=1728 count=125,[#16X2;r5:1]~;@[#6X3;r5:2]~;@[#6X4;r6:3],N/A
a2052,specificity=4 index=1729 count=120,[#6X3;r6:1]~;@[#7X3;r7:2]~;@[#6X3;r7:3],N/A
a2053,specificity=4 index=1730 count=119,[#6X3;r6:1]~;@[#6X4;r5:2]~;@[#7X3;r5:3],N/A
a2054,specificity=4 index=1731 count=116,[#7X3;r5:1]~;@[#6X4;r5:2]~;@[#7X3;r5:3],N/A
a2055,specificity=4 index=1732 count=114,[#6X4;r4:1]~;@[#6X4;r4:2]~;@[#8X2;r4:3],N/A
a2056,specificity=4 index=1733 count=110,[#6X4;r6:1]~;@[#6X3;r6:2]~;@[#8X2;r6:3],N/A
a2057,specificity=4 index=1734 count=110,[#6X3;r7:1]~;@[#6X4;r7:2]~;@[#6X4;r7:3],N/A
a2058,specificity=4 index=1735 count=110,[#6X4;r3:1]~;@[#6X4;r6:2]~;@[#6X4;r6:3],N/A
a2059,specificity=4 index=1736 count=106,[#7X2;r6:1]~;@[#6X3;r6:2]~;@[#7X3;r5:3],N/A
a2060,specificity=4 index=1737 count=105,[#16X4;r5:1]~;@[#6X4;r5:2]~;@[#6X4;r5:3],N/A
a2061,specificity=4 index=1738 count=103,[#6X4;r6:1]~;@[#16X2;r6:2]~;@[#6X4;r6:3],N/A
a2062,specificity=4 index=1739 count=102,[#16X4;r5:1]~;@[#6X3;r5:2]~;@[#6X3;r5:3],N/A
a2063,specificity=4 index=1740 count=102,[#6X3;r5:1]~;@[#6X4;r7:2]~;@[#6X4;r7:3],N/A
a2064,specificity=4 index=1741 count=101,[#16X2;r6:1]~;@[#6X4;r6:2]~;@[#6X3;r6:3],N/A
a2065,specificity=4 index=1742 count=99,[#6X4;r7:1]~;@[#6X3;r7:2]~;@[#7X3;r7:3],N/A
a2066,specificity=4 index=1743 count=99,[#16X4;r6:1]~;@[#6X4;r6:2]~;@[#6X4;r6:3],N/A
a2067,specificity=4 index=1744 count=99,[#6X4;r5:1]~;@[#6X4;r5:2]~;@[#7X3;r6:3],N/A
a2068,specificity=4 index=1745 count=97,[#6X4;r3:1]~;@[#7X3;r3:2]~;@[#6X4;r3:3],N/A
a2069,specificity=4 index=1746 count=97,[#6X3;r6:1]~;@[#6X3;r6:2]~;@[#6X4;r3:3],N/A
a2070,specificity=4 index=1747 count=96,[#6X3;r7:1]~;@[#7X3;r7:2]~;@[#6X4;r7:3],N/A
a2071,specificity=4 index=1748 count=93,[#6X4;r5:1]~;@[#6X4;r6:2]~;@[#7X3;r6:3],N/A
a2072,specificity=4 index=1749 count=92,[#7X2;r6:1]~;@[#6X3;r6:2]~;@[#8X2;r6:3],N/A
a2073,specificity=4 index=1750 count=91,[#6X4;r5:1]~;@[#6X3;r6:2]~;@[#7X3;r6:3],N/A
a2074,specificity=4 index=1751 count=89,[#6X4;r5:1]~;@[#6X4;r5:2]~;@[#6X4;r7:3],N/A
a2075,specificity=4 index=1752 count=88,[#6X4;r5:1]~;@[#6X3;r5:2]~;@[#7X2;r6:3],N/A
a2076,specificity=4 index=1753 count=85,[#6X4;r6:1]~;@[#6X4;r3:2]~;@[#8X2;r3:3],N/A
a2077,specificity=4 index=1754 count=84,[#6X3;r5:1]~;@[#7X3;r5:2]~;@[#8X2;r5:3],N/A
a2078,specificity=4 index=1755 count=81,[#6X4;r5:1]~;@[#6X4;r5:2]~;@[#7X4;r5:3],N/A
a2079,specificity=4 index=1756 count=81,[#6X4;r7:1]~;@[#6X4;r7:2]~;@[#8X2;r7:3],N/A
a2080,specificity=4 index=1757 count=78,[#6X3;r4:1]~;@[#7X3;r4:2]~;@[#6X4;r4:3],N/A
a2081,specificity=4 index=1758 count=76,[#6X3;r6:1]~;@[#6X3;r7:2]~;@[#6X3;r7:3],N/A
a2082,specificity=4 index=1759 count=76,[#6X3;r5:1]~;@[#6X3;r6:2]~;@[#6X3;r5:3],N/A
a2083,specificity=4 index=1760 count=76,[#6X4;r5:1]~;@[#6X4;r5:2]~;@[#8X2;r6:3],N/A
a2084,specificity=4 index=1761 count=74,[#16X2;r6:1]~;@[#6X3;r6:2]~;@[#7X2;r6:3],N/A
a2085,specificity=4 index=1762 count=74,[#6X3;r6:1]~;@[#6X3;r7:2]~;@[#7X3;r7:3],N/A
a2086,specificity=4 index=1763 count=74,[#6X4;r4:1]~;@[#6X4;r5:2]~;@[#6X4;r5:3],N/A
a2087,specificity=4 index=1764 count=74,[#6X4;r5:1]~;@[#6X4;r3:2]~;@[#8X2;r3:3],N/A
a2088,specificity=4 index=1765 count=73,[#6X4;r4:1]~;@[#6X3;r4:2]~;@[#7X3;r4:3],N/A
a2089,specificity=4 index=1766 count=72,[#6X3;r4:1]~;@[#6X3;r4:2]~;@[#6X4;r4:3],N/A
a2090,specificity=4 index=1767 count=69,[#6X3;r5:1]~;@[#6X3;r5:2]~;@[#6X4;r3:3],N/A
a2091,specificity=4 index=1768 count=68,[#16X4;r5:1]~;@[#6X3;r5:2]~;@[#6X3;r6:3],N/A
a2092,specificity=4 index=1769 count=68,[#6X3;r6:1]~;@[#6X4;r5:2]~;@[#8X2;r5:3],N/A
a2093,specificity=4 index=1770 count=68,[#16X2;r5:1]~;@[#16X2;r5:2]~;@[#6X3;r5:3],N/A
a2094,specificity=4 index=1771 count=67,[#7X3;r5:1]~;@[#6X4;r5:2]~;@[#8X2;r5:3],N/A
a2095,specificity=4 index=1772 count=67,[#6X3;r5:1]~;@[#6X4;r5:2]~;@[#7X2;r5:3],N/A
a2096,specificity=4 index=1773 count=66,[#6X3;r5:1]~;@[#6X4;r6:2]~;@[#6X3;r6:3],N/A
a2097,specificity=4 index=1774 count=66,[#6X3;r6:1]~;@[#7X2;r7:2]~;@[#6X3;r7:3],N/A
a2098,specificity=4 index=1775 count=66,[#16X2;r5:1]~;@[#7X3;r5:2]~;@[#6X3;r5:3],N/A
a2099,specificity=4 index=1776 count=66,[#6X3;r6:1]~;@[#8X2;r7:2]~;@[#6X4;r7:3],N/A
a2100,specificity=4 index=1777 count=65,[#6X3;r7:1]~;@[#6X3;r7:2]~;@[#6X4;r7:3],N/A
a2101,specificity=4 index=1778 count=65,[#6X4;r4:1]~;@[#6X4;r4:2]~;@[#6X4;r6:3],N/A
a2102,specificity=4 index=1779 count=65,[#6X4;r3:1]~;@[#6X4;r5:2]~;@[#7X3;r5:3],N/A
a2103,specificity=4 index=1780 count=64,[#6X3;r4:1]~;@[#6X3;r4:2]~;@[#6X3;r4:3],N/A
a2104,specificity=4 index=1781 count=63,[#6X4;r7:1]~;@[#6X4;r7:2]~;@[#7X3;r5:3],N/A
a2105,specificity=4 index=1782 count=63,[#6X4;r7:1]~;@[#6X3;r5:2]~;@[#7X3;r5:3],N/A
a2106,specificity=4 index=1783 count=63,[#6X3;r6:1]~;@[#6X4;r6:2]~;@[#7X3;r5:3],N/A
a2107,specificity=4 index=1784 count=62,[#6X4;r8:1]~;@[#6X4;r8:2]~;@[#6X4;r8:3],N/A
a2108,specificity=4 index=1785 count=61,[#6X3;r5:1]~;@[#8X2;r5:2]~;@[#7X3;r5:3],N/A
a2109,specificity=4 index=1786 count=61,[#6X3;r5:1]~;@[#7X2;r6:2]~;@[#7X2;r6:3],N/A
a2110,specificity=4 index=1787 count=61,[#6X3;r5:1]~;@[#6X3;r5:2]~;@[#8X2;r6:3],N/A
a2111,specificity=4 index=1788 count=61,[#6X3;r6:1]~;@[#6X4;r3:2]~;@[#8X2;r3:3],N/A
a2112,specificity=4 index=1789 count=60,[#16X2;r5:1]~;@[#6X3;r5:2]~;@[#6X4;r5:3],N/A
a2113,specificity=4 index=1790 count=60,[#6X3;r5:1]~;@[#16X2;r5:2]~;@[#7X3;r5:3],N/A
a2114,specificity=4 index=1791 count=60,[#6X3;r6:1]~;@[#7X3;r5:2]~;@[#7X3;r5:3],N/A
a2115,specificity=4 index=1792 count=59,[#15X4;r6:1]~;@[#8X2;r6:2]~;@[#6X4;r6:3],N/A
a2116,specificity=4 index=1793 count=58,[#6X4;r5:1]~;@[#8X2;r5:2]~;@[#7X2;r5:3],N/A
a2117,specificity=4 index=1794 count=57,[#6X3;r7:1]~;@[#7X2;r7:2]~;@[#6X4;r7:3],N/A
a2118,specificity=4 index=1795 count=56,[#6X3;r6:1]~;@[#7X3;r7:2]~;@[#6X4;r7:3],N/A
a2119,specificity=4 index=1796 count=56,[#16X2;r5:1]~;@[#6X4;r5:2]~;@[#6X4;r6:3],N/A
a2120,specificity=4 index=1797 count=55,[#6X3;r6:1]~;@[#7X3;r6:2]~;@[#7X3;r6:3],N/A
a2121,specificity=4 index=1798 count=55,[#7X2;r6:1]~;@[#6X3;r5:2]~;@[#8X2;r5:3],N/A
a2122,specificity=4 index=1799 count=54,[#6X3;r6:1]~;@[#6X4;r5:2]~;@[#6X4;r6:3],N/A
a2123,specificity=4 index=1800 count=54,[#6X4;r7:1]~;@[#6X3;r7:2]~;@[#7X2;r7:3],N/A
a2124,specificity=4 index=1801 count=54,[#7X2;r5:1]~;@[#8X2;r5:2]~;@[#7X2;r5:3],N/A
a2125,specificity=4 index=1802 count=53,[#6X3;r6:1]~;@[#7X3;r6:2]~;@[#6X4;r5:3],N/A
a2126,specificity=4 index=1803 count=53,[#6X3;r6:1]~;@[#6X4;r7:2]~;@[#7X3;r7:3],N/A
a2127,specificity=4 index=1804 count=53,[#6X4;r6:1]~;@[#7X3;r6:2]~;@[#7X3;r6:3],N/A
a2128,specificity=4 index=1805 count=52,[#6X4;r6:1]~;@[#7X3;r5:2]~;@[#7X2;r5:3],N/A
a2129,specificity=4 index=1806 count=51,[#6X3;r6:1]~;@[#6X3;r7:2]~;@[#7X2;r7:3],N/A
a2130,specificity=4 index=1807 count=50,[#6X4;r4:1]~;@[#8X2;r4:2]~;@[#6X4;r4:3],N/A
a2131,specificity=4 index=1808 count=50,[#6X4;r5:1]~;@[#6X4;r6:2]~;@[#8X2;r6:3],N/A
a2132,specificity=4 index=1809 count=50,[#6X4;r5:1]~;@[#6X4;r7:2]~;@[#6X4;r7:3],N/A
a2133,specificity=4 index=1810 count=49,[#6X3;r7:1]~;@[#6X3;r5:2]~;@[#7X3;r5:3],N/A
a2134,specificity=4 index=1811 count=49,[#16X4;r6:1]~;@[#7X3;r6:2]~;@[#6X3;r6:3],N/A
a2135,specificity=4 index=1812 count=48,[#6X4;r5:1]~;@[#7X4;r5:2]~;@[#6X4;r5:3],N/A
a2136,specificity=4 index=1813 count=47,[#6X4;r6:1]~;@[#6X3;r5:2]~;@[#8X2;r5:3],N/A
a2137,specificity=4 index=1814 count=47,[#6X3;r5:1]~;@[#6X3;r6:2]~;@[#8X2;r6:3],N/A
a2138,specificity=4 index=1815 count=44,[#6X4;r5:1]~;@[#6X3;r5:2]~;@[#6X4;r6:3],N/A
a2139,specificity=4 index=1816 count=43,[#6X3;r5:1]~;@[#6X3;r7:2]~;@[#6X3;r7:3],N/A
a2140,specificity=4 index=1817 count=43,[#16X4;r6:1]~;@[#7X3;r6:2]~;@[#6X4;r6:3],N/A
a2141,specificity=4 index=1818 count=42,[#16X4;r5:1]~;@[#7X3;r5:2]~;@[#6X3;r5:3],N/A
a2142,specificity=4 index=1819 count=42,[#16X2;r5:1]~;@[#6X3;r5:2]~;@[#16X2;r5:3],N/A
a2143,specificity=4 index=1820 count=42,[#6X4;r7:1]~;@[#6X3;r5:2]~;@[#7X2;r5:3],N/A
a2144,specificity=4 index=1821 count=42,[#16X2;r6:1]~;@[#6X3;r6:2]~;@[#7X3;r6:3],N/A
a2145,specificity=4 index=1822 count=42,[#6X3;r5:1]~;@[#6X4;r6:2]~;@[#8X2;r6:3],N/A
a2146,specificity=4 index=1823 count=41,[#6X3;r5:1]~;@[#7X3;r6:2]~;@[#6X4;r6:3],N/A
a2147,specificity=4 index=1824 count=41,[#6X3;r5:1]~;@[#6X3;r5:2]~;@[#7X3;r7:3],N/A
a2148,specificity=4 index=1825 count=41,[#7X3;r6:1]~;@[#6X3;r6:2]~;@[#8X2;r6:3],N/A
a2149,specificity=4 index=1826 count=40,[#6X3;r7:1]~;@[#6X4;r7:2]~;@[#7X3;r7:3],N/A
a2150,specificity=4 index=1827 count=40,[#7X2;r6:1]~;@[#6X3;r6:2]~;@[#7X3;r7:3],N/A
a2151,specificity=4 index=1828 count=40,[#6X3;r5:1]~;@[#6X4;r4:2]~;@[#6X4;r4:3],N/A
a2152,specificity=4 index=1829 count=40,[#7X3;r5:1]~;@[#7X3;r5:2]~;@[#7X3;r5:3],N/A
a2153,specificity=4 index=1830 count=40,[#6X4;r5:1]~;@[#16X4;r5:2]~;@[#6X4;r5:3],N/A
a2154,specificity=4 index=1831 count=39,[#7X3;r5:1]~;@[#6X3;r6:2]~;@[#7X3;r6:3],N/A
a2155,specificity=4 index=1832 count=39,[#6X3;r6:1]~;@[#16X4;r6:2]~;@[#7X3;r6:3],N/A
a2156,specificity=4 index=1833 count=39,[#6X3;r5:1]~;@[#6X4;r5:2]~;@[#6X4;r3:3],N/A
a2157,specificity=4 index=1834 count=38,[#16X3;r6:1]~;@[#6X3;r6:2]~;@[#6X3;r6:3],N/A
a2158,specificity=4 index=1835 count=38,[#6X4;r5:1]~;@[#7X2;r5:2]~;@[#7X2;r5:3],N/A
a2159,specificity=4 index=1836 count=37,[#6X4;r6:1]~;@[#6X3;r6:2]~;@[#7X3;r5:3],N/A
a2160,specificity=4 index=1837 count=37,[#16X2;r6:1]~;@[#6X3;r5:2]~;@[#6X3;r5:3],N/A
a2161,specificity=4 index=1838 count=37,[#6X4;r5:1]~;@[#8X2;r5:2]~;@[#7X3;r5:3],N/A
a2162,specificity=4 index=1839 count=36,[#7X3;r5:1]~;@[#6X4;r5:2]~;@[#7X3;r6:3],N/A
a2163,specificity=4 index=1840 count=36,[#6X4;r5:1]~;@[#7X3;r5:2]~;@[#8X2;r5:3],N/A
a2164,specificity=4 index=1841 count=36,[#7X3;r6:1]~;@[#6X4;r6:2]~;@[#8X2;r6:3],N/A
a2165,specificity=4 index=1842 count=36,[#6X4;r6:1]~;@[#16X4;r6:2]~;@[#6X4;r6:3],N/A
a2166,specificity=4 index=1843 count=36,[#6X4;r6:1]~;@[#6X4;r6:2]~;@[#6X4;r7:3],N/A
a2167,specificity=4 index=1844 count=35,[#16X2;r5:1]~;@[#7X2;r5:2]~;@[#7X2;r5:3],N/A
a2168,specificity=4 index=1845 count=35,[#6X3;r6:1]~;@[#6X4;r6:2]~;@[#7X2;r6:3],N/A
a2169,specificity=4 index=1846 count=35,[#6X3;r5:1]~;@[#16X4;r5:2]~;@[#7X3;r5:3],N/A
a2170,specificity=4 index=1847 count=35,[#16X2;r6:1]~;@[#6X3;r5:2]~;@[#7X3;r5:3],N/A
a2171,specificity=4 index=1848 count=35,[#6X3;r6:1]~;@[#7X3;r7:2]~;@[#6X3;r6:3],N/A
a2172,specificity=4 index=1849 count=34,[#7X2;r5:1]~;@[#16X2;r5:2]~;@[#7X2;r5:3],N/A
a2173,specificity=4 index=1850 count=34,[#6X3;r5:1]~;@[#16X2;r6:2]~;@[#6X4;r6:3],N/A
a2174,specificity=4 index=1851 count=34,[#6X4;r6:1]~;@[#6X4;r5:2]~;@[#7X2;r5:3],N/A
a2175,specificity=4 index=1852 count=34,[#6X3;r6:1]~;@[#7X3;r6:2]~;@[#6X4;r7:3],N/A
a2176,specificity=4 index=1853 count=34,[#6X3;r6:1]~;@[#6X4;r4:2]~;@[#6X4;r4:3],N/A
a2177,specificity=4 index=1854 count=33,[#6X3;r5:1]~;@[#6X3;r7:2]~;@[#7X3;r7:3],N/A
a2178,specificity=4 index=1855 count=33,[#16X2;r5:1]~;@[#6X3;r5:2]~;@[#7X3;r6:3],N/A
a2179,specificity=4 index=1856 count=32,[#6X4;r7:1]~;@[#6X4;r7:2]~;@[#7X2;r7:3],N/A
a2180,specificity=4 index=1857 count=32,[#6X4;r5:1]~;@[#8X2;r6:2]~;@[#6X4;r6:3],N/A
a2181,specificity=4 index=1858 count=32,[#6X3;r7:1]~;@[#6X3;r7:2]~;@[#7X3;r7:3],N/A
a2182,specificity=4 index=1859 count=32,[#6X4;r5:1]~;@[#7X3;r6:2]~;@[#6X4;r6:3],N/A
a2183,specificity=4 index=1860 count=32,[#6X4;r5:1]~;@[#6X3;r6:2]~;@[#7X2;r6:3],N/A
a2184,specificity=4 index=1861 count=32,[#6X4;r6:1]~;@[#7X3;r6:2]~;@[#6X4;r7:3],N/A
a2185,specificity=4 index=1862 count=31,[#8X2;r6:1]~;@[#15X4;r6:2]~;@[#8X2;r6:3],N/A
a2186,specificity=4 index=1863 count=31,[#16X2;r6:1]~;@[#6X4;r6:2]~;@[#16X2;r6:3],N/A
a2187,specificity=4 index=1864 count=30,[#16X2;r7:1]~;@[#6X4;r7:2]~;@[#6X4;r7:3],N/A
a2188,specificity=4 index=1865 count=30,[#6X3;r6:1]~;@[#6X4;r5:2]~;@[#7X2;r5:3],N/A
a2189,specificity=4 index=1866 count=30,[#6X3;r5:1]~;@[#6X4;r5:2]~;@[#6X4;r7:3],N/A
a2190,specificity=4 index=1867 count=29,[#6X3;r6:1]~;@[#8X2;r7:2]~;@[#6X3;r6:3],N/A
a2191,specificity=4 index=1868 count=29,[#6X3;r7:1]~;@[#6X4;r7:2]~;@[#6X3;r7:3],N/A
a2192,specificity=4 index=1869 count=29,[#16X2;r5:1]~;@[#6X4;r5:2]~;@[#16X2;r5:3],N/A
a2193,specificity=4 index=1870 count=28,[#6X4;r4:1]~;@[#6X4;r6:2]~;@[#6X4;r6:3],N/A
a2194,specificity=4 index=1871 count=28,[#6X3;r7:1]~;@[#7X3;r5:2]~;@[#6X4;r5:3],N/A
a2195,specificity=4 index=1872 count=28,[#7X2;r6:1]~;@[#6X4;r6:2]~;@[#7X3;r6:3],N/A
a2196,specificity=4 index=1873 count=28,[#16X4;r7:1]~;@[#6X3;r6:2]~;@[#6X3;r6:3],N/A
a2197,specificity=4 index=1874 count=28,[#6X4;r7:1]~;@[#6X4;r7:2]~;@[#7X3;r6:3],N/A
a2198,specificity=4 index=1875 count=28,[#6X4;r6:1]~;@[#7X3;r5:2]~;@[#7X3;r5:3],N/A
a2199,specificity=4 index=1876 count=28,[#6X4;r5:1]~;@[#6X3;r5:2]~;@[#7X3;r6:3],N/A
a2200,specificity=4 index=1877 count=27,[#6X4;r7:1]~;@[#8X2;r7:2]~;@[#6X4;r7:3],N/A
a2201,specificity=4 index=1878 count=27,[#16X4;r5:1]~;@[#7X3;r5:2]~;@[#6X4;r5:3],N/A
a2202,specificity=4 index=1879 count=27,[#7X2;r5:1]~;@[#7X3;r5:2]~;@[#7X3;r5:3],N/A
a2203,specificity=4 index=1880 count=27,[#6X3;r5:1]~;@[#7X3;r5:2]~;@[#7X3;r6:3],N/A
a2204,specificity=4 index=1881 count=26,[#6X3;r5:1]~;@[#8X2;r6:2]~;@[#6X3;r6:3],N/A
a2205,specificity=4 index=1882 count=26,[#6X3;r6:1]~;@[#6X3;r6:2]~;@[#6X4;r8:3],N/A
a2206,specificity=4 index=1883 count=26,[#16X2;r6:1]~;@[#6X4;r6:2]~;@[#7X3;r6:3],N/A
a2207,specificity=4 index=1884 count=25,[#6X3;r5:1]~;@[#16X4;r5:2]~;@[#6X4;r5:3],N/A
a2208,specificity=4 index=1885 count=25,[#16X3;r5:1]~;@[#6X3;r5:2]~;@[#6X3;r5:3],N/A
a2209,specificity=4 index=1886 count=25,[#6X3;r6:1]~;@[#6X4;r6:2]~;@[#6X4;r3:3],N/A
a2210,specificity=4 index=1887 count=25,[#6X3;r5:1]~;@[#6X4;r3:2]~;@[#8X2;r3:3],N/A
a2211,specificity=4 index=1888 count=24,[#6X3;r7:1]~;@[#6X4;r5:2]~;@[#6X4;r5:3],N/A
a2212,specificity=4 index=1889 count=24,[#6X3;r5:1]~;@[#6X3;r7:2]~;@[#6X4;r7:3],N/A
a2213,specificity=4 index=1890 count=24,[#6X3;r6:1]~;@[#6X4;r7:2]~;@[#6X3;r6:3],N/A
a2214,specificity=4 index=1891 count=24,[#16X2;r6:1]~;@[#6X3;r5:2]~;@[#7X2;r5:3],N/A
a2215,specificity=4 index=1892 count=24,[#6X4;r5:1]~;@[#6X3;r6:2]~;@[#6X4;r6:3],N/A
a2216,specificity=4 index=1893 count=24,[#16X2;r5:1]~;@[#6X4;r5:2]~;@[#8X2;r5:3],N/A
a2217,specificity=4 index=1894 count=24,[#16X4;r5:1]~;@[#6X4;r5:2]~;@[#6X3;r5:3],N/A
a2218,specificity=4 index=1895 count=23,[#6X3;r5:1]~;@[#7X2;r6:2]~;@[#6X3;r5:3],N/A
a2219,specificity=4 index=1896 count=22,[#6X4;r5:1]~;@[#7X4;r5:2]~;@[#6X4;r6:3],N/A
a2220,specificity=4 index=1897 count=22,[#7X2;r5:1]~;@[#6X4;r5:2]~;@[#7X3;r5:3],N/A
a2221,specificity=4 index=1898 count=22,[#6X4;r7:1]~;@[#6X4;r5:2]~;@[#7X3;r5:3],N/A
a2222,specificity=4 index=1899 count=21,[#6X3;r7:1]~;@[#6X3;r7:2]~;@[#8X2;r7:3],N/A
a2223,specificity=4 index=1900 count=21,[#6X3;r6:1]~;@[#6X4;r5:2]~;@[#6X3;r6:3],N/A
a2224,specificity=4 index=1901 count=21,[#6X3;r6:1]~;@[#16X2;r7:2]~;@[#6X4;r7:3],N/A
a2225,specificity=4 index=1902 count=21,[#6X4;r7:1]~;@[#6X3;r6:2]~;@[#7X2;r6:3],N/A
a2226,specificity=4 index=1903 count=21,[#6X3;r5:1]~;@[#6X3;r6:2]~;@[#7X3;r5:3],N/A
a2227,specificity=4 index=1904 count=21,[#15X4;r6:1]~;@[#7X3;r6:2]~;@[#6X4;r6:3],N/A
a2228,specificity=4 index=1905 count=20,[#16X4;r6:1]~;@[#6X4;r6:2]~;@[#6X3;r6:3],N/A
a2229,specificity=4 index=1906 count=20,[#6X3;r5:1]~;@[#6X4;r5:2]~;@[#7X3;r6:3],N/A
a2230,specificity=4 index=1907 count=20,[#16X2;r6:1]~;@[#6X4;r6:2]~;@[#6X3;r5:3],N/A
a2231,specificity=4 index=1908 count=20,[#16X3;r6:1]~;@[#6X4;r6:2]~;@[#6X4;r6:3],N/A
a2232,specificity=4 index=1909 count=20,[#16X4;r6:1]~;@[#6X3;r5:2]~;@[#6X3;r5:3],N/A
a2233,specificity=4 index=1910 count=20,[#7X3;r5:1]~;@[#6X3;r5:2]~;@[#8X2;r6:3],N/A
a2234,specificity=4 index=1911 count=20,[#16X2;r5:1]~;@[#6X3;r5:2]~;@[#6X4;r7:3],N/A
a2235,specificity=4 index=1912 count=20,[#6X3;r5:1]~;@[#6X3;r6:2]~;@[#6X4;r7:3],N/A
a2236,specificity=4 index=1913 count=20,[#16X3;r5:1]~;@[#6X4;r5:2]~;@[#6X4;r5:3],N/A
a2237,specificity=4 index=1914 count=20,[#6X4;r6:1]~;@[#7X3;r6:2]~;@[#7X2;r6:3],N/A
a2238,specificity=4 index=1915 count=20,[#6X4;r3:1]~;@[#6X3;r5:2]~;@[#7X3;r5:3],N/A
a2239,specificity=4 index=1916 count=20,[#6X3;r6:1]~;@[#6X3;r6:2]~;@[#6X4;r4:3],N/A
a2240,specificity=4 index=1917 count=20,[#7X2;r6:1]~;@[#7X2;r6:2]~;@[#7X3;r6:3],N/A
a2241,specificity=4 index=1918 count=20,[#6X4;r3:1]~;@[#6X4;r5:2]~;@[#8X2;r5:3],N/A
a2242,specificity=4 index=1919 count=19,[#16X2;r6:1]~;@[#6X4;r5:2]~;@[#6X4;r5:3],N/A
a2243,specificity=4 index=1920 count=19,[#6X4;r4:1]~;@[#7X3;r4:2]~;@[#6X4;r5:3],N/A
a2244,specificity=4 index=1921 count=19,[#6X3;r5:1]~;@[#6X3;r5:2]~;@[#6X4;r4:3],N/A
a2245,specificity=4 index=1922 count=19,[#6X3;r6:1]~;@[#8X2;r6:2]~;@[#6X4;r5:3],N/A
a2246,specificity=4 index=1923 count=19,[#6X3;r4:1]~;@[#6X3;r4:2]~;@[#6X3;r6:3],N/A
a2247,specificity=4 index=1924 count=19,[#6X4;r6:1]~;@[#6X4;r7:2]~;@[#6X4;r7:3],N/A
a2248,specificity=4 index=1925 count=19,[#6X3;r7:1]~;@[#6X3;r5:2]~;@[#6X4;r5:3],N/A
a2249,specificity=4 index=1926 count=19,[#16X2;r5:1]~;@[#16X2;r5:2]~;@[#6X4;r5:3],N/A
a2250,specificity=4 index=1927 count=19,[#6X3;r7:1]~;@[#6X3;r7:2]~;@[#7X2;r7:3],N/A
a2251,specificity=4 index=1928 count=19,[#6X3;r6:1]~;@[#6X3;r5:2]~;@[#6X4;r3:3],N/A
a2252,specificity=4 index=1929 count=18,[#6X3;r6:1]~;@[#6X3;r6:2]~;@[#7X3;r4:3],N/A
a2253,specificity=4 index=1930 count=18,[#16X2;r5:1]~;@[#6X4;r5:2]~;@[#6X3;r6:3],N/A
a2254,specificity=4 index=1931 count=18,[#6X3;r6:1]~;@[#16X2;r7:2]~;@[#6X3;r6:3],N/A
a2255,specificity=4 index=1932 count=18,[#6X3;r5:1]~;@[#7X3;r5:2]~;@[#6X3;r7:3],N/A
a2256,specificity=4 index=1933 count=18,[#6X3;r6:1]~;@[#6X3;r7:2]~;@[#6X3;r6:3],N/A
a2257,specificity=4 index=1934 count=18,[#6X4;r6:1]~;@[#16X4;r6:2]~;@[#7X3;r6:3],N/A
a2258,specificity=4 index=1935 count=18,[#6X3;r4:1]~;@[#7X3;r4:2]~;@[#6X4;r5:3],N/A
a2259,specificity=4 index=1936 count=18,[#6X4;r5:1]~;@[#6X4;r5:2]~;@[#7X2;r6:3],N/A
a2260,specificity=4 index=1937 count=18,[#6X3;r5:1]~;@[#6X3;r6:2]~;@[#6X3;r7:3],N/A
a2261,specificity=4 index=1938 count=18,[#6X3;r5:1]~;@[#6X4;r5:2]~;@[#6X4;r4:3],N/A
a2262,specificity=4 index=1939 count=18,[#6X4;r3:1]~;@[#6X4;r3:2]~;@[#7X3;r5:3],N/A
a2263,specificity=4 index=1940 count=18,[#8X2;r5:1]~;@[#6X3;r5:2]~;@[#8X2;r5:3],N/A
a2264,specificity=4 index=1941 count=18,[#6X3;r6:1]~;@[#6X3;r6:2]~;@[#6X3;r8:3],N/A
a2265,specificity=4 index=1942 count=18,[#6X4;r6:1]~;@[#8X2;r6:2]~;@[#8X2;r6:3],N/A
a2266,specificity=4 index=1943 count=18,[#6X3;r3:1]~;@[#6X3;r3:2]~;@[#6X4;r3:3],N/A
a2267,specificity=4 index=1944 count=17,[#6X3;r5:1]~;@[#6X4;r5:2]~;@[#8X2;r6:3],N/A
a2268,specificity=4 index=1945 count=17,[#6X3;r5:1]~;@[#6X4;r7:2]~;@[#7X3;r7:3],N/A
a2269,specificity=4 index=1946 count=17,[#7X2;r5:1]~;@[#8X2;r5:2]~;@[#7X3;r5:3],N/A
a2270,specificity=4 index=1947 count=17,[#6X4;r3:1]~;@[#6X4;r3:2]~;@[#8X2;r6:3],N/A
a2271,specificity=4 index=1948 count=17,[#6X3;r4:1]~;@[#6X3;r6:2]~;@[#6X3;r6:3],N/A
a2272,specificity=4 index=1949 count=17,[#6X4;r7:1]~;@[#6X4;r5:2]~;@[#8X2;r5:3],N/A
a2273,specificity=4 index=1950 count=17,[#6X4;r5:1]~;@[#8X2;r5:2]~;@[#8X2;r5:3],N/A
a2274,specificity=4 index=1951 count=17,[#16X4;r6:1]~;@[#7X2;r6:2]~;@[#6X3;r6:3],N/A
a2275,specificity=4 index=1952 count=16,[#6X4;r5:1]~;@[#7X3;r5:2]~;@[#6X4;r7:3],N/A
a2276,specificity=4 index=1953 count=16,[#6X3;r6:1]~;@[#7X3;r4:2]~;@[#6X4;r4:3],N/A
a2277,specificity=4 index=1954 count=16,[#6X3;r4:1]~;@[#7X3;r4:2]~;@[#6X3;r6:3],N/A
a2278,specificity=4 index=1955 count=16,[#6X3;r5:1]~;@[#6X3;r7:2]~;@[#7X2;r7:3],N/A
a2279,specificity=4 index=1956 count=16,[#16X3;r7:1]~;@[#6X3;r6:2]~;@[#6X3;r6:3],N/A
a2280,specificity=4 index=1957 count=16,[#6X3;r5:1]~;@[#16X4;r5:2]~;@[#6X3;r5:3],N/A
a2281,specificity=4 index=1958 count=16,[#6X3;r6:1]~;@[#6X3;r4:2]~;@[#6X4;r4:3],N/A
a2282,specificity=4 index=1959 count=16,[#16X2;r6:1]~;@[#6X3;r6:2]~;@[#6X3;r5:3],N/A
a2283,specificity=4 index=1960 count=16,[#6X4;r3:1]~;@[#7X2;r3:2]~;@[#7X2;r3:3],N/A
a2284,specificity=4 index=1961 count=16,[#6X3;r6:1]~;@[#6X4;r6:2]~;@[#6X4;r7:3],N/A
a2285,specificity=4 index=1962 count=16,[#6X4;r4:1]~;@[#6X4;r5:2]~;@[#7X3;r5:3],N/A
a2286,specificity=4 index=1963 count=16,[#6X3;r7:1]~;@[#6X4;r6:2]~;@[#6X4;r6:3],N/A
a2287,specificity=4 index=1964 count=16,[#6X3;r7:1]~;@[#7X2;r7:2]~;@[#7X3;r7:3],N/A
a2288,specificity=4 index=1965 count=16,[#6X4;r3:1]~;@[#6X4;r3:2]~;@[#6X4;r7:3],N/A
a2289,specificity=4 index=1966 count=16,[#6X4;r4:1]~;@[#6X4;r4:2]~;@[#7X3;r5:3],N/A
a2290,specificity=4 index=1967 count=16,[#6X4;r5:1]~;@[#6X4;r3:2]~;@[#7X3;r3:3],N/A
a2291,specificity=4 index=1968 count=15,[#6X3;r5:1]~;@[#7X2;r6:2]~;@[#6X4;r6:3],N/A
a2292,specificity=4 index=1969 count=15,[#6X4;r6:1]~;@[#6X4;r3:2]~;@[#6X4;r6:3],N/A
a2293,specificity=4 index=1970 count=15,[#6X3;r6:1]~;@[#6X4;r7:2]~;@[#8X2;r7:3],N/A
a2294,specificity=4 index=1971 count=15,[#6X3;r7:1]~;@[#6X4;r7:2]~;@[#8X2;r7:3],N/A
a2295,specificity=4 index=1972 count=15,[#6X4;r6:1]~;@[#6X4;r5:2]~;@[#7X4;r5:3],N/A
a2296,specificity=4 index=1973 count=15,[#6X3;r6:1]~;@[#6X4;r7:2]~;@[#6X3;r7:3],N/A
a2297,specificity=4 index=1974 count=15,[#16X4;r4:1]~;@[#6X4;r4:2]~;@[#6X4;r4:3],N/A
a2298,specificity=4 index=1975 count=14,[#16X2;r5:1]~;@[#6X4;r5:2]~;@[#7X3;r6:3],N/A
a2299,specificity=4 index=1976 count=14,[#6X3;r7:1]~;@[#6X3;r5:2]~;@[#7X2;r5:3],N/A
a2300,specificity=4 index=1977 count=14,[#6X4;r5:1]~;@[#16X4;r5:2]~;@[#7X3;r5:3],N/A
a2301,specificity=4 index=1978 count=14,[#6X4;r4:1]~;@[#6X3;r4:2]~;@[#6X4;r4:3],N/A
a2302,specificity=4 index=1979 count=14,[#6X4;r8:1]~;@[#6X4;r8:2]~;@[#7X3;r8:3],N/A
a2303,specificity=4 index=1980 count=14,[#6X4;r5:1]~;@[#6X4;r5:2]~;@[#7X3;r4:3],N/A
a2304,specificity=4 index=1981 count=14,[#6X3;r6:1]~;@[#7X2;r6:2]~;@[#6X4;r5:3],N/A
a2305,specificity=4 index=1982 count=14,[#6X4;r5:1]~;@[#16X3;r5:2]~;@[#6X4;r5:3],N/A
a2306,specificity=4 index=1983 count=14,[#6X3;r5:1]~;@[#6X4;r6:2]~;@[#6X4;r5:3],N/A
a2307,specificity=4 index=1984 count=14,[#6X4;r5:1]~;@[#6X4;r3:2]~;@[#6X4;r5:3],N/A
a2308,specificity=4 index=1985 count=14,[#6X3;r5:1]~;@[#8X2;r6:2]~;@[#6X4;r6:3],N/A
a2309,specificity=4 index=1986 count=14,[#8X2;r5:1]~;@[#6X4;r5:2]~;@[#8X2;r6:3],N/A
a2310,specificity=4 index=1987 count=14,[#6X4;r5:1]~;@[#6X4;r4:2]~;@[#7X3;r4:3],N/A
a2311,specificity=4 index=1988 count=14,[#6X4;r5:1]~;@[#6X4;r6:2]~;@[#6X4;r5:3],N/A
a2312,specificity=4 index=1989 count=14,[#16X2;r3:1]~;@[#6X4;r3:2]~;@[#6X4;r3:3],N/A
a2313,specificity=4 index=1990 count=14,[#6X4;r6:1]~;@[#6X3;r6:2]~;@[#7X2;r7:3],N/A
a2314,specificity=4 index=1991 count=14,[#6X4;r6:1]~;@[#7X2;r6:2]~;@[#7X2;r6:3],N/A
a2315,specificity=4 index=1992 count=14,[#6X3;r7:1]~;@[#7X3;r7:2]~;@[#7X2;r7:3],N/A
a2316,specificity=4 index=1993 count=13,[#6X3;r5:1]~;@[#7X3;r7:2]~;@[#6X3;r6:3],N/A
a2317,specificity=4 index=1994 count=13,[#6X3;r4:1]~;@[#6X4;r4:2]~;@[#6X4;r5:3],N/A
a2318,specificity=4 index=1995 count=13,[#6X3;r6:1]~;@[#16X4;r6:2]~;@[#6X4;r6:3],N/A
a2319,specificity=4 index=1996 count=13,[#7X2;r7:1]~;@[#6X3;r7:2]~;@[#7X3;r7:3],N/A
a2320,specificity=4 index=1997 count=13,[#6X4;r6:1]~;@[#6X4;r5:2]~;@[#8X2;r6:3],N/A
a2321,specificity=4 index=1998 count=13,[#7X3;r6:1]~;@[#15X4;r6:2]~;@[#8X2;r6:3],N/A
a2322,specificity=4 index=1999 count=13,[#7X2;r6:1]~;@[#6X3;r6:2]~;@[#8X2;r7:3],N/A
a2323,specificity=4 index=2000 count=13,[#6X4;r3:1]~;@[#6X3;r6:2]~;@[#6X4;r6:3],N/A
a2324,specificity=4 index=2001 count=13,[#6X4;r6:1]~;@[#8X2;r6:2]~;@[#7X3;r6:3],N/A
a2325,specificity=4 index=2002 count=13,[#6X3;r5:1]~;@[#6X4;r3:2]~;@[#6X3;r5:3],N/A
a2326,specificity=4 index=2003 count=13,[#16X3;r5:1]~;@[#6X3;r5:2]~;@[#6X3;r6:3],N/A
a2327,specificity=4 index=2004 count=13,[#6X4;r3:1]~;@[#6X4;r3:2]~;@[#7X3;r6:3],N/A
a2328,specificity=4 index=2005 count=12,[#16X4;r5:1]~;@[#7X2;r5:2]~;@[#6X3;r5:3],N/A
a2329,specificity=4 index=2006 count=12,[#6X3;r7:1]~;@[#6X4;r7:2]~;@[#7X2;r7:3],N/A
a2330,specificity=4 index=2007 count=12,[#6X3;r6:1]~;@[#8X2;r7:2]~;@[#6X3;r7:3],N/A
a2331,specificity=4 index=2008 count=12,[#6X3;r7:1]~;@[#6X4;r5:2]~;@[#7X3;r5:3],N/A
a2332,specificity=4 index=2009 count=12,[#6X3;r6:1]~;@[#6X3;r6:2]~;@[#7X4;r6:3],N/A
a2333,specificity=4 index=2010 count=12,[#6X3;r6:1]~;@[#6X3;r6:2]~;@[#7X3;r8:3],N/A
a2334,specificity=4 index=2011 count=12,[#6X3;r5:1]~;@[#6X3;r5:2]~;@[#7X2;r7:3],N/A
a2335,specificity=4 index=2012 count=12,[#6X4;r4:1]~;@[#6X4;r4:2]~;@[#8X2;r5:3],N/A
a2336,specificity=4 index=2013 count=12,[#6X4;r7:1]~;@[#6X3;r5:2]~;@[#8X2;r5:3],N/A
a2337,specificity=4 index=2014 count=12,[#6X4;r3:1]~;@[#6X3;r5:2]~;@[#6X4;r5:3],N/A
a2338,specificity=4 index=2015 count=12,[#6X3;r5:1]~;@[#6X3;r5:2]~;@[#7X3;r4:3],N/A
a2339,specificity=4 index=2016 count=12,[#6X4;r6:1]~;@[#6X4;r6:2]~;@[#7X3;r7:3],N/A
a2340,specificity=4 index=2017 count=12,[#6X4;r3:1]~;@[#6X4;r3:2]~;@[#6X4;r4:3],N/A
a2341,specificity=4 index=2018 count=12,[#6X3;r3:1]~;@[#6X4;r3:2]~;@[#6X4;r3:3],N/A
a2342,specificity=4 index=2019 count=12,[#15X4;r5:1]~;@[#8X2;r5:2]~;@[#6X4;r5:3],N/A
a2343,specificity=4 index=2020 count=12,[#16X2;r7:1]~;@[#16X2;r7:2]~;@[#16X2;r7:3],N/A
a2344,specificity=4 index=2021 count=12,[#6X3;r4:1]~;@[#8X2;r4:2]~;@[#6X4;r4:3],N/A
a2345,specificity=4 index=2022 count=12,[#6X4;r3:1]~;@[#6X4;r3:2]~;@[#8X2;r5:3],N/A
a2346,specificity=4 index=2023 count=12,[#16X2;r6:1]~;@[#6X4;r4:2]~;@[#6X4;r4:3],N/A
a2347,specificity=4 index=2024 count=12,[#6X4;r5:1]~;@[#6X4;r5:2]~;@[#6X4;r8:3],N/A
a2348,specificity=4 index=2025 count=11,[#16X2;r5:1]~;@[#6X3;r5:2]~;@[#8X2;r5:3],N/A
a2349,specificity=4 index=2026 count=11,[#6X3;r6:1]~;@[#6X4;r6:2]~;@[#7X4;r6:3],N/A
a2350,specificity=4 index=2027 count=11,[#6X3;r5:1]~;@[#16X4;r5:2]~;@[#7X2;r5:3],N/A
a2351,specificity=4 index=2028 count=11,[#16X2;r6:1]~;@[#6X3;r6:2]~;@[#6X4;r6:3],N/A
a2352,specificity=4 index=2029 count=11,[#6X4;r6:1]~;@[#6X4;r4:2]~;@[#7X3;r4:3],N/A
a2353,specificity=4 index=2030 count=11,[#6X3;r4:1]~;@[#7X3;r4:2]~;@[#6X3;r5:3],N/A
a2354,specificity=4 index=2031 count=11,[#6X3;r5:1]~;@[#7X3;r4:2]~;@[#6X4;r4:3],N/A
a2355,specificity=4 index=2032 count=11,[#6X4;r7:1]~;@[#6X4;r6:2]~;@[#7X3;r6:3],N/A
a2356,specificity=4 index=2033 count=11,[#6X4;r7:1]~;@[#7X3;r5:2]~;@[#7X2;r5:3],N/A
a2357,specificity=4 index=2034 count=11,[#7X3;r5:1]~;@[#6X4;r6:2]~;@[#7X3;r6:3],N/A
a2358,specificity=4 index=2035 count=11,[#6X3;r8:1]~;@[#6X4;r8:2]~;@[#6X4;r8:3],N/A
a2359,specificity=4 index=2036 count=11,[#16X2;r6:1]~;@[#16X2;r6:2]~;@[#6X4;r6:3],N/A
a2360,specificity=4 index=2037 count=11,[#6X3;r7:1]~;@[#7X2;r7:2]~;@[#7X2;r7:3],N/A
a2361,specificity=4 index=2038 count=11,[#7X2;r5:1]~;@[#6X4;r5:2]~;@[#7X2;r5:3],N/A
a2362,specificity=4 index=2039 count=11,[#15X4;r6:1]~;@[#6X3;r6:2]~;@[#6X3;r6:3],N/A
a2363,specificity=4 index=2040 count=10,[#6X3;r5:1]~;@[#7X3;r7:2]~;@[#6X3;r7:3],N/A
a2364,specificity=4 index=2041 count=10,[#6X4;r7:1]~;@[#6X3;r7:2]~;@[#7X3;r5:3],N/A
a2365,specificity=4 index=2042 count=10,[#6X4;r4:1]~;@[#16X2;r6:2]~;@[#6X4;r6:3],N/A
a2366,specificity=4 index=2043 count=10,[#6X3;r5:1]~;@[#7X2;r6:2]~;@[#7X3;r6:3],N/A
a2367,specificity=4 index=2044 count=10,[#6X4;r7:1]~;@[#16X2;r7:2]~;@[#6X4;r7:3],N/A
a2368,specificity=4 index=2045 count=10,[#6X3;r5:1]~;@[#6X4;r5:2]~;@[#7X4;r5:3],N/A
a2369,specificity=4 index=2046 count=10,[#16X2;r5:1]~;@[#6X4;r5:2]~;@[#7X2;r5:3],N/A
a2370,specificity=4 index=2047 count=10,[#7X2;r7:1]~;@[#6X3;r6:2]~;@[#7X3;r6:3],N/A
a2371,specificity=4 index=2048 count=10,[#6X4;r6:1]~;@[#6X4;r6:2]~;@[#8X2;r7:3],N/A
a2372,specificity=4 index=2049 count=10,[#6X4;r7:1]~;@[#6X3;r6:2]~;@[#7X3;r6:3],N/A
a2373,specificity=4 index=2050 count=10,[#6X4;r3:1]~;@[#6X4;r5:2]~;@[#6X4;r6:3],N/A
a2374,specificity=4 index=2051 count=10,[#6X3;r6:1]~;@[#6X4;r6:2]~;@[#6X4;r4:3],N/A
a2375,specificity=4 index=2052 count=10,[#6X3;r6:1]~;@[#6X4;r3:2]~;@[#6X4;r6:3],N/A
a2376,specificity=4 index=2053 count=10,[#6X4;r6:1]~;@[#7X3;r6:2]~;@[#8X2;r6:3],N/A
a2377,specificity=4 index=2054 count=10,[#6X3;r6:1]~;@[#6X3;r6:2]~;@[#7X2;r8:3],N/A
a2378,specificity=4 index=2055 count=10,[#16X2;r6:1]~;@[#16X2;r6:2]~;@[#6X4;r5:3],N/A
a2379,specificity=4 index=2056 count=10,[#6X4;r8:1]~;@[#6X4;r8:2]~;@[#8X2;r8:3],N/A
a2380,specificity=4 index=2057 count=10,[#6X4;r6:1]~;@[#6X4;r7:2]~;@[#7X3;r7:3],N/A
a2381,specificity=4 index=2058 count=10,[#6X4;r4:1]~;@[#6X4;r4:2]~;@[#8X2;r6:3],N/A
a2382,specificity=4 index=2059 count=10,[#7X3;r5:1]~;@[#7X2;r5:2]~;@[#8X2;r5:3],N/A
a2383,specificity=4 index=2060 count=10,[#6X4;r3:1]~;@[#6X4;r6:2]~;@[#8X2;r6:3],N/A
a2384,specificity=4 index=2061 count=10,[#6X3;r5:1]~;@[#6X4;r7:2]~;@[#6X3;r6:3],N/A
a2385,specificity=4 index=2062 count=10,[#16X4;r6:1]~;@[#8X2;r6:2]~;@[#6X3;r6:3],N/A
a2386,specificity=4 index=2063 count=10,[#7X3;r6:1]~;@[#6X3;r6:2]~;@[#7X3;r7:3],N/A
a2387,specificity=4 index=2064 count=10,[#6X4;r4:1]~;@[#6X3;r4:2]~;@[#8X2;r4:3],N/A
a2388,specificity=4 index=2065 count=10,[#6X3;r5:1]~;@[#6X4;r7:2]~;@[#8X2;r7:3],N/A
a2389,specificity=4 index=2066 count=10,[#6X4;r3:1]~;@[#6X4;r6:2]~;@[#6X4;r5:3],N/A
a2390,specificity=4 index=2067 count=10,[#6X3;r5:1]~;@[#6X4;r3:2]~;@[#6X4;r5:3],N/A
a2391,specificity=4 index=2068 count=10,[#6X3;r5:1]~;@[#16X2;r6:2]~;@[#6X3;r6:3],N/A
