smirks,k_kJ_mol_per_rad2,angle_deg,cluster
[*:1]~[#6X4:2]~[*:3],358.03764727783204,109.46048186503012,5
[*:1]~[#7X3:2]~[*:3],333.2305480957031,109.51399639717717,5
[*:1]~[#6X3:2]~[*:3],282.58621466064454,125.42393852148139,5
[*:1]~[#16X4:2]~[*:3],367.8920028076172,143.39055988790318,5
[*:1]~[#8X2:2]~[*:3],537.3657093505859,109.87628329113298,5
[*:1]~[#7X4:2]~[*:3],395.4080147094727,114.51664551134795,5
[*:1]~[#16X2:2]~[*:3],306.3895777587891,91.91042690589825,5
[*:1]~[#15X4:2]~[*:3],774.1985216064453,110.97722099287982,5
[*:1]~[#7X2:2]~[*:3],38.77455731201172,17.33356699074644,-1
[*:1]~[#16X3:2]~[*:3],550.4168321533203,104.00197909546351,5
[*:1]~[#15X3:2]~[*:3],237.51548303222657,8.382733857038962,1
[*:1]~[#15X5:2]~[*:3],535.6258660888672,163.82550233734085,-1
[*:1]~[#6X2:2]~[*:3],287.4383612060547,180.00000500895632,2
[*:1]~[#15X2:2]~[*:3],339.60486596679686,77.81840110089544,-1
[!#1;r3:1]~[#7X3;r5:2]~[!#1;r5:3],492.2362423706055,110.47042095646488,5
[!#1;r4:1]~[#6X3;r6:2]~[!#1;r6:3],124.33915608215332,124.16495707252962,-1
[!#1;r3:1]~[#6X4;r5:2]~[!#1;r6:3],359.82917126464844,109.08605772491919,5
[!#1;r3:1]~[#6X4;r5:2]~[!#1;r5:3],498.23123840332033,101.22171644286398,5
[!#1;r5:1]~[#6X4;r3:2]~[!#1;r5:3],12.254606395721437,92.55884408456423,-1
[!#1;r5:1]~[#6X4;r3:2]~[!#1;r6:3],299.44766571044926,122.64346413301757,5
[!#1;r3:1]~[#6X4;r6:2]~[!#1;r6:3],513.31837109375,106.46077889477641,5
[!#1;r5:1]~[#6X3;r7:2]~[!#1;r6:3],347.2508999633789,116.79187714652757,5
[!#1;r6:1]~[#7X4;r6:2]~[!#1;r6:3],582.7869058837891,117.40058360535912,5
[!#1;r5:1]~[#7X3;r7:2]~[!#1;r7:3],572.73198828125,113.22655938091594,5
[!#1;r5:1]~[#6X4;r7:2]~[!#1;r5:3],719.9918571777345,109.89474529245953,5
[!#1;r4:1]~[#7X3;r4:2]~[!#1;r5:3],495.15931567382813,115.18645484249441,5
[!#1;r5:1]~[#6X4;r4:2]~[!#1;r6:3],397.22967248535156,111.88685875635295,5
[!#1;r3:1]~[#7X3;r6:2]~[!#1;r6:3],428.27912652587895,94.27380896250605,5
[!#1;r3:1]~[#7X3;r3:2]~[!#1;r5:3],491.4740554199219,106.91189239888824,5
[!#1;r5:1]~[#6X4;r5:2]~[!#1;r8:3],356.051658203125,108.52102349564072,5
[!#1;r4:1]~[#6X4;r6:2]~[#1;!r3;!r4;!r5;!r6;!r7;!r8:3],354.4461401367188,102.37018543104494,5
[#6X3;r5:1]~[#6X3;r6:2]~[#6X4;r3:3],585.7009454345704,122.15700439995094,5
[#6X3;r5:1]~[#6X3;r7:2]~[#6X3;r5:3],0.0,108.1309240713846,0
[!#1;!r3;!r4;!r5;!r6;!r7;!r8:1]~[#6X4;!r3;!r4;!r5;!r6;!r7;!r8:2]~[!#1;!r3;!r4;!r5;!r6;!r7;!r8:3],660.4633868408204,106.3970942109552,5
[!#1;!r3;!r4;!r5;!r6;!r7;!r8:1]~[#6X3;!r3;!r4;!r5;!r6;!r7;!r8:2]~[!#1;!r3;!r4;!r5;!r6;!r7;!r8:3],368.8105087890625,124.5630341577363,5
[!#1;!r3;!r4;!r5;!r6;!r7;!r8:1]~[#7X3;!r3;!r4;!r5;!r6;!r7;!r8:2]~[!#1;!r3;!r4;!r5;!r6;!r7;!r8:3],309.74493048095707,98.50605371943442,5
[!#1;!r3;!r4;!r5;!r6;!r7;!r8:1]~[#15X4;!r3;!r4;!r5;!r6;!r7;!r8:2]~[!#1;!r3;!r4;!r5;!r6;!r7;!r8:3],464.5468654174805,108.53696515716352,5
[!#1;!r3;!r4;!r5;!r6;!r7;!r8:1]~[#15X3;!r3;!r4;!r5;!r6;!r7;!r8:2]~[!#1;!r3;!r4;!r5;!r6;!r7;!r8:3],256.3681901855469,0.0,-1
[!#1;!r3;!r4;!r5;!r6;!r7;!r8:1]~[#6X4;r3:2]~[!#1;!r3;!r4;!r5;!r6;!r7;!r8:3],390.60426098632814,116.42923508273492,5
[!#1;!r3;!r4;!r5;!r6;!r7;!r8:1]~[#6X4;r5:2]~[!#1;!r3;!r4;!r5;!r6;!r7;!r8:3],804.0893889160157,108.42014160159962,5
[!#1;!r3;!r4;!r5;!r6;!r7;!r8:1]~[#6X4;!r3;!r4;!r5;!r6;!r7;!r8:2]~[!#1;r5:3],604.178384765625,105.817969301419,5
[!#1;!r3;!r4;!r5;!r6;!r7;!r8:1]~[#6X3;!r3;!r4;!r5;!r6;!r7;!r8:2]~[!#1;r7:3],306.9998189086914,134.10566903207953,5
[!#1;!r3;!r4;!r5;!r6;!r7;!r8:1]~[#6X4;r6:2]~[!#1;!r3;!r4;!r5;!r6;!r7;!r8:3],721.8509587402344,105.2526208834387,5
[!#1;!r3;!r4;!r5;!r6;!r7;!r8:1]~[#16X2;!r3;!r4;!r5;!r6;!r7;!r8:2]~[!#1;!r3;!r4;!r5;!r6;!r7;!r8:3],336.8129576416016,99.11422059332152,5
[!#1;!r3;!r4;!r5;!r6;!r7;!r8:1]~[#6X4;!r3;!r4;!r5;!r6;!r7;!r8:2]~[!#1;r6:3],784.7553072509766,107.38047752689697,5
[!#1;!r3;!r4;!r5;!r6;!r7;!r8:1]~[#7X3;!r3;!r4;!r5;!r6;!r7;!r8:2]~[!#1;r6:3],217.80453747558596,93.08637374511017,-1
[!#1;!r3;!r4;!r5;!r6;!r7;!r8:1]~[#6X2;!r3;!r4;!r5;!r6;!r7;!r8:2]~[!#1;!r3;!r4;!r5;!r6;!r7;!r8:3],227.79395239257812,180.00000500895632,2
[!#1;!r3;!r4;!r5;!r6;!r7;!r8:1]~[#8X2;!r3;!r4;!r5;!r6;!r7;!r8:2]~[!#1;r6:3],559.3073214111329,107.4826708172587,5
[!#1;!r3;!r4;!r5;!r6;!r7;!r8:1]~[#16X3;!r3;!r4;!r5;!r6;!r7;!r8:2]~[!#1;!r3;!r4;!r5;!r6;!r7;!r8:3],863.5489090576173,102.77475119596313,5
[!#1;!r3;!r4;!r5;!r6;!r7;!r8:1]~[#15X4;!r3;!r4;!r5;!r6;!r7;!r8:2]~[!#1;r6:3],612.5098666992187,115.70164235121014,5
[!#1;!r3;!r4;!r5;!r6;!r7;!r8:1]~[#7X3;!r3;!r4;!r5;!r6;!r7;!r8:2]~[!#1;r5:3],388.5329141235352,107.73074328791355,5
[!#1;!r3;!r4;!r5;!r6;!r7;!r8:1]~[#7X2;!r3;!r4;!r5;!r6;!r7;!r8:2]~[!#1;!r3;!r4;!r5;!r6;!r7;!r8:3],0.0,116.67125600578515,0
[!#1;!r3;!r4;!r5;!r6;!r7;!r8:1]~[#6X4;!r3;!r4;!r5;!r6;!r7;!r8:2]~[!#1;r7:3],639.4771180419922,105.18906597321173,5
[!#1;!r3;!r4;!r5;!r6;!r7;!r8:1]~[#6X3;!r3;!r4;!r5;!r6;!r7;!r8:2]~[!#1;r4:3],458.8182533569336,130.03659749442278,5
[!#1;!r3;!r4;!r5;!r6;!r7;!r8:1]~[#8X2;!r3;!r4;!r5;!r6;!r7;!r8:2]~[!#1;r5:3],497.61234655761723,110.36277034495632,5
[!#1;!r3;!r4;!r5;!r6;!r7;!r8:1]~[#15X4;!r3;!r4;!r5;!r6;!r7;!r8:2]~[!#1;r5:3],659.6509875488282,111.04147258240214,5
[!#1;!r3;!r4;!r5;!r6;!r7;!r8:1]~[#6X4;!r3;!r4;!r5;!r6;!r7;!r8:2]~[!#1;r4:3],619.3058022460938,107.25999298993794,5
[!#1;!r3;!r4;!r5;!r6;!r7;!r8:1]~[#6X4;r4:2]~[!#1;!r3;!r4;!r5;!r6;!r7;!r8:3],694.7396142578125,109.73609365841847,5
[!#1;!r3;!r4;!r5;!r6;!r7;!r8:1]~[#8X2;!r3;!r4;!r5;!r6;!r7;!r8:2]~[!#1;!r3;!r4;!r5;!r6;!r7;!r8:3],769.2997379150391,110.55652915133123,5
[!#1;!r3;!r4;!r5;!r6;!r7;!r8:1]~[#6X4;r4:2]~[#1;!r3;!r4;!r5;!r6;!r7;!r8:3],354.2042717895508,105.44410523682001,5
[!#1;!r3;!r4;!r5;!r6;!r7;!r8:1]~[#6X3;!r3;!r4;!r5;!r6;!r7;!r8:2]~[!#1;r6:3],255.20562924194337,133.51940657486065,5
[!#1;!r3;!r4;!r5;!r6;!r7;!r8:1]~[#6X3;!r3;!r4;!r5;!r6;!r7;!r8:2]~[!#1;r5:3],365.39913403320315,128.06737199443808,5
[!#1;!r3;!r4;!r5;!r6;!r7;!r8:1]~[#16X4;!r3;!r4;!r5;!r6;!r7;!r8:2]~[!#1;!r3;!r4;!r5;!r6;!r7;!r8:3],914.5677122802734,120.97782688126159,5
[!#1;!r3;!r4;!r5;!r6;!r7;!r8:1]~[#6X4;!r3;!r4;!r5;!r6;!r7;!r8:2]~[!#1;r3:3],975.5183442382813,109.12600750137459,5
[!#1;!r3;!r4;!r5;!r6;!r7;!r8:1]~[#6X3;!r3;!r4;!r5;!r6;!r7;!r8:2]~[!#1;r3:3],336.5890291137695,135.16811861785337,5
[!#1;!r3;!r4;!r5;!r6;!r7;!r8:1]~[#16X2;!r3;!r4;!r5;!r6;!r7;!r8:2]~[!#1;r6:3],656.3734910888672,98.09378350113245,5
[!#1;!r3;!r4;!r5;!r6;!r7;!r8:1]~[#16X4;!r3;!r4;!r5;!r6;!r7;!r8:2]~[!#1;r6:3],638.9541818847656,125.23620394195441,5
[!#1;!r3;!r4;!r5;!r6;!r7;!r8:1]~[#7X2;!r3;!r4;!r5;!r6;!r7;!r8:2]~[!#1;r5:3],0.0,105.43099127361359,0
[!#1;!r3;!r4;!r5;!r6;!r7;!r8:1]~[#8X2;!r3;!r4;!r5;!r6;!r7;!r8:2]~[!#1;r7:3],569.1583890380859,110.91613861113241,5
[!#1;!r3;!r4;!r5;!r6;!r7;!r8:1]~[#16X4;!r3;!r4;!r5;!r6;!r7;!r8:2]~[!#1;r5:3],392.15219287109375,138.39338858544673,5
[!#1;!r3;!r4;!r5;!r6;!r7;!r8:1]~[#6X4;r5:2]~[#1;!r3;!r4;!r5;!r6;!r7;!r8:3],341.80938885498045,101.16273775938092,5
[!#1;!r3;!r4;!r5;!r6;!r7;!r8:1]~[#15X4;!r3;!r4;!r5;!r6;!r7;!r8:2]~[#1;!r3;!r4;!r5;!r6;!r7;!r8:3],395.4690164794922,114.99986773474801,5
[!#1;!r3;!r4;!r5;!r6;!r7;!r8:1]~[#15X5;!r3;!r4;!r5;!r6;!r7;!r8:2]~[!#1;!r3;!r4;!r5;!r6;!r7;!r8:3],403.68475146484377,180.00000500895632,2
[!#1;!r3;!r4;!r5;!r6;!r7;!r8:1]~[#7X3;!r3;!r4;!r5;!r6;!r7;!r8:2]~[#1;!r3;!r4;!r5;!r6;!r7;!r8:3],227.27813470458986,97.91050220494432,-1
[!#1;!r3;!r4;!r5;!r6;!r7;!r8:1]~[#6X4;r6:2]~[!#1;r5:3],759.752625732422,104.94121206861031,5
[!#1;!r3;!r4;!r5;!r6;!r7;!r8:1]~[#16X2;!r3;!r4;!r5;!r6;!r7;!r8:2]~[!#1;r5:3],447.6335421142578,96.20647929005287,5
[!#1;!r3;!r4;!r5;!r6;!r7;!r8:1]~[#6X4;r4:2]~[!#1;r6:3],477.65059466552736,109.4892779425709,5
[!#1;!r3;!r4;!r5;!r6;!r7;!r8:1]~[#6X4;r3:2]~[!#1;r6:3],343.1437985839844,117.7953548790075,5
[!#1;!r3;!r4;!r5;!r6;!r7;!r8:1]~[#7X2;!r3;!r4;!r5;!r6;!r7;!r8:2]~[!#1;r7:3],483.14483990478516,103.7650330029666,5
[!#1;!r3;!r4;!r5;!r6;!r7;!r8:1]~[#7X2;!r3;!r4;!r5;!r6;!r7;!r8:2]~[!#1;r6:3],0.0,115.07139347573639,0
[!#1;!r3;!r4;!r5;!r6;!r7;!r8:1]~[#15X3;!r3;!r4;!r5;!r6;!r7;!r8:2]~[!#1;r6:3],386.83345141601563,44.92499552986859,-1
[!#1;!r3;!r4;!r5;!r6;!r7;!r8:1]~[#6X4;r6:2]~[#1;!r3;!r4;!r5;!r6;!r7;!r8:3],337.89617797851565,99.7364918078447,5
[!#1;!r3;!r4;!r5;!r6;!r7;!r8:1]~[#6X4;r5:2]~[!#1;r6:3],547.1851748046876,105.44024617993895,5
[!#1;!r3;!r4;!r5;!r6;!r7;!r8:1]~[#6X4;r6:2]~[!#1;r6:3],505.05018927001953,107.69769200251987,5
[!#1;!r3;!r4;!r5;!r6;!r7;!r8:1]~[#15X4;r5:2]~[!#1;!r3;!r4;!r5;!r6;!r7;!r8:3],984.1818724365235,121.78792829796012,5
[!#1;!r3;!r4;!r5;!r6;!r7;!r8:1]~[#6X3;!r3;!r4;!r5;!r6;!r7;!r8:2]~[#1;!r3;!r4;!r5;!r6;!r7;!r8:3],159.90040286254884,125.79248186871693,6
[!#1;!r3;!r4;!r5;!r6;!r7;!r8:1]~[#6X4;r5:2]~[!#1;r5:3],654.8077470703125,105.99214595544349,5
[!#1;!r3;!r4;!r5;!r6;!r7;!r8:1]~[#8X2;!r3;!r4;!r5;!r6;!r7;!r8:2]~[#1;!r3;!r4;!r5;!r6;!r7;!r8:3],407.19160308837894,106.99698289556825,5
[!#1;!r3;!r4;!r5;!r6;!r7;!r8:1]~[#15X4;r6:2]~[!#1;!r3;!r4;!r5;!r6;!r7;!r8:3],555.967833618164,121.67221123304176,5
[!#1;r4:1]~[#6X3;!r3;!r4;!r5;!r6;!r7;!r8:2]~[!#1;r6:3],361.47838970947265,134.60595306802628,5
[!#1;r6:1]~[#6X4;!r3;!r4;!r5;!r6;!r7;!r8:2]~[!#1;r6:3],672.6113897705078,107.63178067702924,5
[!#1;!r3;!r4;!r5;!r6;!r7;!r8:1]~[#16X4;!r3;!r4;!r5;!r6;!r7;!r8:2]~[!#1;r3:3],268.2278153076172,164.5154060850255,-1
[!#1;!r3;!r4;!r5;!r6;!r7;!r8:1]~[#7X4;!r3;!r4;!r5;!r6;!r7;!r8:2]~[!#1;!r3;!r4;!r5;!r6;!r7;!r8:3],501.9115827636719,114.87469768801836,5
[!#1;r5:1]~[#7X4;!r3;!r4;!r5;!r6;!r7;!r8:2]~[#1;!r3;!r4;!r5;!r6;!r7;!r8:3],438.40803790283206,109.91858265266288,5
[!#1;!r3;!r4;!r5;!r6;!r7;!r8:1]~[#7X3;!r3;!r4;!r5;!r6;!r7;!r8:2]~[!#1;r4:3],247.43186181640627,101.44776155344555,5
[!#1;!r3;!r4;!r5;!r6;!r7;!r8:1]~[#7X3;!r3;!r4;!r5;!r6;!r7;!r8:2]~[!#1;r7:3],518.6645649414063,115.40711093382085,5
[!#1;!r3;!r4;!r5;!r6;!r7;!r8:1]~[#6X4;r3:2]~[#1;!r3;!r4;!r5;!r6;!r7;!r8:3],190.98471505737305,113.2070933417814,5
[!#1;!r3;!r4;!r5;!r6;!r7;!r8:1]~[#7X4;!r3;!r4;!r5;!r6;!r7;!r8:2]~[#1;!r3;!r4;!r5;!r6;!r7;!r8:3],531.9309017333985,110.21265644737777,5
[!#1;!r3;!r4;!r5;!r6;!r7;!r8:1]~[#16X3;!r3;!r4;!r5;!r6;!r7;!r8:2]~[!#1;r6:3],667.0656872558594,100.18646467036514,5
[!#1;!r3;!r4;!r5;!r6;!r7;!r8:1]~[#6X4;r7:2]~[!#1;!r3;!r4;!r5;!r6;!r7;!r8:3],1376.9505949707032,106.79680371137353,5
[!#1;r3:1]~[#6X4;!r3;!r4;!r5;!r6;!r7;!r8:2]~[!#1;r5:3],548.0846556396484,108.44364428253364,5
[!#1;r6:1]~[#8X2;!r3;!r4;!r5;!r6;!r7;!r8:2]~[!#1;r6:3],523.3287264404297,112.74992829006494,5
[!#1;r6:1]~[#15X3;!r3;!r4;!r5;!r6;!r7;!r8:2]~[!#1;r6:3],365.38460980224613,45.06673561552469,1
[!#1;!r3;!r4;!r5;!r6;!r7;!r8:1]~[#6X4;r7:2]~[#1;!r3;!r4;!r5;!r6;!r7;!r8:3],356.47072216796874,102.73795013671511,5
[!#1;r4:1]~[#6X4;!r3;!r4;!r5;!r6;!r7;!r8:2]~[!#1;r6:3],660.5515537109375,108.03418127198054,5
[!#1;!r3;!r4;!r5;!r6;!r7;!r8:1]~[#7X2;!r3;!r4;!r5;!r6;!r7;!r8:2]~[#1;!r3;!r4;!r5;!r6;!r7;!r8:3],500.4761099243164,106.37215036010632,5
[!#1;r6:1]~[#6X3;!r3;!r4;!r5;!r6;!r7;!r8:2]~[!#1;r6:3],233.07995846557617,140.26110381398672,5
[!#1;r3:1]~[#6X3;!r3;!r4;!r5;!r6;!r7;!r8:2]~[!#1;r6:3],344.3208997192383,130.20034444958466,5
[!#1;!r3;!r4;!r5;!r6;!r7;!r8:1]~[#16X4;!r3;!r4;!r5;!r6;!r7;!r8:2]~[!#1;r4:3],225.3033181152344,180.00000500895632,2
[!#1;!r3;!r4;!r5;!r6;!r7;!r8:1]~[#7X4;!r3;!r4;!r5;!r6;!r7;!r8:2]~[!#1;r6:3],646.4350227050782,117.03258667325716,5
[!#1;!r3;!r4;!r5;!r6;!r7;!r8:1]~[#15X4;!r3;!r4;!r5;!r6;!r7;!r8:2]~[!#1;r3:3],649.2430832519532,124.51836472056442,5
[!#1;!r3;!r4;!r5;!r6;!r7;!r8:1]~[#15X3;!r3;!r4;!r5;!r6;!r7;!r8:2]~[#1;!r3;!r4;!r5;!r6;!r7;!r8:3],341.60285748291017,36.17531488231257,1
[!#1;!r3;!r4;!r5;!r6;!r7;!r8:1]~[#15X5;r4:2]~[!#1;!r3;!r4;!r5;!r6;!r7;!r8:3],502.4613328857422,180.00000500895632,2
[!#1;r5:1]~[#6X4;!r3;!r4;!r5;!r6;!r7;!r8:2]~[#1;!r3;!r4;!r5;!r6;!r7;!r8:3],364.9958073120117,102.43666366223667,5
[!#1;!r3;!r4;!r5;!r6;!r7;!r8:1]~[#16X4;!r3;!r4;!r5;!r6;!r7;!r8:2]~[#1;!r3;!r4;!r5;!r6;!r7;!r8:3],199.8954584350586,180.00000500895632,2
[!#1;r5:1]~[#15X4;!r3;!r4;!r5;!r6;!r7;!r8:2]~[!#1;r6:3],623.2646926269532,104.10191842339914,5
[!#1;r3:1]~[#6X3;!r3;!r4;!r5;!r6;!r7;!r8:2]~[!#1;r5:3],401.9688492431641,135.22210443305315,5
[!#1;r3:1]~[#6X4;!r3;!r4;!r5;!r6;!r7;!r8:2]~[#1;!r3;!r4;!r5;!r6;!r7;!r8:3],366.1228557128906,105.00777226207208,5
[!#1;r7:1]~[#6X4;r6:2]~[#1;!r3;!r4;!r5;!r6;!r7;!r8:3],419.7418474121094,103.44445124408288,5
[!#1;r4:1]~[#6X4;!r3;!r4;!r5;!r6;!r7;!r8:2]~[!#1;r5:3],706.9061315917969,108.23800094700289,5
[!#1;!r3;!r4;!r5;!r6;!r7;!r8:1]~[#6X4;r3:2]~[!#1;r5:3],455.44674841308597,117.26199906709955,5
[!#1;!r3;!r4;!r5;!r6;!r7;!r8:1]~[#7X4;r6:2]~[!#1;!r3;!r4;!r5;!r6;!r7;!r8:3],907.0635688476563,120.4024107644447,5
[!#1;r6:1]~[#6X4;r7:2]~[#1;!r3;!r4;!r5;!r6;!r7;!r8:3],514.7430864257813,106.80620205167146,5
[!#1;!r3;!r4;!r5;!r6;!r7;!r8:1]~[#6X2;!r3;!r4;!r5;!r6;!r7;!r8:2]~[!#1;r6:3],294.3653340454102,180.00000500895632,2
[!#1;r4:1]~[#7X3;!r3;!r4;!r5;!r6;!r7;!r8:2]~[!#1;r6:3],363.1378549194336,111.15404776030229,5
[!#1;r5:1]~[#16X2;!r3;!r4;!r5;!r6;!r7;!r8:2]~[!#1;r5:3],608.3492969970704,95.59592868014542,5
[!#1;!r3;!r4;!r5;!r6;!r7;!r8:1]~[#6X4;!r3;!r4;!r5;!r6;!r7;!r8:2]~[!#1;r8:3],517.1821995849609,108.1377815813113,5
[!#1;!r3;!r4;!r5;!r6;!r7;!r8:1]~[#16X3;!r3;!r4;!r5;!r6;!r7;!r8:2]~[!#1;r5:3],1088.5726596679688,101.48853095260135,5
[!#1;!r3;!r4;!r5;!r6;!r7;!r8:1]~[#6X2;!r3;!r4;!r5;!r6;!r7;!r8:2]~[!#1;r7:3],270.23190380859376,180.00000500895632,2
[!#1;r6:1]~[#7X3;!r3;!r4;!r5;!r6;!r7;!r8:2]~[!#1;r6:3],482.5458989257813,112.30266018245582,5
[!#1;!r3;!r4;!r5;!r6;!r7;!r8:1]~[#6X4;r5:2]~;@[!#1;r5:3],813.6739768066407,109.28584075814206,5
[!#1;!r3;!r4;!r5;!r6;!r7;!r8:1]~[#6X4;r6:2]~;@[!#1;r6:3],943.9648195800781,107.8780089966082,5
[!#1;!r3;!r4;!r5;!r6;!r7;!r8:1]~[#6X3;r5:2]~;@[!#1;r5:3],442.7092532348633,112.12675549057131,5
[!#1;!r3;!r4;!r5;!r6;!r7;!r8:1]~[#7X3;r5:2]~;@[!#1;r5:3],286.2552907714844,98.84694163072058,5
[!#1;!r3;!r4;!r5;!r6;!r7;!r8:1]~[#6X4;r4:2]~;@[!#1;r4:3],496.77035614013676,112.54800740763186,5
[!#1;!r3;!r4;!r5;!r6;!r7;!r8:1]~[#6X3;r7:2]~;@[!#1;r7:3],651.8013270263672,125.98059893883743,5
[!#1;!r3;!r4;!r5;!r6;!r7;!r8:1]~[#6X3;r6:2]~;@[!#1;r6:3],375.1909555664063,108.27467906284586,5
[!#1;!r3;!r4;!r5;!r6;!r7;!r8:1]~[#7X3;r6:2]~;@[!#1;r6:3],446.1610085449219,106.904932436124,5
[!#1;!r3;!r4;!r5;!r6;!r7;!r8:1]~[#15X4;r6:2]~;@[!#1;r6:3],549.0248043212891,106.50602889802774,5
[!#1;!r3;!r4;!r5;!r6;!r7;!r8:1]~[#6X4;r7:2]~;@[!#1;r7:3],797.7089421386719,108.29370796987352,5
[!#1;!r3;!r4;!r5;!r6;!r7;!r8:1]~[#6X4;r3:2]~;@[!#1;r3:3],535.727120727539,119.30552336487567,5
[!#1;!r3;!r4;!r5;!r6;!r7;!r8:1]~[#6X3;r6:2]~;@[!#1;r5:3],407.08658172607426,111.66974070301659,5
[!#1;!r3;!r4;!r5;!r6;!r7;!r8:1]~[#15X4;r5:2]~;@[!#1;r5:3],543.1084306640626,120.2850407937472,5
[!#1;!r3;!r4;!r5;!r6;!r7;!r8:1]~[#6X4;r6:2]~;@[!#1;r5:3],863.8685059814453,107.43991383305442,5
[!#1;r5:1]~;@[#6X3;r5:2]~[!#1;r7:3],515.8776363525391,118.53883463054173,5
[!#1;!r3;!r4;!r5;!r6;!r7;!r8:1]~[#6X3;r7:2]~;@[!#1;r6:3],180.53568005371093,151.69912984338683,3
[!#1;r6:1]~;@[#6X3;r6:2]~[!#1;r6:3],371.6473305053711,111.27051614602935,5
[!#1;!r3;!r4;!r5;!r6;!r7;!r8:1]~[#7X3;r7:2]~;@[!#1;r7:3],281.3091038208008,111.04004507286561,5
[!#1;r5:1]~;@[#6X4;r5:2]~[!#1;r6:3],722.2157563476562,108.23883423008164,5
[!#1;r5:1]~[#6X3;r6:2]~;@[!#1;r6:3],411.7159169921875,112.38412384868657,5
[!#1;!r3;!r4;!r5;!r6;!r7;!r8:1]~[#6X3;r4:2]~;@[!#1;r4:3],229.85155709838867,123.13720484773945,5
[!#1;!r3;!r4;!r5;!r6;!r7;!r8:1]~[#6X3;r7:2]~;@[!#1;r5:3],174.13183489990234,136.1346040457885,-1
[!#1;r6:1]~;@[#7X3;r6:2]~[!#1;r6:3],434.9192537841797,109.37275491533048,5
[!#1;!r3;!r4;!r5;!r6;!r7;!r8:1]~[#7X3;r4:2]~;@[!#1;r4:3],399.66383782958985,116.76429684265906,5
[!#1;r6:1]~;@[#6X4;r6:2]~[!#1;r6:3],801.0722432861328,107.13618215085312,5
[!#1;r5:1]~;@[#7X3;r5:2]~[!#1;r5:3],400.2217917480469,109.51321775561179,5
[!#1;r6:1]~[#6X4;r7:2]~;@[!#1;r7:3],587.5403195800782,107.17993634267621,5
[!#1;r5:1]~;@[#6X4;r5:2]~[!#1;r5:3],549.2843251953125,108.27876351596953,5
[!#1;!r3;!r4;!r5;!r6;!r7;!r8:1]~[#6X3;r8:2]~;@[!#1;r8:3],532.9029718017579,134.32603825546082,5
[!#1;r6:1]~[#6X3;r7:2]~;@[!#1;r7:3],662.2260858154298,123.48941038248034,5
[!#1;r5:1]~;@[#6X4;r4:2]~[#1;!r3;!r4;!r5;!r6;!r7;!r8:3],275.2713012084961,104.06401770369474,5
[!#1;!r3;!r4;!r5;!r6;!r7;!r8:1]~[#15X4;r7:2]~;@[!#1;r7:3],692.0902030029297,110.15255078268166,5
[!#1;r5:1]~[#6X4;r7:2]~;@[!#1;r7:3],699.1291879882813,109.05888040221171,5
[!#1;r5:1]~;@[#6X4;r6:2]~[!#1;r5:3],650.1153032226563,107.5866467869938,5
[!#1;!r3;!r4;!r5;!r6;!r7;!r8:1]~[#6X3;r3:2]~;@[!#1;r3:3],318.21629193115234,146.58170623040317,-1
[!#1;!r3;!r4;!r5;!r6;!r7;!r8:1]~[#6X4;r8:2]~;@[!#1;r8:3],760.0194885253907,109.22185554599739,5
[!#1;!r3;!r4;!r5;!r6;!r7;!r8:1]~[#15X3;r5:2]~;@[!#1;r5:3],254.35426989746094,23.907285972519798,1
[!#1;r5:1]~;@[#7X3;r5:2]~[!#1;r6:3],478.53280603027343,108.66086478870756,5
[!#1;!r3;!r4;!r5;!r6;!r7;!r8:1]~[#6X4;r5:2]~;@[!#1;r6:3],665.6242451171876,106.72594732892381,5
[!#1;r7:1]~;@[#6X4;r6:2]~[#1;!r3;!r4;!r5;!r6;!r7;!r8:3],447.6122186279297,102.4663818153154,5
[!#1;!r3;!r4;!r5;!r6;!r7;!r8:1]~[#16X3;r5:2]~;@[!#1;r5:3],874.9578041992188,111.62072043534342,5
[!#1;r4:1]~[#6X3;r5:2]~;@[!#1;r5:3],447.2734050292969,116.49995486140124,5
[!#1;!r3;!r4;!r5;!r6;!r7;!r8:1]~[#6X4;r5:2]~;@[!#1;r3:3],606.9334558105469,108.69403218731713,5
[!#1;!r3;!r4;!r5;!r6;!r7;!r8:1]~[#7X3;r3:2]~;@[!#1;r3:3],655.2017846679688,111.81055871313474,5
[!#1;!r3;!r4;!r5;!r6;!r7;!r8:1]~[#6X4;r5:2]~;@[!#1;r4:3],612.4939698486328,108.68009177122114,5
[!#1;!r3;!r4;!r5;!r6;!r7;!r8:1]~[#6X4;r7:2]~;@[!#1;r5:3],718.1700397949219,108.96480137658395,5
[!#1;!r3;!r4;!r5;!r6;!r7;!r8:1]~[#6X3;r6:2]~;@[!#1;r3:3],33.543623611450194,76.56878384129577,-1
[!#1;!r3;!r4;!r5;!r6;!r7;!r8:1]~[#6X4;r4:2]~;@[!#1;r5:3],470.92322625732425,110.3576477030788,5
[!#1;!r3;!r4;!r5;!r6;!r7;!r8:1]~[#6X4;r3:2]~;@[!#1;r6:3],180.79044464111328,126.99305153988676,-1
[!#1;r6:1]~;@[#6X4;r4:2]~[#1;!r3;!r4;!r5;!r6;!r7;!r8:3],290.09594433593753,107.45454409825658,5
[!#1;r5:1]~;@[#6X3;r6:2]~[!#1;r6:3],372.2353543701172,110.46675997506975,5
[!#1;r3:1]~;@[#6X4;r3:2]~[!#1;r6:3],545.8636293945312,120.8623693635317,5
[!#1;r4:1]~;@[#6X4;r4:2]~[!#1;r6:3],499.758166015625,114.11304280310273,5
[!#1;!r3;!r4;!r5;!r6;!r7;!r8:1]~[#7X3;r6:2]~;@[!#1;r5:3],364.32082958984375,104.1641072957921,5
[!#1;r5:1]~[#6X4;r6:2]~;@[!#1;r6:3],720.7749526367188,106.15016921208091,5
[!#1;r5:1]~[#7X3;r6:2]~;@[!#1;r6:3],482.41000958251954,112.28071478465257,5
[!#1;!r3;!r4;!r5;!r6;!r7;!r8:1]~[#6X3;r6:2]~;@[!#1;r4:3],1219.3313422851563,125.08513381789207,-1
[!#1;r4:1]~;@[#7X3;r4:2]~[!#1;r6:3],362.5825185546875,113.99116490755301,5
[!#1;r8:1]~;@[#6X3;r8:2]~[#1;!r3;!r4;!r5;!r6;!r7;!r8:3],348.32205401611327,126.3863531566712,5
[!#1;r5:1]~;@[#6X3;r6:2]~[!#1;r5:3],521.5334676513672,112.28463531323617,5
[!#1;r7:1]~;@[#6X4;r7:2]~[#1;!r3;!r4;!r5;!r6;!r7;!r8:3],226.3298301086426,99.45345559882854,5
[!#1;r6:1]~;@[#15X4;r6:2]~[!#1;r6:3],455.0337495117188,102.22029009951984,5
[!#1;r3:1]~[#6X4;r5:2]~;@[!#1;r5:3],438.1742137451172,107.16984815327211,5
[!#1;r6:1]~[#7X3;r7:2]~;@[!#1;r7:3],398.743576171875,108.1170314666128,5
[!#1;r6:1]~;@[#6X3;r6:2]~[#1;!r3;!r4;!r5;!r6;!r7;!r8:3],350.3618625488281,111.49155472794929,5
[!#1;!r3;!r4;!r5;!r6;!r7;!r8:1]~[#7X3;r8:2]~;@[!#1;r8:3],408.89582208251954,117.62574762153776,5
[!#1;!r3;!r4;!r5;!r6;!r7;!r8:1]~[#6X4;r7:2]~;@[!#1;r6:3],432.8182200317383,104.41815618197073,5
[!#1;!r3;!r4;!r5;!r6;!r7;!r8:1]~[#6X4;r6:2]~;@[!#1;r4:3],829.818728881836,108.6883904510627,5
[!#1;r8:1]~;@[#7X3;r8:2]~[#1;!r3;!r4;!r5;!r6;!r7;!r8:3],360.4699931030274,113.09593201303944,5
[!#1;r5:1]~;@[#6X3;r5:2]~[!#1;r5:3],226.73780139160158,87.22680226748042,-1
[!#1;!r3;!r4;!r5;!r6;!r7;!r8:1]~[#6X4;r3:2]~;@[!#1;r5:3],253.4579812011719,119.64972391790928,5
[!#1;r4:1]~[#6X4;r6:2]~;@[!#1;r6:3],623.1514355468751,106.51561848362243,5
[!#1;r5:1]~;@[#6X3;r5:2]~[#1;!r3;!r4;!r5;!r6;!r7;!r8:3],90.28842134094239,105.81864549014682,-1
[!#1;r5:1]~;@[#6X3;r5:2]~[!#1;r6:3],278.7931239624024,111.50666310639336,5
[!#1;r3:1]~;@[#6X3;r3:2]~[#1;!r3;!r4;!r5;!r6;!r7;!r8:3],311.72609942626957,130.67023414372485,5
[!#1;!r3;!r4;!r5;!r6;!r7;!r8:1]~[#16X3;r6:2]~;@[!#1;r6:3],1095.7584191894532,105.98076003009709,5
[!#1;r6:1]~;@[#6X4;r7:2]~[!#1;r6:3],591.5265346679688,108.65969682635948,5
[!#1;!r3;!r4;!r5;!r6;!r7;!r8:1]~[#6X3;r5:2]~;@[!#1;r3:3],100.9469803466797,136.16038117971613,-1
[!#1;r6:1]~;@[#6X4;r8:2]~[#1;!r3;!r4;!r5;!r6;!r7;!r8:3],393.8962178344727,108.07158338787553,5
[!#1;r5:1]~;@[#6X4;r3:2]~[#1;!r3;!r4;!r5;!r6;!r7;!r8:3],515.2749924926758,114.69193548620716,5
[!#1;r3:1]~[#6X3;r6:2]~;@[!#1;r6:3],514.8867007446289,111.67309432589907,5
[!#1;!r3;!r4;!r5;!r6;!r7;!r8:1]~[#6X3;r5:2]~;@[!#1;r4:3],484.9265640258789,134.9424355072978,5
[!#1;!r3;!r4;!r5;!r6;!r7;!r8:1]~[#15X5;r4:2]~;@[!#1;r4:3],491.6405573730469,180.00000500895632,2
[!#1;!r3;!r4;!r5;!r6;!r7;!r8:1]~[#6X4;r6:2]~;@[!#1;r7:3],474.8473542480469,105.75400457984183,5
[!#1;r5:1]~;@[#7X3;r5:2]~[!#1;r7:3],390.3829819335938,106.66705743789996,5
[!#1;r4:1]~[#7X3;r5:2]~;@[!#1;r5:3],252.8454417114258,101.35671513180928,5
[!#1;r5:1]~;@[#7X3;r5:2]~[#1;!r3;!r4;!r5;!r6;!r7;!r8:3],321.1091037597656,106.92348322990975,5
[!#1;!r3;!r4;!r5;!r6;!r7;!r8:1]~[#7X4;r6:2]~;@[!#1;r6:3],576.1748375244141,121.37578102306321,5
[!#1;r6:1]~;@[#6X3;r7:2]~[!#1;r6:3],449.504773803711,120.20011422160725,5
[!#1;r5:1]~[#6X3;r7:2]~;@[!#1;r7:3],258.67545205688475,130.71139286366335,5
[!#1;r6:1]~;@[#6X4;r5:2]~[!#1;r6:3],579.3766802978516,108.01466059133264,5
[!#1;r7:1]~;@[#6X4;r5:2]~[#1;!r3;!r4;!r5;!r6;!r7;!r8:3],456.9618012695313,104.71101420301338,5
[!#1;r4:1]~[#6X3;r6:2]~;@[!#1;r5:3],365.9242727661133,116.31314918760138,5
[!#1;r8:1]~;@[#6X4;r6:2]~[#1;!r3;!r4;!r5;!r6;!r7;!r8:3],480.9555754394531,102.14860726418055,5
[!#1;r3:1]~;@[#7X3;r3:2]~[#1;!r3;!r4;!r5;!r6;!r7;!r8:3],495.43262658691407,108.11993429701005,5
[!#1;r5:1]~;@[#6X3;r5:2]~;@[!#1;r7:3],227.86438693237307,120.63661795108443,5
[!#1;r4:1]~;@[#6X4;r4:2]~;@[!#1;r5:3],473.87991278076174,112.42878645566928,5
[!#1;r4:1]~;@[#6X4;r4:2]~;@[!#1;r6:3],538.6368828125001,113.21623213489087,5
[!#1;r5:1]~;@[#6X4;r5:2]~;@[!#1;r6:3],749.9864689941406,111.67195368430768,5
[!#1;r6:1]~;@[#16X4;r6:2]~;@[!#1;r6:3],1209.7586291503906,112.3522063746951,5
[!#1;r5:1]~;@[#6X4;r5:2]~;@[!#1;r5:3],356.33550317382816,110.65284164881758,5
[!#1;r6:1]~;@[#6X4;r6:2]~;@[!#1;r6:3],771.1566049804687,108.28163219542094,5
[!#1;r5:1]~;@[#6X3;r5:2]~;@[!#1;r6:3],355.1745542602539,118.65609531821251,5
[!#1;r7:1]~;@[#6X4;r7:2]~;@[!#1;r7:3],623.3407293701172,108.27269830798656,5
[!#1;r5:1]~;@[#7X3;r5:2]~;@[!#1;r5:3],524.2677259521485,116.10924072011981,5
[!#1;r5:1]~;@[#6X4;r6:2]~;@[!#1;r6:3],567.9249466552735,104.80156202084022,5
[!#1;r5:1]~;@[#6X4;r5:2]~;@[!#1;r7:3],718.8806098632813,109.21087943200116,5
[!#1;r5:1]~;@[#6X4;r7:2]~;@[!#1;r7:3],585.2305518798828,107.24869585705073,5
[!#1;r6:1]~;@[#6X4;r6:2]~;@[!#1;r7:3],690.0161428222657,106.2262916703807,5
[!#1;r5:1]~;@[#8X2;r5:2]~;@[!#1;r5:3],455.3871192626953,123.9075135823335,5
[!#1;r4:1]~;@[#6X4;r4:2]~;@[!#1;r4:3],1526.2005708007814,96.78216178424739,-1
[!#1;r7:1]~;@[#6X3;r7:2]~;@[!#1;r7:3],265.10756359863285,133.4171040014722,5
[!#1;r3:1]~;@[#6X4;r3:2]~;@[!#1;r3:3],161.32009057617188,101.30726456221839,-1
[!#1;r6:1]~;@[#6X3;r6:2]~;@[!#1;r7:3],438.1151272583008,121.94794596983517,5
[!#1;r5:1]~;@[#6X3;r5:2]~;@[!#1;r5:3],411.03567224121093,120.35197664761331,5
[!#1;r6:1]~;@[#6X3;r7:2]~;@[!#1;r7:3],331.57775445556643,129.27966227022364,5
[!#1;r6:1]~;@[#8X2;r6:2]~;@[!#1;r6:3],366.87093341064457,112.00857955755176,5
[!#1;r5:1]~;@[#6X3;r7:2]~;@[!#1;r7:3],95.87871005249023,131.41838574465137,-1
[!#1;r6:1]~;@[#6X4;r7:2]~;@[!#1;r7:3],549.4804501953125,107.60892686406638,5
[!#1;r6:1]~;@[#6X4;r5:2]~;@[!#1;r6:3],592.4470836181641,109.19853044998179,5
[!#1;r6:1]~;@[#7X3;r6:2]~;@[!#1;r6:3],54.84763789367676,67.68522124072373,-1
[!#1;r5:1]~;@[#16X3;r5:2]~;@[!#1;r5:3],716.2439671630859,100.07335673770973,5
[!#1;r6:1]~;@[#16X3;r6:2]~;@[!#1;r6:3],643.8568599853515,93.29302794863807,5
[!#1;r5:1]~;@[#15X4;r5:2]~;@[!#1;r5:3],671.3486435546876,109.54915821102439,5
[!#1;r6:1]~;@[#6X4;r6:2]~;@[!#1;r8:3],556.0303995361328,108.138211883229,5
[!#1;r5:1]~;@[#7X3;r6:2]~;@[!#1;r6:3],86.499296875,138.786506953316,-1
[!#1;r3:1]~;@[#6X3;r3:2]~;@[!#1;r3:3],553.1787982177734,85.41549757129557,-1
[!#1;r4:1]~;@[#6X3;r4:2]~;@[!#1;r4:3],477.0866395263672,139.78596853456395,5
[!#1;r7:1]~;@[#8X2;r7:2]~;@[!#1;r7:3],366.53958941650393,112.14581171835565,5
[!#1;r3:1]~;@[#6X3;r6:2]~;@[!#1;r6:3],386.0861079101563,128.58683520157422,5
[!#1;r6:1]~;@[#7X3;r6:2]~;@[!#1;r7:3],161.1331110534668,97.01027644214747,4
[!#1;r5:1]~;@[#16X2;r5:2]~;@[!#1;r5:3],241.28461672973634,114.1797191097804,5
[!#1;r6:1]~;@[#15X4;r6:2]~;@[!#1;r6:3],790.3607027587891,108.29173404520338,5
[!#1;r7:1]~;@[#7X3;r7:2]~;@[!#1;r7:3],186.09395959472656,107.04328474795177,5
[!#1;r5:1]~;@[#6X3;r5:2]~;@[!#1;r8:3],172.38144161987304,115.38991251749076,5
[!#1;r6:1]~;@[#6X3;r6:2]~;@[!#1;r8:3],200.70496884155276,139.71616400124643,5
[!#1;r5:1]~;@[#7X3;r5:2]~;@[!#1;r6:3],646.3784580078125,117.39984594492874,5
[!#1;r3:1]~;@[#6X4;r3:2]~;@[!#1;r6:3],807.2453287353516,116.53450195822315,5
[!#1;r6:1]~;@[#7X3;r7:2]~;@[!#1;r7:3],424.3023282470703,114.50822388810133,5
[!#1;r5:1]~;@[#6X3;r7:2]~;@[!#1;r6:3],488.4933320922852,129.68478811065376,5
[!#1;r6:1]~;@[#6X4;r8:2]~;@[!#1;r8:3],365.7922778320313,108.19804434035832,5
[!#1;r5:1]~;@[#15X3;r5:2]~;@[!#1;r5:3],197.6159362487793,4.597564681762486,1
[!#1;r8:1]~;@[#6X3;r8:2]~;@[!#1;r8:3],239.96755627441408,143.9507310224926,5
[!#1;r5:1]~;@[#16X4;r5:2]~;@[!#1;r5:3],1018.1189031982423,116.00297663701276,5
[!#1;r5:1]~;@[#6X4;r6:2]~;@[!#1;r5:3],596.9991372070313,101.89868381226061,5
[!#1;r5:1]~;@[#6X3;r6:2]~;@[!#1;r7:3],310.21430255126955,129.5823762542386,5
[!#1;r3:1]~;@[#6X4;r3:2]~;@[!#1;r5:3],400.0385629882813,115.97454938968717,5
[!#1;r3:1]~;@[#6X3;r3:2]~;@[!#1;r6:3],139.9068253479004,137.52301757951201,-1
[!#1;r5:1]~;@[#16X4;r6:2]~;@[!#1;r6:3],883.8459951171875,114.5045833972737,5
[!#1;r4:1]~;@[#6X3;r5:2]~;@[!#1;r5:3],495.00373083496095,124.65220910753999,5
[!#1;r4:1]~;@[#7X3;r4:2]~;@[!#1;r4:3],1158.578942138672,102.88207395839154,5
[!#1;r6:1]~;@[#7X2;r7:2]~;@[!#1;r7:3],454.6997879638672,110.06083500250672,5
[!#1;r7:1]~;@[#16X2;r7:2]~;@[!#1;r7:3],686.469166015625,100.82189765941894,5
[!#1;r6:1]~;@[#16X2;r7:2]~;@[!#1;r7:3],596.3137211914063,97.18079211477684,5
[!#1;r6:1]~;@[#7X2;r6:2]~;@[!#1;r6:3],882.1203249511719,117.03486795643995,5
[!#1;r5:1]~;@[#6X4;r8:2]~;@[!#1;r8:3],590.2189069824219,111.80562048636483,5
[!#1;r5:1]~;@[#6X4;r3:2]~;@[!#1;r6:3],438.0667344360352,123.79761583858799,5
[!#1;r4:1]~;@[#16X2;r4:2]~;@[!#1;r4:3],705.2358769531251,85.9937755373747,-1
[!#1;r6:1]~;@[#16X2;r6:2]~;@[!#1;r6:3],882.7943131103516,97.54986138657848,5
[!#1;r3:1]~;@[#6X3;r5:2]~;@[!#1;r5:3],0.0,105.07569166317869,0
[!#1;r6:1]~;@[#6X4;r3:2]~;@[!#1;r6:3],78.11537608337403,141.84160958792768,-1
[!#1;r5:1]~;@[#6X4;r7:2]~;@[!#1;r6:3],609.5652464599609,108.33155404806456,5
[!#1;r5:1]~;@[#7X3;r5:2]~;@[!#1;r7:3],248.76019052124025,101.65515341740381,5
[!#1;r5:1]~;@[#6X3;r6:2]~;@[!#1;r5:3],726.7581058349609,123.88422263726375,5
[!#1;r4:1]~;@[#6X4;r6:2]~;@[!#1;r6:3],749.2029266357422,105.70529167068129,5
[!#1;r8:1]~;@[#7X3;r8:2]~;@[!#1;r8:3],577.3658244628906,122.88645494292994,5
[!#1;r5:1]~;@[#6X3;r6:2]~;@[!#1;r6:3],283.50414605712893,127.56762071324657,5
[!#1;r8:1]~;@[#6X4;r8:2]~;@[!#1;r8:3],507.81550708007813,112.59202797683258,5
[!#1;r6:1]~;@[#15X3;r6:2]~;@[!#1;r6:3],1282.7887607421876,100.3459359271066,5
[!#1;r4:1]~;@[#6X4;r5:2]~;@[!#1;r5:3],618.8722459716797,110.90192498746961,5
[!#1;r4:1]~;@[#8X2;r5:2]~;@[!#1;r5:3],940.2415090332032,115.02613664229588,5
[!#1;r3:1]~;@[#7X3;r3:2]~;@[!#1;r3:3],111.0349206237793,67.20348116837357,-1
[!#1;r5:1]~;@[#15X5;r5:2]~;@[!#1;r5:3],374.1392416381836,180.00000500895632,2
[!#1;r4:1]~;@[#7X3;r5:2]~;@[!#1;r5:3],160.15002810668946,128.25241547943205,6
[!#1;r5:1]~;@[#6X4;r4:2]~;@[!#1;r5:3],885.6323159179688,106.70519721422531,5
[!#1;r4:1]~;@[#6X3;r4:2]~;@[!#1;r5:3],301.00207763671875,138.25237249984266,5
[!#1;r3:1]~;@[#6X4;r3:2]~;@[!#1;r7:3],646.8191008300781,118.11545852464933,5
[!#1;r5:1]~;@[#7X2;r7:2]~;@[!#1;r7:3],556.6430347900391,111.95074151566008,5
[!#1;r6:1]~;@[#16X4;r7:2]~;@[!#1;r7:3],274.2665436401367,150.58393753684217,-1
[!#1;r3:1]~;@[#6X4;r6:2]~;@[!#1;r6:3],523.4843112792969,114.22655371691917,5
[!#1;r5:1]~;@[#7X2;r5:2]~;@[!#1;r5:3],1373.847708496094,118.72133728516448,-1
[!#1;r6:1]~;@[#8X2;r7:2]~;@[!#1;r7:3],711.050166015625,116.14139725073224,5
[!#1;r6:1]~;@[#6X3;r8:2]~;@[!#1;r8:3],321.2513773803711,129.9851115284592,5
[!#1;r5:1]~;@[#7X3;r6:2]~;@[!#1;r5:3],379.70179864501955,116.11195913540948,5
[!#1;r3:1]~;@[#8X2;r3:2]~;@[!#1;r3:3],0.0,39.278857218517985,0
[!#1;r4:1]~;@[#16X4;r4:2]~;@[!#1;r4:3],557.0427543945312,116.28462631762741,5
[!#1;r5:1]~;@[#6X4;r6:2]~;@[!#1;r7:3],581.948969482422,107.89110246924712,5
[!#1;r4:1]~;@[#8X2;r4:2]~;@[!#1;r4:3],951.5143552246094,104.20849669520803,5
[!#1;r4:1]~;@[#16X2;r5:2]~;@[!#1;r5:3],811.8577137451172,95.1772449142128,5
[!#1;r3:1]~;@[#6X3;r3:2]~;@[!#1;r5:3],222.25340518188477,115.22787310962137,5
[!#1;r6:1]~;@[#6X4;r4:2]~;@[!#1;r6:3],731.2696831054687,111.48586518037068,5
[!#1;r8:1]~;@[#8X2;r8:2]~;@[!#1;r8:3],366.1189293823242,103.54272400586103,5
[!#1;r6:1]~;@[#6X3;r6:2]~;@[!#1;r6:3],1282.030436279297,116.198757179382,5
[#1X1;!r3;!r4;!r5;!r6;!r7;!r8:1]~[#6X4;!r3;!r4;!r5;!r6;!r7;!r8:2]~[#1X1;!r3;!r4;!r5;!r6;!r7;!r8:3],331.8790604248047,102.69713292623511,5
[#1X1;!r3;!r4;!r5;!r6;!r7;!r8:1]~[#6X4;!r3;!r4;!r5;!r6;!r7;!r8:2]~[#6X4;!r3;!r4;!r5;!r6;!r7;!r8:3],414.97173883056644,105.22685740988942,5
[#1X1;!r3;!r4;!r5;!r6;!r7;!r8:1]~[#6X4;!r3;!r4;!r5;!r6;!r7;!r8:2]~[#7X3;!r3;!r4;!r5;!r6;!r7;!r8:3],483.05376818847657,105.20651027635195,5
[#1X1;!r3;!r4;!r5;!r6;!r7;!r8:1]~[#6X4;r6:2]~[#1X1;!r3;!r4;!r5;!r6;!r7;!r8:3],323.6096655883789,102.0599035974296,5
[#1X1;!r3;!r4;!r5;!r6;!r7;!r8:1]~[#6X4;!r3;!r4;!r5;!r6;!r7;!r8:2]~[#8X2;!r3;!r4;!r5;!r6;!r7;!r8:3],501.7891961669922,104.02906079552261,5
[#1X1;!r3;!r4;!r5;!r6;!r7;!r8:1]~[#6X4;!r3;!r4;!r5;!r6;!r7;!r8:2]~[#6X3;!r3;!r4;!r5;!r6;!r7;!r8:3],390.8464166259766,104.56865257014279,5
[#1X1;!r3;!r4;!r5;!r6;!r7;!r8:1]~[#6X4;!r3;!r4;!r5;!r6;!r7;!r8:2]~[#6X3;r6:3],430.48457513427735,105.4711186349874,5
[#6X4;!r3;!r4;!r5;!r6;!r7;!r8:1]~[#6X4;!r3;!r4;!r5;!r6;!r7;!r8:2]~[#6X4;!r3;!r4;!r5;!r6;!r7;!r8:3],621.4931833496094,109.05898285504925,5
[#1X1;!r3;!r4;!r5;!r6;!r7;!r8:1]~[#6X4;!r3;!r4;!r5;!r6;!r7;!r8:2]~[#6X3;r5:3],442.33293200683596,106.04793494058416,5
[#1X1;!r3;!r4;!r5;!r6;!r7;!r8:1]~[#7X3;!r3;!r4;!r5;!r6;!r7;!r8:2]~[#6X3;!r3;!r4;!r5;!r6;!r7;!r8:3],363.9044789428711,114.93733052270737,5
[#1X1;!r3;!r4;!r5;!r6;!r7;!r8:1]~[#6X4;r5:2]~[#1X1;!r3;!r4;!r5;!r6;!r7;!r8:3],320.4634937133789,103.17768454566969,5
[#1X1;!r3;!r4;!r5;!r6;!r7;!r8:1]~[#6X4;!r3;!r4;!r5;!r6;!r7;!r8:2]~[#6X4;r6:3],389.5359479370117,103.87965723761776,5
[#7X3;!r3;!r4;!r5;!r6;!r7;!r8:1]~[#6X3;!r3;!r4;!r5;!r6;!r7;!r8:2]~[#8X1;!r3;!r4;!r5;!r6;!r7;!r8:3],786.9703961181641,138.0205148982774,5
[#6X4;!r3;!r4;!r5;!r6;!r7;!r8:1]~[#6X3;!r3;!r4;!r5;!r6;!r7;!r8:2]~[#8X1;!r3;!r4;!r5;!r6;!r7;!r8:3],636.0255223388672,138.5119470090598,5
[#1X1;!r3;!r4;!r5;!r6;!r7;!r8:1]~[#6X4;!r3;!r4;!r5;!r6;!r7;!r8:2]~[#7X3;r5:3],498.03160205078126,104.30407836245318,5
[#1X1;!r3;!r4;!r5;!r6;!r7;!r8:1]~[#7X3;!r3;!r4;!r5;!r6;!r7;!r8:2]~[#6X4;!r3;!r4;!r5;!r6;!r7;!r8:3],263.2905025024414,108.48670179506139,5
[#1X1;!r3;!r4;!r5;!r6;!r7;!r8:1]~[#7X3;!r3;!r4;!r5;!r6;!r7;!r8:2]~[#6X3;r6:3],444.1521637573242,115.81188160441414,5
[#1X1;!r3;!r4;!r5;!r6;!r7;!r8:1]~[#6X4;!r3;!r4;!r5;!r6;!r7;!r8:2]~[#6X4;r5:3],392.4975184326172,104.01169845465245,5
[#6X4;!r3;!r4;!r5;!r6;!r7;!r8:1]~[#6X4;!r3;!r4;!r5;!r6;!r7;!r8:2]~[#7X3;!r3;!r4;!r5;!r6;!r7;!r8:3],675.5104262695313,108.24954396670022,5
[#6X4;!r3;!r4;!r5;!r6;!r7;!r8:1]~[#6X4;!r3;!r4;!r5;!r6;!r7;!r8:2]~[#8X2;!r3;!r4;!r5;!r6;!r7;!r8:3],705.7660911865235,106.80941224058137,5
[#9X1;!r3;!r4;!r5;!r6;!r7;!r8:1]~[#6X4;!r3;!r4;!r5;!r6;!r7;!r8:2]~[#9X1;!r3;!r4;!r5;!r6;!r7;!r8:3],922.7204344482423,104.00454724659144,5
[#1X1;!r3;!r4;!r5;!r6;!r7;!r8:1]~[#6X3;!r3;!r4;!r5;!r6;!r7;!r8:2]~[#6X3;!r3;!r4;!r5;!r6;!r7;!r8:3],250.34497564697267,136.4051478388127,5
[#1X1;!r3;!r4;!r5;!r6;!r7;!r8:1]~[#6X4;!r3;!r4;!r5;!r6;!r7;!r8:2]~[#7X3;r6:3],487.6620672607422,103.95278807306109,5
[#6X3;!r3;!r4;!r5;!r6;!r7;!r8:1]~[#7X3;!r3;!r4;!r5;!r6;!r7;!r8:2]~[#6X4;!r3;!r4;!r5;!r6;!r7;!r8:3],432.16996051025393,114.95694682600364,5
[#6X3;!r3;!r4;!r5;!r6;!r7;!r8:1]~[#6X4;!r3;!r4;!r5;!r6;!r7;!r8:2]~[#6X4;!r3;!r4;!r5;!r6;!r7;!r8:3],488.7491181640625,105.50442946756957,5
[#16X2;!r3;!r4;!r5;!r6;!r7;!r8:1]~[#6X4;!r3;!r4;!r5;!r6;!r7;!r8:2]~[#1X1;!r3;!r4;!r5;!r6;!r7;!r8:3],366.2063620605469,101.78368391720511,5
[#1X1;!r3;!r4;!r5;!r6;!r7;!r8:1]~[#7X3;!r3;!r4;!r5;!r6;!r7;!r8:2]~[#1X1;!r3;!r4;!r5;!r6;!r7;!r8:3],167.59130236816407,107.92262379226672,-1
[#8X1;!r3;!r4;!r5;!r6;!r7;!r8:1]~[#6X3;!r3;!r4;!r5;!r6;!r7;!r8:2]~[#8X2;!r3;!r4;!r5;!r6;!r7;!r8:3],761.4552486572265,136.49925418519715,5
[#6X4;!r3;!r4;!r5;!r6;!r7;!r8:1]~[#6X3;!r3;!r4;!r5;!r6;!r7;!r8:2]~[#7X3;!r3;!r4;!r5;!r6;!r7;!r8:3],608.0725385742188,134.00133106231843,5
[#6X4;!r3;!r4;!r5;!r6;!r7;!r8:1]~[#7X3;!r3;!r4;!r5;!r6;!r7;!r8:2]~[#6X4;!r3;!r4;!r5;!r6;!r7;!r8:3],429.2548037109375,109.04704368438007,5
[#6X3;r6:1]~[#8X2;!r3;!r4;!r5;!r6;!r7;!r8:2]~[#6X4;!r3;!r4;!r5;!r6;!r7;!r8:3],537.3906718750001,109.54902160724099,5
[#6X3;r6:1]~[#6X3;!r3;!r4;!r5;!r6;!r7;!r8:2]~[#8X1;!r3;!r4;!r5;!r6;!r7;!r8:3],592.1232730712891,138.35110971448435,5
[#6X3;r6:1]~[#6X4;!r3;!r4;!r5;!r6;!r7;!r8:2]~[#6X4;!r3;!r4;!r5;!r6;!r7;!r8:3],534.8644133300782,107.2485251023215,5
[#6X3;r6:1]~[#6X4;!r3;!r4;!r5;!r6;!r7;!r8:2]~[#9X1;!r3;!r4;!r5;!r6;!r7;!r8:3],675.4880812988282,106.91710383322496,5
[#6X3;r6:1]~[#16X4;!r3;!r4;!r5;!r6;!r7;!r8:2]~[#8X1;!r3;!r4;!r5;!r6;!r7;!r8:3],470.37197583007816,147.60325664342696,5
[#6X4;!r3;!r4;!r5;!r6;!r7;!r8:1]~[#6X4;!r3;!r4;!r5;!r6;!r7;!r8:2]~[#9X1;!r3;!r4;!r5;!r6;!r7;!r8:3],630.331002319336,102.72692621139471,5
[#6X3;!r3;!r4;!r5;!r6;!r7;!r8:1]~[#6X4;!r3;!r4;!r5;!r6;!r7;!r8:2]~[#7X3;!r3;!r4;!r5;!r6;!r7;!r8:3],615.8606546630859,104.78147443449122,5
[#1X1;!r3;!r4;!r5;!r6;!r7;!r8:1]~[#8X2;!r3;!r4;!r5;!r6;!r7;!r8:2]~[#6X4;!r3;!r4;!r5;!r6;!r7;!r8:3],446.54760845947266,107.14807351019812,5
[#8X1;!r3;!r4;!r5;!r6;!r7;!r8:1]~[#16X4;!r3;!r4;!r5;!r6;!r7;!r8:2]~[#8X1;!r3;!r4;!r5;!r6;!r7;!r8:3],763.884976928711,147.87534405920357,-1
[#6X3;!r3;!r4;!r5;!r6;!r7;!r8:1]~[#6X3;!r3;!r4;!r5;!r6;!r7;!r8:2]~[#6X4;!r3;!r4;!r5;!r6;!r7;!r8:3],453.6373484497071,133.27589667057137,5
[#1X1;!r3;!r4;!r5;!r6;!r7;!r8:1]~[#7X3;!r3;!r4;!r5;!r6;!r7;!r8:2]~[#6X3;r5:3],374.99559667968754,115.66417193342345,5
[#1X1;!r3;!r4;!r5;!r6;!r7;!r8:1]~[#8X2;!r3;!r4;!r5;!r6;!r7;!r8:2]~[#6X3;r6:3],516.4973900756836,108.12461980678069,5
[#16X4;!r3;!r4;!r5;!r6;!r7;!r8:1]~[#6X4;!r3;!r4;!r5;!r6;!r7;!r8:2]~[#1X1;!r3;!r4;!r5;!r6;!r7;!r8:3],372.63433978271485,101.36140747176908,5
[#6X3;!r3;!r4;!r5;!r6;!r7;!r8:1]~[#8X2;!r3;!r4;!r5;!r6;!r7;!r8:2]~[#6X4;!r3;!r4;!r5;!r6;!r7;!r8:3],513.1061577148438,111.07716715100463,5
[#7X3;!r3;!r4;!r5;!r6;!r7;!r8:1]~[#16X4;!r3;!r4;!r5;!r6;!r7;!r8:2]~[#8X1;!r3;!r4;!r5;!r6;!r7;!r8:3],1003.9080125732422,128.83459348352724,5
[#1X1;!r3;!r4;!r5;!r6;!r7;!r8:1]~[#8X2;!r3;!r4;!r5;!r6;!r7;!r8:2]~[#6X3;!r3;!r4;!r5;!r6;!r7;!r8:3],508.396412475586,109.24423124571834,5
[#6X3;r6:1]~[#7X3;!r3;!r4;!r5;!r6;!r7;!r8:2]~[#6X4;!r3;!r4;!r5;!r6;!r7;!r8:3],383.9805413208008,114.50698079367238,5
[#6X3;r5:1]~[#6X3;!r3;!r4;!r5;!r6;!r7;!r8:2]~[#8X1;!r3;!r4;!r5;!r6;!r7;!r8:3],592.2688984375001,137.3532600578805,5
[#1X1;!r3;!r4;!r5;!r6;!r7;!r8:1]~[#6X4;r3:2]~[#1X1;!r3;!r4;!r5;!r6;!r7;!r8:3],139.16284954833984,122.65137349207646,-1
[#6X4;!r3;!r4;!r5;!r6;!r7;!r8:1]~[#6X3;!r3;!r4;!r5;!r6;!r7;!r8:2]~[#8X2;!r3;!r4;!r5;!r6;!r7;!r8:3],445.72221716308593,126.2706224313745,5
[#6X4;!r3;!r4;!r5;!r6;!r7;!r8:1]~[#16X4;!r3;!r4;!r5;!r6;!r7;!r8:2]~[#8X1;!r3;!r4;!r5;!r6;!r7;!r8:3],547.0086495361328,143.86524437484073,5
[#6X3;r5:1]~[#6X4;!r3;!r4;!r5;!r6;!r7;!r8:2]~[#6X4;!r3;!r4;!r5;!r6;!r7;!r8:3],558.327462524414,108.18206852788965,5
[#1X1;!r3;!r4;!r5;!r6;!r7;!r8:1]~[#6X4;r6:2]~[#6X4;!r3;!r4;!r5;!r6;!r7;!r8:3],403.9520611572266,104.79126209557185,5
[#1X1;!r3;!r4;!r5;!r6;!r7;!r8:1]~[#6X4;r7:2]~[#1X1;!r3;!r4;!r5;!r6;!r7;!r8:3],324.72745678710936,104.48069339401137,5
[#1X1;!r3;!r4;!r5;!r6;!r7;!r8:1]~[#6X4;!r3;!r4;!r5;!r6;!r7;!r8:2]~[#6X2;!r3;!r4;!r5;!r6;!r7;!r8:3],403.57408001708984,105.66847012086576,5
[#1X1;!r3;!r4;!r5;!r6;!r7;!r8:1]~[#6X3;!r3;!r4;!r5;!r6;!r7;!r8:2]~[#6X3;r6:3],194.55071701049806,140.03051662760708,5
[#6X3;!r3;!r4;!r5;!r6;!r7;!r8:1]~[#7X3;!r3;!r4;!r5;!r6;!r7;!r8:2]~[#6X3;r6:3],442.66998992919923,115.98721256040837,5
[#1X1;!r3;!r4;!r5;!r6;!r7;!r8:1]~[#6X4;!r3;!r4;!r5;!r6;!r7;!r8:2]~[#6X4;r3:3],405.9805375976563,104.90175406577515,5
[#6X4;!r3;!r4;!r5;!r6;!r7;!r8:1]~[#6X4;!r3;!r4;!r5;!r6;!r7;!r8:2]~[#7X3;r5:3],667.7950909423828,106.9307368908083,5
[#6X3;r6:1]~[#6X3;!r3;!r4;!r5;!r6;!r7;!r8:2]~[#7X3;!r3;!r4;!r5;!r6;!r7;!r8:3],470.88591015625,135.07995453604684,5
[#1X1;!r3;!r4;!r5;!r6;!r7;!r8:1]~[#6X3;!r3;!r4;!r5;!r6;!r7;!r8:2]~[#6X4;!r3;!r4;!r5;!r6;!r7;!r8:3],270.9417396850586,128.7024293230875,5
[#1X1;!r3;!r4;!r5;!r6;!r7;!r8:1]~[#6X4;!r3;!r4;!r5;!r6;!r7;!r8:2]~[#7X4;!r3;!r4;!r5;!r6;!r7;!r8:3],468.38078356933596,101.67720126804461,5
[#6X3;r6:1]~[#7X3;!r3;!r4;!r5;!r6;!r7;!r8:2]~[#8X1;!r3;!r4;!r5;!r6;!r7;!r8:3],440.3219804077149,122.8794744895982,5
[#1X1;!r3;!r4;!r5;!r6;!r7;!r8:1]~[#6X4;r5:2]~[#6X4;!r3;!r4;!r5;!r6;!r7;!r8:3],402.18112646484377,105.35085949427099,5
[#1X1;!r3;!r4;!r5;!r6;!r7;!r8:1]~[#6X4;r6:2]~[#8X2;!r3;!r4;!r5;!r6;!r7;!r8:3],513.2258309936524,104.56794223046911,5
[#6X3;!r3;!r4;!r5;!r6;!r7;!r8:1]~[#6X3;!r3;!r4;!r5;!r6;!r7;!r8:2]~[#8X1;!r3;!r4;!r5;!r6;!r7;!r8:3],620.0540395507812,131.51373518546475,5
[#16X2;!r3;!r4;!r5;!r6;!r7;!r8:1]~[#6X4;!r3;!r4;!r5;!r6;!r7;!r8:2]~[#6X4;!r3;!r4;!r5;!r6;!r7;!r8:3],480.8085774536133,104.86036994959404,5
[#1X1;!r3;!r4;!r5;!r6;!r7;!r8:1]~[#6X3;!r3;!r4;!r5;!r6;!r7;!r8:2]~[#6X3;r5:3],262.5224260559082,137.8329442432905,5
[#6X3;!r3;!r4;!r5;!r6;!r7;!r8:1]~[#6X3;!r3;!r4;!r5;!r6;!r7;!r8:2]~[#6X3;!r3;!r4;!r5;!r6;!r7;!r8:3],455.5335107421875,124.98585018811677,5
[#1X1;!r3;!r4;!r5;!r6;!r7;!r8:1]~[#6X3;!r3;!r4;!r5;!r6;!r7;!r8:2]~[#1X1;!r3;!r4;!r5;!r6;!r7;!r8:3],234.1994574584961,129.4146268082231,5
[#16X4;!r3;!r4;!r5;!r6;!r7;!r8:1]~[#7X3;!r3;!r4;!r5;!r6;!r7;!r8:2]~[#1X1;!r3;!r4;!r5;!r6;!r7;!r8:3],184.14096127319337,122.75364874470823,-1
[#7X3;!r3;!r4;!r5;!r6;!r7;!r8:1]~[#6X3;!r3;!r4;!r5;!r6;!r7;!r8:2]~[#7X3;!r3;!r4;!r5;!r6;!r7;!r8:3],701.4550440673828,129.39775624097314,5
[#1X1;!r3;!r4;!r5;!r6;!r7;!r8:1]~[#8X2;!r3;!r4;!r5;!r6;!r7;!r8:2]~[#6X4;r6:3],441.2561597900391,107.37478114912918,5
[#8X1;!r3;!r4;!r5;!r6;!r7;!r8:1]~[#7X3;!r3;!r4;!r5;!r6;!r7;!r8:2]~[#8X1;!r3;!r4;!r5;!r6;!r7;!r8:3],919.0838223876954,131.88469641966648,5
[#1X1;!r3;!r4;!r5;!r6;!r7;!r8:1]~[#6X4;r4:2]~[#1X1;!r3;!r4;!r5;!r6;!r7;!r8:3],266.70727197265626,108.7590009467023,5
[#6X3;r6:1]~[#6X4;!r3;!r4;!r5;!r6;!r7;!r8:2]~[#7X3;!r3;!r4;!r5;!r6;!r7;!r8:3],669.4085893554687,107.9631473046124,5
[#6X3;!r3;!r4;!r5;!r6;!r7;!r8:1]~[#6X3;!r3;!r4;!r5;!r6;!r7;!r8:2]~[#6X3;r6:3],458.47864172363285,130.7731787548953,5
[#6X3;r6:1]~[#6X4;!r3;!r4;!r5;!r6;!r7;!r8:2]~[#8X2;!r3;!r4;!r5;!r6;!r7;!r8:3],738.7290089111328,107.54687459545681,5
[#6X4;!r3;!r4;!r5;!r6;!r7;!r8:1]~[#8X2;!r3;!r4;!r5;!r6;!r7;!r8:2]~[#6X4;!r3;!r4;!r5;!r6;!r7;!r8:3],527.6678324584962,109.46880786562836,5
[#17X1;!r3;!r4;!r5;!r6;!r7;!r8:1]~[#6X4;!r3;!r4;!r5;!r6;!r7;!r8:2]~[#1X1;!r3;!r4;!r5;!r6;!r7;!r8:3],394.7566907348633,100.78433161898387,5
[#6X3;r5:1]~[#6X3;!r3;!r4;!r5;!r6;!r7;!r8:2]~[#7X3;!r3;!r4;!r5;!r6;!r7;!r8:3],454.04626141357426,134.56845532948293,5
[#8X1;!r3;!r4;!r5;!r6;!r7;!r8:1]~[#15X4;!r3;!r4;!r5;!r6;!r7;!r8:2]~[#8X2;!r3;!r4;!r5;!r6;!r7;!r8:3],1629.5613825683595,115.55232075557532,-1
[#6X4;!r3;!r4;!r5;!r6;!r7;!r8:1]~[#6X4;!r3;!r4;!r5;!r6;!r7;!r8:2]~[#7X3;r6:3],629.595533569336,106.9731728561216,5
[#6X3;r6:1]~[#6X2;!r3;!r4;!r5;!r6;!r7;!r8:2]~[#7X1;!r3;!r4;!r5;!r6;!r7;!r8:3],260.35298477172853,180.00000500895632,2
[#6X3;r6:1]~[#6X3;!r3;!r4;!r5;!r6;!r7;!r8:2]~[#8X2;!r3;!r4;!r5;!r6;!r7;!r8:3],367.6922387695313,126.91686760988443,5
[#1X1;!r3;!r4;!r5;!r6;!r7;!r8:1]~[#7X3;!r3;!r4;!r5;!r6;!r7;!r8:2]~[#7X3;!r3;!r4;!r5;!r6;!r7;!r8:3],318.9810964355469,102.04298521885548,5
[#7X2;!r3;!r4;!r5;!r6;!r7;!r8:1]~[#6X3;!r3;!r4;!r5;!r6;!r7;!r8:2]~[#7X3;!r3;!r4;!r5;!r6;!r7;!r8:3],750.2809757080079,134.17782315047154,5
[#6X4;!r3;!r4;!r5;!r6;!r7;!r8:1]~[#6X4;!r3;!r4;!r5;!r6;!r7;!r8:2]~[#6X4;r6:3],517.1680903320313,106.99218810277091,5
[#6X3;!r3;!r4;!r5;!r6;!r7;!r8:1]~[#6X4;!r3;!r4;!r5;!r6;!r7;!r8:2]~[#8X2;!r3;!r4;!r5;!r6;!r7;!r8:3],713.5625706787109,106.69464457195764,5
[#17X1;!r3;!r4;!r5;!r6;!r7;!r8:1]~[#6X4;!r3;!r4;!r5;!r6;!r7;!r8:2]~[#6X4;!r3;!r4;!r5;!r6;!r7;!r8:3],554.2347576904297,104.27619753026119,5
[#1X1;!r3;!r4;!r5;!r6;!r7;!r8:1]~[#6X4;!r3;!r4;!r5;!r6;!r7;!r8:2]~[#7X2;!r3;!r4;!r5;!r6;!r7;!r8:3],411.9145637817383,105.06832188906425,5
[#1X1;!r3;!r4;!r5;!r6;!r7;!r8:1]~[#7X3;!r3;!r4;!r5;!r6;!r7;!r8:2]~[#6X4;r6:3],250.44485766601562,109.01907405972888,5
[#1X1;!r3;!r4;!r5;!r6;!r7;!r8:1]~[#6X4;r5:2]~[#8X2;!r3;!r4;!r5;!r6;!r7;!r8:3],493.1549398803711,105.0770986821477,5
[#1X1;!r3;!r4;!r5;!r6;!r7;!r8:1]~[#8X2;!r3;!r4;!r5;!r6;!r7;!r8:2]~[#6X4;r5:3],461.2304887084961,107.46847085397424,5
[#6X3;r6:1]~[#16X2;!r3;!r4;!r5;!r6;!r7;!r8:2]~[#6X4;!r3;!r4;!r5;!r6;!r7;!r8:3],670.2204779052735,96.73149544098423,5
[#6X4;!r3;!r4;!r5;!r6;!r7;!r8:1]~[#6X4;r6:2]~[#6X4;!r3;!r4;!r5;!r6;!r7;!r8:3],581.4721278076172,108.9246808453993,5
[#7X3;r5:1]~[#6X3;!r3;!r4;!r5;!r6;!r7;!r8:2]~[#8X1;!r3;!r4;!r5;!r6;!r7;!r8:3],729.6457144775391,135.10264442446962,5
[#8X1;!r3;!r4;!r5;!r6;!r7;!r8:1]~[#16X4;!r3;!r4;!r5;!r6;!r7;!r8:2]~[#8X2;!r3;!r4;!r5;!r6;!r7;!r8:3],804.1712353515626,131.20752414459474,5
[#6X4;!r3;!r4;!r5;!r6;!r7;!r8:1]~[#6X3;!r3;!r4;!r5;!r6;!r7;!r8:2]~[#6X4;!r3;!r4;!r5;!r6;!r7;!r8:3],160.59764575195314,147.18388302838818,-1
[#7X3;r6:1]~[#6X3;!r3;!r4;!r5;!r6;!r7;!r8:2]~[#8X1;!r3;!r4;!r5;!r6;!r7;!r8:3],794.3661983642578,135.5439975882575,5
[#6X3;!r3;!r4;!r5;!r6;!r7;!r8:1]~[#7X3;!r3;!r4;!r5;!r6;!r7;!r8:2]~[#6X3;r5:3],457.2602662353516,115.84530855021218,5
[#1X1;!r3;!r4;!r5;!r6;!r7;!r8:1]~[#6X4;r6:2]~[#7X3;!r3;!r4;!r5;!r6;!r7;!r8:3],478.31500640869143,104.00819456760823,5
[#1X1;!r3;!r4;!r5;!r6;!r7;!r8:1]~[#6X4;r6:2]~[#6X3;r6:3],437.1712118530274,105.01327056435395,5
[#6X4;r5:1]~[#6X3;!r3;!r4;!r5;!r6;!r7;!r8:2]~[#8X1;!r3;!r4;!r5;!r6;!r7;!r8:3],552.0620604248047,138.90568009395437,5
[#6X3;r5:1]~[#6X4;!r3;!r4;!r5;!r6;!r7;!r8:2]~[#9X1;!r3;!r4;!r5;!r6;!r7;!r8:3],653.1635402832031,106.18658778073541,5
[#6X3;r6:1]~[#7X3;!r3;!r4;!r5;!r6;!r7;!r8:2]~[#6X3;r6:3],405.2347901611328,116.53022625980273,5
[#1X1;!r3;!r4;!r5;!r6;!r7;!r8:1]~[#6X3;!r3;!r4;!r5;!r6;!r7;!r8:2]~[#7X2;!r3;!r4;!r5;!r6;!r7;!r8:3],371.38282989501954,135.62378785814158,5
[#8X2;!r3;!r4;!r5;!r6;!r7;!r8:1]~[#15X4;!r3;!r4;!r5;!r6;!r7;!r8:2]~[#8X2;!r3;!r4;!r5;!r6;!r7;!r8:3],731.8367984619141,107.01605278373093,5
[#1X1;!r3;!r4;!r5;!r6;!r7;!r8:1]~[#6X4;!r3;!r4;!r5;!r6;!r7;!r8:2]~[#9X1;!r3;!r4;!r5;!r6;!r7;!r8:3],527.8626167602539,101.71391353483344,5
[#6X3;r5:1]~[#16X4;!r3;!r4;!r5;!r6;!r7;!r8:2]~[#8X1;!r3;!r4;!r5;!r6;!r7;!r8:3],449.1381566772461,148.80929046593278,5
[#6X3;r6:1]~[#16X4;!r3;!r4;!r5;!r6;!r7;!r8:2]~[#7X3;!r3;!r4;!r5;!r6;!r7;!r8:3],579.6217088623047,129.02141281770545,5
[#6X4;r6:1]~[#6X3;!r3;!r4;!r5;!r6;!r7;!r8:2]~[#8X1;!r3;!r4;!r5;!r6;!r7;!r8:3],552.3169207763672,140.1110991994349,5
[#6X4;!r3;!r4;!r5;!r6;!r7;!r8:1]~[#7X4;!r3;!r4;!r5;!r6;!r7;!r8:2]~[#6X4;!r3;!r4;!r5;!r6;!r7;!r8:3],644.8053720703125,112.42261196465958,5
[#1X1;!r3;!r4;!r5;!r6;!r7;!r8:1]~[#6X4;!r3;!r4;!r5;!r6;!r7;!r8:2]~[#6X4;r4:3],379.34865234375,103.88003289802211,5
[#1X1;!r3;!r4;!r5;!r6;!r7;!r8:1]~[#6X4;r6:2]~[#6X3;!r3;!r4;!r5;!r6;!r7;!r8:3],357.6710939941406,103.15450971381584,5
[#6X2;!r3;!r4;!r5;!r6;!r7;!r8:1]~[#6X2;!r3;!r4;!r5;!r6;!r7;!r8:2]~[#6X4;!r3;!r4;!r5;!r6;!r7;!r8:3],202.84478707885742,180.00000500895632,2
[#1X1;!r3;!r4;!r5;!r6;!r7;!r8:1]~[#6X4;r5:2]~[#6X3;!r3;!r4;!r5;!r6;!r7;!r8:3],376.20426806640626,103.99766924609723,5
[#6X4;!r3;!r4;!r5;!r6;!r7;!r8:1]~[#6X4;!r3;!r4;!r5;!r6;!r7;!r8:2]~[#6X4;r5:3],516.1940411376953,106.73397963138774,5
[#8X2;!r3;!r4;!r5;!r6;!r7;!r8:1]~[#6X4;!r3;!r4;!r5;!r6;!r7;!r8:2]~[#9X1;!r3;!r4;!r5;!r6;!r7;!r8:3],738.9874444580079,106.69014347729461,5
[#6X3;!r3;!r4;!r5;!r6;!r7;!r8:1]~[#6X3;!r3;!r4;!r5;!r6;!r7;!r8:2]~[#7X3;!r3;!r4;!r5;!r6;!r7;!r8:3],587.5095473632813,126.44756531201286,5
[#6X3;!r3;!r4;!r5;!r6;!r7;!r8:1]~[#6X3;!r3;!r4;!r5;!r6;!r7;!r8:2]~[#8X2;!r3;!r4;!r5;!r6;!r7;!r8:3],363.4677943725586,120.6297467807794,5
[#15X4;!r3;!r4;!r5;!r6;!r7;!r8:1]~[#6X4;!r3;!r4;!r5;!r6;!r7;!r8:2]~[#1X1;!r3;!r4;!r5;!r6;!r7;!r8:3],273.37169140625,100.74345293680135,5
[#16X1;!r3;!r4;!r5;!r6;!r7;!r8:1]~[#6X3;!r3;!r4;!r5;!r6;!r7;!r8:2]~[#7X3;!r3;!r4;!r5;!r6;!r7;!r8:3],589.5050809326173,142.50027205034868,5
[#16X3;!r3;!r4;!r5;!r6;!r7;!r8:1]~[#6X4;!r3;!r4;!r5;!r6;!r7;!r8:2]~[#1X1;!r3;!r4;!r5;!r6;!r7;!r8:3],329.0643283081055,100.2393849760544,5
[#6X3;r6:1]~[#6X3;!r3;!r4;!r5;!r6;!r7;!r8:2]~[#6X4;!r3;!r4;!r5;!r6;!r7;!r8:3],181.88344888305664,153.91104562496045,3
[#6X4;!r3;!r4;!r5;!r6;!r7;!r8:1]~[#6X4;r5:2]~[#6X4;!r3;!r4;!r5;!r6;!r7;!r8:3],572.944584716797,109.79085811518364,5
[#6X2;!r3;!r4;!r5;!r6;!r7;!r8:1]~[#6X4;!r3;!r4;!r5;!r6;!r7;!r8:2]~[#6X4;!r3;!r4;!r5;!r6;!r7;!r8:3],528.3112080078125,107.83200767254817,5
[#6X3;!r3;!r4;!r5;!r6;!r7;!r8:1]~[#6X3;!r3;!r4;!r5;!r6;!r7;!r8:2]~[#6X3;r5:3],434.4865274658203,130.54056983252133,5
[#6X4;!r3;!r4;!r5;!r6;!r7;!r8:1]~[#6X3;!r3;!r4;!r5;!r6;!r7;!r8:2]~[#7X2;!r3;!r4;!r5;!r6;!r7;!r8:3],338.39622650146487,141.91204249864884,5
[#15X4;!r3;!r4;!r5;!r6;!r7;!r8:1]~[#8X2;!r3;!r4;!r5;!r6;!r7;!r8:2]~[#6X4;!r3;!r4;!r5;!r6;!r7;!r8:3],212.5923176879883,117.28445672909055,5
[#17X1;!r3;!r4;!r5;!r6;!r7;!r8:1]~[#6X4;!r3;!r4;!r5;!r6;!r7;!r8:2]~[#17X1;!r3;!r4;!r5;!r6;!r7;!r8:3],688.3769157714844,106.55380607127198,5
[#6X3;r5:1]~[#6X3;!r3;!r4;!r5;!r6;!r7;!r8:2]~[#8X2;!r3;!r4;!r5;!r6;!r7;!r8:3],392.04200024414064,125.32779677872429,5
[#6X3;r6:1]~[#6X3;!r3;!r4;!r5;!r6;!r7;!r8:2]~[#7X2;!r3;!r4;!r5;!r6;!r7;!r8:3],476.0812754516602,132.74554614189822,5
[#1X1;!r3;!r4;!r5;!r6;!r7;!r8:1]~[#6X4;!r3;!r4;!r5;!r6;!r7;!r8:2]~[#6X4;r7:3],404.14272760009766,104.28780885185022,5
[#6X3;r6:1]~[#6X4;!r3;!r4;!r5;!r6;!r7;!r8:2]~[#7X3;r5:3],645.17157421875,106.87018726381613,5
[#1X1;!r3;!r4;!r5;!r6;!r7;!r8:1]~[#7X4;!r3;!r4;!r5;!r6;!r7;!r8:2]~[#6X4;!r3;!r4;!r5;!r6;!r7;!r8:3],428.2700608520508,109.05720017567589,5
[#6X3;r6:1]~[#8X2;!r3;!r4;!r5;!r6;!r7;!r8:2]~[#6X3;r6:3],487.13887573242187,108.04678297099922,5
[#6X3;r5:1]~[#6X4;!r3;!r4;!r5;!r6;!r7;!r8:2]~[#7X3;!r3;!r4;!r5;!r6;!r7;!r8:3],681.5782988281251,108.33223706698156,5
[#1X1;!r3;!r4;!r5;!r6;!r7;!r8:1]~[#6X3;!r3;!r4;!r5;!r6;!r7;!r8:2]~[#8X1;!r3;!r4;!r5;!r6;!r7;!r8:3],361.0592619018555,143.01260453999134,5
[#1X1;!r3;!r4;!r5;!r6;!r7;!r8:1]~[#7X3;!r3;!r4;!r5;!r6;!r7;!r8:2]~[#7X2;!r3;!r4;!r5;!r6;!r7;!r8:3],329.2134969482422,110.28891550946096,5
[#1X1;!r3;!r4;!r5;!r6;!r7;!r8:1]~[#6X4;r5:2]~[#6X3;r6:3],406.8802099609375,105.56820294384997,5
[#6X4;!r3;!r4;!r5;!r6;!r7;!r8:1]~[#6X2;!r3;!r4;!r5;!r6;!r7;!r8:2]~[#7X1;!r3;!r4;!r5;!r6;!r7;!r8:3],248.05483959960938,180.00000500895632,2
[#16X4;!r3;!r4;!r5;!r6;!r7;!r8:1]~[#7X3;!r3;!r4;!r5;!r6;!r7;!r8:2]~[#6X4;!r3;!r4;!r5;!r6;!r7;!r8:3],291.6214674072266,105.32735681333698,5
[#6X3;r5:1]~[#16X2;!r3;!r4;!r5;!r6;!r7;!r8:2]~[#6X4;!r3;!r4;!r5;!r6;!r7;!r8:3],701.6206522216797,96.14844317267527,5
[#1X1;!r3;!r4;!r5;!r6;!r7;!r8:1]~[#7X4;!r3;!r4;!r5;!r6;!r7;!r8:2]~[#1X1;!r3;!r4;!r5;!r6;!r7;!r8:3],367.7059649658203,108.40353741172733,5
[#6X3;!r3;!r4;!r5;!r6;!r7;!r8:1]~[#6X4;!r3;!r4;!r5;!r6;!r7;!r8:2]~[#9X1;!r3;!r4;!r5;!r6;!r7;!r8:3],609.5009567871094,103.69301548835799,5
[#1X1;!r3;!r4;!r5;!r6;!r7;!r8:1]~[#7X3;!r3;!r4;!r5;!r6;!r7;!r8:2]~[#6X4;r5:3],223.03511206054688,109.73571799801412,5
[#16X2;!r3;!r4;!r5;!r6;!r7;!r8:1]~[#6X4;!r3;!r4;!r5;!r6;!r7;!r8:2]~[#6X3;!r3;!r4;!r5;!r6;!r7;!r8:3],468.99590869140627,103.83965281964899,5
[#6X3;r5:1]~[#7X3;!r3;!r4;!r5;!r6;!r7;!r8:2]~[#8X1;!r3;!r4;!r5;!r6;!r7;!r8:3],441.68039501953126,123.88927697724957,5
[#6X3;!r3;!r4;!r5;!r6;!r7;!r8:1]~[#6X4;!r3;!r4;!r5;!r6;!r7;!r8:2]~[#6X3;r6:3],485.0065270996094,105.87123794675593,5
[#6X3;r5:1]~[#6X4;!r3;!r4;!r5;!r6;!r7;!r8:2]~[#8X2;!r3;!r4;!r5;!r6;!r7;!r8:3],817.0043989257813,108.19360471739782,5
[#1X1;!r3;!r4;!r5;!r6;!r7;!r8:1]~[#6X4;!r3;!r4;!r5;!r6;!r7;!r8:2]~[#7X3;r7:3],479.62033575439455,104.65864714264688,5
[#6X3;r5:1]~[#7X3;!r3;!r4;!r5;!r6;!r7;!r8:2]~[#6X4;!r3;!r4;!r5;!r6;!r7;!r8:3],448.6482910766602,115.80787911356052,5
[#1X1;!r3;!r4;!r5;!r6;!r7;!r8:1]~[#6X4;!r3;!r4;!r5;!r6;!r7;!r8:2]~[#35X1;!r3;!r4;!r5;!r6;!r7;!r8:3],350.05378924560546,97.63827135519513,5
[#16X4;!r3;!r4;!r5;!r6;!r7;!r8:1]~[#6X4;!r3;!r4;!r5;!r6;!r7;!r8:2]~[#6X4;!r3;!r4;!r5;!r6;!r7;!r8:3],442.95913385009766,102.5043508369115,5
[#6X4;!r3;!r4;!r5;!r6;!r7;!r8:1]~[#16X2;!r3;!r4;!r5;!r6;!r7;!r8:2]~[#6X4;!r3;!r4;!r5;!r6;!r7;!r8:3],649.0196335449219,97.0129128951671,5
[#6X3;r5:1]~[#6X3;!r3;!r4;!r5;!r6;!r7;!r8:2]~[#6X4;!r3;!r4;!r5;!r6;!r7;!r8:3],269.0417149047852,145.30045836475716,-1
[#15X4;!r3;!r4;!r5;!r6;!r7;!r8:1]~[#8X2;!r3;!r4;!r5;!r6;!r7;!r8:2]~[#1X1;!r3;!r4;!r5;!r6;!r7;!r8:3],635.33263671875,112.60305190215298,5
[#7X3;!r3;!r4;!r5;!r6;!r7;!r8:1]~[#6X3;!r3;!r4;!r5;!r6;!r7;!r8:2]~[#8X2;!r3;!r4;!r5;!r6;!r7;!r8:3],597.6924058837891,124.09086318041332,5
[#6X3;!r3;!r4;!r5;!r6;!r7;!r8:1]~[#7X3;!r3;!r4;!r5;!r6;!r7;!r8:2]~[#7X3;!r3;!r4;!r5;!r6;!r7;!r8:3],515.3238960571289,110.92459438532488,5
[#1X1;!r3;!r4;!r5;!r6;!r7;!r8:1]~[#6X4;r5:2]~[#7X3;!r3;!r4;!r5;!r6;!r7;!r8:3],487.7360610351563,104.9021297261795,5
[#6X3;r5:1]~[#6X3;!r3;!r4;!r5;!r6;!r7;!r8:2]~[#6X3;r6:3],331.1720336303711,137.35179839739814,5
[#6X2;!r3;!r4;!r5;!r6;!r7;!r8:1]~[#6X2;!r3;!r4;!r5;!r6;!r7;!r8:2]~[#6X3;r6:3],222.94432763671875,180.00000500895632,2
[#6X4;r5:1]~[#6X4;!r3;!r4;!r5;!r6;!r7;!r8:2]~[#8X2;!r3;!r4;!r5;!r6;!r7;!r8:3],682.6675842285157,106.64815147427737,5
[#6X4;!r3;!r4;!r5;!r6;!r7;!r8:1]~[#15X4;!r3;!r4;!r5;!r6;!r7;!r8:2]~[#8X2;!r3;!r4;!r5;!r6;!r7;!r8:3],738.350485107422,108.33895797312485,5
[#6X3;r5:1]~[#7X3;!r3;!r4;!r5;!r6;!r7;!r8:2]~[#6X3;r6:3],468.85938092041016,117.53382693568771,5
[#1X1;!r3;!r4;!r5;!r6;!r7;!r8:1]~[#6X4;r3:2]~[#6X4;!r3;!r4;!r5;!r6;!r7;!r8:3],204.98004055786134,122.29610803258741,5
[#1X1;!r3;!r4;!r5;!r6;!r7;!r8:1]~[#7X2;!r3;!r4;!r5;!r6;!r7;!r8:2]~[#6X3;!r3;!r4;!r5;!r6;!r7;!r8:3],402.53606036376954,104.6670687658935,5
[#6X3;r6:1]~[#6X4;!r3;!r4;!r5;!r6;!r7;!r8:2]~[#6X3;r6:3],535.385051147461,106.88134096273077,5
[#1X1;!r3;!r4;!r5;!r6;!r7;!r8:1]~[#8X2;!r3;!r4;!r5;!r6;!r7;!r8:2]~[#6X3;r5:3],505.2405045776367,108.4514648491333,5
[#6X3;r6:1]~[#6X4;!r3;!r4;!r5;!r6;!r7;!r8:2]~[#7X3;r6:3],606.7485671386719,106.27648673059112,5
[#1X1;!r3;!r4;!r5;!r6;!r7;!r8:1]~[#6X3;!r3;!r4;!r5;!r6;!r7;!r8:2]~[#7X3;!r3;!r4;!r5;!r6;!r7;!r8:3],231.32517599487306,135.56861359002622,5
[#7X3;r5:1]~[#16X4;!r3;!r4;!r5;!r6;!r7;!r8:2]~[#8X1;!r3;!r4;!r5;!r6;!r7;!r8:3],555.4064641113281,136.89458553435747,5
[#6X3;!r3;!r4;!r5;!r6;!r7;!r8:1]~[#6X4;!r3;!r4;!r5;!r6;!r7;!r8:2]~[#7X3;r5:3],642.5818559570313,106.39406160696372,5
[#6X3;!r3;!r4;!r5;!r6;!r7;!r8:1]~[#7X3;!r3;!r4;!r5;!r6;!r7;!r8:2]~[#8X2;!r3;!r4;!r5;!r6;!r7;!r8:3],547.2255872802734,109.7893827943229,5
[#6X3;!r3;!r4;!r5;!r6;!r7;!r8:1]~[#7X2;!r3;!r4;!r5;!r6;!r7;!r8:2]~[#7X3;!r3;!r4;!r5;!r6;!r7;!r8:3],747.538162475586,111.55475446833942,5
[#6X4;r6:1]~[#6X4;!r3;!r4;!r5;!r6;!r7;!r8:2]~[#8X2;!r3;!r4;!r5;!r6;!r7;!r8:3],706.8603563232422,107.05038131449942,5
[#6X3;r5:1]~[#6X4;!r3;!r4;!r5;!r6;!r7;!r8:2]~[#6X3;r6:3],538.4968756103516,107.60303924100182,5
[#8X1;!r3;!r4;!r5;!r6;!r7;!r8:1]~[#6X3;!r3;!r4;!r5;!r6;!r7;!r8:2]~[#8X1;!r3;!r4;!r5;!r6;!r7;!r8:3],601.393818359375,149.61537573139935,-1
[#6X4;!r3;!r4;!r5;!r6;!r7;!r8:1]~[#6X4;!r3;!r4;!r5;!r6;!r7;!r8:2]~[#7X2;!r3;!r4;!r5;!r6;!r7;!r8:3],622.5592938232422,108.09292089884265,5
[#1X1;!r3;!r4;!r5;!r6;!r7;!r8:1]~[#7X3;!r3;!r4;!r5;!r6;!r7;!r8:2]~[#8X2;!r3;!r4;!r5;!r6;!r7;!r8:3],307.8775932006836,96.04159852348876,5
[#7X3;r6:1]~[#16X4;!r3;!r4;!r5;!r6;!r7;!r8:2]~[#8X1;!r3;!r4;!r5;!r6;!r7;!r8:3],570.7802508544922,141.2684884146719,5
[#1X1;!r3;!r4;!r5;!r6;!r7;!r8:1]~[#6X2;!r3;!r4;!r5;!r6;!r7;!r8:2]~[#6X2;!r3;!r4;!r5;!r6;!r7;!r8:3],141.2756463317871,180.00000500895632,2
[#1X1;!r3;!r4;!r5;!r6;!r7;!r8:1]~[#8X2;!r3;!r4;!r5;!r6;!r7;!r8:2]~[#7X3;!r3;!r4;!r5;!r6;!r7;!r8:3],470.2223922119141,101.08088477236748,5
[#6X2;!r3;!r4;!r5;!r6;!r7;!r8:1]~[#6X3;!r3;!r4;!r5;!r6;!r7;!r8:2]~[#6X3;!r3;!r4;!r5;!r6;!r7;!r8:3],0.0,120.33068011778121,0
[#6X4;!r3;!r4;!r5;!r6;!r7;!r8:1]~[#6X4;!r3;!r4;!r5;!r6;!r7;!r8:2]~[#7X4;!r3;!r4;!r5;!r6;!r7;!r8:3],696.7106322021484,106.24353789803499,5
[#6X4;!r3;!r4;!r5;!r6;!r7;!r8:1]~[#6X3;!r3;!r4;!r5;!r6;!r7;!r8:2]~[#7X3;r5:3],401.0179111328125,135.16664329699265,5
[#16X4;!r3;!r4;!r5;!r6;!r7;!r8:1]~[#7X3;!r3;!r4;!r5;!r6;!r7;!r8:2]~[#6X3;r6:3],439.22761950683594,115.50833433732043,5
[#1X1;!r3;!r4;!r5;!r6;!r7;!r8:1]~[#6X4;r6:2]~[#6X3;r5:3],444.0368637084961,105.03089928260175,5
[#6X4;!r3;!r4;!r5;!r6;!r7;!r8:1]~[#15X4;!r3;!r4;!r5;!r6;!r7;!r8:2]~[#8X1;!r3;!r4;!r5;!r6;!r7;!r8:3],933.7055412597657,117.32991846820616,5
[#6X4;r6:1]~[#6X3;!r3;!r4;!r5;!r6;!r7;!r8:2]~[#8X2;!r3;!r4;!r5;!r6;!r7;!r8:3],399.9314986572266,126.35332236184502,5
[#6X3;!r3;!r4;!r5;!r6;!r7;!r8:1]~[#7X3;!r3;!r4;!r5;!r6;!r7;!r8:2]~[#7X2;!r3;!r4;!r5;!r6;!r7;!r8:3],334.12779443359375,107.27523797216541,5
[#6X3;r5:1]~[#6X2;!r3;!r4;!r5;!r6;!r7;!r8:2]~[#7X1;!r3;!r4;!r5;!r6;!r7;!r8:3],263.21588626098634,180.00000500895632,2
[#6X3;r6:1]~[#16X4;!r3;!r4;!r5;!r6;!r7;!r8:2]~[#6X4;!r3;!r4;!r5;!r6;!r7;!r8:3],502.8872918701172,135.10901016077608,5
[#6X4;r5:1]~[#6X3;!r3;!r4;!r5;!r6;!r7;!r8:2]~[#7X3;!r3;!r4;!r5;!r6;!r7;!r8:3],537.1418127441407,133.65764960366172,5
[#6X3;!r3;!r4;!r5;!r6;!r7;!r8:1]~[#6X2;!r3;!r4;!r5;!r6;!r7;!r8:2]~[#7X1;!r3;!r4;!r5;!r6;!r7;!r8:3],253.4901898803711,180.00000500895632,2
[#6X3;!r3;!r4;!r5;!r6;!r7;!r8:1]~[#8X2;!r3;!r4;!r5;!r6;!r7;!r8:2]~[#6X3;r6:3],493.94716485595706,110.06551368208818,5
[#16X2;!r3;!r4;!r5;!r6;!r7;!r8:1]~[#6X4;!r3;!r4;!r5;!r6;!r7;!r8:2]~[#6X3;r6:3],518.616587097168,105.10576498609426,5
[#6X3;!r3;!r4;!r5;!r6;!r7;!r8:1]~[#6X4;!r3;!r4;!r5;!r6;!r7;!r8:2]~[#7X3;r6:3],601.8370787353516,105.60995589024625,5
[#6X3;r5:1]~[#6X3;!r3;!r4;!r5;!r6;!r7;!r8:2]~[#7X2;!r3;!r4;!r5;!r6;!r7;!r8:3],407.3483690185547,134.0083251760285,5
[#6X3;!r3;!r4;!r5;!r6;!r7;!r8:1]~[#7X3;!r3;!r4;!r5;!r6;!r7;!r8:2]~[#6X4;r6:3],454.97239660644533,115.02374607608637,5
[#6X4;!r3;!r4;!r5;!r6;!r7;!r8:1]~[#16X3;!r3;!r4;!r5;!r6;!r7;!r8:2]~[#8X1;!r3;!r4;!r5;!r6;!r7;!r8:3],1031.3676832275391,105.84277654848448,5
[#6X3;!r3;!r4;!r5;!r6;!r7;!r8:1]~[#6X4;!r3;!r4;!r5;!r6;!r7;!r8:2]~[#6X3;!r3;!r4;!r5;!r6;!r7;!r8:3],435.82760876464846,105.99594354062202,5
[#6X3;r6:1]~[#7X2;!r3;!r4;!r5;!r6;!r7;!r8:2]~[#7X2;!r3;!r4;!r5;!r6;!r7;!r8:3],656.2153525390626,106.70366042166206,5
[#6X4;r6:1]~[#6X4;!r3;!r4;!r5;!r6;!r7;!r8:2]~[#9X1;!r3;!r4;!r5;!r6;!r7;!r8:3],639.5972701416016,103.97389335759642,5
[#35X1;!r3;!r4;!r5;!r6;!r7;!r8:1]~[#6X4;!r3;!r4;!r5;!r6;!r7;!r8:2]~[#6X4;!r3;!r4;!r5;!r6;!r7;!r8:3],522.2228099975587,102.82998693578102,5
[#6X4;!r3;!r4;!r5;!r6;!r7;!r8:1]~[#7X3;!r3;!r4;!r5;!r6;!r7;!r8:2]~[#6X4;r6:3],427.2293598022461,109.52817586989411,5
[#6X3;!r3;!r4;!r5;!r6;!r7;!r8:1]~[#7X2;!r3;!r4;!r5;!r6;!r7;!r8:2]~[#8X2;!r3;!r4;!r5;!r6;!r7;!r8:3],794.7474674072266,107.45493341903928,5
[#1X1;!r3;!r4;!r5;!r6;!r7;!r8:1]~[#6X4;!r3;!r4;!r5;!r6;!r7;!r8:2]~[#7X4;r6:3],462.5066099853516,101.95111234432964,5
[#6X4;!r3;!r4;!r5;!r6;!r7;!r8:1]~[#16X4;!r3;!r4;!r5;!r6;!r7;!r8:2]~[#7X3;!r3;!r4;!r5;!r6;!r7;!r8:3],626.5704075927734,128.22624219453255,5
[#17X1;!r3;!r4;!r5;!r6;!r7;!r8:1]~[#6X3;!r3;!r4;!r5;!r6;!r7;!r8:2]~[#6X3;!r3;!r4;!r5;!r6;!r7;!r8:3],310.8426112060547,128.43097028471453,5
[#6X3;r6:1]~[#6X3;!r3;!r4;!r5;!r6;!r7;!r8:2]~[#6X3;r6:3],126.44484237670899,154.571497596944,-1
[#6X3;!r3;!r4;!r5;!r6;!r7;!r8:1]~[#7X3;!r3;!r4;!r5;!r6;!r7;!r8:2]~[#6X3;!r3;!r4;!r5;!r6;!r7;!r8:3],466.91804986572265,114.65841291776073,5
[#6X3;!r3;!r4;!r5;!r6;!r7;!r8:1]~[#7X2;!r3;!r4;!r5;!r6;!r7;!r8:2]~[#6X3;r6:3],559.2446916503907,110.40011098914877,5
[#6X4;r3:1]~[#6X3;!r3;!r4;!r5;!r6;!r7;!r8:2]~[#8X1;!r3;!r4;!r5;!r6;!r7;!r8:3],561.8024885253907,141.1348352729931,5
[#8X1;!r3;!r4;!r5;!r6;!r7;!r8:1]~[#16X4;r6:2]~[#8X1;!r3;!r4;!r5;!r6;!r7;!r8:3],797.354487060547,138.84240522148338,5
[#6X4;!r3;!r4;!r5;!r6;!r7;!r8:1]~[#6X3;!r3;!r4;!r5;!r6;!r7;!r8:2]~[#7X3;r6:3],311.33863763427735,139.4475873027032,5
[#6X4;r5:1]~[#6X3;!r3;!r4;!r5;!r6;!r7;!r8:2]~[#8X2;!r3;!r4;!r5;!r6;!r7;!r8:3],367.7673817138672,125.71607937266117,5
[#1X1;!r3;!r4;!r5;!r6;!r7;!r8:1]~[#16X2;!r3;!r4;!r5;!r6;!r7;!r8:2]~[#6X4;!r3;!r4;!r5;!r6;!r7;!r8:3],503.7160987548828,94.05832332438132,5
[#6X4;!r3;!r4;!r5;!r6;!r7;!r8:1]~[#8X2;!r3;!r4;!r5;!r6;!r7;!r8:2]~[#6X4;r6:3],552.055676147461,109.79587830422359,5
[#6X3;!r3;!r4;!r5;!r6;!r7;!r8:1]~[#16X2;!r3;!r4;!r5;!r6;!r7;!r8:2]~[#6X4;!r3;!r4;!r5;!r6;!r7;!r8:3],620.1628914794923,97.45169107763789,5
[#8X1;!r3;!r4;!r5;!r6;!r7;!r8:1]~[#16X4;r5:2]~[#8X1;!r3;!r4;!r5;!r6;!r7;!r8:3],737.8868588867188,145.4699973203352,-1
[#17X1;!r3;!r4;!r5;!r6;!r7;!r8:1]~[#6X4;!r3;!r4;!r5;!r6;!r7;!r8:2]~[#6X3;!r3;!r4;!r5;!r6;!r7;!r8:3],517.8926419677734,103.9108302209897,5
[#1X1;!r3;!r4;!r5;!r6;!r7;!r8:1]~[#6X4;r3:2]~[#6X3;!r3;!r4;!r5;!r6;!r7;!r8:3],143.3481742858887,126.24561027863392,6
[#6X4;r5:1]~[#6X4;!r3;!r4;!r5;!r6;!r7;!r8:2]~[#9X1;!r3;!r4;!r5;!r6;!r7;!r8:3],632.7904813232423,102.7498893073843,5
[#6X3;!r3;!r4;!r5;!r6;!r7;!r8:1]~[#6X4;!r3;!r4;!r5;!r6;!r7;!r8:2]~[#6X3;r5:3],496.79717010498047,107.1006105256557,5
[#6X3;r5:1]~[#8X2;!r3;!r4;!r5;!r6;!r7;!r8:2]~[#6X4;!r3;!r4;!r5;!r6;!r7;!r8:3],520.8010314331054,108.94131235602828,5
[#6X3;!r3;!r4;!r5;!r6;!r7;!r8:1]~[#6X3;!r3;!r4;!r5;!r6;!r7;!r8:2]~[#7X2;!r3;!r4;!r5;!r6;!r7;!r8:3],446.33456512451176,126.51469241117574,5
[#1X1;!r3;!r4;!r5;!r6;!r7;!r8:1]~[#6X4;r5:2]~[#6X3;r5:3],421.8888160400391,106.07643048980145,5
[#6X4;r6:1]~[#6X3;!r3;!r4;!r5;!r6;!r7;!r8:2]~[#7X3;!r3;!r4;!r5;!r6;!r7;!r8:3],457.09117864990236,135.42097222092724,5
[#1X1;!r3;!r4;!r5;!r6;!r7;!r8:1]~[#6X4;!r3;!r4;!r5;!r6;!r7;!r8:2]~[#6X3;r7:3],465.0185996704102,105.7226471813623,5
[#6X3;!r3;!r4;!r5;!r6;!r7;!r8:1]~[#7X3;!r3;!r4;!r5;!r6;!r7;!r8:2]~[#6X4;r5:3],446.6722295532227,115.21723167489449,5
[#6X2;!r3;!r4;!r5;!r6;!r7;!r8:1]~[#6X4;!r3;!r4;!r5;!r6;!r7;!r8:2]~[#8X2;!r3;!r4;!r5;!r6;!r7;!r8:3],732.2185782470704,108.17442554620841,5
[#1X1;!r3;!r4;!r5;!r6;!r7;!r8:1]~[#6X4;r6:2]~[#7X3;r5:3],513.3057940673829,102.30051750151081,5
[#1X1;!r3;!r4;!r5;!r6;!r7;!r8:1]~[#7X3;!r3;!r4;!r5;!r6;!r7;!r8:2]~[#6X4;r3:3],252.20342282104494,107.90811647046962,5
[#6X4;!r3;!r4;!r5;!r6;!r7;!r8:1]~[#7X3;!r3;!r4;!r5;!r6;!r7;!r8:2]~[#7X2;!r3;!r4;!r5;!r6;!r7;!r8:3],259.63496105957034,108.04782798994223,5
[#6X3;!r3;!r4;!r5;!r6;!r7;!r8:1]~[#8X2;!r3;!r4;!r5;!r6;!r7;!r8:2]~[#6X4;r6:3],536.8319837646485,111.74648470853086,5
[#6X3;!r3;!r4;!r5;!r6;!r7;!r8:1]~[#6X4;!r3;!r4;!r5;!r6;!r7;!r8:2]~[#6X4;r6:3],480.0206937866211,105.09868207992496,5
[#6X4;r6:1]~[#6X4;!r3;!r4;!r5;!r6;!r7;!r8:2]~[#7X3;!r3;!r4;!r5;!r6;!r7;!r8:3],669.6728984375001,107.85651439129018,5
[#16X1;!r3;!r4;!r5;!r6;!r7;!r8:1]~[#15X4;!r3;!r4;!r5;!r6;!r7;!r8:2]~[#8X2;!r3;!r4;!r5;!r6;!r7;!r8:3],595.1558686523438,123.38374735602024,5
[#1X1;!r3;!r4;!r5;!r6;!r7;!r8:1]~[#6X4;r8:2]~[#1X1;!r3;!r4;!r5;!r6;!r7;!r8:3],307.97399578857426,108.88016850257833,5
[#6X4;r5:1]~[#6X4;!r3;!r4;!r5;!r6;!r7;!r8:2]~[#7X3;!r3;!r4;!r5;!r6;!r7;!r8:3],617.0308927001953,107.13517811304513,5
[#1X1;!r3;!r4;!r5;!r6;!r7;!r8:1]~[#6X4;r3:2]~[#6X3;r6:3],225.73923657226564,120.50927590419872,5
[#15X4;!r3;!r4;!r5;!r6;!r7;!r8:1]~[#7X3;!r3;!r4;!r5;!r6;!r7;!r8:2]~[#6X4;!r3;!r4;!r5;!r6;!r7;!r8:3],174.5141254272461,105.96970878402,-1
[#6X4;!r3;!r4;!r5;!r6;!r7;!r8:1]~[#7X3;!r3;!r4;!r5;!r6;!r7;!r8:2]~[#7X3;!r3;!r4;!r5;!r6;!r7;!r8:3],468.6116709594727,104.91272334958218,5
[#16X4;!r3;!r4;!r5;!r6;!r7;!r8:1]~[#8X2;!r3;!r4;!r5;!r6;!r7;!r8:2]~[#1X1;!r3;!r4;!r5;!r6;!r7;!r8:3],569.6048415527343,111.18901832885275,5
[#6X4;!r3;!r4;!r5;!r6;!r7;!r8:1]~[#6X4;!r3;!r4;!r5;!r6;!r7;!r8:2]~[#6X4;r3:3],572.3613171386719,108.01037123253388,5
[#6X4;!r3;!r4;!r5;!r6;!r7;!r8:1]~[#6X4;r6:2]~[#8X2;!r3;!r4;!r5;!r6;!r7;!r8:3],813.4819377441406,108.00556960954736,5
[#15X4;!r3;!r4;!r5;!r6;!r7;!r8:1]~[#6X4;!r3;!r4;!r5;!r6;!r7;!r8:2]~[#6X4;!r3;!r4;!r5;!r6;!r7;!r8:3],318.53799566650395,100.95219034802611,5
[#16X2;!r3;!r4;!r5;!r6;!r7;!r8:1]~[#15X4;!r3;!r4;!r5;!r6;!r7;!r8:2]~[#8X2;!r3;!r4;!r5;!r6;!r7;!r8:3],418.5103203125,108.23102049367114,5
[#6X3;r5:1]~[#6X4;!r3;!r4;!r5;!r6;!r7;!r8:2]~[#7X3;r6:3],634.9047624511719,107.19617170233334,5
[#6X2;!r3;!r4;!r5;!r6;!r7;!r8:1]~[#6X4;!r3;!r4;!r5;!r6;!r7;!r8:2]~[#7X3;!r3;!r4;!r5;!r6;!r7;!r8:3],677.4922336425782,108.69458543263991,5
[#6X3;r5:1]~[#6X4;!r3;!r4;!r5;!r6;!r7;!r8:2]~[#7X3;r5:3],676.8810667724609,107.55309006760153,5
[#8X2;!r3;!r4;!r5;!r6;!r7;!r8:1]~[#6X4;!r3;!r4;!r5;!r6;!r7;!r8:2]~[#8X2;!r3;!r4;!r5;!r6;!r7;!r8:3],1025.7764608154298,109.05683134546071,5
[#1X1;!r3;!r4;!r5;!r6;!r7;!r8:1]~[#6X3;!r3;!r4;!r5;!r6;!r7;!r8:2]~[#6X2;!r3;!r4;!r5;!r6;!r7;!r8:3],251.94377426147463,133.37828120622987,5
[#7X3;!r3;!r4;!r5;!r6;!r7;!r8:1]~[#15X4;!r3;!r4;!r5;!r6;!r7;!r8:2]~[#8X1;!r3;!r4;!r5;!r6;!r7;!r8:3],868.594148071289,122.4897848766923,5
[#1X1;!r3;!r4;!r5;!r6;!r7;!r8:1]~[#6X3;!r3;!r4;!r5;!r6;!r7;!r8:2]~[#8X2;!r3;!r4;!r5;!r6;!r7;!r8:3],441.240167175293,119.26790268292723,5
[#6X3;r6:1]~[#7X3;!r3;!r4;!r5;!r6;!r7;!r8:2]~[#7X2;!r3;!r4;!r5;!r6;!r7;!r8:3],486.0331827392578,115.8895135345205,5
[#6X3;r5:1]~[#6X3;!r3;!r4;!r5;!r6;!r7;!r8:2]~[#6X3;r5:3],288.66497241210936,140.01353677733044,5
[#1X1;!r3;!r4;!r5;!r6;!r7;!r8:1]~[#8X2;!r3;!r4;!r5;!r6;!r7;!r8:2]~[#7X2;!r3;!r4;!r5;!r6;!r7;!r8:3],456.4713930053711,103.53376279766998,5
[#6X3;r6:1]~[#16X2;!r3;!r4;!r5;!r6;!r7;!r8:2]~[#6X3;r6:3],676.3940102539062,96.54927282411747,5
[#6X3;r6:1]~[#16X3;!r3;!r4;!r5;!r6;!r7;!r8:2]~[#8X1;!r3;!r4;!r5;!r6;!r7;!r8:3],894.6270604248048,105.53574588491406,5
[#6X3;!r3;!r4;!r5;!r6;!r7;!r8:1]~[#6X3;!r3;!r4;!r5;!r6;!r7;!r8:2]~[#6X4;r6:3],437.1830227661133,131.99402042752172,5
[#1X1;!r3;!r4;!r5;!r6;!r7;!r8:1]~[#6X3;!r3;!r4;!r5;!r6;!r7;!r8:2]~[#6X4;r6:3],210.56543731689453,131.51109873244513,5
[#6X3;r6:1]~[#7X3;!r3;!r4;!r5;!r6;!r7;!r8:2]~[#6X4;r6:3],409.6097119750977,116.46894580256937,5
[#1X1;!r3;!r4;!r5;!r6;!r7;!r8:1]~[#6X4;r5:2]~[#7X3;r5:3],484.9431950683594,102.00100687621658,5
[#1X1;!r3;!r4;!r5;!r6;!r7;!r8:1]~[#7X2;!r3;!r4;!r5;!r6;!r7;!r8:2]~[#6X3;r6:3],422.12046954345703,109.73320448839955,5
[#15X4;!r3;!r4;!r5;!r6;!r7;!r8:1]~[#7X3;!r3;!r4;!r5;!r6;!r7;!r8:2]~[#1X1;!r3;!r4;!r5;!r6;!r7;!r8:3],129.92961238098144,127.31658394049192,-1
[#16X2;!r3;!r4;!r5;!r6;!r7;!r8:1]~[#6X3;!r3;!r4;!r5;!r6;!r7;!r8:2]~[#8X1;!r3;!r4;!r5;!r6;!r7;!r8:3],561.9055307617188,141.1996537682165,5
[#1X1;!r3;!r4;!r5;!r6;!r7;!r8:1]~[#6X4;!r3;!r4;!r5;!r6;!r7;!r8:2]~[#7X4;r5:3],469.738336303711,102.44932683295788,5
[#6X3;!r3;!r4;!r5;!r6;!r7;!r8:1]~[#7X2;!r3;!r4;!r5;!r6;!r7;!r8:2]~[#6X4;!r3;!r4;!r5;!r6;!r7;!r8:3],577.8009129638672,112.21696862912884,5
[#6X4;r6:1]~[#6X2;!r3;!r4;!r5;!r6;!r7;!r8:2]~[#7X1;!r3;!r4;!r5;!r6;!r7;!r8:3],242.9627719116211,180.00000500895632,2
[#6X4;!r3;!r4;!r5;!r6;!r7;!r8:1]~[#8X2;!r3;!r4;!r5;!r6;!r7;!r8:2]~[#7X2;!r3;!r4;!r5;!r6;!r7;!r8:3],682.3463273925781,107.64533177234254,5
[#1X1;!r3;!r4;!r5;!r6;!r7;!r8:1]~[#7X3;!r3;!r4;!r5;!r6;!r7;!r8:2]~[#7X3;r5:3],238.00488577270508,99.7623440738532,5
[#6X3;!r3;!r4;!r5;!r6;!r7;!r8:1]~[#6X4;!r3;!r4;!r5;!r6;!r7;!r8:2]~[#6X4;r5:3],471.00309356689456,105.18223578404172,5
[#6X3;r6:1]~[#6X3;!r3;!r4;!r5;!r6;!r7;!r8:2]~[#7X3;r6:3],264.0659049072266,138.24469536721557,5
[#16X3;!r3;!r4;!r5;!r6;!r7;!r8:1]~[#6X4;!r3;!r4;!r5;!r6;!r7;!r8:2]~[#6X4;!r3;!r4;!r5;!r6;!r7;!r8:3],377.3264005737305,101.4479323081748,5
[#16X1;!r3;!r4;!r5;!r6;!r7;!r8:1]~[#6X4;!r3;!r4;!r5;!r6;!r7;!r8:2]~[#1X1;!r3;!r4;!r5;!r6;!r7;!r8:3],382.4125628051758,108.68026935613956,5
[#6X3;r6:1]~[#7X3;!r3;!r4;!r5;!r6;!r7;!r8:2]~[#7X3;!r3;!r4;!r5;!r6;!r7;!r8:3],467.3062458496094,110.34919192888633,5
[#7X3;!r3;!r4;!r5;!r6;!r7;!r8:1]~[#6X3;!r3;!r4;!r5;!r6;!r7;!r8:2]~[#7X3;r5:3],576.3631098632812,127.62059566044918,5
[#1X1;!r3;!r4;!r5;!r6;!r7;!r8:1]~[#6X4;r3:2]~[#7X3;!r3;!r4;!r5;!r6;!r7;!r8:3],231.45083453369142,117.21185181821332,5
[#6X4;!r3;!r4;!r5;!r6;!r7;!r8:1]~[#8X2;!r3;!r4;!r5;!r6;!r7;!r8:2]~[#6X4;r5:3],562.0888872070312,109.71935969495193,5
[#1X1;!r3;!r4;!r5;!r6;!r7;!r8:1]~[#6X4;r3:2]~[#6X3;r5:3],222.43653817749023,121.9779851418049,5
[#16X2;!r3;!r4;!r5;!r6;!r7;!r8:1]~[#6X3;!r3;!r4;!r5;!r6;!r7;!r8:2]~[#7X3;!r3;!r4;!r5;!r6;!r7;!r8:3],459.96547607421877,132.16922844011089,5
[#6X3;!r3;!r4;!r5;!r6;!r7;!r8:1]~[#16X4;!r3;!r4;!r5;!r6;!r7;!r8:2]~[#8X1;!r3;!r4;!r5;!r6;!r7;!r8:3],447.464294921875,151.80779815308173,5
[#6X3;r5:1]~[#16X4;!r3;!r4;!r5;!r6;!r7;!r8:2]~[#7X3;!r3;!r4;!r5;!r6;!r7;!r8:3],575.578290649414,129.0439934231015,5
[#16X2;!r3;!r4;!r5;!r6;!r7;!r8:1]~[#6X4;!r3;!r4;!r5;!r6;!r7;!r8:2]~[#6X3;r5:3],577.7662463378906,106.82593446818363,5
[#6X3;r6:1]~[#6X3;!r3;!r4;!r5;!r6;!r7;!r8:2]~[#7X3;r5:3],223.48938531494142,136.01314962196733,5
[#6X4;!r3;!r4;!r5;!r6;!r7;!r8:1]~[#6X4;r5:2]~[#8X2;!r3;!r4;!r5;!r6;!r7;!r8:3],717.1602386474609,108.05774542461708,5
[#9X1;!r3;!r4;!r5;!r6;!r7;!r8:1]~[#6X4;r6:2]~[#9X1;!r3;!r4;!r5;!r6;!r7;!r8:3],1118.0145207519531,105.85937390816761,5
[#1X1;!r3;!r4;!r5;!r6;!r7;!r8:1]~[#7X3;!r3;!r4;!r5;!r6;!r7;!r8:2]~[#7X3;r6:3],259.5088077392578,100.64116402379123,5
[#1X1;!r3;!r4;!r5;!r6;!r7;!r8:1]~[#6X4;r7:2]~[#6X4;!r3;!r4;!r5;!r6;!r7;!r8:3],423.2883134765625,107.52419836741237,5
[#6X4;!r3;!r4;!r5;!r6;!r7;!r8:1]~[#7X2;!r3;!r4;!r5;!r6;!r7;!r8:2]~[#7X2;!r3;!r4;!r5;!r6;!r7;!r8:3],682.168844482422,108.93062994016638,5
[#1X1;!r3;!r4;!r5;!r6;!r7;!r8:1]~[#7X3;!r3;!r4;!r5;!r6;!r7;!r8:2]~[#6X4;r4:3],231.0959485168457,108.49948790918766,5
[#16X2;!r3;!r4;!r5;!r6;!r7;!r8:1]~[#6X3;!r3;!r4;!r5;!r6;!r7;!r8:2]~[#7X2;!r3;!r4;!r5;!r6;!r7;!r8:3],457.7691889038086,139.0046222142712,5
[#6X3;!r3;!r4;!r5;!r6;!r7;!r8:1]~[#7X3;!r3;!r4;!r5;!r6;!r7;!r8:2]~[#8X1;!r3;!r4;!r5;!r6;!r7;!r8:3],306.67773211669925,130.7023906743373,5
[#16X2;!r3;!r4;!r5;!r6;!r7;!r8:1]~[#6X4;!r3;!r4;!r5;!r6;!r7;!r8:2]~[#9X1;!r3;!r4;!r5;!r6;!r7;!r8:3],611.6528413085938,104.55010177635704,5
[#6X3;r5:1]~[#7X2;!r3;!r4;!r5;!r6;!r7;!r8:2]~[#7X2;!r3;!r4;!r5;!r6;!r7;!r8:3],673.0444991455079,105.05558358626217,5
[#6X4;!r3;!r4;!r5;!r6;!r7;!r8:1]~[#7X3;!r3;!r4;!r5;!r6;!r7;!r8:2]~[#8X2;!r3;!r4;!r5;!r6;!r7;!r8:3],436.68600677490235,99.5931329673553,5
[#6X4;!r3;!r4;!r5;!r6;!r7;!r8:1]~[#7X3;!r3;!r4;!r5;!r6;!r7;!r8:2]~[#8X1;!r3;!r4;!r5;!r6;!r7;!r8:3],402.4437117919922,119.00108817318986,5
[#7X3;!r3;!r4;!r5;!r6;!r7;!r8:1]~[#15X4;!r3;!r4;!r5;!r6;!r7;!r8:2]~[#8X2;!r3;!r4;!r5;!r6;!r7;!r8:3],715.7666147460938,108.57989972628623,5
[#6X2;!r3;!r4;!r5;!r6;!r7;!r8:1]~[#6X4;!r3;!r4;!r5;!r6;!r7;!r8:2]~[#6X3;r6:3],522.9113223876953,106.90205692648343,5
[#6X4;!r3;!r4;!r5;!r6;!r7;!r8:1]~[#6X4;r3:2]~[#6X4;!r3;!r4;!r5;!r6;!r7;!r8:3],351.2171322631836,126.84881160499442,5
[#6X2;!r3;!r4;!r5;!r6;!r7;!r8:1]~[#6X2;!r3;!r4;!r5;!r6;!r7;!r8:2]~[#6X3;!r3;!r4;!r5;!r6;!r7;!r8:3],165.33712576293945,180.00000500895632,2
[#6X3;r5:1]~[#16X2;!r3;!r4;!r5;!r6;!r7;!r8:2]~[#6X3;r6:3],713.3109663085938,96.78965450176689,5
[#6X2;!r3;!r4;!r5;!r6;!r7;!r8:1]~[#6X4;!r3;!r4;!r5;!r6;!r7;!r8:2]~[#6X3;!r3;!r4;!r5;!r6;!r7;!r8:3],498.98937133789065,106.90844315335738,5
[#6X3;!r3;!r4;!r5;!r6;!r7;!r8:1]~[#7X2;!r3;!r4;!r5;!r6;!r7;!r8:2]~[#6X3;r5:3],635.3410001220703,107.010752556935,5
[#6X3;!r3;!r4;!r5;!r6;!r7;!r8:1]~[#6X3;!r3;!r4;!r5;!r6;!r7;!r8:2]~[#7X3;r6:3],254.31518215942384,124.6927940915882,5
[#6X3;r6:1]~[#6X4;!r3;!r4;!r5;!r6;!r7;!r8:2]~[#7X2;!r3;!r4;!r5;!r6;!r7;!r8:3],587.480754272461,106.90803334200719,5
[#1X1;!r3;!r4;!r5;!r6;!r7;!r8:1]~[#6X4;r6:2]~[#6X2;!r3;!r4;!r5;!r6;!r7;!r8:3],393.06514453125004,105.2109635596908,5
[#16X4;!r3;!r4;!r5;!r6;!r7;!r8:1]~[#7X3;!r3;!r4;!r5;!r6;!r7;!r8:2]~[#6X3;!r3;!r4;!r5;!r6;!r7;!r8:3],484.1680161132813,119.57345802563692,5
[#16X1;!r3;!r4;!r5;!r6;!r7;!r8:1]~[#6X3;!r3;!r4;!r5;!r6;!r7;!r8:2]~[#16X2;!r3;!r4;!r5;!r6;!r7;!r8:3],439.3642111206055,142.89202438038393,5
[#6X4;r3:1]~[#6X4;!r3;!r4;!r5;!r6;!r7;!r8:2]~[#8X2;!r3;!r4;!r5;!r6;!r7;!r8:3],725.4661834716798,107.3555268458589,5
[#6X4;!r3;!r4;!r5;!r6;!r7;!r8:1]~[#8X2;!r3;!r4;!r5;!r6;!r7;!r8:2]~[#7X3;!r3;!r4;!r5;!r6;!r7;!r8:3],619.620291748047,106.16051011848431,5
[#6X3;r6:1]~[#6X4;!r3;!r4;!r5;!r6;!r7;!r8:2]~[#6X4;r5:3],523.8030144042968,106.19198363017972,5
[#6X4;!r3;!r4;!r5;!r6;!r7;!r8:1]~[#7X3;!r3;!r4;!r5;!r6;!r7;!r8:2]~[#6X4;r5:3],427.53481555175784,110.09896794864291,5
[#6X3;r6:1]~[#6X4;!r3;!r4;!r5;!r6;!r7;!r8:2]~[#6X4;r6:3],508.83348010253906,105.85623202114941,5
[#6X4;!r3;!r4;!r5;!r6;!r7;!r8:1]~[#16X4;!r3;!r4;!r5;!r6;!r7;!r8:2]~[#6X4;!r3;!r4;!r5;!r6;!r7;!r8:3],522.2259702148438,133.85210508933199,5
[#15X4;!r3;!r4;!r5;!r6;!r7;!r8:1]~[#8X2;!r3;!r4;!r5;!r6;!r7;!r8:2]~[#6X3;r6:3],391.24377404785156,113.27844832804053,5
[#1X1;!r3;!r4;!r5;!r6;!r7;!r8:1]~[#6X3;!r3;!r4;!r5;!r6;!r7;!r8:2]~[#6X4;r5:3],226.07903973388673,128.55432350112494,5
[#17X1;!r3;!r4;!r5;!r6;!r7;!r8:1]~[#6X4;!r3;!r4;!r5;!r6;!r7;!r8:2]~[#9X1;!r3;!r4;!r5;!r6;!r7;!r8:3],773.3349842529298,105.82358371691674,5
[#1X1;!r3;!r4;!r5;!r6;!r7;!r8:1]~[#7X2;!r3;!r4;!r5;!r6;!r7;!r8:2]~[#6X3;r5:3],346.1649024658203,103.67969661947646,5
[#6X3;!r3;!r4;!r5;!r6;!r7;!r8:1]~[#7X2;!r3;!r4;!r5;!r6;!r7;!r8:2]~[#7X2;!r3;!r4;!r5;!r6;!r7;!r8:3],708.2152915039063,105.1642928770921,5
[#8X1;!r3;!r4;!r5;!r6;!r7;!r8:1]~[#15X4;!r3;!r4;!r5;!r6;!r7;!r8:2]~[#8X1;!r3;!r4;!r5;!r6;!r7;!r8:3],686.5256668701172,140.38676563433663,5
[#7X2;!r3;!r4;!r5;!r6;!r7;!r8:1]~[#6X3;!r3;!r4;!r5;!r6;!r7;!r8:2]~[#8X1;!r3;!r4;!r5;!r6;!r7;!r8:3],806.9651228027344,130.6618876525591,5
[#6X2;!r3;!r4;!r5;!r6;!r7;!r8:1]~[#6X2;!r3;!r4;!r5;!r6;!r7;!r8:2]~[#6X3;r5:3],225.6457867126465,180.00000500895632,2
[#6X3;!r3;!r4;!r5;!r6;!r7;!r8:1]~[#6X3;!r3;!r4;!r5;!r6;!r7;!r8:2]~[#6X4;r5:3],470.2401405029297,131.39424785612457,5
[#6X3;r6:1]~[#7X3;!r3;!r4;!r5;!r6;!r7;!r8:2]~[#6X4;r5:3],410.0117299194336,116.1294034385497,5
[#17X1;!r3;!r4;!r5;!r6;!r7;!r8:1]~[#6X4;!r3;!r4;!r5;!r6;!r7;!r8:2]~[#6X3;r6:3],559.0592922363281,104.01850815325494,5
[#6X3;r6:1]~[#16X4;!r3;!r4;!r5;!r6;!r7;!r8:2]~[#7X3;r5:3],497.06230914306644,128.83960684237803,5
[#16X4;!r3;!r4;!r5;!r6;!r7;!r8:1]~[#7X3;!r3;!r4;!r5;!r6;!r7;!r8:2]~[#6X3;r5:3],484.7641480102539,117.57601018400172,5
[#1X1;!r3;!r4;!r5;!r6;!r7;!r8:1]~[#6X4;!r3;!r4;!r5;!r6;!r7;!r8:2]~[#7X3;r4:3],450.859708984375,105.06112969986822,5
[#6X4;!r3;!r4;!r5;!r6;!r7;!r8:1]~[#16X4;!r3;!r4;!r5;!r6;!r7;!r8:2]~[#8X2;!r3;!r4;!r5;!r6;!r7;!r8:3],478.78986895751956,125.7887525854301,5
[#6X3;r6:1]~[#16X4;!r3;!r4;!r5;!r6;!r7;!r8:2]~[#8X2;!r3;!r4;!r5;!r6;!r7;!r8:3],493.1174003295899,125.46683210946907,5
[#1X1;!r3;!r4;!r5;!r6;!r7;!r8:1]~[#6X4;!r3;!r4;!r5;!r6;!r7;!r8:2]~[#53X1;!r3;!r4;!r5;!r6;!r7;!r8:3],313.60122552490236,96.81231023924383,5
[#1X1;!r3;!r4;!r5;!r6;!r7;!r8:1]~[#6X4;r4:2]~[#7X3;!r3;!r4;!r5;!r6;!r7;!r8:3],340.85800384521485,109.03658666476079,5
[#16X2;!r3;!r4;!r5;!r6;!r7;!r8:1]~[#6X3;!r3;!r4;!r5;!r6;!r7;!r8:2]~[#6X4;!r3;!r4;!r5;!r6;!r7;!r8:3],323.0883255004883,134.30905840518417,5
[#7X3;!r3;!r4;!r5;!r6;!r7;!r8:1]~[#6X4;!r3;!r4;!r5;!r6;!r7;!r8:2]~[#8X2;!r3;!r4;!r5;!r6;!r7;!r8:3],1212.5117849121095,109.33023698774714,5
[#7X2;!r3;!r4;!r5;!r6;!r7;!r8:1]~[#16X4;!r3;!r4;!r5;!r6;!r7;!r8:2]~[#8X1;!r3;!r4;!r5;!r6;!r7;!r8:3],702.529517944336,138.80218906765035,5
[#1X1;!r3;!r4;!r5;!r6;!r7;!r8:1]~[#6X4;r4:2]~[#6X4;!r3;!r4;!r5;!r6;!r7;!r8:3],343.8200531616211,110.84720834202864,5
[#6X3;r6:1]~[#6X4;r6:2]~[#6X4;!r3;!r4;!r5;!r6;!r7;!r8:3],519.3701871948242,107.2431019321205,5
[#1X1;!r3;!r4;!r5;!r6;!r7;!r8:1]~[#6X4;r5:2]~[#7X3;r6:3],469.9979210205078,102.23578096855744,5
[#6X3;r5:1]~[#6X3;!r3;!r4;!r5;!r6;!r7;!r8:2]~[#7X3;r6:3],216.23896902465822,141.66392904685895,5
[#1X1;!r3;!r4;!r5;!r6;!r7;!r8:1]~[#6X4;r6:2]~[#7X3;r6:3],445.4221561279297,101.20072727154452,5
[#15X3;!r3;!r4;!r5;!r6;!r7;!r8:1]~[#6X4;!r3;!r4;!r5;!r6;!r7;!r8:2]~[#1X1;!r3;!r4;!r5;!r6;!r7;!r8:3],295.54329705810545,102.3373732022722,5
[#6X4;r3:1]~[#6X3;!r3;!r4;!r5;!r6;!r7;!r8:2]~[#7X3;!r3;!r4;!r5;!r6;!r7;!r8:3],456.3576571044922,136.59486317319897,5
[#7X3;!r3;!r4;!r5;!r6;!r7;!r8:1]~[#6X3;!r3;!r4;!r5;!r6;!r7;!r8:2]~[#7X3;r6:3],521.9124383544922,129.79747257158064,5
[#16X2;!r3;!r4;!r5;!r6;!r7;!r8:1]~[#6X4;r6:2]~[#1X1;!r3;!r4;!r5;!r6;!r7;!r8:3],337.18557598876953,99.980684731051,5
[#16X4;!r3;!r4;!r5;!r6;!r7;!r8:1]~[#6X4;!r3;!r4;!r5;!r6;!r7;!r8:2]~[#9X1;!r3;!r4;!r5;!r6;!r7;!r8:3],521.2536128540039,92.53506819606342,5
[#1X1;!r3;!r4;!r5;!r6;!r7;!r8:1]~[#6X4;r4:2]~[#8X2;!r3;!r4;!r5;!r6;!r7;!r8:3],374.6159556274414,105.16554963189938,5
[#15X4;!r3;!r4;!r5;!r6;!r7;!r8:1]~[#16X2;!r3;!r4;!r5;!r6;!r7;!r8:2]~[#6X4;!r3;!r4;!r5;!r6;!r7;!r8:3],435.30029937744143,95.08118513372575,5
[#6X3;r6:1]~[#8X2;!r3;!r4;!r5;!r6;!r7;!r8:2]~[#6X4;r6:3],536.6329219970703,109.71341060018486,5
[#6X3;r5:1]~[#7X2;!r3;!r4;!r5;!r6;!r7;!r8:2]~[#6X3;r6:3],445.13965185546874,107.92853873608796,5
[#6X3;r6:1]~[#16X3;!r3;!r4;!r5;!r6;!r7;!r8:2]~[#6X4;!r3;!r4;!r5;!r6;!r7;!r8:3],751.0340012207032,97.2768997065881,5
[#6X4;r3:1]~[#6X3;!r3;!r4;!r5;!r6;!r7;!r8:2]~[#8X2;!r3;!r4;!r5;!r6;!r7;!r8:3],359.45699981689455,127.9491960614185,5
[#6X4;r3:1]~[#6X4;!r3;!r4;!r5;!r6;!r7;!r8:2]~[#7X3;!r3;!r4;!r5;!r6;!r7;!r8:3],697.6717213134766,108.7142905283954,5
[#7X3;!r3;!r4;!r5;!r6;!r7;!r8:1]~[#7X2;!r3;!r4;!r5;!r6;!r7;!r8:2]~[#8X1;!r3;!r4;!r5;!r6;!r7;!r8:3],1162.1270681152344,112.72152153330686,5
[#6X3;!r3;!r4;!r5;!r6;!r7;!r8:1]~[#6X3;!r3;!r4;!r5;!r6;!r7;!r8:2]~[#7X3;r5:3],476.206375366211,123.19250205925988,5
[#17X1;!r3;!r4;!r5;!r6;!r7;!r8:1]~[#6X4;r6:2]~[#1X1;!r3;!r4;!r5;!r6;!r7;!r8:3],452.5997756958008,101.9114904169544,5
[#6X2;!r3;!r4;!r5;!r6;!r7;!r8:1]~[#6X3;!r3;!r4;!r5;!r6;!r7;!r8:2]~[#6X3;r5:3],239.040623046875,138.22042087490533,5
[#1X1;!r3;!r4;!r5;!r6;!r7;!r8:1]~[#8X2;!r3;!r4;!r5;!r6;!r7;!r8:2]~[#7X3;r6:3],449.9882870483399,99.60637670415596,5
[#6X4;r5:1]~[#6X2;!r3;!r4;!r5;!r6;!r7;!r8:2]~[#7X1;!r3;!r4;!r5;!r6;!r7;!r8:3],228.5521810913086,180.00000500895632,2
[#16X2;!r3;!r4;!r5;!r6;!r7;!r8:1]~[#16X2;!r3;!r4;!r5;!r6;!r7;!r8:2]~[#6X4;!r3;!r4;!r5;!r6;!r7;!r8:3],601.6207155761718,99.62901195106538,5
[#6X4;!r3;!r4;!r5;!r6;!r7;!r8:1]~[#6X3;!r3;!r4;!r5;!r6;!r7;!r8:2]~[#6X4;r6:3],241.4461868286133,138.4336047392798,5
[#6X2;!r3;!r4;!r5;!r6;!r7;!r8:1]~[#6X2;!r3;!r4;!r5;!r6;!r7;!r8:2]~[#6X2;!r3;!r4;!r5;!r6;!r7;!r8:3],0.0,163.2897969403584,0
[#6X4;!r3;!r4;!r5;!r6;!r7;!r8:1]~[#16X3;!r3;!r4;!r5;!r6;!r7;!r8:2]~[#6X4;!r3;!r4;!r5;!r6;!r7;!r8:3],754.1163303222656,98.35518850104718,5
[#16X2;!r3;!r4;!r5;!r6;!r7;!r8:1]~[#15X4;!r3;!r4;!r5;!r6;!r7;!r8:2]~[#8X1;!r3;!r4;!r5;!r6;!r7;!r8:3],506.2199165649414,124.45145618745497,5
[#35X1;!r3;!r4;!r5;!r6;!r7;!r8:1]~[#6X3;!r3;!r4;!r5;!r6;!r7;!r8:2]~[#6X3;!r3;!r4;!r5;!r6;!r7;!r8:3],258.8376286621094,133.47923140216264,5
[#7X3;r4:1]~[#6X3;!r3;!r4;!r5;!r6;!r7;!r8:2]~[#8X1;!r3;!r4;!r5;!r6;!r7;!r8:3],832.1033425292969,134.01948570513233,5
[#6X3;!r3;!r4;!r5;!r6;!r7;!r8:1]~[#6X4;r5:2]~[#6X4;!r3;!r4;!r5;!r6;!r7;!r8:3],481.890137878418,105.93941006486182,5
[#16X2;!r3;!r4;!r5;!r6;!r7;!r8:1]~[#6X3;!r3;!r4;!r5;!r6;!r7;!r8:2]~[#6X3;!r3;!r4;!r5;!r6;!r7;!r8:3],277.89287701416015,133.94633437912148,5
[#16X2;!r3;!r4;!r5;!r6;!r7;!r8:1]~[#6X4;r5:2]~[#1X1;!r3;!r4;!r5;!r6;!r7;!r8:3],338.431052734375,101.11196213309104,5
[#6X3;r6:1]~[#8X2;!r3;!r4;!r5;!r6;!r7;!r8:2]~[#6X4;r5:3],548.0978072509765,109.36189491455015,5
[#6X3;!r3;!r4;!r5;!r6;!r7;!r8:1]~[#8X2;!r3;!r4;!r5;!r6;!r7;!r8:2]~[#6X4;r5:3],473.18919781494145,111.16466870446166,5
[#6X3;r6:1]~[#7X2;!r3;!r4;!r5;!r6;!r7;!r8:2]~[#7X3;!r3;!r4;!r5;!r6;!r7;!r8:3],654.7947869873047,112.59489665628399,5
[#1X1;!r3;!r4;!r5;!r6;!r7;!r8:1]~[#16X2;!r3;!r4;!r5;!r6;!r7;!r8:2]~[#6X3;r6:3],547.1012215576172,93.8005861360509,5
[#7X3;!r3;!r4;!r5;!r6;!r7;!r8:1]~[#15X4;!r3;!r4;!r5;!r6;!r7;!r8:2]~[#7X3;!r3;!r4;!r5;!r6;!r7;!r8:3],963.1633630371094,112.95415777643748,5
[#6X3;r6:1]~[#16X4;!r3;!r4;!r5;!r6;!r7;!r8:2]~[#7X3;r6:3],402.00811254882814,140.10476078388513,5
[#6X3;!r3;!r4;!r5;!r6;!r7;!r8:1]~[#6X3;!r3;!r4;!r5;!r6;!r7;!r8:2]~[#9X1;!r3;!r4;!r5;!r6;!r7;!r8:3],416.04011572265625,123.70095500145398,5
[#6X4;!r3;!r4;!r5;!r6;!r7;!r8:1]~[#8X2;!r3;!r4;!r5;!r6;!r7;!r8:2]~[#8X2;!r3;!r4;!r5;!r6;!r7;!r8:3],643.1812119140625,102.3231390880419,5
[#7X3;r6:1]~[#6X3;!r3;!r4;!r5;!r6;!r7;!r8:2]~[#8X2;!r3;!r4;!r5;!r6;!r7;!r8:3],338.2997600708008,125.42701210660789,5
[#16X4;!r3;!r4;!r5;!r6;!r7;!r8:1]~[#8X2;!r3;!r4;!r5;!r6;!r7;!r8:2]~[#6X3;r6:3],535.4042039794922,109.80468924825291,5
[#6X4;!r3;!r4;!r5;!r6;!r7;!r8:1]~[#6X4;!r3;!r4;!r5;!r6;!r7;!r8:2]~[#7X3;r7:3],596.8545333251953,107.27654253829688,5
[#6X3;!r3;!r4;!r5;!r6;!r7;!r8:1]~[#7X3;!r3;!r4;!r5;!r6;!r7;!r8:2]~[#6X4;r3:3],450.6082961425781,113.97753868015884,5
[#16X4;!r3;!r4;!r5;!r6;!r7;!r8:1]~[#8X2;!r3;!r4;!r5;!r6;!r7;!r8:2]~[#6X4;!r3;!r4;!r5;!r6;!r7;!r8:3],387.7215043945313,110.63009028869227,5
[#6X4;!r3;!r4;!r5;!r6;!r7;!r8:1]~[#15X4;!r3;!r4;!r5;!r6;!r7;!r8:2]~[#6X4;!r3;!r4;!r5;!r6;!r7;!r8:3],570.6181540527344,110.13303010203376,5
[#6X4;!r3;!r4;!r5;!r6;!r7;!r8:1]~[#6X3;!r3;!r4;!r5;!r6;!r7;!r8:2]~[#6X4;r5:3],254.13648623657227,138.8746983558792,5
[#6X3;r6:1]~[#15X4;!r3;!r4;!r5;!r6;!r7;!r8:2]~[#8X1;!r3;!r4;!r5;!r6;!r7;!r8:3],712.5389156494141,120.31297626745254,5
[#16X1;!r3;!r4;!r5;!r6;!r7;!r8:1]~[#6X4;!r3;!r4;!r5;!r6;!r7;!r8:2]~[#6X4;!r3;!r4;!r5;!r6;!r7;!r8:3],614.442706665039,111.24088678540983,5
[#7X2;!r3;!r4;!r5;!r6;!r7;!r8:1]~[#6X3;!r3;!r4;!r5;!r6;!r7;!r8:2]~[#8X2;!r3;!r4;!r5;!r6;!r7;!r8:3],626.2238690185548,129.60737474660084,5
[#6X2;!r3;!r4;!r5;!r6;!r7;!r8:1]~[#6X3;!r3;!r4;!r5;!r6;!r7;!r8:2]~[#6X3;r6:3],70.69721290588379,163.98923563212438,-1
[#16X4;!r3;!r4;!r5;!r6;!r7;!r8:1]~[#6X4;!r3;!r4;!r5;!r6;!r7;!r8:2]~[#6X3;r6:3],566.0367327880859,104.99955554450055,5
[#1X1;!r3;!r4;!r5;!r6;!r7;!r8:1]~[#7X3;!r3;!r4;!r5;!r6;!r7;!r8:2]~[#6X3;r7:3],459.66937329101563,114.48827290553571,5
[#6X4;!r3;!r4;!r5;!r6;!r7;!r8:1]~[#7X2;!r3;!r4;!r5;!r6;!r7;!r8:2]~[#8X1;!r3;!r4;!r5;!r6;!r7;!r8:3],927.7935727539062,111.20445455637699,5
[#9X1;!r3;!r4;!r5;!r6;!r7;!r8:1]~[#6X4;r4:2]~[#9X1;!r3;!r4;!r5;!r6;!r7;!r8:3],881.5934943847657,107.24409230955015,5
[#6X3;r5:1]~[#16X4;!r3;!r4;!r5;!r6;!r7;!r8:2]~[#6X3;r6:3],464.437055847168,137.87220417063975,5
[#6X4;r6:1]~[#7X3;!r3;!r4;!r5;!r6;!r7;!r8:2]~[#8X1;!r3;!r4;!r5;!r6;!r7;!r8:3],421.91553424072265,122.50166940584812,5
[#7X3;r7:1]~[#6X3;!r3;!r4;!r5;!r6;!r7;!r8:2]~[#8X1;!r3;!r4;!r5;!r6;!r7;!r8:3],753.373455810547,134.54924883753685,5
[#6X3;!r3;!r4;!r5;!r6;!r7;!r8:1]~[#7X3;!r3;!r4;!r5;!r6;!r7;!r8:2]~[#6X4;r4:3],460.66991723632816,114.53377562578633,5
[#6X2;!r3;!r4;!r5;!r6;!r7;!r8:1]~[#6X3;!r3;!r4;!r5;!r6;!r7;!r8:2]~[#6X4;!r3;!r4;!r5;!r6;!r7;!r8:3],262.7771906433106,134.03082381915453,5
[#6X4;!r3;!r4;!r5;!r6;!r7;!r8:1]~[#6X4;!r3;!r4;!r5;!r6;!r7;!r8:2]~[#6X4;r4:3],548.8134208984375,107.05479361670325,5
[#6X3;r6:1]~[#6X4;r5:2]~[#6X4;!r3;!r4;!r5;!r6;!r7;!r8:3],487.37266796875,108.16885211184568,5
[#7X3;r5:1]~[#6X4;!r3;!r4;!r5;!r6;!r7;!r8:2]~[#8X2;!r3;!r4;!r5;!r6;!r7;!r8:3],768.0852568359376,107.47274655239467,5
[#1X1;!r3;!r4;!r5;!r6;!r7;!r8:1]~[#16X2;!r3;!r4;!r5;!r6;!r7;!r8:2]~[#6X3;!r3;!r4;!r5;!r6;!r7;!r8:3],518.657669921875,95.29772945117183,5
[#6X3;r6:1]~[#7X2;!r3;!r4;!r5;!r6;!r7;!r8:2]~[#8X2;!r3;!r4;!r5;!r6;!r7;!r8:3],716.992587524414,106.17779732727361,5
[#6X4;r3:1]~[#6X4;!r3;!r4;!r5;!r6;!r7;!r8:2]~[#9X1;!r3;!r4;!r5;!r6;!r7;!r8:3],643.9980163574219,105.11889943986819,5
[#6X3;r5:1]~[#7X2;!r3;!r4;!r5;!r6;!r7;!r8:2]~[#7X3;!r3;!r4;!r5;!r6;!r7;!r8:3],736.571506225586,111.95483279897293,5
[#6X4;!r3;!r4;!r5;!r6;!r7;!r8:1]~[#6X4;r4:2]~[#6X4;!r3;!r4;!r5;!r6;!r7;!r8:3],425.1000117797852,114.76152145347125,5
[#9X1;!r3;!r4;!r5;!r6;!r7;!r8:1]~[#6X4;r5:2]~[#9X1;!r3;!r4;!r5;!r6;!r7;!r8:3],945.1833227539063,103.7667200596916,5
[#6X3;r5:1]~[#6X4;!r3;!r4;!r5;!r6;!r7;!r8:2]~[#6X3;r5:3],540.8746997070313,108.52950659058988,5
[#1X1;!r3;!r4;!r5;!r6;!r7;!r8:1]~[#16X2;!r3;!r4;!r5;!r6;!r7;!r8:2]~[#6X3;r5:3],524.9653997802735,93.1738069966755,5
[#6X3;!r3;!r4;!r5;!r6;!r7;!r8:1]~[#8X2;!r3;!r4;!r5;!r6;!r7;!r8:2]~[#7X2;!r3;!r4;!r5;!r6;!r7;!r8:3],555.2284066162109,104.84760432603528,5
[#7X1;!r3;!r4;!r5;!r6;!r7;!r8:1]~[#6X2;!r3;!r4;!r5;!r6;!r7;!r8:2]~[#7X3;!r3;!r4;!r5;!r6;!r7;!r8:3],268.69680432128905,180.00000500895632,2
[#16X2;!r3;!r4;!r5;!r6;!r7;!r8:1]~[#6X4;!r3;!r4;!r5;!r6;!r7;!r8:2]~[#17X1;!r3;!r4;!r5;!r6;!r7;!r8:3],454.7571187744141,102.82189316161457,5
[#8X2;!r3;!r4;!r5;!r6;!r7;!r8:1]~[#6X3;!r3;!r4;!r5;!r6;!r7;!r8:2]~[#8X2;!r3;!r4;!r5;!r6;!r7;!r8:3],676.73135546875,114.86719814030968,5
[#1X1;!r3;!r4;!r5;!r6;!r7;!r8:1]~[#7X3;!r3;!r4;!r5;!r6;!r7;!r8:2]~[#6X4;r7:3],225.2939651489258,109.70612278834045,5
[#1X1;!r3;!r4;!r5;!r6;!r7;!r8:1]~[#6X4;r6:2]~[#7X2;!r3;!r4;!r5;!r6;!r7;!r8:3],395.69607330322265,105.25074258141694,5
[#6X3;r5:1]~[#8X2;!r3;!r4;!r5;!r6;!r7;!r8:2]~[#6X3;r6:3],514.5065489501953,108.1511755822737,5
[#6X3;r6:1]~[#16X4;!r3;!r4;!r5;!r6;!r7;!r8:2]~[#6X3;r6:3],421.09697412109375,140.91136514372863,5
[#16X4;!r3;!r4;!r5;!r6;!r7;!r8:1]~[#6X3;!r3;!r4;!r5;!r6;!r7;!r8:2]~[#6X3;!r3;!r4;!r5;!r6;!r7;!r8:3],347.0014981689453,125.63587929142689,5
[#7X3;r5:1]~[#6X3;!r3;!r4;!r5;!r6;!r7;!r8:2]~[#8X2;!r3;!r4;!r5;!r6;!r7;!r8:3],449.43649395751953,120.33129483480653,5
[#1X1;!r3;!r4;!r5;!r6;!r7;!r8:1]~[#6X4;r7:2]~[#7X3;!r3;!r4;!r5;!r6;!r7;!r8:3],503.0926102294922,106.33653775377387,5
[#1X1;!r3;!r4;!r5;!r6;!r7;!r8:1]~[#8X2;!r3;!r4;!r5;!r6;!r7;!r8:2]~[#7X3;r5:3],472.2122437744141,101.71710323317583,5
[#6X2;!r3;!r4;!r5;!r6;!r7;!r8:1]~[#6X3;!r3;!r4;!r5;!r6;!r7;!r8:2]~[#8X1;!r3;!r4;!r5;!r6;!r7;!r8:3],541.909144165039,136.8952412325178,5
[#6X3;r5:1]~[#16X4;!r3;!r4;!r5;!r6;!r7;!r8:2]~[#6X4;!r3;!r4;!r5;!r6;!r7;!r8:3],491.27071618652343,133.85415414608298,5
[#8X1;!r3;!r4;!r5;!r6;!r7;!r8:1]~[#7X3;!r3;!r4;!r5;!r6;!r7;!r8:2]~[#8X2;!r3;!r4;!r5;!r6;!r7;!r8:3],611.1288836669922,110.99079940894981,5
[#6X3;r5:1]~[#6X3;!r3;!r4;!r5;!r6;!r7;!r8:2]~[#7X3;r5:3],333.88720294189454,132.57163586525135,5
[#6X3;!r3;!r4;!r5;!r6;!r7;!r8:1]~[#6X4;!r3;!r4;!r5;!r6;!r7;!r8:2]~[#7X4;!r3;!r4;!r5;!r6;!r7;!r8:3],636.8568190917969,102.17920651166222,5
[#16X1;!r3;!r4;!r5;!r6;!r7;!r8:1]~[#6X3;!r3;!r4;!r5;!r6;!r7;!r8:2]~[#8X2;!r3;!r4;!r5;!r6;!r7;!r8:3],549.4943679199218,139.29214585757205,5
[#17X1;!r3;!r4;!r5;!r6;!r7;!r8:1]~[#6X3;!r3;!r4;!r5;!r6;!r7;!r8:2]~[#6X4;!r3;!r4;!r5;!r6;!r7;!r8:3],380.3433865966797,117.41765907828415,5
[#6X3;r6:1]~[#15X4;!r3;!r4;!r5;!r6;!r7;!r8:2]~[#6X3;r6:3],517.5732365722656,111.51936725824959,5
[#6X4;r3:1]~[#16X4;!r3;!r4;!r5;!r6;!r7;!r8:2]~[#8X1;!r3;!r4;!r5;!r6;!r7;!r8:3],448.0859000854492,150.93918933595288,5
[#1X1;!r3;!r4;!r5;!r6;!r7;!r8:1]~[#6X3;!r3;!r4;!r5;!r6;!r7;!r8:2]~[#7X3;r5:3],262.95006091308596,115.07393430610763,5
[#6X2;!r3;!r4;!r5;!r6;!r7;!r8:1]~[#6X2;!r3;!r4;!r5;!r6;!r7;!r8:2]~[#6X4;r6:3],200.74870114135743,180.00000500895632,2
[#6X3;!r3;!r4;!r5;!r6;!r7;!r8:1]~[#6X4;r6:2]~[#6X4;!r3;!r4;!r5;!r6;!r7;!r8:3],435.08291473388675,105.23415205192299,5
[#1X1;!r3;!r4;!r5;!r6;!r7;!r8:1]~[#6X4;r7:2]~[#8X2;!r3;!r4;!r5;!r6;!r7;!r8:3],567.1105043945313,106.32051412998102,5
[#6X2;!r3;!r4;!r5;!r6;!r7;!r8:1]~[#6X3;!r3;!r4;!r5;!r6;!r7;!r8:2]~[#6X2;!r3;!r4;!r5;!r6;!r7;!r8:3],387.2319260864258,121.92546098708749,5
[#6X3;!r3;!r4;!r5;!r6;!r7;!r8:1]~[#6X3;!r3;!r4;!r5;!r6;!r7;!r8:2]~[#6X4;r3:3],470.5021512451172,132.1108713038423,5
[#6X3;!r3;!r4;!r5;!r6;!r7;!r8:1]~[#7X2;!r3;!r4;!r5;!r6;!r7;!r8:2]~[#7X3;r5:3],670.0288857421875,109.75056682926973,5
[#17X1;!r3;!r4;!r5;!r6;!r7;!r8:1]~[#6X4;r5:2]~[#1X1;!r3;!r4;!r5;!r6;!r7;!r8:3],415.5953231201172,101.25727440768306,5
[#1X1;!r3;!r4;!r5;!r6;!r7;!r8:1]~[#6X4;r7:2]~[#6X3;r6:3],433.35641461181643,107.62763475220305,5
[#6X4;r4:1]~[#6X3;!r3;!r4;!r5;!r6;!r7;!r8:2]~[#8X1;!r3;!r4;!r5;!r6;!r7;!r8:3],491.6148606567383,143.83694007092018,5
[#6X4;r5:1]~[#6X4;!r3;!r4;!r5;!r6;!r7;!r8:2]~[#7X3;r5:3],685.438041381836,106.70287494990751,5
[#6X2;!r3;!r4;!r5;!r6;!r7;!r8:1]~[#6X4;!r3;!r4;!r5;!r6;!r7;!r8:2]~[#6X3;r5:3],548.3268112792969,107.92470699996358,5
[#16X4;!r3;!r4;!r5;!r6;!r7;!r8:1]~[#6X3;!r3;!r4;!r5;!r6;!r7;!r8:2]~[#1X1;!r3;!r4;!r5;!r6;!r7;!r8:3],304.9881650390625,121.45842631202036,5
[#6X3;r6:1]~[#15X4;!r3;!r4;!r5;!r6;!r7;!r8:2]~[#8X2;!r3;!r4;!r5;!r6;!r7;!r8:3],530.5261053466797,106.08608154709867,5
[#6X4;r6:1]~[#16X4;!r3;!r4;!r5;!r6;!r7;!r8:2]~[#8X1;!r3;!r4;!r5;!r6;!r7;!r8:3],438.9409973754883,151.0207691153995,5
[#6X3;r6:1]~[#6X4;r6:2]~[#8X2;!r3;!r4;!r5;!r6;!r7;!r8:3],805.0442214355469,107.37090843186978,5
[#1X1;!r3;!r4;!r5;!r6;!r7;!r8:1]~[#6X4;r5:2]~[#6X2;!r3;!r4;!r5;!r6;!r7;!r8:3],366.71531665039066,105.69782627391847,5
[#6X3;!r3;!r4;!r5;!r6;!r7;!r8:1]~[#7X3;!r3;!r4;!r5;!r6;!r7;!r8:2]~[#7X3;r5:3],493.0511315307617,109.30402272171264,5
[#1X1;!r3;!r4;!r5;!r6;!r7;!r8:1]~[#6X3;!r3;!r4;!r5;!r6;!r7;!r8:2]~[#7X3;r6:3],243.8014584655762,128.1768735872117,5
[#15X4;!r3;!r4;!r5;!r6;!r7;!r8:1]~[#6X4;!r3;!r4;!r5;!r6;!r7;!r8:2]~[#8X2;!r3;!r4;!r5;!r6;!r7;!r8:3],335.97032879638675,93.0566419316531,5
[#17X1;!r3;!r4;!r5;!r6;!r7;!r8:1]~[#6X4;r5:2]~[#17X1;!r3;!r4;!r5;!r6;!r7;!r8:3],698.5177657470704,106.12756128592817,5
[#17X1;!r3;!r4;!r5;!r6;!r7;!r8:1]~[#6X3;!r3;!r4;!r5;!r6;!r7;!r8:2]~[#17X1;!r3;!r4;!r5;!r6;!r7;!r8:3],592.109546875,115.29568322770126,5
[#35X1;!r3;!r4;!r5;!r6;!r7;!r8:1]~[#6X4;!r3;!r4;!r5;!r6;!r7;!r8:2]~[#35X1;!r3;!r4;!r5;!r6;!r7;!r8:3],593.6171301269532,104.717065750618,5
[#16X2;!r3;!r4;!r5;!r6;!r7;!r8:1]~[#16X4;!r3;!r4;!r5;!r6;!r7;!r8:2]~[#8X1;!r3;!r4;!r5;!r6;!r7;!r8:3],401.2052258300781,153.14110572058158,5
[#6X3;r5:1]~[#6X4;!r3;!r4;!r5;!r6;!r7;!r8:2]~[#7X2;!r3;!r4;!r5;!r6;!r7;!r8:3],584.1299024658204,106.48210957555436,5
[#6X4;!r3;!r4;!r5;!r6;!r7;!r8:1]~[#6X4;!r3;!r4;!r5;!r6;!r7;!r8:2]~[#6X4;r7:3],531.2381118774414,107.1492824536812,5
[#6X4;!r3;!r4;!r5;!r6;!r7;!r8:1]~[#7X4;!r3;!r4;!r5;!r6;!r7;!r8:2]~[#8X1;!r3;!r4;!r5;!r6;!r7;!r8:3],940.1825821533204,118.6582399976119,5
[#35X1;!r3;!r4;!r5;!r6;!r7;!r8:1]~[#6X4;!r3;!r4;!r5;!r6;!r7;!r8:2]~[#6X3;!r3;!r4;!r5;!r6;!r7;!r8:3],553.6043103027343,102.60282167417557,5
[#1X1;!r3;!r4;!r5;!r6;!r7;!r8:1]~[#6X4;r6:2]~[#6X4;r6:3],383.4958469848633,103.44107030044373,5
[#6X3;!r3;!r4;!r5;!r6;!r7;!r8:1]~[#7X2;!r3;!r4;!r5;!r6;!r7;!r8:2]~[#6X3;!r3;!r4;!r5;!r6;!r7;!r8:3],547.703578125,100.30724973564764,5
[#16X1;!r3;!r4;!r5;!r6;!r7;!r8:1]~[#6X2;!r3;!r4;!r5;!r6;!r7;!r8:2]~[#7X2;!r3;!r4;!r5;!r6;!r7;!r8:3],423.47339367675784,180.00000500895632,2
[#1X1;!r3;!r4;!r5;!r6;!r7;!r8:1]~[#8X2;!r3;!r4;!r5;!r6;!r7;!r8:2]~[#6X4;r4:3],476.1887866821289,106.92041647497241,5
[#1X1;!r3;!r4;!r5;!r6;!r7;!r8:1]~[#6X4;!r3;!r4;!r5;!r6;!r7;!r8:2]~[#7X3;r3:3],426.5439118652344,103.70694224407565,5
[#6X3;r6:1]~[#15X4;!r3;!r4;!r5;!r6;!r7;!r8:2]~[#6X4;!r3;!r4;!r5;!r6;!r7;!r8:3],590.9199644775391,111.28946309078697,5
[#6X4;!r3;!r4;!r5;!r6;!r7;!r8:1]~[#16X4;!r3;!r4;!r5;!r6;!r7;!r8:2]~[#7X3;r6:3],426.25428912353516,139.2057576249497,5
[#6X3;!r3;!r4;!r5;!r6;!r7;!r8:1]~[#6X4;!r3;!r4;!r5;!r6;!r7;!r8:2]~[#7X2;!r3;!r4;!r5;!r6;!r7;!r8:3],482.61025244140626,104.90635761327573,5
[#6X4;r4:1]~[#6X4;!r3;!r4;!r5;!r6;!r7;!r8:2]~[#8X2;!r3;!r4;!r5;!r6;!r7;!r8:3],629.1732774658203,105.8418408125682,5
[#35X1;!r3;!r4;!r5;!r6;!r7;!r8:1]~[#6X4;!r3;!r4;!r5;!r6;!r7;!r8:2]~[#6X3;r6:3],510.46032165527345,102.64901424353238,5
[#1X1;!r3;!r4;!r5;!r6;!r7;!r8:1]~[#7X3;!r3;!r4;!r5;!r6;!r7;!r8:2]~[#6X2;!r3;!r4;!r5;!r6;!r7;!r8:3],328.3340308227539,116.82721654529323,5
[#1X1;!r3;!r4;!r5;!r6;!r7;!r8:1]~[#6X4;r6:2]~[#35X1;!r3;!r4;!r5;!r6;!r7;!r8:3],333.3472846069336,97.76542215678408,5
[#15X4;r5:1]~[#6X4;!r3;!r4;!r5;!r6;!r7;!r8:2]~[#1X1;!r3;!r4;!r5;!r6;!r7;!r8:3],321.0778846435547,105.12465728933851,5
[#6X2;!r3;!r4;!r5;!r6;!r7;!r8:1]~[#6X4;!r3;!r4;!r5;!r6;!r7;!r8:2]~[#7X3;r6:3],590.0382957763672,107.67068543454164,5
[#6X2;!r3;!r4;!r5;!r6;!r7;!r8:1]~[#6X4;!r3;!r4;!r5;!r6;!r7;!r8:2]~[#7X3;r5:3],688.3576990966798,108.5443485916563,5
[#6X3;!r3;!r4;!r5;!r6;!r7;!r8:1]~[#16X2;!r3;!r4;!r5;!r6;!r7;!r8:2]~[#6X3;r6:3],680.8012045898438,96.61357222496396,5
[#1X1;!r3;!r4;!r5;!r6;!r7;!r8:1]~[#8X2;!r3;!r4;!r5;!r6;!r7;!r8:2]~[#6X4;r7:3],432.99873547363285,107.51775749902505,5
[#6X4;!r3;!r4;!r5;!r6;!r7;!r8:1]~[#16X2;!r3;!r4;!r5;!r6;!r7;!r8:2]~[#6X4;r6:3],627.3638455810548,96.81787684341738,5
[#6X3;r5:1]~[#7X2;!r3;!r4;!r5;!r6;!r7;!r8:2]~[#8X2;!r3;!r4;!r5;!r6;!r7;!r8:3],769.8280368652344,107.8006161231228,5
[#16X1;!r3;!r4;!r5;!r6;!r7;!r8:1]~[#6X3;!r3;!r4;!r5;!r6;!r7;!r8:2]~[#7X3;r6:3],552.4273049316406,142.2230483323162,5
[#6X3;r6:1]~[#7X2;!r3;!r4;!r5;!r6;!r7;!r8:2]~[#6X3;r6:3],454.56891027832035,111.13939700453261,5
[#16X1;!r3;!r4;!r5;!r6;!r7;!r8:1]~[#15X4;!r3;!r4;!r5;!r6;!r7;!r8:2]~[#16X2;!r3;!r4;!r5;!r6;!r7;!r8:3],474.00705566406253,123.25775768659018,5
[#6X3;r6:1]~[#7X3;!r3;!r4;!r5;!r6;!r7;!r8:2]~[#8X2;!r3;!r4;!r5;!r6;!r7;!r8:3],420.69396661376953,105.02734075404418,5
[#6X4;r3:1]~[#6X4;!r3;!r4;!r5;!r6;!r7;!r8:2]~[#7X3;r5:3],676.0125496826172,107.50700678127146,5
[#1X1;!r3;!r4;!r5;!r6;!r7;!r8:1]~[#6X4;r5:2]~[#7X2;!r3;!r4;!r5;!r6;!r7;!r8:3],334.34674322509767,103.01544706231438,5
[#6X3;!r3;!r4;!r5;!r6;!r7;!r8:1]~[#6X4;r6:2]~[#8X2;!r3;!r4;!r5;!r6;!r7;!r8:3],799.684365234375,105.89456304277152,5
[#1X1;!r3;!r4;!r5;!r6;!r7;!r8:1]~[#6X3;!r3;!r4;!r5;!r6;!r7;!r8:2]~[#6X4;r3:3],223.00408447265625,131.50314839225123,5
[#6X3;!r3;!r4;!r5;!r6;!r7;!r8:1]~[#7X3;!r3;!r4;!r5;!r6;!r7;!r8:2]~[#7X3;r6:3],484.1275397949219,108.66619233626017,5
[#6X3;r6:1]~[#7X3;!r3;!r4;!r5;!r6;!r7;!r8:2]~[#6X4;r3:3],461.6790799560547,116.90187051292146,5
[#16X1;!r3;!r4;!r5;!r6;!r7;!r8:1]~[#15X4;!r3;!r4;!r5;!r6;!r7;!r8:2]~[#6X4;!r3;!r4;!r5;!r6;!r7;!r8:3],481.35835949707035,125.48911218654165,5
[#6X3;!r3;!r4;!r5;!r6;!r7;!r8:1]~[#8X2;!r3;!r4;!r5;!r6;!r7;!r8:2]~[#6X3;!r3;!r4;!r5;!r6;!r7;!r8:3],471.66983557128907,112.33261056196633,5
[#6X3;!r3;!r4;!r5;!r6;!r7;!r8:1]~[#15X4;!r3;!r4;!r5;!r6;!r7;!r8:2]~[#8X1;!r3;!r4;!r5;!r6;!r7;!r8:3],708.6109251708984,119.45999492314468,5
[#1X1;!r3;!r4;!r5;!r6;!r7;!r8:1]~[#6X4;r5:2]~[#9X1;!r3;!r4;!r5;!r6;!r7;!r8:3],505.2036034545899,101.1910079123556,5
[#16X1;!r3;!r4;!r5;!r6;!r7;!r8:1]~[#15X4;!r3;!r4;!r5;!r6;!r7;!r8:2]~[#7X3;!r3;!r4;!r5;!r6;!r7;!r8:3],706.0201854248047,123.11534824239541,5
[#6X4;!r3;!r4;!r5;!r6;!r7;!r8:1]~[#8X2;!r3;!r4;!r5;!r6;!r7;!r8:2]~[#6X4;r4:3],513.6499385375977,108.04807387675235,5
[#16X2;!r3;!r4;!r5;!r6;!r7;!r8:1]~[#6X4;!r3;!r4;!r5;!r6;!r7;!r8:2]~[#6X2;!r3;!r4;!r5;!r6;!r7;!r8:3],516.6817041625977,105.97394350130541,5
[#6X4;!r3;!r4;!r5;!r6;!r7;!r8:1]~[#7X3;!r3;!r4;!r5;!r6;!r7;!r8:2]~[#7X3;r5:3],470.66475878906255,104.78562035931742,5
[#6X3;r5:1]~[#6X4;!r3;!r4;!r5;!r6;!r7;!r8:2]~[#6X4;r6:3],491.60662493896484,107.42106934113436,5
[#8X2;!r3;!r4;!r5;!r6;!r7;!r8:1]~[#16X4;!r3;!r4;!r5;!r6;!r7;!r8:2]~[#8X2;!r3;!r4;!r5;!r6;!r7;!r8:3],962.8016298828126,113.83791595314544,5
[#1X1;!r3;!r4;!r5;!r6;!r7;!r8:1]~[#6X4;r4:2]~[#6X3;!r3;!r4;!r5;!r6;!r7;!r8:3],335.2119724121094,108.59405870843565,5
[#6X3;r5:1]~[#16X3;!r3;!r4;!r5;!r6;!r7;!r8:2]~[#8X1;!r3;!r4;!r5;!r6;!r7;!r8:3],971.7318931884766,105.4253153864133,5
[#16X1;!r3;!r4;!r5;!r6;!r7;!r8:1]~[#6X3;!r3;!r4;!r5;!r6;!r7;!r8:2]~[#6X4;!r3;!r4;!r5;!r6;!r7;!r8:3],429.98455853271486,143.80395025722902,5
[#15X3;!r3;!r4;!r5;!r6;!r7;!r8:1]~[#6X4;!r3;!r4;!r5;!r6;!r7;!r8:2]~[#6X4;!r3;!r4;!r5;!r6;!r7;!r8:3],443.7227572631836,107.51170595142042,5
[#6X3;!r3;!r4;!r5;!r6;!r7;!r8:1]~[#8X2;!r3;!r4;!r5;!r6;!r7;!r8:2]~[#6X3;r5:3],552.6789731445313,111.67198100506435,5
[#6X3;r5:1]~[#7X2;!r3;!r4;!r5;!r6;!r7;!r8:2]~[#6X4;!r3;!r4;!r5;!r6;!r7;!r8:3],378.91602178955077,108.84663227375356,5
[#17X1;!r3;!r4;!r5;!r6;!r7;!r8:1]~[#16X4;!r3;!r4;!r5;!r6;!r7;!r8:2]~[#8X1;!r3;!r4;!r5;!r6;!r7;!r8:3],351.9782338867188,152.41291193240986,-1
[#6X3;!r3;!r4;!r5;!r6;!r7;!r8:1]~[#15X4;!r3;!r4;!r5;!r6;!r7;!r8:2]~[#8X2;!r3;!r4;!r5;!r6;!r7;!r8:3],748.5231287841797,107.79206472628194,5
[#6X4;!r3;!r4;!r5;!r6;!r7;!r8:1]~[#16X2;!r3;!r4;!r5;!r6;!r7;!r8:2]~[#6X4;r5:3],640.8219660644531,96.71824487399441,5
[#7X3;r6:1]~[#6X4;!r3;!r4;!r5;!r6;!r7;!r8:2]~[#8X2;!r3;!r4;!r5;!r6;!r7;!r8:3],1208.5085876464843,107.8767795625576,5
[#6X2;!r3;!r4;!r5;!r6;!r7;!r8:1]~[#6X2;!r3;!r4;!r5;!r6;!r7;!r8:2]~[#6X4;r3:3],223.1157295227051,180.00000500895632,2
[#7X2;!r3;!r4;!r5;!r6;!r7;!r8:1]~[#6X3;!r3;!r4;!r5;!r6;!r7;!r8:2]~[#7X3;r6:3],473.2008810424805,138.24240042365443,5
[#6X3;r5:1]~[#7X3;!r3;!r4;!r5;!r6;!r7;!r8:2]~[#6X4;r6:3],408.7920456542969,115.36625274220583,5
[#16X1;!r3;!r4;!r5;!r6;!r7;!r8:1]~[#6X3;!r3;!r4;!r5;!r6;!r7;!r8:2]~[#6X3;r6:3],418.46792871093754,143.0106511058887,5
[#7X3;!r3;!r4;!r5;!r6;!r7;!r8:1]~[#6X4;!r3;!r4;!r5;!r6;!r7;!r8:2]~[#7X3;!r3;!r4;!r5;!r6;!r7;!r8:3],1351.7544060058594,108.18321599967022,5
[#6X3;r6:1]~[#8X2;!r3;!r4;!r5;!r6;!r7;!r8:2]~[#6X4;r4:3],562.4319144287109,109.14965361628117,5
[#1X1;!r3;!r4;!r5;!r6;!r7;!r8:1]~[#6X4;r6:2]~[#9X1;!r3;!r4;!r5;!r6;!r7;!r8:3],500.6318543701172,99.36557155477799,5
[#7X2;!r3;!r4;!r5;!r6;!r7;!r8:1]~[#7X2;!r3;!r4;!r5;!r6;!r7;!r8:2]~[#7X3;!r3;!r4;!r5;!r6;!r7;!r8:3],1083.2253166503906,111.6345720589802,5
[#6X4;r5:1]~[#6X3;!r3;!r4;!r5;!r6;!r7;!r8:2]~[#7X3;r5:3],364.2077321166992,134.3212161419068,5
[#7X1;!r3;!r4;!r5;!r6;!r7;!r8:1]~[#6X2;!r3;!r4;!r5;!r6;!r7;!r8:2]~[#7X2;!r3;!r4;!r5;!r6;!r7;!r8:3],309.312842590332,180.00000500895632,2
[#15X4;!r3;!r4;!r5;!r6;!r7;!r8:1]~[#6X4;!r3;!r4;!r5;!r6;!r7;!r8:2]~[#9X1;!r3;!r4;!r5;!r6;!r7;!r8:3],303.5696743774414,90.17109874318699,5
[#15X4;!r3;!r4;!r5;!r6;!r7;!r8:1]~[#6X4;!r3;!r4;!r5;!r6;!r7;!r8:2]~[#6X3;r6:3],458.43251531982423,105.4027006300714,5
[#6X4;r5:1]~[#6X4;!r3;!r4;!r5;!r6;!r7;!r8:2]~[#7X3;r6:3],607.113109375,106.05833048850091,5
[#6X3;r5:1]~[#7X3;!r3;!r4;!r5;!r6;!r7;!r8:2]~[#7X2;!r3;!r4;!r5;!r6;!r7;!r8:3],468.67516259765625,115.05276071968059,5
[#6X4;!r3;!r4;!r5;!r6;!r7;!r8:1]~[#6X4;r7:2]~[#6X4;!r3;!r4;!r5;!r6;!r7;!r8:3],540.884723022461,112.08565141214618,5
[#6X4;!r3;!r4;!r5;!r6;!r7;!r8:1]~[#7X3;!r3;!r4;!r5;!r6;!r7;!r8:2]~[#6X4;r3:3],533.608338684082,111.27035222148926,5
[#16X2;!r3;!r4;!r5;!r6;!r7;!r8:1]~[#7X3;!r3;!r4;!r5;!r6;!r7;!r8:2]~[#6X4;!r3;!r4;!r5;!r6;!r7;!r8:3],344.2578869018555,109.73526037533973,5
[#6X2;!r3;!r4;!r5;!r6;!r7;!r8:1]~[#7X2;!r3;!r4;!r5;!r6;!r7;!r8:2]~[#6X4;!r3;!r4;!r5;!r6;!r7;!r8:3],0.0,144.4594298514968,0
[#16X4;!r3;!r4;!r5;!r6;!r7;!r8:1]~[#6X4;!r3;!r4;!r5;!r6;!r7;!r8:2]~[#6X3;!r3;!r4;!r5;!r6;!r7;!r8:3],538.461634399414,106.80363390054353,5
[#6X4;r4:1]~[#6X4;!r3;!r4;!r5;!r6;!r7;!r8:2]~[#9X1;!r3;!r4;!r5;!r6;!r7;!r8:3],663.8861256103515,101.26588044603727,5
[#7X3;!r3;!r4;!r5;!r6;!r7;!r8:1]~[#6X4;!r3;!r4;!r5;!r6;!r7;!r8:2]~[#9X1;!r3;!r4;!r5;!r6;!r7;!r8:3],843.8273017578125,105.90907036456862,5
[#6X3;r6:1]~[#6X3;!r3;!r4;!r5;!r6;!r7;!r8:2]~[#6X4;r6:3],173.2115732421875,149.33305669224603,3
[#16X4;!r3;!r4;!r5;!r6;!r7;!r8:1]~[#7X3;!r3;!r4;!r5;!r6;!r7;!r8:2]~[#6X4;r6:3],405.5180924682617,107.67133430251279,5
[#1X1;!r3;!r4;!r5;!r6;!r7;!r8:1]~[#6X4;r4:2]~[#6X3;r6:3],317.77647906494144,111.13146715490623,5
[#16X2;!r3;!r4;!r5;!r6;!r7;!r8:1]~[#6X3;!r3;!r4;!r5;!r6;!r7;!r8:2]~[#8X2;!r3;!r4;!r5;!r6;!r7;!r8:3],280.5022588500977,126.6168583807808,5
[#1X1;!r3;!r4;!r5;!r6;!r7;!r8:1]~[#6X3;!r3;!r4;!r5;!r6;!r7;!r8:2]~[#6X3;r7:3],275.3472102661133,138.82416861639945,5
[#16X2;!r3;!r4;!r5;!r6;!r7;!r8:1]~[#6X2;!r3;!r4;!r5;!r6;!r7;!r8:2]~[#7X1;!r3;!r4;!r5;!r6;!r7;!r8:3],198.15915844726564,180.00000500895632,2
[#6X3;r6:1]~[#6X4;r5:2]~[#6X3;r6:3],423.5710731201172,107.76322766760615,5
[#8X1;!r3;!r4;!r5;!r6;!r7;!r8:1]~[#16X3;!r3;!r4;!r5;!r6;!r7;!r8:2]~[#8X2;!r3;!r4;!r5;!r6;!r7;!r8:3],1230.2650556640626,107.87029088284609,5
[#1X1;!r3;!r4;!r5;!r6;!r7;!r8:1]~[#6X4;r5:2]~[#6X4;r6:3],315.03382543945315,102.18670605937089,5
[#6X3;!r3;!r4;!r5;!r6;!r7;!r8:1]~[#6X2;!r3;!r4;!r5;!r6;!r7;!r8:2]~[#6X3;!r3;!r4;!r5;!r6;!r7;!r8:3],309.15550207519533,180.00000500895632,2
[#17X1;!r3;!r4;!r5;!r6;!r7;!r8:1]~[#6X4;!r3;!r4;!r5;!r6;!r7;!r8:2]~[#6X4;r5:3],615.0268680419922,104.73934582769058,5
[#6X4;!r3;!r4;!r5;!r6;!r7;!r8:1]~[#16X4;!r3;!r4;!r5;!r6;!r7;!r8:2]~[#7X2;!r3;!r4;!r5;!r6;!r7;!r8:3],244.80243334960937,180.00000500895632,2
[#6X4;r6:1]~[#6X4;!r3;!r4;!r5;!r6;!r7;!r8:2]~[#7X3;r5:3],633.9206899414063,106.88838971795423,5
[#6X4;r6:1]~[#6X3;!r3;!r4;!r5;!r6;!r7;!r8:2]~[#7X2;!r3;!r4;!r5;!r6;!r7;!r8:3],308.79852520751956,138.38482352822754,5
[#16X2;!r3;!r4;!r5;!r6;!r7;!r8:1]~[#6X3;!r3;!r4;!r5;!r6;!r7;!r8:2]~[#6X3;r6:3],287.9232470703125,137.49692625688257,5
[#8X2;!r3;!r4;!r5;!r6;!r7;!r8:1]~[#15X3;!r3;!r4;!r5;!r6;!r7;!r8:2]~[#8X2;!r3;!r4;!r5;!r6;!r7;!r8:3],254.1908164367676,0.0,-1
[#15X4;!r3;!r4;!r5;!r6;!r7;!r8:1]~[#6X4;!r3;!r4;!r5;!r6;!r7;!r8:2]~[#7X3;!r3;!r4;!r5;!r6;!r7;!r8:3],349.55712438964844,92.17377850972642,5
[#16X2;!r3;!r4;!r5;!r6;!r7;!r8:1]~[#6X4;!r3;!r4;!r5;!r6;!r7;!r8:2]~[#16X2;!r3;!r4;!r5;!r6;!r7;!r8:3],518.9056352539063,105.85686039855305,5
[#6X4;!r3;!r4;!r5;!r6;!r7;!r8:1]~[#16X4;!r3;!r4;!r5;!r6;!r7;!r8:2]~[#7X3;r5:3],678.4648782958984,124.37161127605752,5
[#1X1;!r3;!r4;!r5;!r6;!r7;!r8:1]~[#6X4;r4:2]~[#7X3;r5:3],378.89498559570313,108.03254202657975,5
[#6X4;r3:1]~[#6X2;!r3;!r4;!r5;!r6;!r7;!r8:2]~[#7X1;!r3;!r4;!r5;!r6;!r7;!r8:3],235.2475004272461,180.00000500895632,2
[#16X2;!r3;!r4;!r5;!r6;!r7;!r8:1]~[#6X4;!r3;!r4;!r5;!r6;!r7;!r8:2]~[#6X4;r5:3],503.1343314819336,104.15609548389568,5
[#53X1;!r3;!r4;!r5;!r6;!r7;!r8:1]~[#6X4;!r3;!r4;!r5;!r6;!r7;!r8:2]~[#6X4;!r3;!r4;!r5;!r6;!r7;!r8:3],450.7053052368164,102.027057217711,5
[#16X2;!r3;!r4;!r5;!r6;!r7;!r8:1]~[#16X2;!r3;!r4;!r5;!r6;!r7;!r8:2]~[#6X3;!r3;!r4;!r5;!r6;!r7;!r8:3],585.2758802490234,100.15987474392628,5
[#1X1;!r3;!r4;!r5;!r6;!r7;!r8:1]~[#8X2;!r3;!r4;!r5;!r6;!r7;!r8:2]~[#8X2;!r3;!r4;!r5;!r6;!r7;!r8:3],470.0517085571289,99.05726364583279,5
[#16X3;!r3;!r4;!r5;!r6;!r7;!r8:1]~[#6X4;!r3;!r4;!r5;!r6;!r7;!r8:2]~[#6X3;r6:3],574.025762084961,104.73247465738555,5
[#6X2;!r3;!r4;!r5;!r6;!r7;!r8:1]~[#7X3;!r3;!r4;!r5;!r6;!r7;!r8:2]~[#6X3;!r3;!r4;!r5;!r6;!r7;!r8:3],403.1789251708985,111.89652347402853,5
[#6X4;!r3;!r4;!r5;!r6;!r7;!r8:1]~[#6X4;r6:2]~[#7X3;!r3;!r4;!r5;!r6;!r7;!r8:3],707.4280462646485,107.5932515799212,5
[#6X3;r5:1]~[#6X4;!r3;!r4;!r5;!r6;!r7;!r8:2]~[#6X4;r5:3],567.9644014892579,107.7781789516993,5
[#6X3;r6:1]~[#6X4;!r3;!r4;!r5;!r6;!r7;!r8:2]~[#6X4;r3:3],552.7617772216797,107.3046009554073,5
[#6X3;r6:1]~[#7X2;!r3;!r4;!r5;!r6;!r7;!r8:2]~[#8X1;!r3;!r4;!r5;!r6;!r7;!r8:3],911.4747214355469,110.83269419004236,5
[#6X3;r6:1]~[#7X3;!r3;!r4;!r5;!r6;!r7;!r8:2]~[#7X3;r5:3],492.7406002807617,109.56662300473211,5
[#1X1;!r3;!r4;!r5;!r6;!r7;!r8:1]~[#6X4;r3:2]~[#6X2;!r3;!r4;!r5;!r6;!r7;!r8:3],0.0,109.76003347145937,0
[#17X1;!r3;!r4;!r5;!r6;!r7;!r8:1]~[#6X3;!r3;!r4;!r5;!r6;!r7;!r8:2]~[#8X1;!r3;!r4;!r5;!r6;!r7;!r8:3],588.8123229980469,135.60899366839934,5
[#15X3;!r3;!r4;!r5;!r6;!r7;!r8:1]~[#8X2;!r3;!r4;!r5;!r6;!r7;!r8:2]~[#6X4;!r3;!r4;!r5;!r6;!r7;!r8:3],92.36865032958984,127.66236909741299,-1
[#6X4;!r3;!r4;!r5;!r6;!r7;!r8:1]~[#7X3;!r3;!r4;!r5;!r6;!r7;!r8:2]~[#6X4;r4:3],416.3762479248047,107.73532634484664,5
[#6X1;!r3;!r4;!r5;!r6;!r7;!r8:1]~[#7X2;!r3;!r4;!r5;!r6;!r7;!r8:2]~[#6X3;r6:3],181.32002044677736,180.00000500895632,2
[#1X1;!r3;!r4;!r5;!r6;!r7;!r8:1]~[#6X4;r4:2]~[#6X3;r5:3],403.14792950439454,110.2673389418729,5
[#1X1;!r3;!r4;!r5;!r6;!r7;!r8:1]~[#6X4;r3:2]~[#7X3;r6:3],151.23601278686525,116.56547003591999,-1
[#17X1;!r3;!r4;!r5;!r6;!r7;!r8:1]~[#6X3;!r3;!r4;!r5;!r6;!r7;!r8:2]~[#1X1;!r3;!r4;!r5;!r6;!r7;!r8:3],329.424401550293,118.56245342469164,5
[#16X2;!r3;!r4;!r5;!r6;!r7;!r8:1]~[#6X3;!r3;!r4;!r5;!r6;!r7;!r8:2]~[#1X1;!r3;!r4;!r5;!r6;!r7;!r8:3],296.6253043823242,127.40869587163871,5
[#35X1;!r3;!r4;!r5;!r6;!r7;!r8:1]~[#6X4;!r3;!r4;!r5;!r6;!r7;!r8:2]~[#9X1;!r3;!r4;!r5;!r6;!r7;!r8:3],615.9917877197266,104.2124855256833,5
[#1X1;!r3;!r4;!r5;!r6;!r7;!r8:1]~[#6X4;r6:2]~[#6X4;r5:3],378.6357520141602,101.44888170446943,5
[#17X1;!r3;!r4;!r5;!r6;!r7;!r8:1]~[#6X4;!r3;!r4;!r5;!r6;!r7;!r8:2]~[#6X4;r6:3],556.398580810547,102.95280056724702,5
[#7X3;!r3;!r4;!r5;!r6;!r7;!r8:1]~[#6X4;!r3;!r4;!r5;!r6;!r7;!r8:2]~[#7X3;r5:3],967.0130184326172,109.07556655435405,5
[#6X3;!r3;!r4;!r5;!r6;!r7;!r8:1]~[#7X3;!r3;!r4;!r5;!r6;!r7;!r8:2]~[#6X4;r7:3],464.55072790527345,114.9033161806407,5
[#6X3;r6:1]~[#7X2;!r3;!r4;!r5;!r6;!r7;!r8:2]~[#6X4;!r3;!r4;!r5;!r6;!r7;!r8:3],603.1516014404297,117.51438821730986,5
[#6X3;r6:1]~[#7X4;!r3;!r4;!r5;!r6;!r7;!r8:2]~[#6X4;!r3;!r4;!r5;!r6;!r7;!r8:3],671.9235477294923,111.20162685806059,5
[#6X4;r6:1]~[#6X4;!r3;!r4;!r5;!r6;!r7;!r8:2]~[#7X3;r6:3],649.2720678710938,107.46446153293144,5
[#6X4;r5:1]~[#16X4;!r3;!r4;!r5;!r6;!r7;!r8:2]~[#8X1;!r3;!r4;!r5;!r6;!r7;!r8:3],512.8253771972657,144.1735591139751,5
[#6X4;!r3;!r4;!r5;!r6;!r7;!r8:1]~[#6X4;!r3;!r4;!r5;!r6;!r7;!r8:2]~[#7X3;r3:3],670.7840819091797,107.2845338596258,5
[#6X3;r5:1]~[#7X3;!r3;!r4;!r5;!r6;!r7;!r8:2]~[#7X3;!r3;!r4;!r5;!r6;!r7;!r8:3],469.8798438110352,110.19030123822432,5
[#6X3;!r3;!r4;!r5;!r6;!r7;!r8:1]~[#8X2;!r3;!r4;!r5;!r6;!r7;!r8:2]~[#7X3;!r3;!r4;!r5;!r6;!r7;!r8:3],562.8030324707031,104.07976811992079,5
[#6X3;r7:1]~[#7X3;!r3;!r4;!r5;!r6;!r7;!r8:2]~[#6X4;!r3;!r4;!r5;!r6;!r7;!r8:3],388.3041016235352,116.36623341783071,5
[#6X3;r6:1]~[#6X4;r5:2]~[#8X2;!r3;!r4;!r5;!r6;!r7;!r8:3],967.6040109863281,108.61107270965816,5
[#7X3;!r3;!r4;!r5;!r6;!r7;!r8:1]~[#16X4;!r3;!r4;!r5;!r6;!r7;!r8:2]~[#8X2;!r3;!r4;!r5;!r6;!r7;!r8:3],1918.2096281738282,109.79579634195355,-1
[#16X1;!r3;!r4;!r5;!r6;!r7;!r8:1]~[#6X3;!r3;!r4;!r5;!r6;!r7;!r8:2]~[#6X3;r5:3],498.911132019043,139.02412923454074,5
[#6X3;r6:1]~[#16X4;!r3;!r4;!r5;!r6;!r7;!r8:2]~[#7X2;!r3;!r4;!r5;!r6;!r7;!r8:3],179.60603350830078,180.00000500895632,2
[#1X1;!r3;!r4;!r5;!r6;!r7;!r8:1]~[#6X4;r3:2]~[#7X3;r5:3],259.18204446411136,116.3775578714746,5
[#1X1;!r3;!r4;!r5;!r6;!r7;!r8:1]~[#6X4;r5:2]~[#6X4;r5:3],391.58641821289064,105.89746587316877,5
[#7X2;!r3;!r4;!r5;!r6;!r7;!r8:1]~[#7X3;!r3;!r4;!r5;!r6;!r7;!r8:2]~[#8X1;!r3;!r4;!r5;!r6;!r7;!r8:3],231.5740830078125,158.557336449375,-1
[#16X2;!r3;!r4;!r5;!r6;!r7;!r8:1]~[#15X4;!r3;!r4;!r5;!r6;!r7;!r8:2]~[#6X4;!r3;!r4;!r5;!r6;!r7;!r8:3],528.7234088745117,110.83054951064297,5
[#6X4;!r3;!r4;!r5;!r6;!r7;!r8:1]~[#7X4;r6:2]~[#6X4;!r3;!r4;!r5;!r6;!r7;!r8:3],619.2294462890625,117.2433799714221,5
[#6X4;r3:1]~[#6X4;!r3;!r4;!r5;!r6;!r7;!r8:2]~[#7X3;r6:3],622.7186453857422,107.3541608080249,5
[#6X3;!r3;!r4;!r5;!r6;!r7;!r8:1]~[#16X2;!r3;!r4;!r5;!r6;!r7;!r8:2]~[#6X3;r5:3],615.2513392333984,96.5535007112137,5
[#6X3;!r3;!r4;!r5;!r6;!r7;!r8:1]~[#6X4;r3:2]~[#6X4;!r3;!r4;!r5;!r6;!r7;!r8:3],308.6120085449219,121.02760529993265,5
[#6X3;r6:1]~[#16X2;!r3;!r4;!r5;!r6;!r7;!r8:2]~[#6X4;r6:3],606.3408671875001,97.11116516637773,5
[#16X1;!r3;!r4;!r5;!r6;!r7;!r8:1]~[#6X3;!r3;!r4;!r5;!r6;!r7;!r8:2]~[#7X3;r5:3],555.2074661865234,139.63235758013036,5
[#6X2;!r3;!r4;!r5;!r6;!r7;!r8:1]~[#6X4;!r3;!r4;!r5;!r6;!r7;!r8:2]~[#6X4;r6:3],487.3244028320313,105.9665668970018,5
[#8X1;!r3;!r4;!r5;!r6;!r7;!r8:1]~[#16X4;r7:2]~[#8X1;!r3;!r4;!r5;!r6;!r7;!r8:3],666.2103217773438,149.2665579704868,-1
[#6X2;!r3;!r4;!r5;!r6;!r7;!r8:1]~[#6X4;r6:2]~[#8X2;!r3;!r4;!r5;!r6;!r7;!r8:3],765.8863840332032,107.5216165559061,5
[#6X4;!r3;!r4;!r5;!r6;!r7;!r8:1]~[#6X4;!r3;!r4;!r5;!r6;!r7;!r8:2]~[#7X3;r4:3],693.0181577148438,106.8827001703756,5
[#6X4;!r3;!r4;!r5;!r6;!r7;!r8:1]~[#6X4;r5:2]~[#7X3;!r3;!r4;!r5;!r6;!r7;!r8:3],696.353048828125,107.78087004623228,5
[#7X3;r3:1]~[#15X4;!r3;!r4;!r5;!r6;!r7;!r8:2]~[#8X1;!r3;!r4;!r5;!r6;!r7;!r8:3],789.8761361083984,125.16745125776907,5
[#6X3;!r3;!r4;!r5;!r6;!r7;!r8:1]~[#8X2;!r3;!r4;!r5;!r6;!r7;!r8:2]~[#8X2;!r3;!r4;!r5;!r6;!r7;!r8:3],703.3786906738281,106.32642907380226,5
[#35X1;!r3;!r4;!r5;!r6;!r7;!r8:1]~[#6X3;!r3;!r4;!r5;!r6;!r7;!r8:2]~[#6X4;!r3;!r4;!r5;!r6;!r7;!r8:3],488.0400484008789,116.46051734913358,5
[#6X3;!r3;!r4;!r5;!r6;!r7;!r8:1]~[#7X2;!r3;!r4;!r5;!r6;!r7;!r8:2]~[#7X3;r6:3],529.7999257202149,108.64940373128027,5
[#6X4;!r3;!r4;!r5;!r6;!r7;!r8:1]~[#6X3;!r3;!r4;!r5;!r6;!r7;!r8:2]~[#7X3;r7:3],326.27337762451174,132.87892607601023,5
[#6X3;r7:1]~[#6X3;!r3;!r4;!r5;!r6;!r7;!r8:2]~[#8X1;!r3;!r4;!r5;!r6;!r7;!r8:3],640.6038791503906,134.4002277702255,5
[#7X1;!r3;!r4;!r5;!r6;!r7;!r8:1]~[#6X2;!r3;!r4;!r5;!r6;!r7;!r8:2]~[#7X3;r5:3],287.6414131469727,180.00000500895632,2
[#16X2;!r3;!r4;!r5;!r6;!r7;!r8:1]~[#16X2;!r3;!r4;!r5;!r6;!r7;!r8:2]~[#6X3;r6:3],634.8222137451172,99.38082336719462,5
[#6X3;r5:1]~[#16X4;!r3;!r4;!r5;!r6;!r7;!r8:2]~[#7X3;r6:3],489.89930957031254,134.9928423033725,5
[#15X4;r6:1]~[#7X3;!r3;!r4;!r5;!r6;!r7;!r8:2]~[#6X4;!r3;!r4;!r5;!r6;!r7;!r8:3],216.3597116699219,102.09303684509334,5
[#6X4;!r3;!r4;!r5;!r6;!r7;!r8:1]~[#15X3;!r3;!r4;!r5;!r6;!r7;!r8:2]~[#6X4;!r3;!r4;!r5;!r6;!r7;!r8:3],324.0219622192383,28.634767255598273,1
[#1X1;!r3;!r4;!r5;!r6;!r7;!r8:1]~[#6X4;!r3;!r4;!r5;!r6;!r7;!r8:2]~[#6X4;r8:3],369.6845482788086,102.1672058692905,5
[#6X3;r5:1]~[#16X3;!r3;!r4;!r5;!r6;!r7;!r8:2]~[#6X4;!r3;!r4;!r5;!r6;!r7;!r8:3],902.4209223632813,97.58791237044463,5
[#6X3;!r3;!r4;!r5;!r6;!r7;!r8:1]~[#7X2;!r3;!r4;!r5;!r6;!r7;!r8:2]~[#6X4;r6:3],444.92514013671877,109.4518553361084,5
[#7X3;!r3;!r4;!r5;!r6;!r7;!r8:1]~[#16X4;!r3;!r4;!r5;!r6;!r7;!r8:2]~[#7X3;!r3;!r4;!r5;!r6;!r7;!r8:3],703.9375064697266,125.9033221785679,5
[#6X2;!r3;!r4;!r5;!r6;!r7;!r8:1]~[#7X2;!r3;!r4;!r5;!r6;!r7;!r8:2]~[#6X3;!r3;!r4;!r5;!r6;!r7;!r8:3],87.09747174072265,42.88567521352662,-1
[#7X2;!r3;!r4;!r5;!r6;!r7;!r8:1]~[#6X3;!r3;!r4;!r5;!r6;!r7;!r8:2]~[#7X3;r5:3],542.3287827148438,131.96515604808923,5
[#16X4;!r3;!r4;!r5;!r6;!r7;!r8:1]~[#7X3;!r3;!r4;!r5;!r6;!r7;!r8:2]~[#6X4;r5:3],371.823600402832,106.90437236061206,5
[#16X2;!r3;!r4;!r5;!r6;!r7;!r8:1]~[#6X3;!r3;!r4;!r5;!r6;!r7;!r8:2]~[#7X3;r6:3],477.8137129516602,130.2912815881942,5
[#7X3;r4:1]~[#16X4;!r3;!r4;!r5;!r6;!r7;!r8:2]~[#8X1;!r3;!r4;!r5;!r6;!r7;!r8:3],772.1994128417969,132.58867035704137,5
[#6X4;!r3;!r4;!r5;!r6;!r7;!r8:1]~[#8X2;!r3;!r4;!r5;!r6;!r7;!r8:2]~[#7X3;r5:3],639.7264240722657,106.93096911724008,5
[#6X3;r5:1]~[#16X4;!r3;!r4;!r5;!r6;!r7;!r8:2]~[#7X3;r5:3],520.8974020996094,129.71881611309877,5
[#16X2;!r3;!r4;!r5;!r6;!r7;!r8:1]~[#16X2;!r3;!r4;!r5;!r6;!r7;!r8:2]~[#6X3;r5:3],640.920730834961,99.48848763908154,5
[#17X1;!r3;!r4;!r5;!r6;!r7;!r8:1]~[#6X4;!r3;!r4;!r5;!r6;!r7;!r8:2]~[#8X2;!r3;!r4;!r5;!r6;!r7;!r8:3],684.8533054199219,107.82365435119324,5
[#6X3;r5:1]~[#7X3;!r3;!r4;!r5;!r6;!r7;!r8:2]~[#6X3;r5:3],483.8948967285156,117.83573495738062,5
[#6X3;r6:1]~[#15X4;!r3;!r4;!r5;!r6;!r7;!r8:2]~[#7X3;!r3;!r4;!r5;!r6;!r7;!r8:3],494.3749114379883,109.00431402093247,5
[#16X1;!r3;!r4;!r5;!r6;!r7;!r8:1]~[#15X4;!r3;!r4;!r5;!r6;!r7;!r8:2]~[#6X3;r6:3],555.3369393310547,121.72586919916138,5
[#16X2;!r3;!r4;!r5;!r6;!r7;!r8:1]~[#6X4;!r3;!r4;!r5;!r6;!r7;!r8:2]~[#7X3;!r3;!r4;!r5;!r6;!r7;!r8:3],709.2722724609375,108.77764053294726,5
[#1X1;!r3;!r4;!r5;!r6;!r7;!r8:1]~[#6X4;r5:2]~[#35X1;!r3;!r4;!r5;!r6;!r7;!r8:3],376.2164301147461,98.94297409045096,5
[#15X4;!r3;!r4;!r5;!r6;!r7;!r8:1]~[#7X3;!r3;!r4;!r5;!r6;!r7;!r8:2]~[#6X3;!r3;!r4;!r5;!r6;!r7;!r8:3],476.5196199340821,123.70279915252988,5
[#6X4;r4:1]~[#6X4;!r3;!r4;!r5;!r6;!r7;!r8:2]~[#7X3;!r3;!r4;!r5;!r6;!r7;!r8:3],644.4927978515625,107.58947448531018,5
[#16X2;!r3;!r4;!r5;!r6;!r7;!r8:1]~[#6X3;!r3;!r4;!r5;!r6;!r7;!r8:2]~[#6X3;r5:3],314.4286597900391,135.7768523974416,5
[#6X2;!r3;!r4;!r5;!r6;!r7;!r8:1]~[#7X2;!r3;!r4;!r5;!r6;!r7;!r8:2]~[#6X3;r6:3],0.0,126.53977286580803,0
[#6X4;r7:1]~[#6X3;!r3;!r4;!r5;!r6;!r7;!r8:2]~[#8X1;!r3;!r4;!r5;!r6;!r7;!r8:3],528.6129927978516,140.56525213772738,5
[#6X2;!r3;!r4;!r5;!r6;!r7;!r8:1]~[#6X4;!r3;!r4;!r5;!r6;!r7;!r8:2]~[#6X2;!r3;!r4;!r5;!r6;!r7;!r8:3],486.2044090576172,108.58673674564541,5
[#16X4;!r3;!r4;!r5;!r6;!r7;!r8:1]~[#6X4;!r3;!r4;!r5;!r6;!r7;!r8:2]~[#6X3;r5:3],635.8893457031251,107.96500511606665,5
[#6X3;!r3;!r4;!r5;!r6;!r7;!r8:1]~[#6X4;r5:2]~[#8X2;!r3;!r4;!r5;!r6;!r7;!r8:3],766.291147216797,107.51904840477819,5
[#16X1;!r3;!r4;!r5;!r6;!r7;!r8:1]~[#6X3;!r3;!r4;!r5;!r6;!r7;!r8:2]~[#6X3;!r3;!r4;!r5;!r6;!r7;!r8:3],492.4495410766602,131.7647446374627,5
[#6X2;!r3;!r4;!r5;!r6;!r7;!r8:1]~[#6X3;!r3;!r4;!r5;!r6;!r7;!r8:2]~[#7X2;!r3;!r4;!r5;!r6;!r7;!r8:3],615.3821530761719,123.28401293375971,5
[#6X2;!r3;!r4;!r5;!r6;!r7;!r8:1]~[#6X2;!r3;!r4;!r5;!r6;!r7;!r8:2]~[#6X4;r5:3],203.36984600830078,180.00000500895632,2
[#6X3;r6:1]~[#16X3;!r3;!r4;!r5;!r6;!r7;!r8:2]~[#6X3;r6:3],676.1597072753907,96.88095364040245,5
[#6X4;r4:1]~[#6X3;!r3;!r4;!r5;!r6;!r7;!r8:2]~[#7X3;!r3;!r4;!r5;!r6;!r7;!r8:3],500.2457332763672,134.83999633012596,5
[#6X2;!r3;!r4;!r5;!r6;!r7;!r8:1]~[#7X3;!r3;!r4;!r5;!r6;!r7;!r8:2]~[#6X4;!r3;!r4;!r5;!r6;!r7;!r8:3],377.16340997314455,110.53224782883184,5
[#1X1;!r3;!r4;!r5;!r6;!r7;!r8:1]~[#6X4;r7:2]~[#6X3;!r3;!r4;!r5;!r6;!r7;!r8:3],424.0724304199219,106.61774347209247,5
[#7X3;r7:1]~[#16X4;!r3;!r4;!r5;!r6;!r7;!r8:2]~[#8X1;!r3;!r4;!r5;!r6;!r7;!r8:3],520.433233215332,142.4046494019685,5
[#15X4;!r3;!r4;!r5;!r6;!r7;!r8:1]~[#6X4;!r3;!r4;!r5;!r6;!r7;!r8:2]~[#6X3;!r3;!r4;!r5;!r6;!r7;!r8:3],570.9688424072266,108.54785247870052,5
[#1X1;!r3;!r4;!r5;!r6;!r7;!r8:1]~[#6X4;r6:2]~[#6X4;r3:3],422.8316461181641,105.06116385081407,5
[#7X2;!r3;!r4;!r5;!r6;!r7;!r8:1]~[#6X3;!r3;!r4;!r5;!r6;!r7;!r8:2]~[#7X2;!r3;!r4;!r5;!r6;!r7;!r8:3],762.6776462402344,129.1868536597815,5
[#17X1;!r3;!r4;!r5;!r6;!r7;!r8:1]~[#6X4;!r3;!r4;!r5;!r6;!r7;!r8:2]~[#6X3;r5:3],636.6633116455079,106.85039337560144,5
[#6X4;r5:1]~[#6X3;!r3;!r4;!r5;!r6;!r7;!r8:2]~[#7X2;!r3;!r4;!r5;!r6;!r7;!r8:3],379.30223864746097,133.9035090930255,5
[#6X4;r4:1]~[#6X3;!r3;!r4;!r5;!r6;!r7;!r8:2]~[#8X2;!r3;!r4;!r5;!r6;!r7;!r8:3],495.40386541748046,125.22610892236114,5
[#15X4;!r3;!r4;!r5;!r6;!r7;!r8:1]~[#7X3;!r3;!r4;!r5;!r6;!r7;!r8:2]~[#6X3;r6:3],327.157727722168,119.54567281609332,5
[#6X3;r5:1]~[#16X2;!r3;!r4;!r5;!r6;!r7;!r8:2]~[#6X3;r5:3],725.5146401367188,97.01783746155868,5
[#16X4;!r3;!r4;!r5;!r6;!r7;!r8:1]~[#6X4;r6:2]~[#1X1;!r3;!r4;!r5;!r6;!r7;!r8:3],318.9409393310547,94.48978637425103,5
[#6X4;!r3;!r4;!r5;!r6;!r7;!r8:1]~[#6X3;!r3;!r4;!r5;!r6;!r7;!r8:2]~[#9X1;!r3;!r4;!r5;!r6;!r7;!r8:3],368.5285791015625,109.52010258629515,5
[#7X3;r5:1]~[#15X4;!r3;!r4;!r5;!r6;!r7;!r8:2]~[#8X1;!r3;!r4;!r5;!r6;!r7;!r8:3],615.044935546875,121.60302141674954,5
[#16X2;!r3;!r4;!r5;!r6;!r7;!r8:1]~[#7X3;!r3;!r4;!r5;!r6;!r7;!r8:2]~[#6X3;!r3;!r4;!r5;!r6;!r7;!r8:3],381.9249955444336,111.29436716661102,5
[#8X1;!r3;!r4;!r5;!r6;!r7;!r8:1]~[#16X4;!r3;!r4;!r5;!r6;!r7;!r8:2]~[#9X1;!r3;!r4;!r5;!r6;!r7;!r8:3],532.0929985351563,140.94905412756876,5
[#6X4;!r3;!r4;!r5;!r6;!r7;!r8:1]~[#6X4;!r3;!r4;!r5;!r6;!r7;!r8:2]~[#7X4;r6:3],627.1440349121094,104.56928094754643,5
[#6X4;!r3;!r4;!r5;!r6;!r7;!r8:1]~[#8X2;!r3;!r4;!r5;!r6;!r7;!r8:2]~[#7X3;r6:3],659.1496940917968,105.92098904467029,5
[#6X3;r5:1]~[#6X4;r5:2]~[#6X4;!r3;!r4;!r5;!r6;!r7;!r8:3],525.680949584961,108.1497139217913,5
[#6X4;!r3;!r4;!r5;!r6;!r7;!r8:1]~[#6X3;!r3;!r4;!r5;!r6;!r7;!r8:2]~[#6X4;r3:3],168.4571540222168,155.96977392382902,3
[#7X1;!r3;!r4;!r5;!r6;!r7;!r8:1]~[#7X2;!r3;!r4;!r5;!r6;!r7;!r8:2]~[#7X2;!r3;!r4;!r5;!r6;!r7;!r8:3],332.55438928222657,180.00000500895632,2
[#1X1;!r3;!r4;!r5;!r6;!r7;!r8:1]~[#6X4;r3:2]~[#6X4;r6:3],139.84575973510744,121.72320542538507,-1
[#6X3;!r3;!r4;!r5;!r6;!r7;!r8:1]~[#16X4;!r3;!r4;!r5;!r6;!r7;!r8:2]~[#6X4;!r3;!r4;!r5;!r6;!r7;!r8:3],396.6228150024414,144.7506554573278,5
[#6X2;!r3;!r4;!r5;!r6;!r7;!r8:1]~[#16X2;!r3;!r4;!r5;!r6;!r7;!r8:2]~[#6X4;!r3;!r4;!r5;!r6;!r7;!r8:3],662.5535992431641,95.00224863748791,5
[#1X1;!r3;!r4;!r5;!r6;!r7;!r8:1]~[#7X4;!r3;!r4;!r5;!r6;!r7;!r8:2]~[#6X4;r6:3],400.50317877197267,110.45286054010877,5
[#16X4;!r3;!r4;!r5;!r6;!r7;!r8:1]~[#7X3;!r3;!r4;!r5;!r6;!r7;!r8:2]~[#6X4;r3:3],326.6451340942383,102.40023143320383,5
[#1X1;!r3;!r4;!r5;!r6;!r7;!r8:1]~[#7X3;!r3;!r4;!r5;!r6;!r7;!r8:2]~[#6X3;r4:3],398.68895867919923,112.02654978525806,5
[#15X4;!r3;!r4;!r5;!r6;!r7;!r8:1]~[#8X2;!r3;!r4;!r5;!r6;!r7;!r8:2]~[#6X4;r6:3],318.6632551879883,116.15552208193583,5
[#16X3;!r3;!r4;!r5;!r6;!r7;!r8:1]~[#6X4;!r3;!r4;!r5;!r6;!r7;!r8:2]~[#6X3;!r3;!r4;!r5;!r6;!r7;!r8:3],432.17375915527344,103.89643218221931,5
[#7X3;!r3;!r4;!r5;!r6;!r7;!r8:1]~[#15X4;!r3;!r4;!r5;!r6;!r7;!r8:2]~[#7X3;r3:3],566.048990600586,111.73947693444242,5
[#16X2;!r3;!r4;!r5;!r6;!r7;!r8:1]~[#6X4;!r3;!r4;!r5;!r6;!r7;!r8:2]~[#8X2;!r3;!r4;!r5;!r6;!r7;!r8:3],655.973771484375,106.2989512227713,5
[#6X4;!r3;!r4;!r5;!r6;!r7;!r8:1]~[#15X4;!r3;!r4;!r5;!r6;!r7;!r8:2]~[#7X3;!r3;!r4;!r5;!r6;!r7;!r8:3],601.4133542480469,112.55175035129702,5
[#6X4;!r3;!r4;!r5;!r6;!r7;!r8:1]~[#7X3;!r3;!r4;!r5;!r6;!r7;!r8:2]~[#7X3;r6:3],395.62942144775394,102.98723155085307,5
[#16X4;!r3;!r4;!r5;!r6;!r7;!r8:1]~[#6X4;r3:2]~[#1X1;!r3;!r4;!r5;!r6;!r7;!r8:3],247.5763858947754,112.93152252952807,5
[#6X4;!r3;!r4;!r5;!r6;!r7;!r8:1]~[#7X4;!r3;!r4;!r5;!r6;!r7;!r8:2]~[#7X3;!r3;!r4;!r5;!r6;!r7;!r8:3],595.7582252197266,112.29855523876465,5
[#6X3;r5:1]~[#6X3;!r3;!r4;!r5;!r6;!r7;!r8:2]~[#7X3;r4:3],388.1147439575195,134.52550709998187,5
[#6X3;!r3;!r4;!r5;!r6;!r7;!r8:1]~[#6X4;!r3;!r4;!r5;!r6;!r7;!r8:2]~[#7X3;r7:3],717.9112211914063,107.0191127084791,5
[#6X3;r7:1]~[#6X3;!r3;!r4;!r5;!r6;!r7;!r8:2]~[#6X4;!r3;!r4;!r5;!r6;!r7;!r8:3],381.1103617553711,138.5888276183575,5
[#6X4;r3:1]~[#6X3;!r3;!r4;!r5;!r6;!r7;!r8:2]~[#7X2;!r3;!r4;!r5;!r6;!r7;!r8:3],400.92824395751956,132.18018406353957,5
[#6X2;!r3;!r4;!r5;!r6;!r7;!r8:1]~[#6X4;r6:2]~[#6X4;!r3;!r4;!r5;!r6;!r7;!r8:3],603.6612583007812,106.14373517388276,5
[#1X1;!r3;!r4;!r5;!r6;!r7;!r8:1]~[#6X3;!r3;!r4;!r5;!r6;!r7;!r8:2]~[#6X3;r4:3],323.86034423828124,129.77265166413682,5
[#6X3;r6:1]~[#6X4;r3:2]~[#6X4;!r3;!r4;!r5;!r6;!r7;!r8:3],158.58434793090822,131.69614221743913,-1
[#7X3;!r3;!r4;!r5;!r6;!r7;!r8:1]~[#16X3;!r3;!r4;!r5;!r6;!r7;!r8:2]~[#8X1;!r3;!r4;!r5;!r6;!r7;!r8:3],1537.4672880859375,105.36742953319745,-1
[#15X4;r6:1]~[#6X4;!r3;!r4;!r5;!r6;!r7;!r8:2]~[#1X1;!r3;!r4;!r5;!r6;!r7;!r8:3],298.88575354003905,99.61689519547778,5
[#15X4;!r3;!r4;!r5;!r6;!r7;!r8:1]~[#6X3;!r3;!r4;!r5;!r6;!r7;!r8:2]~[#6X3;!r3;!r4;!r5;!r6;!r7;!r8:3],326.5802059936524,128.61309044874375,5
[#6X3;!r3;!r4;!r5;!r6;!r7;!r8:1]~[#16X4;!r3;!r4;!r5;!r6;!r7;!r8:2]~[#6X3;r6:3],267.3599845275879,168.54325060085205,-1
[#15X4;!r3;!r4;!r5;!r6;!r7;!r8:1]~[#8X2;!r3;!r4;!r5;!r6;!r7;!r8:2]~[#6X3;!r3;!r4;!r5;!r6;!r7;!r8:3],358.3653203125,117.40050164308907,5
[#7X3;r3:1]~[#15X4;!r3;!r4;!r5;!r6;!r7;!r8:2]~[#7X3;r3:3],676.9812360839844,111.37111800231446,5
[#16X3;!r3;!r4;!r5;!r6;!r7;!r8:1]~[#8X2;!r3;!r4;!r5;!r6;!r7;!r8:2]~[#6X4;!r3;!r4;!r5;!r6;!r7;!r8:3],377.8676596069336,109.30590785392356,5
[#1X1;!r3;!r4;!r5;!r6;!r7;!r8:1]~[#6X4;!r3;!r4;!r5;!r6;!r7;!r8:2]~[#7X3;r8:3],334.27756958007814,101.96814000593048,5
[#15X3;!r3;!r4;!r5;!r6;!r7;!r8:1]~[#7X3;!r3;!r4;!r5;!r6;!r7;!r8:2]~[#6X4;!r3;!r4;!r5;!r6;!r7;!r8:3],181.0470287475586,85.39774590964271,-1
[#6X3;r6:1]~[#7X3;!r3;!r4;!r5;!r6;!r7;!r8:2]~[#6X4;r4:3],411.3697933959961,114.0763100457464,5
[#16X2;!r3;!r4;!r5;!r6;!r7;!r8:1]~[#15X4;!r3;!r4;!r5;!r6;!r7;!r8:2]~[#7X3;!r3;!r4;!r5;!r6;!r7;!r8:3],698.4482409667969,111.04727141300748,5
[#6X4;!r3;!r4;!r5;!r6;!r7;!r8:1]~[#7X3;!r3;!r4;!r5;!r6;!r7;!r8:2]~[#6X4;r7:3],423.88709484863284,108.10549527710465,5
[#6X2;!r3;!r4;!r5;!r6;!r7;!r8:1]~[#6X3;!r3;!r4;!r5;!r6;!r7;!r8:2]~[#8X2;!r3;!r4;!r5;!r6;!r7;!r8:3],360.961486694336,120.32540721174198,5
[#6X3;!r3;!r4;!r5;!r6;!r7;!r8:1]~[#6X4;!r3;!r4;!r5;!r6;!r7;!r8:2]~[#6X4;r7:3],448.4545921020508,105.53205758276226,5
[#16X4;!r3;!r4;!r5;!r6;!r7;!r8:1]~[#7X3;!r3;!r4;!r5;!r6;!r7;!r8:2]~[#7X2;!r3;!r4;!r5;!r6;!r7;!r8:3],228.4409190979004,92.80822795153973,-1
[#6X4;r5:1]~[#6X3;!r3;!r4;!r5;!r6;!r7;!r8:2]~[#7X3;r6:3],351.69135638427736,138.87704794095367,5
[#16X2;!r3;!r4;!r5;!r6;!r7;!r8:1]~[#7X3;!r3;!r4;!r5;!r6;!r7;!r8:2]~[#1X1;!r3;!r4;!r5;!r6;!r7;!r8:3],248.9948286743164,109.03668911759834,5
[#6X3;r6:1]~[#6X3;!r3;!r4;!r5;!r6;!r7;!r8:2]~[#7X3;r7:3],393.0545785522461,131.37823789271005,5
[#16X4;!r3;!r4;!r5;!r6;!r7;!r8:1]~[#7X2;!r3;!r4;!r5;!r6;!r7;!r8:2]~[#6X3;!r3;!r4;!r5;!r6;!r7;!r8:3],437.84602996826175,109.16282905119013,5
[#6X3;r7:1]~[#6X4;!r3;!r4;!r5;!r6;!r7;!r8:2]~[#6X4;!r3;!r4;!r5;!r6;!r7;!r8:3],606.0323150634766,107.59945339168758,5
[#7X3;r5:1]~[#6X4;!r3;!r4;!r5;!r6;!r7;!r8:2]~[#9X1;!r3;!r4;!r5;!r6;!r7;!r8:3],800.9972280273438,104.62424347979753,5
[#6X3;!r3;!r4;!r5;!r6;!r7;!r8:1]~[#6X4;!r3;!r4;!r5;!r6;!r7;!r8:2]~[#6X4;r3:3],471.00957360839845,105.9575237265407,5
[#6X3;r5:1]~[#6X3;!r3;!r4;!r5;!r6;!r7;!r8:2]~[#6X4;r5:3],339.8513629150391,136.24616835569148,5
[#16X1;!r3;!r4;!r5;!r6;!r7;!r8:1]~[#6X3;!r3;!r4;!r5;!r6;!r7;!r8:2]~[#16X1;!r3;!r4;!r5;!r6;!r7;!r8:3],412.02874658203126,155.4526739621457,-1
[#6X4;!r3;!r4;!r5;!r6;!r7;!r8:1]~[#6X3;!r3;!r4;!r5;!r6;!r7;!r8:2]~[#7X3;r4:3],232.03300082397462,141.0554821352159,5
[#1X1;!r3;!r4;!r5;!r6;!r7;!r8:1]~[#16X2;!r3;!r4;!r5;!r6;!r7;!r8:2]~[#6X4;r6:3],436.0222653808594,93.11407699238374,5
[#17X1;!r3;!r4;!r5;!r6;!r7;!r8:1]~[#6X3;!r3;!r4;!r5;!r6;!r7;!r8:2]~[#7X2;!r3;!r4;!r5;!r6;!r7;!r8:3],495.34589617919926,134.35069523836458,5
[#8X2;!r3;!r4;!r5;!r6;!r7;!r8:1]~[#6X4;r6:2]~[#8X2;!r3;!r4;!r5;!r6;!r7;!r8:3],1487.055501953125,109.54771021092034,5
[#9X1;!r3;!r4;!r5;!r6;!r7;!r8:1]~[#6X3;!r3;!r4;!r5;!r6;!r7;!r8:2]~[#9X1;!r3;!r4;!r5;!r6;!r7;!r8:3],590.37506640625,109.15032297481984,5
[#6X4;r6:1]~[#7X2;!r3;!r4;!r5;!r6;!r7;!r8:2]~[#8X1;!r3;!r4;!r5;!r6;!r7;!r8:3],899.8800438232422,111.18871780052928,5
[#16X3;!r3;!r4;!r5;!r6;!r7;!r8:1]~[#7X3;!r3;!r4;!r5;!r6;!r7;!r8:2]~[#6X4;!r3;!r4;!r5;!r6;!r7;!r8:3],330.2609653320313,100.96071442411028,5
[#6X4;r6:1]~[#8X2;!r3;!r4;!r5;!r6;!r7;!r8:2]~[#8X2;!r3;!r4;!r5;!r6;!r7;!r8:3],652.0750848388673,102.7497048922767,5
[#16X2;!r3;!r4;!r5;!r6;!r7;!r8:1]~[#6X4;!r3;!r4;!r5;!r6;!r7;!r8:2]~[#6X4;r6:3],456.6451411132813,103.59861544383925,5
[#6X3;r6:1]~[#16X2;!r3;!r4;!r5;!r6;!r7;!r8:2]~[#6X4;r5:3],637.1226604003906,97.03349225513635,5
[#6X3;r6:1]~[#6X4;!r3;!r4;!r5;!r6;!r7;!r8:2]~[#6X4;r4:3],635.5438286132812,107.84886457941975,5
[#6X3;r6:1]~[#6X4;!r3;!r4;!r5;!r6;!r7;!r8:2]~[#7X4;!r3;!r4;!r5;!r6;!r7;!r8:3],794.3076545410156,107.77085015871987,5
[#6X3;r6:1]~[#6X4;!r3;!r4;!r5;!r6;!r7;!r8:2]~[#7X3;r7:3],631.6618687744141,107.60996505282023,5
[#6X3;r6:1]~[#6X3;!r3;!r4;!r5;!r6;!r7;!r8:2]~[#6X4;r5:3],216.74627966308594,145.46563965964475,-1
[#17X1;!r3;!r4;!r5;!r6;!r7;!r8:1]~[#6X3;!r3;!r4;!r5;!r6;!r7;!r8:2]~[#6X3;r6:3],234.90140875244143,114.48265849003796,5
[#6X4;!r3;!r4;!r5;!r6;!r7;!r8:1]~[#7X4;r5:2]~[#6X4;!r3;!r4;!r5;!r6;!r7;!r8:3],744.2187851562501,111.9213102305265,5
[#16X2;!r3;!r4;!r5;!r6;!r7;!r8:1]~[#6X3;!r3;!r4;!r5;!r6;!r7;!r8:2]~[#16X2;!r3;!r4;!r5;!r6;!r7;!r8:3],389.0651713256836,133.11598828172302,5
[#6X3;r5:1]~[#15X4;!r3;!r4;!r5;!r6;!r7;!r8:2]~[#8X2;!r3;!r4;!r5;!r6;!r7;!r8:3],660.2083349609376,108.5200467785894,5
[#6X3;r5:1]~[#15X4;!r3;!r4;!r5;!r6;!r7;!r8:2]~[#8X1;!r3;!r4;!r5;!r6;!r7;!r8:3],717.5246531982422,120.74040950571194,5
[#15X4;!r3;!r4;!r5;!r6;!r7;!r8:1]~[#6X3;!r3;!r4;!r5;!r6;!r7;!r8:2]~[#1X1;!r3;!r4;!r5;!r6;!r7;!r8:3],217.5215703430176,133.908631734903,5
[#6X4;r5:1]~[#15X4;!r3;!r4;!r5;!r6;!r7;!r8:2]~[#8X2;!r3;!r4;!r5;!r6;!r7;!r8:3],529.6687288208008,107.04518354054103,5
[#53X1;!r3;!r4;!r5;!r6;!r7;!r8:1]~[#6X3;!r3;!r4;!r5;!r6;!r7;!r8:2]~[#6X3;!r3;!r4;!r5;!r6;!r7;!r8:3],234.32548309326174,132.00031786193645,5
[#6X4;r4:1]~[#6X2;!r3;!r4;!r5;!r6;!r7;!r8:2]~[#7X1;!r3;!r4;!r5;!r6;!r7;!r8:3],239.8156583557129,180.00000500895632,2
[#17X1;!r3;!r4;!r5;!r6;!r7;!r8:1]~[#6X4;r6:2]~[#6X4;!r3;!r4;!r5;!r6;!r7;!r8:3],848.1425625,104.92380191641595,5
[#8X1;!r3;!r4;!r5;!r6;!r7;!r8:1]~[#15X4;r6:2]~[#8X2;!r3;!r4;!r5;!r6;!r7;!r8:3],1456.173986328125,113.31012674541104,-1
[#17X1;!r3;!r4;!r5;!r6;!r7;!r8:1]~[#15X4;!r3;!r4;!r5;!r6;!r7;!r8:2]~[#8X1;!r3;!r4;!r5;!r6;!r7;!r8:3],530.3807353515625,123.82149417992636,5
[#16X4;!r3;!r4;!r5;!r6;!r7;!r8:1]~[#16X2;!r3;!r4;!r5;!r6;!r7;!r8:2]~[#6X4;!r3;!r4;!r5;!r6;!r7;!r8:3],563.8579066162109,96.20615827116187,5
[#16X3;!r3;!r4;!r5;!r6;!r7;!r8:1]~[#6X4;!r3;!r4;!r5;!r6;!r7;!r8:2]~[#17X1;!r3;!r4;!r5;!r6;!r7;!r8:3],499.606188293457,98.30006887444517,5
[#6X2;!r3;!r4;!r5;!r6;!r7;!r8:1]~[#6X3;!r3;!r4;!r5;!r6;!r7;!r8:2]~[#7X3;!r3;!r4;!r5;!r6;!r7;!r8:3],521.4246157226563,131.16857840594733,5
[#15X4;!r3;!r4;!r5;!r6;!r7;!r8:1]~[#16X2;!r3;!r4;!r5;!r6;!r7;!r8:2]~[#1X1;!r3;!r4;!r5;!r6;!r7;!r8:3],427.40594891357426,95.13405762809082,5
[#15X4;!r3;!r4;!r5;!r6;!r7;!r8:1]~[#6X3;!r3;!r4;!r5;!r6;!r7;!r8:2]~[#8X1;!r3;!r4;!r5;!r6;!r7;!r8:3],213.7694667053223,152.59175360563748,3
[#15X3;!r3;!r4;!r5;!r6;!r7;!r8:1]~[#8X2;!r3;!r4;!r5;!r6;!r7;!r8:2]~[#1X1;!r3;!r4;!r5;!r6;!r7;!r8:3],186.1681608581543,117.534400671578,5
[#7X3;r5:1]~[#6X4;!r3;!r4;!r5;!r6;!r7;!r8:2]~[#7X3;r6:3],854.4160087890625,108.70111509348644,5
[#6X3;!r3;!r4;!r5;!r6;!r7;!r8:1]~[#6X3;!r3;!r4;!r5;!r6;!r7;!r8:2]~[#7X3;r4:3],641.0139412841797,125.01181856734117,5
[#1X1;!r3;!r4;!r5;!r6;!r7;!r8:1]~[#16X2;!r3;!r4;!r5;!r6;!r7;!r8:2]~[#6X4;r5:3],533.2495422973633,93.8857722553793,5
[#6X4;r5:1]~[#7X2;!r3;!r4;!r5;!r6;!r7;!r8:2]~[#8X1;!r3;!r4;!r5;!r6;!r7;!r8:3],944.5803916015625,111.19409315940608,5
[#1X1;!r3;!r4;!r5;!r6;!r7;!r8:1]~[#6X4;r4:2]~[#7X3;r6:3],373.76438879394533,109.85030808171942,5
[#6X4;!r3;!r4;!r5;!r6;!r7;!r8:1]~[#6X4;r4:2]~[#8X2;!r3;!r4;!r5;!r6;!r7;!r8:3],713.4901091308594,110.45220484194846,5
[#6X2;!r3;!r4;!r5;!r6;!r7;!r8:1]~[#6X4;!r3;!r4;!r5;!r6;!r7;!r8:2]~[#6X4;r5:3],578.5780072021485,106.71814042270249,5
[#6X3;r5:1]~[#7X2;!r3;!r4;!r5;!r6;!r7;!r8:2]~[#6X3;r5:3],518.9969623413086,105.91704119533003,5
[#6X4;r5:1]~[#7X2;!r3;!r4;!r5;!r6;!r7;!r8:2]~[#7X2;!r3;!r4;!r5;!r6;!r7;!r8:3],690.4260772705078,108.21320736031575,5
[#6X3;!r3;!r4;!r5;!r6;!r7;!r8:1]~[#16X3;!r3;!r4;!r5;!r6;!r7;!r8:2]~[#8X1;!r3;!r4;!r5;!r6;!r7;!r8:3],994.8117580566407,106.83154888368138,5
[#6X3;r5:1]~[#8X2;!r3;!r4;!r5;!r6;!r7;!r8:2]~[#6X4;r6:3],512.7074915161134,108.65719014693408,5
[#6X3;!r3;!r4;!r5;!r6;!r7;!r8:1]~[#8X2;!r3;!r4;!r5;!r6;!r7;!r8:2]~[#7X3;r5:3],626.5495948486329,106.40247640002117,5
[#15X3;!r3;!r4;!r5;!r6;!r7;!r8:1]~[#16X2;!r3;!r4;!r5;!r6;!r7;!r8:2]~[#6X4;!r3;!r4;!r5;!r6;!r7;!r8:3],525.4628945922851,97.43604994443857,5
[#1X1;!r3;!r4;!r5;!r6;!r7;!r8:1]~[#15X4;!r3;!r4;!r5;!r6;!r7;!r8:2]~[#8X2;!r3;!r4;!r5;!r6;!r7;!r8:3],813.997531982422,106.09943456692605,5
[#1X1;!r3;!r4;!r5;!r6;!r7;!r8:1]~[#6X4;!r3;!r4;!r5;!r6;!r7;!r8:2]~[#7X4;r7:3],446.68305090332035,102.70361477575746,5
[#17X1;!r3;!r4;!r5;!r6;!r7;!r8:1]~[#6X4;r6:2]~[#17X1;!r3;!r4;!r5;!r6;!r7;!r8:3],656.2333562011719,109.29834683451236,5
[#8X1;!r3;!r4;!r5;!r6;!r7;!r8:1]~[#16X4;r4:2]~[#8X1;!r3;!r4;!r5;!r6;!r7;!r8:3],781.4460809326172,137.14137392944838,5
[#16X4;!r3;!r4;!r5;!r6;!r7;!r8:1]~[#7X3;!r3;!r4;!r5;!r6;!r7;!r8:2]~[#7X3;!r3;!r4;!r5;!r6;!r7;!r8:3],336.27204974365236,95.9307104023136,5
[#9X1;!r3;!r4;!r5;!r6;!r7;!r8:1]~[#6X4;r3:2]~[#9X1;!r3;!r4;!r5;!r6;!r7;!r8:3],481.6112088012695,103.9605266773907,5
[#6X3;!r3;!r4;!r5;!r6;!r7;!r8:1]~[#7X2;!r3;!r4;!r5;!r6;!r7;!r8:2]~[#6X4;r5:3],563.9223878173829,112.72122783517254,5
[#6X3;r5:1]~[#6X4;r6:2]~[#6X4;!r3;!r4;!r5;!r6;!r7;!r8:3],639.9954575195313,108.50746557013824,5
[#6X3;r5:1]~[#7X2;!r3;!r4;!r5;!r6;!r7;!r8:2]~[#8X1;!r3;!r4;!r5;!r6;!r7;!r8:3],903.9657259521484,108.16570339463831,5
[#6X4;r6:1]~[#6X3;!r3;!r4;!r5;!r6;!r7;!r8:2]~[#7X3;r5:3],461.56556750488284,133.9322505290529,5
[#7X3;r5:1]~[#6X3;!r3;!r4;!r5;!r6;!r7;!r8:2]~[#7X3;r6:3],409.8581880493164,126.44195089651511,5
[#1X1;!r3;!r4;!r5;!r6;!r7;!r8:1]~[#8X2;!r3;!r4;!r5;!r6;!r7;!r8:2]~[#6X3;r7:3],514.2512416992188,112.98129411800996,5
[#16X4;!r3;!r4;!r5;!r6;!r7;!r8:1]~[#6X4;!r3;!r4;!r5;!r6;!r7;!r8:2]~[#6X4;r6:3],500.10518341064454,102.64765503588754,5
[#6X3;!r3;!r4;!r5;!r6;!r7;!r8:1]~[#6X4;r5:2]~[#7X3;!r3;!r4;!r5;!r6;!r7;!r8:3],652.2392884521485,106.23213148212106,5
[#6X2;!r3;!r4;!r5;!r6;!r7;!r8:1]~[#16X2;!r3;!r4;!r5;!r6;!r7;!r8:2]~[#6X3;r6:3],690.3949858398438,95.35436537976959,5
[#1X1;!r3;!r4;!r5;!r6;!r7;!r8:1]~[#7X4;!r3;!r4;!r5;!r6;!r7;!r8:2]~[#6X3;r6:3],254.27674880981445,110.13574851732342,5
[#6X3;!r3;!r4;!r5;!r6;!r7;!r8:1]~[#16X4;!r3;!r4;!r5;!r6;!r7;!r8:2]~[#7X3;!r3;!r4;!r5;!r6;!r7;!r8:3],478.92741821289064,137.41488202457236,5
[#6X4;r3:1]~[#6X3;!r3;!r4;!r5;!r6;!r7;!r8:2]~[#7X3;r6:3],330.4214660644531,138.62132565842842,5
[#1X1;!r3;!r4;!r5;!r6;!r7;!r8:1]~[#6X3;!r3;!r4;!r5;!r6;!r7;!r8:2]~[#35X1;!r3;!r4;!r5;!r6;!r7;!r8:3],244.3316407775879,117.83915005196563,5
[#53X1;!r3;!r4;!r5;!r6;!r7;!r8:1]~[#6X4;!r3;!r4;!r5;!r6;!r7;!r8:2]~[#6X3;!r3;!r4;!r5;!r6;!r7;!r8:3],398.60998516845706,99.45030688162117,5
[#16X3;!r3;!r4;!r5;!r6;!r7;!r8:1]~[#6X4;!r3;!r4;!r5;!r6;!r7;!r8:2]~[#6X3;r5:3],617.7456763916016,108.09067376660572,5
[#1X1;!r3;!r4;!r5;!r6;!r7;!r8:1]~[#6X4;r7:2]~[#6X3;r5:3],485.8804069824219,107.75326925179625,5
[#7X3;r5:1]~[#15X4;!r3;!r4;!r5;!r6;!r7;!r8:2]~[#8X2;!r3;!r4;!r5;!r6;!r7;!r8:3],503.4435220336914,103.79438232583014,5
[#6X4;r5:1]~[#7X3;!r3;!r4;!r5;!r6;!r7;!r8:2]~[#8X1;!r3;!r4;!r5;!r6;!r7;!r8:3],450.2375930786133,122.39360215280017,5
[#6X3;r5:1]~[#7X3;!r3;!r4;!r5;!r6;!r7;!r8:2]~[#6X4;r5:3],451.50972418212893,115.5200959230712,5
[#16X4;!r3;!r4;!r5;!r6;!r7;!r8:1]~[#7X2;!r3;!r4;!r5;!r6;!r7;!r8:2]~[#6X3;r6:3],595.4505030517579,112.88420980914739,5
[#6X2;!r3;!r4;!r5;!r6;!r7;!r8:1]~[#6X4;!r3;!r4;!r5;!r6;!r7;!r8:2]~[#7X2;!r3;!r4;!r5;!r6;!r7;!r8:3],569.2302760009766,107.28788748250827,5
[#1X1;!r3;!r4;!r5;!r6;!r7;!r8:1]~[#6X4;!r3;!r4;!r5;!r6;!r7;!r8:2]~[#6X3;r8:3],324.4636265258789,104.81037979505872,5
[#7X3;!r3;!r4;!r5;!r6;!r7;!r8:1]~[#15X4;r6:2]~[#8X1;!r3;!r4;!r5;!r6;!r7;!r8:3],791.4949334716797,120.50062888470947,5
[#17X1;!r3;!r4;!r5;!r6;!r7;!r8:1]~[#16X4;!r3;!r4;!r5;!r6;!r7;!r8:2]~[#6X3;r6:3],468.50154217529297,128.89531386524868,5
[#7X3;r6:1]~[#7X2;!r3;!r4;!r5;!r6;!r7;!r8:2]~[#8X1;!r3;!r4;!r5;!r6;!r7;!r8:3],1198.2470109863282,113.82792338638971,5
[#6X3;r6:1]~[#7X3;!r3;!r4;!r5;!r6;!r7;!r8:2]~[#7X3;r6:3],445.0922166748047,108.12578776912875,5
[#16X2;!r3;!r4;!r5;!r6;!r7;!r8:1]~[#16X2;!r3;!r4;!r5;!r6;!r7;!r8:2]~[#16X2;!r3;!r4;!r5;!r6;!r7;!r8:3],614.4550283203125,104.12678714216716,5
[#6X2;!r3;!r4;!r5;!r6;!r7;!r8:1]~[#6X4;r5:2]~[#8X2;!r3;!r4;!r5;!r6;!r7;!r8:3],667.5695982666016,110.91333140338352,5
[#6X3;r6:1]~[#15X5;!r3;!r4;!r5;!r6;!r7;!r8:2]~[#8X2;!r3;!r4;!r5;!r6;!r7;!r8:3],473.6350757446289,168.42186447892257,-1
[#8X2;!r3;!r4;!r5;!r6;!r7;!r8:1]~[#15X5;!r3;!r4;!r5;!r6;!r7;!r8:2]~[#8X2;!r3;!r4;!r5;!r6;!r7;!r8:3],402.76152111816407,180.00000500895632,2
[#6X4;r4:1]~[#7X3;!r3;!r4;!r5;!r6;!r7;!r8:2]~[#8X1;!r3;!r4;!r5;!r6;!r7;!r8:3],434.36557733154297,123.61251771208065,5
[#1X1;!r3;!r4;!r5;!r6;!r7;!r8:1]~[#6X3;r6:2]~;@[#6X3;r6:3],295.7412734985352,122.30252841040722,5
[#1X1;!r3;!r4;!r5;!r6;!r7;!r8:1]~[#6X4;r6:2]~;@[#6X4;r6:3],415.9419255371094,104.90891893421448,5
[#1X1;!r3;!r4;!r5;!r6;!r7;!r8:1]~[#6X4;r5:2]~;@[#6X4;r5:3],414.5301064453125,107.56995380466229,5
[#1X1;!r3;!r4;!r5;!r6;!r7;!r8:1]~[#6X3;r5:2]~;@[#6X3;r5:3],286.5044052734375,125.08645887459106,5
[#6X3;r6:1]~;@[#6X3;r6:2]~[#6X4;!r3;!r4;!r5;!r6;!r7;!r8:3],441.4892178344727,123.25300387492786,5
[#1X1;!r3;!r4;!r5;!r6;!r7;!r8:1]~[#6X4;r6:2]~;@[#7X3;r6:3],482.0800701293945,104.604456421772,5
[#6X3;r6:1]~;@[#6X3;r6:2]~[#8X2;!r3;!r4;!r5;!r6;!r7;!r8:3],512.3175398559571,120.09043504391519,5
[#17X1;!r3;!r4;!r5;!r6;!r7;!r8:1]~[#6X3;r6:2]~;@[#6X3;r6:3],454.0513049926758,117.03900705107698,5
[#6X3;r6:1]~;@[#6X3;r6:2]~[#7X3;!r3;!r4;!r5;!r6;!r7;!r8:3],550.0725280761719,123.71353620990513,5
[#1X1;!r3;!r4;!r5;!r6;!r7;!r8:1]~[#6X4;r3:2]~;@[#6X4;r3:3],316.9383511352539,118.0185927818402,5
[#1X1;!r3;!r4;!r5;!r6;!r7;!r8:1]~[#6X4;r6:2]~;@[#6X3;r6:3],398.9609608154297,105.92306542217798,5
[#1X1;!r3;!r4;!r5;!r6;!r7;!r8:1]~[#6X3;r6:2]~;@[#6X3;r5:3],312.91737365722656,119.61057327358678,5
[#6X3;!r3;!r4;!r5;!r6;!r7;!r8:1]~[#6X3;r6:2]~;@[#6X3;r6:3],403.44361730957036,122.13087209618647,5
[#6X3;r6:1]~;@[#6X3;r6:2]~[#9X1;!r3;!r4;!r5;!r6;!r7;!r8:3],546.0596905517579,114.83435859078025,5
[#1X1;!r3;!r4;!r5;!r6;!r7;!r8:1]~[#6X3;r6:2]~;@[#7X2;r6:3],348.46368920898436,122.11402884969321,5
[#1X1;!r3;!r4;!r5;!r6;!r7;!r8:1]~[#6X4;r5:2]~;@[#7X3;r5:3],508.4745241088867,107.3012063513898,5
[#6X3;r6:1]~;@[#6X3;r6:2]~[#6X3;r6:3],434.15128906250004,122.8982165286807,5
[#1X1;!r3;!r4;!r5;!r6;!r7;!r8:1]~[#7X3;r5:2]~;@[#6X3;r5:3],346.0125416870117,111.88383298255064,5
[#1X1;!r3;!r4;!r5;!r6;!r7;!r8:1]~[#6X4;r5:2]~;@[#6X3;r5:3],372.2863328247071,107.61135158122174,5
[#6X3;r5:1]~[#6X3;r6:2]~;@[#6X3;r6:3],463.4782331542969,123.11835352563023,5
[#6X3;r5:1]~;@[#7X3;r5:2]~[#6X4;!r3;!r4;!r5;!r6;!r7;!r8:3],449.1786649169922,115.84174319146544,5
[#6X3;r5:1]~;@[#6X3;r5:2]~[#6X4;!r3;!r4;!r5;!r6;!r7;!r8:3],372.7350198364258,128.60585044822352,5
[#1X1;!r3;!r4;!r5;!r6;!r7;!r8:1]~[#6X4;r6:2]~;@[#8X2;r6:3],486.97227801513674,103.58379393334032,5
[#6X4;!r3;!r4;!r5;!r6;!r7;!r8:1]~[#6X4;r6:2]~;@[#6X4;r6:3],573.064417602539,107.9187579051965,5
[#6X3;r6:1]~;@[#6X3;r6:2]~[#8X1;!r3;!r4;!r5;!r6;!r7;!r8:3],625.6603927001953,138.68092588912594,5
[#1X1;!r3;!r4;!r5;!r6;!r7;!r8:1]~[#6X4;r7:2]~;@[#6X4;r7:3],426.7267575683594,106.27917782512411,5
[#1X1;!r3;!r4;!r5;!r6;!r7;!r8:1]~[#6X3;r5:2]~;@[#7X3;r5:3],269.4404768676758,113.56058978227541,5
[#1X1;!r3;!r4;!r5;!r6;!r7;!r8:1]~[#6X4;r4:2]~;@[#6X4;r4:3],394.2517582397461,114.03649687307438,5
[#7X3;r6:1]~;@[#6X3;r6:2]~[#8X1;!r3;!r4;!r5;!r6;!r7;!r8:3],809.3263477783204,138.16060207815437,5
[#1X1;!r3;!r4;!r5;!r6;!r7;!r8:1]~[#6X3;r5:2]~;@[#7X2;r5:3],306.6474387207031,118.5006675334597,5
[#1X1;!r3;!r4;!r5;!r6;!r7;!r8:1]~[#6X4;r5:2]~;@[#8X2;r5:3],515.2967947998047,105.54411286664734,5
[#6X3;!r3;!r4;!r5;!r6;!r7;!r8:1]~[#6X3;r5:2]~;@[#6X3;r5:3],338.552385925293,126.01936709256643,5
[#1X1;!r3;!r4;!r5;!r6;!r7;!r8:1]~[#7X3;r6:2]~;@[#6X3;r6:3],297.3830542602539,116.6831541953193,5
[#7X2;r6:1]~;@[#6X3;r6:2]~[#7X3;!r3;!r4;!r5;!r6;!r7;!r8:3],752.9182568359375,128.1667375864834,5
[#35X1;!r3;!r4;!r5;!r6;!r7;!r8:1]~[#6X3;r6:2]~;@[#6X3;r6:3],424.40109301757815,116.45585916011963,5
[#6X3;r6:1]~;@[#6X3;r6:2]~[#7X3;r5:3],509.9745100708008,118.80365472504147,5
[#7X3;r5:1]~;@[#6X3;r5:2]~[#8X1;!r3;!r4;!r5;!r6;!r7;!r8:3],739.7161458740235,135.9152866715394,5
[#6X3;r5:1]~;@[#6X3;r5:2]~[#6X3;r6:3],384.0535774536133,126.94927002730698,5
[#6X4;!r3;!r4;!r5;!r6;!r7;!r8:1]~[#6X4;r5:2]~;@[#6X4;r5:3],552.0872144775391,110.76263693972554,5
[#6X3;r6:1]~;@[#7X3;r6:2]~[#6X4;!r3;!r4;!r5;!r6;!r7;!r8:3],479.50762133789067,116.81989458250297,5
[#6X4;!r3;!r4;!r5;!r6;!r7;!r8:1]~[#6X3;r5:2]~;@[#7X2;r5:3],467.619203125,122.9140489071768,5
[#16X4;!r3;!r4;!r5;!r6;!r7;!r8:1]~[#6X3;r6:2]~;@[#6X3;r6:3],394.3789330444336,114.08266895186368,5
[#1X1;!r3;!r4;!r5;!r6;!r7;!r8:1]~[#6X4;r6:2]~;@[#6X4;r5:3],408.92930761718753,103.7991293073033,5
[#6X4;r6:1]~;@[#6X4;r6:2]~[#8X2;!r3;!r4;!r5;!r6;!r7;!r8:3],697.0039897460938,106.96505176119845,5
[#6X4;!r3;!r4;!r5;!r6;!r7;!r8:1]~[#7X3;r6:2]~;@[#6X4;r6:3],408.52754504394534,107.61781294017656,5
[#6X2;!r3;!r4;!r5;!r6;!r7;!r8:1]~[#6X3;r6:2]~;@[#6X3;r6:3],395.3452253417969,121.33760026560284,5
[#6X4;!r3;!r4;!r5;!r6;!r7;!r8:1]~[#6X3;r6:2]~;@[#7X2;r6:3],602.4217508544922,122.85480384631612,5
[#6X3;r5:1]~;@[#7X3;r5:2]~[#6X3;r6:3],450.1618436279297,115.93151919791609,5
[#1X1;!r3;!r4;!r5;!r6;!r7;!r8:1]~[#6X4;r6:2]~;@[#6X3;r5:3],429.8607354736328,106.21839597170016,5
[#6X3;r6:1]~[#6X3;r5:2]~;@[#7X2;r5:3],420.4445009765625,121.90533924979263,5
[#16X2;r5:1]~;@[#6X3;r5:2]~[#1X1;!r3;!r4;!r5;!r6;!r7;!r8:3],223.81477597045898,112.4910777808998,5
[#6X4;r6:1]~;@[#6X3;r6:2]~[#8X1;!r3;!r4;!r5;!r6;!r7;!r8:3],645.7344121093751,141.3936448010232,5
[#6X3;r5:1]~;@[#6X3;r5:2]~[#8X1;!r3;!r4;!r5;!r6;!r7;!r8:3],613.6058555908203,137.52771674966098,5
[#6X4;!r3;!r4;!r5;!r6;!r7;!r8:1]~[#6X3;r5:2]~;@[#7X3;r5:3],353.0240104370117,117.75138212113096,5
[#1X1;!r3;!r4;!r5;!r6;!r7;!r8:1]~[#7X3;r6:2]~;@[#6X4;r6:3],222.26834439086915,105.67035525307668,5
[#16X2;!r3;!r4;!r5;!r6;!r7;!r8:1]~[#6X3;r6:2]~;@[#6X3;r6:3],385.39880853271484,122.32415278931948,5
[#6X4;r5:1]~;@[#6X3;r5:2]~[#8X1;!r3;!r4;!r5;!r6;!r7;!r8:3],560.1921184082031,142.36496600289072,5
[#6X3;r6:1]~;@[#6X3;r6:2]~[#6X4;r6:3],412.31217657470705,122.42312223039296,5
[#6X3;r6:1]~;@[#6X3;r6:2]~[#7X3;r6:3],498.4211706542969,122.48216238557856,5
[#6X3;r5:1]~;@[#6X3;r5:2]~[#7X3;!r3;!r4;!r5;!r6;!r7;!r8:3],542.3998397216797,125.0130616617701,5
[#6X3;r5:1]~;@[#6X3;r5:2]~[#6X3;r5:3],373.7726564331055,126.21458755942372,5
[#6X4;r5:1]~;@[#6X4;r5:2]~[#8X2;!r3;!r4;!r5;!r6;!r7;!r8:3],685.9423354492188,109.43269665548651,5
[#6X3;r6:1]~[#7X3;r6:2]~;@[#6X4;r6:3],407.2274508056641,112.54446936964179,5
[#6X3;r6:1]~;@[#6X3;r6:2]~[#7X2;!r3;!r4;!r5;!r6;!r7;!r8:3],390.7152197265625,127.09471207549323,5
[#7X2;r5:1]~;@[#6X3;r5:2]~[#7X3;!r3;!r4;!r5;!r6;!r7;!r8:3],729.2659776611329,123.50348057217056,5
[#6X3;r6:1]~;@[#6X4;r6:2]~[#6X4;!r3;!r4;!r5;!r6;!r7;!r8:3],491.8310322875977,108.15961769608784,5
[#6X4;r6:1]~;@[#6X4;r6:2]~[#7X3;!r3;!r4;!r5;!r6;!r7;!r8:3],678.3326599121094,107.98385643817589,5
[#6X3;!r3;!r4;!r5;!r6;!r7;!r8:1]~[#7X3;r6:2]~;@[#6X4;r6:3],403.08737463378907,110.84976966296739,5
[#1X1;!r3;!r4;!r5;!r6;!r7;!r8:1]~[#6X3;r6:2]~;@[#7X3;r6:3],353.17110418701174,113.93730886594746,5
[#6X3;r5:1]~;@[#6X4;r5:2]~[#6X4;!r3;!r4;!r5;!r6;!r7;!r8:3],455.7280077514649,109.88423363132688,5
[#1X1;!r3;!r4;!r5;!r6;!r7;!r8:1]~[#6X3;r6:2]~;@[#6X4;r6:3],282.0028513183594,110.2224441084584,5
[#6X3;r6:1]~;@[#6X3;r6:2]~[#6X4;r5:3],413.18114056396485,121.44895966983073,5
[#6X4;!r3;!r4;!r5;!r6;!r7;!r8:1]~[#7X3;r5:2]~;@[#7X2;r5:3],525.3078524169922,110.08573104203143,5
[#6X3;r6:1]~[#6X3;r6:2]~;@[#7X2;r6:3],553.3066114501953,123.08166174940891,5
[#16X2;r5:1]~;@[#6X4;r5:2]~[#1X1;!r3;!r4;!r5;!r6;!r7;!r8:3],384.7093704223633,104.86358696869311,5
[#1X1;!r3;!r4;!r5;!r6;!r7;!r8:1]~[#7X3;r5:2]~;@[#6X4;r5:3],259.21118869018557,107.72434340066125,5
[#6X4;!r3;!r4;!r5;!r6;!r7;!r8:1]~[#6X4;r3:2]~;@[#6X4;r3:3],463.51953942871097,120.35571959127849,5
[#7X2;r6:1]~;@[#6X3;r6:2]~[#8X2;!r3;!r4;!r5;!r6;!r7;!r8:3],748.041307373047,123.6009337112483,5
[#6X3;!r3;!r4;!r5;!r6;!r7;!r8:1]~[#6X4;r6:2]~;@[#6X4;r6:3],485.99136572265627,104.88298470593595,5
[#6X4;!r3;!r4;!r5;!r6;!r7;!r8:1]~[#6X4;r5:2]~;@[#8X2;r5:3],680.2091905517578,107.59241829684245,5
[#1X1;!r3;!r4;!r5;!r6;!r7;!r8:1]~[#6X4;r7:2]~;@[#7X3;r7:3],475.23104931640626,106.06989399876575,5
[#1X1;!r3;!r4;!r5;!r6;!r7;!r8:1]~[#6X3;r5:2]~;@[#8X2;r5:3],288.5110474853516,103.77508704142487,5
[#1X1;!r3;!r4;!r5;!r6;!r7;!r8:1]~[#6X4;r4:2]~;@[#7X3;r4:3],446.5494598999024,112.84316720242478,5
[#1X1;!r3;!r4;!r5;!r6;!r7;!r8:1]~[#7X3;r5:2]~;@[#7X2;r5:3],376.6971661987305,104.53069037873587,5
[#6X3;r6:1]~[#6X3;r5:2]~;@[#7X3;r5:3],365.2970813598633,116.79474582597898,5
[#6X3;!r3;!r4;!r5;!r6;!r7;!r8:1]~[#7X3;r5:2]~;@[#6X4;r5:3],416.9269237670899,113.87098772910664,5
[#6X4;!r3;!r4;!r5;!r6;!r7;!r8:1]~[#7X3;r5:2]~;@[#6X4;r5:3],372.97324914550785,109.32077717574667,5
[#6X4;!r3;!r4;!r5;!r6;!r7;!r8:1]~[#6X3;r5:2]~;@[#8X2;r5:3],415.9633767089844,109.3865040861297,5
[#6X3;r6:1]~[#6X4;r6:2]~;@[#6X4;r6:3],521.8615237426758,107.0501354276893,5
[#6X3;!r3;!r4;!r5;!r6;!r7;!r8:1]~[#6X4;r5:2]~;@[#6X4;r5:3],449.03556134033204,106.74841182110399,5
[#1X1;!r3;!r4;!r5;!r6;!r7;!r8:1]~[#6X4;r5:2]~;@[#6X4;r6:3],395.43042352294924,105.50804946782966,5
[#6X4;!r3;!r4;!r5;!r6;!r7;!r8:1]~[#6X4;r6:2]~;@[#8X2;r6:3],687.7605137939454,105.41213995150434,5
[#16X2;r5:1]~;@[#6X3;r5:2]~[#6X3;!r3;!r4;!r5;!r6;!r7;!r8:3],90.74134591674805,108.14562263847847,-1
[#16X2;r6:1]~;@[#6X4;r6:2]~[#1X1;!r3;!r4;!r5;!r6;!r7;!r8:3],379.9949327392578,102.40918581120572,5
[#16X2;r5:1]~;@[#6X3;r5:2]~[#6X4;!r3;!r4;!r5;!r6;!r7;!r8:3],320.18025524902345,113.72689122818689,5
[#6X3;r6:1]~[#7X3;r5:2]~;@[#7X2;r5:3],539.3693509521485,110.02231273558786,5
[#6X3;r5:1]~;@[#6X3;r6:2]~[#8X1;!r3;!r4;!r5;!r6;!r7;!r8:3],568.2638879394532,142.04107843244873,5
[#6X3;r5:1]~[#6X3;r5:2]~;@[#7X2;r5:3],427.1894899902344,120.60805409997543,5
[#16X2;r5:1]~;@[#6X3;r5:2]~[#7X3;!r3;!r4;!r5;!r6;!r7;!r8:3],338.7461168212891,114.03539721261802,5
[#6X4;!r3;!r4;!r5;!r6;!r7;!r8:1]~[#6X4;r6:2]~;@[#7X3;r6:3],676.2688784179687,107.634663016859,5
[#6X3;!r3;!r4;!r5;!r6;!r7;!r8:1]~[#6X3;r5:2]~;@[#7X2;r5:3],487.67646380615236,121.24731882515361,5
[#53X1;!r3;!r4;!r5;!r6;!r7;!r8:1]~[#6X3;r6:2]~;@[#6X3;r6:3],323.3853540039063,109.68109014503236,5
[#8X1;!r3;!r4;!r5;!r6;!r7;!r8:1]~[#6X3;r5:2]~;@[#8X2;r5:3],574.1611726074219,137.82312243126404,5
[#6X3;!r3;!r4;!r5;!r6;!r7;!r8:1]~[#6X3;r5:2]~;@[#7X3;r5:3],388.8763563232422,119.17555852534866,5
[#16X2;!r3;!r4;!r5;!r6;!r7;!r8:1]~[#6X3;r6:2]~;@[#7X2;r6:3],465.1340274047852,125.53823490705238,5
[#17X1;!r3;!r4;!r5;!r6;!r7;!r8:1]~[#6X3;r5:2]~;@[#6X3;r5:3],335.8419090576172,118.51241545883212,5
[#6X3;r5:1]~;@[#6X3;r5:2]~[#8X2;!r3;!r4;!r5;!r6;!r7;!r8:3],493.2785394897461,121.87428920982576,5
[#6X3;r5:1]~[#6X3;r6:2]~;@[#7X2;r6:3],570.3310531005859,122.61372548937135,5
[#1X1;!r3;!r4;!r5;!r6;!r7;!r8:1]~[#6X4;r7:2]~;@[#6X3;r6:3],410.55081829833983,106.52765327694,5
[#1X1;!r3;!r4;!r5;!r6;!r7;!r8:1]~[#6X4;r6:2]~;@[#7X3;r5:3],517.2070344238282,104.11334532988057,5
[#6X4;r5:1]~;@[#6X4;r5:2]~[#7X3;!r3;!r4;!r5;!r6;!r7;!r8:3],676.2831153564454,110.52342322442418,5
[#6X4;!r3;!r4;!r5;!r6;!r7;!r8:1]~[#6X4;r5:2]~;@[#7X3;r5:3],688.3449305419922,110.16436017975661,5
[#6X3;r5:1]~;@[#6X3;r6:2]~[#7X3;!r3;!r4;!r5;!r6;!r7;!r8:3],565.1525103759766,124.60874178366203,5
[#6X3;r6:1]~[#7X3;r5:2]~;@[#6X4;r5:3],466.7895024414063,115.86817602355339,5
[#6X3;!r3;!r4;!r5;!r6;!r7;!r8:1]~[#6X3;r6:2]~;@[#7X2;r6:3],539.3948880615235,121.473999143328,5
[#1X1;!r3;!r4;!r5;!r6;!r7;!r8:1]~[#7X3;r5:2]~;@[#7X3;r5:3],274.33846252441407,97.07209648432526,5
[#6X3;r6:1]~;@[#7X3;r6:2]~[#6X3;r6:3],515.9793698120118,115.11024359173541,5
[#1X1;!r3;!r4;!r5;!r6;!r7;!r8:1]~[#6X4;r7:2]~;@[#6X3;r7:3],412.2671035766602,105.79843496039275,5
[#16X2;!r3;!r4;!r5;!r6;!r7;!r8:1]~[#6X3;r5:2]~;@[#7X2;r5:3],445.0959833984375,122.30659920315254,5
[#6X3;r6:1]~[#6X3;r5:2]~;@[#8X2;r5:3],368.3937431640625,107.04160452141595,5
[#1X1;!r3;!r4;!r5;!r6;!r7;!r8:1]~[#6X4;r5:2]~;@[#7X2;r5:3],456.47659619140626,107.88559050658692,5
[#6X3;!r3;!r4;!r5;!r6;!r7;!r8:1]~[#6X3;r5:2]~;@[#8X2;r5:3],547.8415423583984,114.95573105233139,5
[#16X2;r5:1]~;@[#6X3;r5:2]~[#6X3;r6:3],299.54748388671874,112.3543920352295,5
[#7X3;!r3;!r4;!r5;!r6;!r7;!r8:1]~[#6X3;r5:2]~;@[#7X3;r5:3],423.11692755126955,116.0868786807772,5
[#7X2;r6:1]~;@[#6X3;r6:2]~[#7X3;r6:3],661.103666015625,127.6694724941498,5
[#1X1;!r3;!r4;!r5;!r6;!r7;!r8:1]~[#6X3;r5:2]~;@[#6X4;r5:3],316.4980594482422,113.92168822331564,5
[#6X2;!r3;!r4;!r5;!r6;!r7;!r8:1]~[#6X3;r5:2]~;@[#6X3;r5:3],353.5378489990234,125.570118230098,5
[#6X3;!r3;!r4;!r5;!r6;!r7;!r8:1]~[#6X4;r3:2]~;@[#6X4;r3:3],379.9018180541992,119.49641349179919,5
[#6X3;r6:1]~[#6X4;r5:2]~;@[#6X4;r5:3],523.5722227783203,110.05903866275501,5
[#17X1;!r3;!r4;!r5;!r6;!r7;!r8:1]~[#6X3;r6:2]~;@[#7X2;r6:3],505.8864976806641,120.6354158377905,5
[#6X4;r6:1]~;@[#6X4;r6:2]~[#9X1;!r3;!r4;!r5;!r6;!r7;!r8:3],606.4644667968751,102.16731515231722,5
[#1X1;!r3;!r4;!r5;!r6;!r7;!r8:1]~[#6X3;r7:2]~;@[#6X3;r7:3],289.0381653442383,129.1669231677834,5
[#16X1;!r3;!r4;!r5;!r6;!r7;!r8:1]~[#6X3;r5:2]~;@[#7X3;r5:3],554.5129844970703,136.4634093524329,5
[#6X3;!r3;!r4;!r5;!r6;!r7;!r8:1]~[#7X3;r5:2]~;@[#6X3;r5:3],453.14658905029296,113.98830305829078,5
[#6X3;r6:1]~;@[#6X4;r6:2]~[#8X2;!r3;!r4;!r5;!r6;!r7;!r8:3],705.2379837646484,108.78499664668337,5
[#6X3;!r3;!r4;!r5;!r6;!r7;!r8:1]~[#6X3;r6:2]~;@[#6X4;r6:3],62.355001396179205,180.00000500895632,-1
[#1X1;!r3;!r4;!r5;!r6;!r7;!r8:1]~[#6X3;r6:2]~;@[#7X3;r5:3],359.47385430908207,108.86182261446767,5
[#1X1;!r3;!r4;!r5;!r6;!r7;!r8:1]~[#6X4;r8:2]~;@[#6X4;r8:3],393.5706516113281,109.76015641486443,5
[#7X2;r6:1]~;@[#6X3;r6:2]~[#7X3;r5:3],789.1887409667969,121.26566471326427,5
[#6X3;r5:1]~;@[#6X3;r6:2]~[#6X4;!r3;!r4;!r5;!r6;!r7;!r8:3],382.28494110107425,120.39314902793015,5
[#6X4;!r3;!r4;!r5;!r6;!r7;!r8:1]~[#6X4;r4:2]~;@[#6X4;r4:3],458.5612542724609,116.19863423597694,5
[#6X3;r6:1]~[#6X4;r3:2]~;@[#6X4;r3:3],411.39386212158206,119.68028218425593,5
[#1X1;!r3;!r4;!r5;!r6;!r7;!r8:1]~[#6X4;r3:2]~;@[#7X3;r3:3],412.6044168701172,115.74887993950995,5
[#1X1;!r3;!r4;!r5;!r6;!r7;!r8:1]~[#6X4;r5:2]~;@[#6X4;r3:3],384.64664489746093,106.79196110725198,5
[#7X2;r6:1]~;@[#6X3;r6:2]~[#8X1;!r3;!r4;!r5;!r6;!r7;!r8:3],679.2244796142578,141.69144104883577,5
[#1X1;!r3;!r4;!r5;!r6;!r7;!r8:1]~[#6X4;r3:2]~;@[#8X2;r3:3],487.803957824707,116.54279380787555,5
[#6X3;r5:1]~;@[#6X3;r6:2]~[#8X2;!r3;!r4;!r5;!r6;!r7;!r8:3],521.3939073486329,118.19567226626195,5
[#8X1;!r3;!r4;!r5;!r6;!r7;!r8:1]~[#6X3;r6:2]~;@[#8X2;r6:3],638.3393121337891,140.7154616579543,5
[#6X3;r5:1]~[#6X4;r6:2]~;@[#6X4;r6:3],561.4312427978516,107.41951205800359,5
[#1X1;!r3;!r4;!r5;!r6;!r7;!r8:1]~[#6X4;r6:2]~;@[#7X4;r6:3],468.9910247192383,100.35900207898884,5
[#6X4;!r3;!r4;!r5;!r6;!r7;!r8:1]~[#6X3;r6:2]~;@[#7X3;r6:3],358.0845397949219,111.60107681129045,5
[#16X2;r5:1]~;@[#6X3;r5:2]~[#6X3;r5:3],336.4028955078125,116.54899561964191,5
[#6X3;r5:1]~[#6X3;r5:2]~;@[#7X3;r5:3],431.56150695800784,118.9752973788839,5
[#6X3;r6:1]~;@[#6X3;r6:2]~[#6X4;r3:3],431.72401873779296,122.44168668455706,5
[#35X1;!r3;!r4;!r5;!r6;!r7;!r8:1]~[#6X3;r5:2]~;@[#6X3;r5:3],307.87002783203127,119.06776447986752,5
[#1X1;!r3;!r4;!r5;!r6;!r7;!r8:1]~[#6X4;r7:2]~;@[#6X3;r5:3],431.8256564331055,107.59844252369041,5
[#1X1;!r3;!r4;!r5;!r6;!r7;!r8:1]~[#6X4;r5:2]~;@[#6X3;r6:3],336.9951329956055,104.99730841226362,5
[#6X4;r3:1]~;@[#6X4;r3:2]~[#7X3;!r3;!r4;!r5;!r6;!r7;!r8:3],548.582629272461,118.75533796685279,5
[#7X2;!r3;!r4;!r5;!r6;!r7;!r8:1]~[#6X3;r5:2]~;@[#7X3;r5:3],521.4618999023438,129.78765075955417,5
[#16X1;!r3;!r4;!r5;!r6;!r7;!r8:1]~[#6X3;r6:2]~;@[#7X3;r6:3],648.0586082763672,141.320356871229,5
[#6X3;!r3;!r4;!r5;!r6;!r7;!r8:1]~[#6X3;r5:2]~;@[#6X4;r5:3],129.16686680603027,161.6363037649467,-1
[#16X4;!r3;!r4;!r5;!r6;!r7;!r8:1]~[#6X3;r5:2]~;@[#6X3;r5:3],339.28728009033205,121.26696244920657,5
[#6X3;r5:1]~;@[#6X3;r5:2]~[#7X2;!r3;!r4;!r5;!r6;!r7;!r8:3],318.49662554931643,131.04161884965512,5
[#6X3;r6:1]~;@[#7X3;r6:2]~[#8X1;!r3;!r4;!r5;!r6;!r7;!r8:3],757.8379171142578,121.52976080771198,5
[#6X3;r5:1]~;@[#6X4;r5:2]~[#8X2;!r3;!r4;!r5;!r6;!r7;!r8:3],732.8161466064454,109.86203551652433,5
[#17X1;!r3;!r4;!r5;!r6;!r7;!r8:1]~[#6X4;r5:2]~;@[#6X4;r5:3],530.7640473632813,107.08398584521588,5
[#6X4;r6:1]~;@[#6X4;r6:2]~[#7X3;r5:3],675.0349252929688,105.7687714488274,5
[#6X4;r5:1]~;@[#16X4;r5:2]~[#8X1;!r3;!r4;!r5;!r6;!r7;!r8:3],530.8339552001953,140.84300861051514,5
[#6X3;r6:1]~[#6X4;r5:2]~;@[#7X3;r5:3],671.9133328857422,109.79443713430872,5
[#7X3;!r3;!r4;!r5;!r6;!r7;!r8:1]~[#6X3;r6:2]~;@[#7X3;r6:3],573.7745407714845,121.62015153118793,5
[#6X3;r6:1]~;@[#6X4;r6:2]~[#6X3;r6:3],493.26889923095706,108.78488053346747,5
[#6X3;!r3;!r4;!r5;!r6;!r7;!r8:1]~[#6X4;r5:2]~;@[#7X3;r5:3],598.0523514404297,106.61899339671058,5
[#6X4;r6:1]~;@[#16X4;r6:2]~[#8X1;!r3;!r4;!r5;!r6;!r7;!r8:3],610.3810932617188,130.28234770075983,5
[#6X3;r5:1]~[#6X4;r3:2]~;@[#6X4;r3:3],438.0630634765625,119.85064076253438,5
[#1X1;!r3;!r4;!r5;!r6;!r7;!r8:1]~[#6X4;r7:2]~;@[#8X2;r7:3],497.1967939453125,105.19771299270097,5
[#1X1;!r3;!r4;!r5;!r6;!r7;!r8:1]~[#7X3;r6:2]~;@[#6X3;r5:3],353.57481396484377,115.5079108655919,5
[#16X2;!r3;!r4;!r5;!r6;!r7;!r8:1]~[#6X3;r5:2]~;@[#7X3;r5:3],265.5554046936035,115.52780037645498,5
[#6X3;r5:1]~[#6X3;r5:2]~;@[#8X2;r5:3],441.94684283447265,108.85305948176254,5
[#6X3;r5:1]~[#7X3;r6:2]~;@[#6X4;r6:3],419.7404747924805,111.12235568255343,5
[#16X4;r5:1]~;@[#6X4;r5:2]~[#1X1;!r3;!r4;!r5;!r6;!r7;!r8:3],397.9401467895508,104.4735353557612,5
[#6X4;!r3;!r4;!r5;!r6;!r7;!r8:1]~[#6X3;r6:2]~;@[#6X4;r6:3],397.87707012939455,111.58915130099962,5
[#16X4;!r3;!r4;!r5;!r6;!r7;!r8:1]~[#7X3;r6:2]~;@[#6X4;r6:3],270.8113408203125,99.49489435652302,5
[#16X2;!r3;!r4;!r5;!r6;!r7;!r8:1]~[#6X3;r5:2]~;@[#6X3;r5:3],285.31699353027346,124.45223482902036,5
[#16X4;r6:1]~;@[#6X4;r6:2]~[#1X1;!r3;!r4;!r5;!r6;!r7;!r8:3],391.97419921875,102.0994435625348,5
[#1X1;!r3;!r4;!r5;!r6;!r7;!r8:1]~[#6X4;r6:2]~;@[#6X4;r3:3],394.22864715576173,103.66994310934169,5
[#16X3;!r3;!r4;!r5;!r6;!r7;!r8:1]~[#6X3;r6:2]~;@[#6X3;r6:3],389.43178845214845,116.64359373964659,5
[#6X3;r5:1]~;@[#7X3;r5:2]~[#6X3;r5:3],464.8259541015625,116.39658677850225,5
[#6X3;r5:1]~;@[#16X4;r5:2]~[#8X1;!r3;!r4;!r5;!r6;!r7;!r8:3],503.07288281250004,143.78576829365844,5
[#7X3;r7:1]~;@[#6X3;r7:2]~[#8X1;!r3;!r4;!r5;!r6;!r7;!r8:3],912.1667132568359,133.98877717462395,5
[#6X3;r5:1]~;@[#6X3;r5:2]~[#6X4;r6:3],391.6243408203125,126.75995084389257,5
[#7X3;r5:1]~;@[#6X3;r6:2]~[#8X1;!r3;!r4;!r5;!r6;!r7;!r8:3],712.8395512695313,138.56027742762683,5
[#6X4;r4:1]~;@[#6X4;r4:2]~[#9X1;!r3;!r4;!r5;!r6;!r7;!r8:3],548.801673828125,112.17981240004397,5
[#7X3;!r3;!r4;!r5;!r6;!r7;!r8:1]~[#6X3;r5:2]~;@[#8X2;r5:3],514.6120491333008,109.79710773827419,5
[#7X2;r5:1]~;@[#6X3;r5:2]~[#8X2;!r3;!r4;!r5;!r6;!r7;!r8:3],594.3983103027344,120.78503796174881,5
[#6X3;r5:1]~;@[#7X3;r5:2]~[#6X4;r6:3],440.53202313232424,114.78138364357764,5
[#6X3;!r3;!r4;!r5;!r6;!r7;!r8:1]~[#6X4;r6:2]~;@[#6X3;r6:3],485.14362945556644,106.64872521016765,5
[#1X1;!r3;!r4;!r5;!r6;!r7;!r8:1]~[#6X4;r4:2]~;@[#8X2;r4:3],495.28326641845706,111.99449570748318,5
[#6X4;r4:1]~;@[#6X4;r4:2]~[#8X2;!r3;!r4;!r5;!r6;!r7;!r8:3],601.3917753906251,113.66501654449574,5
[#7X3;r5:1]~;@[#6X3;r5:2]~[#8X2;!r3;!r4;!r5;!r6;!r7;!r8:3],460.6193856811524,107.68833464335695,5
[#1X1;!r3;!r4;!r5;!r6;!r7;!r8:1]~[#6X4;r6:2]~;@[#7X2;r6:3],434.38064422607425,107.84924023982411,5
[#6X3;r5:1]~;@[#6X4;r5:2]~[#6X3;r6:3],535.6150766601563,109.27881249348611,5
[#16X2;r5:1]~;@[#6X3;r5:2]~[#7X2;!r3;!r4;!r5;!r6;!r7;!r8:3],279.7288355712891,125.41023716200634,5
[#6X3;r6:1]~[#6X4;r6:2]~;@[#7X3;r6:3],646.625721069336,107.57178429535985,5
[#7X3;r6:1]~;@[#16X4;r6:2]~[#8X1;!r3;!r4;!r5;!r6;!r7;!r8:3],706.3960278320312,125.76211484766706,5
[#16X2;r5:1]~;@[#6X4;r5:2]~[#6X4;!r3;!r4;!r5;!r6;!r7;!r8:3],601.6034780273437,108.03413346065635,5
[#6X3;r5:1]~;@[#7X3;r5:2]~[#6X4;r5:3],411.3756988525391,117.10385286705707,5
[#6X4;r5:1]~;@[#6X4;r5:2]~[#9X1;!r3;!r4;!r5;!r6;!r7;!r8:3],709.6045102539063,106.92672073957634,5
[#6X3;r5:1]~[#6X4;r5:2]~;@[#6X4;r5:3],548.6620496826172,110.09503375968099,5
[#1X1;!r3;!r4;!r5;!r6;!r7;!r8:1]~[#7X3;r7:2]~;@[#6X4;r7:3],281.44042840576174,108.27551917611378,5
[#16X2;!r3;!r4;!r5;!r6;!r7;!r8:1]~[#6X3;r5:2]~;@[#16X2;r5:3],280.8617575073242,110.34844743826679,5
[#6X2;!r3;!r4;!r5;!r6;!r7;!r8:1]~[#6X3;r6:2]~;@[#7X2;r6:3],487.27058337402343,120.65235470693214,5
[#6X3;r5:1]~;@[#6X3;r6:2]~[#6X3;r6:3],289.6576956176758,117.548020068783,5
[#6X3;!r3;!r4;!r5;!r6;!r7;!r8:1]~[#7X3;r6:2]~;@[#6X3;r6:3],511.98143957519534,113.87753788052068,5
[#6X4;r4:1]~;@[#6X4;r4:2]~[#7X3;!r3;!r4;!r5;!r6;!r7;!r8:3],590.9406495361328,115.0224893212791,5
[#15X4;!r3;!r4;!r5;!r6;!r7;!r8:1]~[#6X3;r6:2]~;@[#6X3;r6:3],270.97602325439453,118.23379838220896,5
[#6X2;!r3;!r4;!r5;!r6;!r7;!r8:1]~[#6X4;r6:2]~;@[#6X4;r6:3],522.5102940063476,106.40899923067855,5
[#1X1;!r3;!r4;!r5;!r6;!r7;!r8:1]~[#6X4;r4:2]~;@[#6X3;r4:3],339.78716900634765,114.15084790015874,5
[#6X3;r6:1]~;@[#16X4;r6:2]~[#8X1;!r3;!r4;!r5;!r6;!r7;!r8:3],509.9604008178711,134.92885709122783,5
[#6X3;r5:1]~;@[#6X3;r5:2]~[#6X4;r5:3],406.98353948974614,125.2871844739194,5
[#6X3;r5:1]~;@[#7X3;r5:2]~[#7X3;!r3;!r4;!r5;!r6;!r7;!r8:3],509.92707489013674,110.79906233856921,5
[#1X1;!r3;!r4;!r5;!r6;!r7;!r8:1]~[#6X4;r3:2]~;@[#6X4;r5:3],169.40951263427735,122.70249062782483,5
[#6X4;r5:1]~;@[#6X4;r5:2]~[#7X3;r5:3],671.0154481201172,108.53375496825362,5
[#17X1;!r3;!r4;!r5;!r6;!r7;!r8:1]~[#6X4;r6:2]~;@[#6X4;r6:3],634.300362915039,105.30019315100785,5
[#1X1;!r3;!r4;!r5;!r6;!r7;!r8:1]~[#7X3;r7:2]~;@[#6X3;r6:3],395.87135363769534,115.17157869048212,5
[#7X2;!r3;!r4;!r5;!r6;!r7;!r8:1]~[#6X3;r6:2]~;@[#7X3;r6:3],667.8530601806641,136.61857758999727,5
[#6X3;!r3;!r4;!r5;!r6;!r7;!r8:1]~[#6X4;r5:2]~;@[#6X3;r5:3],451.72445935058596,108.23564453173924,5
[#6X4;r5:1]~;@[#6X3;r6:2]~[#8X1;!r3;!r4;!r5;!r6;!r7;!r8:3],573.6995893554688,143.85270414752458,5
[#1X1;!r3;!r4;!r5;!r6;!r7;!r8:1]~[#6X4;r7:2]~;@[#7X3;r5:3],483.4225559692383,104.81188243667611,5
[#1X1;!r3;!r4;!r5;!r6;!r7;!r8:1]~[#7X3;r7:2]~;@[#6X3;r7:3],364.7916700439453,112.96932762658409,5
[#17X1;!r3;!r4;!r5;!r6;!r7;!r8:1]~[#6X3;r6:2]~;@[#6X3;r5:3],378.73467639160157,113.20263322825338,5
[#6X4;!r3;!r4;!r5;!r6;!r7;!r8:1]~[#7X4;r6:2]~;@[#6X4;r6:3],617.4934335937501,115.72799322102804,5
[#16X4;!r3;!r4;!r5;!r6;!r7;!r8:1]~[#7X3;r5:2]~;@[#6X3;r5:3],465.14606176757815,114.52573649313324,5
[#6X4;!r3;!r4;!r5;!r6;!r7;!r8:1]~[#6X3;r5:2]~;@[#6X4;r5:3],432.3185545654297,118.83780567089153,5
[#6X3;r6:1]~;@[#6X3;r6:2]~[#6X3;r7:3],457.51815911865236,121.84481011336798,5
[#7X3;r5:1]~;@[#16X4;r5:2]~[#8X1;!r3;!r4;!r5;!r6;!r7;!r8:3],705.346197265625,131.6282501370892,5
[#6X3;r6:1]~;@[#7X3;r6:2]~[#8X2;!r3;!r4;!r5;!r6;!r7;!r8:3],593.1958316650391,109.18485641126343,5
[#1X1;!r3;!r4;!r5;!r6;!r7;!r8:1]~[#6X4;r5:2]~;@[#7X4;r5:3],482.6058472900391,103.28190640221493,5
[#6X4;r7:1]~;@[#6X3;r7:2]~[#8X1;!r3;!r4;!r5;!r6;!r7;!r8:3],580.3168289794922,138.89768877262546,5
[#6X3;r5:1]~;@[#7X3;r6:2]~[#6X4;!r3;!r4;!r5;!r6;!r7;!r8:3],390.6763394775391,115.70994786124088,5
[#8X2;!r3;!r4;!r5;!r6;!r7;!r8:1]~[#6X4;r6:2]~;@[#8X2;r6:3],937.4825435791016,108.56896459342504,5
[#1X1;!r3;!r4;!r5;!r6;!r7;!r8:1]~[#6X4;r7:2]~;@[#6X4;r5:3],394.564907043457,104.69776363602355,5
[#6X4;r6:1]~[#6X3;r5:2]~;@[#7X2;r5:3],446.3708278198242,122.68990941937366,5
[#6X3;!r3;!r4;!r5;!r6;!r7;!r8:1]~[#7X3;r5:2]~;@[#7X2;r5:3],544.8744494628907,108.4623999819945,5
[#16X2;r5:1]~;@[#6X3;r5:2]~[#8X1;!r3;!r4;!r5;!r6;!r7;!r8:3],491.3587872924805,137.41130300544728,5
[#16X2;r5:1]~;@[#6X3;r5:2]~[#17X1;!r3;!r4;!r5;!r6;!r7;!r8:3],323.65461090087894,106.2111901221258,5
[#16X2;r5:1]~;@[#6X3;r5:2]~[#16X4;!r3;!r4;!r5;!r6;!r7;!r8:3],336.40107598876955,116.25604880614007,5
[#6X4;!r3;!r4;!r5;!r6;!r7;!r8:1]~[#6X4;r3:2]~;@[#8X2;r3:3],648.6927585449218,119.12948206920775,5
[#6X3;!r3;!r4;!r5;!r6;!r7;!r8:1]~[#6X3;r6:2]~;@[#6X3;r5:3],353.9286306152344,119.22417581186082,5
[#6X3;r5:1]~;@[#6X3;r5:2]~[#7X3;r5:3],421.08711041259767,119.46612843301935,5
[#6X4;!r3;!r4;!r5;!r6;!r7;!r8:1]~[#7X3;r6:2]~;@[#7X2;r6:3],514.5582935180664,114.21706658416201,5
[#6X4;r6:1]~;@[#6X3;r6:2]~[#7X2;!r3;!r4;!r5;!r6;!r7;!r8:3],329.20194140625,154.69655836064695,-1
[#6X3;r6:1]~[#6X3;r6:2]~;@[#7X3;r6:3],495.74883984375003,115.11189649751455,5
[#6X4;r6:1]~;@[#6X4;r6:2]~[#7X3;r6:3],643.6858251953125,106.01596282507933,5
[#7X2;r5:1]~;@[#6X3;r5:2]~[#7X3;r5:3],611.9656070556641,118.35690571180928,5
[#6X3;!r3;!r4;!r5;!r6;!r7;!r8:1]~[#7X3;r4:2]~;@[#6X4;r4:3],391.90253570556644,119.93955616514961,5
[#6X4;!r3;!r4;!r5;!r6;!r7;!r8:1]~[#7X3;r7:2]~;@[#6X4;r7:3],421.0962080078125,109.664725011781,5
[#16X1;!r3;!r4;!r5;!r6;!r7;!r8:1]~[#6X3;r5:2]~;@[#16X2;r5:3],423.4947490844727,132.4407284596189,5
[#6X3;r6:1]~;@[#6X3;r6:2]~[#6X4;r4:3],411.64869055175785,122.65163303926491,5
[#6X3;r6:1]~[#6X4;r4:2]~;@[#6X4;r4:3],477.96262622070316,116.82042733725822,5
[#6X4;!r3;!r4;!r5;!r6;!r7;!r8:1]~[#6X4;r7:2]~;@[#6X4;r7:3],578.5549599609375,109.61528810256846,5
[#6X3;r6:1]~[#6X3;r6:2]~;@[#6X4;r6:3],365.098147277832,110.70195070894998,5
[#6X3;!r3;!r4;!r5;!r6;!r7;!r8:1]~[#6X3;r6:2]~;@[#7X3;r6:3],787.8471489257813,122.62776835830489,5
[#7X2;!r3;!r4;!r5;!r6;!r7;!r8:1]~[#6X3;r6:2]~;@[#7X2;r6:3],488.37238195800785,130.29166407878773,5
[#1X1;!r3;!r4;!r5;!r6;!r7;!r8:1]~[#6X4;r5:2]~;@[#6X4;r4:3],374.8724439697266,106.73067381982946,5
[#6X3;r6:1]~[#6X4;r6:2]~;@[#8X2;r6:3],672.993169555664,105.62665570276694,5
[#6X2;!r3;!r4;!r5;!r6;!r7;!r8:1]~[#6X4;r5:2]~;@[#6X4;r5:3],492.40149938964845,108.839699631746,5
[#1X1;!r3;!r4;!r5;!r6;!r7;!r8:1]~[#6X4;r7:2]~;@[#7X2;r7:3],469.4260174560547,107.08093958084605,5
[#6X4;r4:1]~;@[#6X3;r4:2]~[#8X1;!r3;!r4;!r5;!r6;!r7;!r8:3],452.49485009765624,148.7104849493994,5
[#7X2;r5:1]~;@[#6X3;r5:2]~[#8X1;!r3;!r4;!r5;!r6;!r7;!r8:3],577.8803333740235,142.41788630858,5
[#7X2;r5:1]~;@[#6X3;r5:2]~[#7X3;r6:3],606.0301444091797,122.48785876334635,5
[#8X2;!r3;!r4;!r5;!r6;!r7;!r8:1]~[#6X4;r5:2]~;@[#8X2;r5:3],952.8888901367188,109.68710071150197,5
[#16X2;!r3;!r4;!r5;!r6;!r7;!r8:1]~[#6X4;r6:2]~;@[#6X4;r6:3],515.179866760254,104.65497250087341,5
[#6X3;r6:1]~[#7X3;r4:2]~;@[#6X4;r4:3],421.7068322143555,119.28796977870873,5
[#6X3;r6:1]~;@[#6X4;r6:2]~[#7X3;!r3;!r4;!r5;!r6;!r7;!r8:3],712.6579185791016,109.10843342464015,5
[#6X3;r6:1]~;@[#6X3;r7:2]~[#8X1;!r3;!r4;!r5;!r6;!r7;!r8:3],585.1264243164063,137.72770468855896,5
[#6X3;r6:1]~[#6X4;r5:2]~;@[#8X2;r5:3],649.1539587402344,107.56985135182474,5
[#6X3;r6:1]~[#6X3;r5:2]~;@[#6X4;r5:3],376.9203924560547,121.06254854772642,5
[#1X1;!r3;!r4;!r5;!r6;!r7;!r8:1]~[#6X3;r6:2]~;@[#8X2;r6:3],361.51015148925785,103.37953029602191,5
[#16X2;!r3;!r4;!r5;!r6;!r7;!r8:1]~[#6X3;r6:2]~;@[#7X3;r6:3],401.3466375732422,112.68607285151448,5
[#6X4;r5:1]~;@[#6X3;r5:2]~[#7X2;!r3;!r4;!r5;!r6;!r7;!r8:3],373.77176263427737,138.28963801195425,5
[#1X1;!r3;!r4;!r5;!r6;!r7;!r8:1]~[#7X3;r6:2]~;@[#7X2;r6:3],333.7707218017578,112.02137250186719,5
[#6X3;r5:1]~;@[#7X3;r5:2]~[#8X2;!r3;!r4;!r5;!r6;!r7;!r8:3],449.35037005615237,105.93919149880838,5
[#6X4;r6:1]~;@[#6X4;r6:2]~[#7X2;!r3;!r4;!r5;!r6;!r7;!r8:3],598.4445375976562,107.16808596446624,5
[#6X2;!r3;!r4;!r5;!r6;!r7;!r8:1]~[#6X4;r3:2]~;@[#6X4;r3:3],413.59618243408204,117.01407686060642,5
[#6X3;r5:1]~;@[#6X4;r5:2]~[#7X3;!r3;!r4;!r5;!r6;!r7;!r8:3],792.1512371826173,110.34916460812964,5
[#6X3;r5:1]~;@[#6X4;r6:2]~[#6X4;!r3;!r4;!r5;!r6;!r7;!r8:3],535.5509146728516,108.24176438123557,5
[#7X2;!r3;!r4;!r5;!r6;!r7;!r8:1]~[#6X3;r5:2]~;@[#7X2;r5:3],634.2069609375001,124.31106847925453,5
[#6X4;!r3;!r4;!r5;!r6;!r7;!r8:1]~[#6X4;r5:2]~;@[#6X4;r6:3],575.6074029541015,109.41191238984216,5
[#6X4;!r3;!r4;!r5;!r6;!r7;!r8:1]~[#6X3;r6:2]~;@[#8X2;r6:3],498.2335048217774,106.39574183349954,5
[#6X3;r5:1]~;@[#6X3;r5:2]~[#6X4;r3:3],404.28206445312503,127.61457143360124,5
[#16X2;r7:1]~;@[#6X4;r7:2]~[#1X1;!r3;!r4;!r5;!r6;!r7;!r8:3],380.24538793945317,103.47821286915025,5
[#16X2;r6:1]~;@[#6X4;r6:2]~[#6X4;!r3;!r4;!r5;!r6;!r7;!r8:3],525.1289968872071,105.54062947017063,5
[#16X4;!r3;!r4;!r5;!r6;!r7;!r8:1]~[#7X3;r5:2]~;@[#6X4;r5:3],216.1431889038086,97.63159826037602,5
[#6X4;r6:1]~;@[#7X3;r6:2]~[#6X4;r6:3],428.71597070312504,106.70698672378785,5
[#6X3;r6:1]~[#7X3;r5:2]~;@[#7X3;r5:3],522.7796785888672,110.19960395587388,5
[#6X4;r5:1]~;@[#6X4;r5:2]~[#7X3;r6:3],631.9931489257813,108.29782657394304,5
[#6X3;r6:1]~;@[#7X3;r6:2]~[#6X4;r5:3],422.4261168212891,115.72582122087198,5
[#6X3;r6:1]~;@[#6X3;r6:2]~[#6X4;r7:3],430.9417213134766,122.57316782607981,5
[#6X2;!r3;!r4;!r5;!r6;!r7;!r8:1]~[#6X4;r6:2]~;@[#6X3;r6:3],560.6812817382813,107.63460837534562,5
[#1X1;!r3;!r4;!r5;!r6;!r7;!r8:1]~[#6X3;r6:2]~;@[#6X4;r5:3],280.36040020751955,110.19023976652178,5
[#6X3;r6:1]~;@[#7X3;r6:2]~[#7X3;!r3;!r4;!r5;!r6;!r7;!r8:3],482.8559513549805,109.93714027663779,5
[#6X4;!r3;!r4;!r5;!r6;!r7;!r8:1]~[#6X4;r6:2]~;@[#7X2;r6:3],708.1720061035156,110.20537546572254,5
[#6X3;!r3;!r4;!r5;!r6;!r7;!r8:1]~[#6X4;r4:2]~;@[#6X4;r4:3],411.4310186157227,114.74935005637028,5
[#6X4;!r3;!r4;!r5;!r6;!r7;!r8:1]~[#6X4;r6:2]~;@[#6X4;r5:3],532.9513965454101,107.06099542846962,5
[#7X3;r4:1]~;@[#6X3;r4:2]~[#8X1;!r3;!r4;!r5;!r6;!r7;!r8:3],629.2519317626953,140.6019712347054,5
[#7X2;r6:1]~;@[#6X3;r6:2]~[#9X1;!r3;!r4;!r5;!r6;!r7;!r8:3],591.5524548339844,117.48963561175773,5
[#6X3;r5:1]~;@[#6X3;r6:2]~[#9X1;!r3;!r4;!r5;!r6;!r7;!r8:3],564.5426842041015,112.31137550383676,5
[#6X4;r3:1]~[#6X3;r5:2]~;@[#7X2;r5:3],530.2931430664063,124.27705413718786,5
[#6X4;!r3;!r4;!r5;!r6;!r7;!r8:1]~[#7X3;r5:2]~;@[#7X3;r5:3],419.0141036376953,105.89104549534896,5
[#6X4;r5:1]~[#6X3;r5:2]~;@[#7X2;r5:3],430.12536376953125,121.11205375883068,5
[#6X3;r7:1]~;@[#7X3;r7:2]~[#6X4;!r3;!r4;!r5;!r6;!r7;!r8:3],486.59346691894535,115.97465867271389,5
[#6X4;!r3;!r4;!r5;!r6;!r7;!r8:1]~[#6X3;r6:2]~;@[#7X3;r5:3],446.88651782226566,110.00130990389006,5
[#35X1;!r3;!r4;!r5;!r6;!r7;!r8:1]~[#6X3;r6:2]~;@[#6X3;r5:3],314.758950378418,113.33066512424527,5
[#7X3;!r3;!r4;!r5;!r6;!r7;!r8:1]~[#6X3;r6:2]~;@[#7X3;r5:3],580.0297280273438,117.70373472148096,5
[#6X3;!r3;!r4;!r5;!r6;!r7;!r8:1]~[#6X4;r5:2]~;@[#8X2;r5:3],660.1229771728516,106.19010532815797,5
[#6X3;r5:1]~[#6X4;r5:2]~;@[#7X3;r5:3],702.1636350097657,109.64286840643696,5
[#6X3;!r3;!r4;!r5;!r6;!r7;!r8:1]~[#6X4;r6:2]~;@[#7X3;r6:3],645.1130942382813,104.80426677575156,5
[#1X1;!r3;!r4;!r5;!r6;!r7;!r8:1]~[#6X4;r3:2]~;@[#6X4;r6:3],94.74261991882325,134.4968066450895,-1
[#6X3;r5:1]~;@[#6X3;r5:2]~[#7X3;r6:3],513.5462578735352,122.36816652833105,5
[#6X4;!r3;!r4;!r5;!r6;!r7;!r8:1]~[#7X4;r5:2]~;@[#6X4;r5:3],623.7481739501953,113.51781230750362,5
[#1X1;!r3;!r4;!r5;!r6;!r7;!r8:1]~[#6X4;r6:2]~;@[#6X4;r4:3],410.3477344360352,103.47716785020725,5
[#6X4;r5:1]~;@[#6X4;r6:2]~[#8X2;!r3;!r4;!r5;!r6;!r7;!r8:3],722.2618508300782,107.59788927836765,5
[#17X1;!r3;!r4;!r5;!r6;!r7;!r8:1]~[#6X4;r5:2]~;@[#6X3;r5:3],459.1746237182617,108.67043388373474,5
[#6X3;!r3;!r4;!r5;!r6;!r7;!r8:1]~[#6X4;r6:2]~;@[#8X2;r6:3],626.115208618164,103.49486487034675,5
[#6X4;!r3;!r4;!r5;!r6;!r7;!r8:1]~[#6X4;r5:2]~;@[#7X2;r5:3],604.4484396972656,110.5201174128659,5
[#6X3;r5:1]~[#6X4;r6:2]~;@[#6X3;r6:3],529.326052734375,109.36736589607533,5
[#6X4;r6:1]~;@[#6X3;r6:2]~[#7X3;!r3;!r4;!r5;!r6;!r7;!r8:3],464.28836602783207,118.94872794301254,5
[#17X1;!r3;!r4;!r5;!r6;!r7;!r8:1]~[#6X3;r5:2]~;@[#7X2;r5:3],553.1501966552735,119.28508743887899,5
[#16X2;!r3;!r4;!r5;!r6;!r7;!r8:1]~[#6X4;r5:2]~;@[#6X4;r5:3],539.1037011718751,108.53156930771921,5
[#16X2;r5:1]~;@[#6X3;r5:2]~[#7X3;r5:3],392.00506719970707,107.33022782517318,5
[#6X4;r6:1]~;@[#6X3;r6:2]~[#8X2;!r3;!r4;!r5;!r6;!r7;!r8:3],537.2883957519531,110.55083277356344,5
[#8X2;r5:1]~;@[#6X4;r5:2]~[#9X1;!r3;!r4;!r5;!r6;!r7;!r8:3],898.4306213378907,108.0357180645438,5
[#6X4;r6:1]~;@[#7X3;r6:2]~[#7X3;!r3;!r4;!r5;!r6;!r7;!r8:3],398.71634722900393,101.52684831384512,5
[#1X1;!r3;!r4;!r5;!r6;!r7;!r8:1]~[#6X4;r7:2]~;@[#7X3;r6:3],463.98974145507816,104.1177576320844,5
[#6X3;r5:1]~;@[#7X3;r5:2]~[#7X2;!r3;!r4;!r5;!r6;!r7;!r8:3],450.3145555419922,112.9809184576056,5
[#1X1;!r3;!r4;!r5;!r6;!r7;!r8:1]~[#6X4;r5:2]~;@[#6X4;r7:3],382.85445056152344,104.72054231690554,5
[#1X1;!r3;!r4;!r5;!r6;!r7;!r8:1]~[#6X4;r7:2]~;@[#6X4;r6:3],399.82947790527345,104.95138222028446,5
[#6X3;r6:1]~;@[#6X3;r6:2]~[#7X3;r4:3],528.2770521240235,123.4381703033269,5
[#17X1;!r3;!r4;!r5;!r6;!r7;!r8:1]~[#6X4;r4:2]~;@[#6X4;r4:3],555.4911196289063,113.0720946528361,5
[#6X3;r5:1]~;@[#6X3;r6:2]~[#6X3;r5:3],348.66635809326175,120.09081753450872,5
[#6X3;!r3;!r4;!r5;!r6;!r7;!r8:1]~[#7X3;r7:2]~;@[#6X4;r7:3],347.44076837158207,109.00542734176719,5
[#6X3;r6:1]~;@[#7X3;r7:2]~[#6X4;!r3;!r4;!r5;!r6;!r7;!r8:3],468.76811767578124,114.62046438673214,5
[#16X2;!r3;!r4;!r5;!r6;!r7;!r8:1]~[#6X3;r6:2]~;@[#6X3;r5:3],301.0670695800781,117.0014410106419,5
[#6X3;r6:1]~;@[#6X3;r6:2]~[#7X3;r7:3],502.808892944336,120.83492566344658,5
[#6X4;r6:1]~[#6X3;r6:2]~;@[#7X2;r6:3],489.36686083984375,122.48619219718887,5
[#1X1;!r3;!r4;!r5;!r6;!r7;!r8:1]~[#6X4;r5:2]~;@[#7X3;r6:3],511.8256632080078,105.65489170479577,5
[#7X3;r5:1]~;@[#6X4;r5:2]~[#8X2;!r3;!r4;!r5;!r6;!r7;!r8:3],1164.1807624511719,110.37628045913459,5
[#6X4;r3:1]~;@[#6X4;r3:2]~[#9X1;!r3;!r4;!r5;!r6;!r7;!r8:3],490.67739337158207,116.85046650922794,5
[#16X4;!r3;!r4;!r5;!r6;!r7;!r8:1]~[#6X3;r5:2]~;@[#7X2;r5:3],217.52674160766603,105.61506487174543,5
[#6X2;!r3;!r4;!r5;!r6;!r7;!r8:1]~[#6X3;r5:2]~;@[#7X2;r5:3],422.9822512207031,121.18299210355043,5
[#6X4;r3:1]~[#6X3;r6:2]~;@[#7X2;r6:3],520.1183287353516,124.98265365958521,5
[#6X3;r5:1]~[#7X3;r5:2]~;@[#7X2;r5:3],461.8866008911133,107.72719841973432,5
[#17X1;!r3;!r4;!r5;!r6;!r7;!r8:1]~[#6X3;r5:2]~;@[#7X3;r5:3],375.4349626464844,110.53638692346887,5
[#6X3;r5:1]~;@[#6X3;r6:2]~[#7X3;r6:3],473.30775384521485,125.24131292345359,5
[#7X3;r6:1]~;@[#6X3;r6:2]~[#8X2;!r3;!r4;!r5;!r6;!r7;!r8:3],543.5687370605469,112.62767473411088,5
[#16X2;r5:1]~;@[#6X3;r5:2]~[#6X4;r6:3],315.6384165039063,113.34078746459524,5
[#6X3;r5:1]~[#7X3;r5:2]~;@[#6X4;r5:3],489.96545068359376,116.42102519535256,5
[#16X2;r5:1]~;@[#6X3;r5:2]~[#7X3;r6:3],302.58378234863284,109.87835283845149,5
[#16X4;!r3;!r4;!r5;!r6;!r7;!r8:1]~[#6X3;r6:2]~;@[#7X2;r6:3],324.47537359619145,109.0534845527674,5
[#6X3;r4:1]~;@[#6X3;r4:2]~[#8X1;!r3;!r4;!r5;!r6;!r7;!r8:3],535.361429321289,139.5014091933629,5
[#6X4;!r3;!r4;!r5;!r6;!r7;!r8:1]~[#7X3;r4:2]~;@[#6X4;r4:3],410.69564562988285,112.89722131951626,5
[#1X1;!r3;!r4;!r5;!r6;!r7;!r8:1]~[#7X3;r4:2]~;@[#6X4;r4:3],306.229555847168,111.02633005301222,5
[#1X1;!r3;!r4;!r5;!r6;!r7;!r8:1]~[#6X3;r7:2]~;@[#6X3;r6:3],233.99294204711916,129.0215357611105,5
[#16X1;!r3;!r4;!r5;!r6;!r7;!r8:1]~[#6X3;r6:2]~;@[#6X3;r6:3],450.45028527832034,143.2094779126278,5
[#35X1;!r3;!r4;!r5;!r6;!r7;!r8:1]~[#6X4;r6:2]~;@[#6X4;r6:3],602.3127712402344,103.88710897400225,5
[#8X1;!r3;!r4;!r5;!r6;!r7;!r8:1]~[#15X4;r6:2]~;@[#8X2;r6:3],660.2167622070313,116.90166560724636,5
[#6X4;r6:1]~[#6X3;r5:2]~;@[#7X3;r5:3],301.53615435791016,115.41467878342122,5
[#6X3;r6:1]~[#7X3;r3:2]~;@[#6X4;r3:3],396.6731869506836,113.6222937112373,5
[#6X2;!r3;!r4;!r5;!r6;!r7;!r8:1]~[#6X3;r5:2]~;@[#7X3;r5:3],419.43230572509765,117.85401254359958,5
[#6X4;r6:1]~[#6X3;r5:2]~;@[#8X2;r5:3],375.6307045898438,106.10308188794284,5
[#6X3;r7:1]~;@[#6X3;r7:2]~[#6X4;!r3;!r4;!r5;!r6;!r7;!r8:3],205.19595681762695,141.3097837383938,5
[#16X2;r5:1]~;@[#6X3;r5:2]~[#35X1;!r3;!r4;!r5;!r6;!r7;!r8:3],348.65892041015627,109.52049873726702,5
[#6X4;r6:1]~;@[#6X4;r6:2]~[#6X4;r6:3],479.7463294677735,106.10935200160091,5
[#6X3;r5:1]~[#6X3;r6:2]~;@[#6X4;r6:3],225.1689929199219,110.90182936482122,5
[#16X2;r5:1]~;@[#6X4;r5:2]~[#6X3;r6:3],600.5378144531251,108.38842903328326,5
[#6X3;r6:1]~;@[#7X3;r6:2]~[#6X4;r6:3],355.9557663574219,112.79847044449622,5
[#15X4;!r3;!r4;!r5;!r6;!r7;!r8:1]~[#7X3;r3:2]~;@[#6X4;r3:3],447.10055072021487,110.63287017568446,5
[#6X3;r6:1]~[#6X3;r7:2]~;@[#7X2;r7:3],452.001728515625,128.89875628059036,5
[#1X1;!r3;!r4;!r5;!r6;!r7;!r8:1]~[#6X4;r4:2]~;@[#6X4;r5:3],324.9109728393555,110.4688909940908,5
[#1X1;!r3;!r4;!r5;!r6;!r7;!r8:1]~[#7X3;r6:2]~;@[#7X3;r6:3],271.93672930908207,99.86646347756087,5
[#6X3;r5:1]~[#6X4;r6:2]~;@[#7X3;r6:3],742.6841964111328,107.26012959372135,5
[#6X3;r5:1]~;@[#6X3;r6:2]~[#7X3;r5:3],347.9122153320313,119.26436464493717,5
[#6X4;r4:1]~;@[#6X4;r4:2]~[#7X3;r5:3],647.9069178466797,115.09400140188913,5
[#6X3;!r3;!r4;!r5;!r6;!r7;!r8:1]~[#6X3;r6:2]~;@[#8X2;r6:3],542.1098658447265,113.23856002328765,5
[#1X1;!r3;!r4;!r5;!r6;!r7;!r8:1]~[#7X4;r6:2]~;@[#6X4;r6:3],404.28343707275394,112.8720452422356,5
[#6X3;r5:1]~;@[#6X4;r6:2]~[#6X3;r6:3],502.4655784301758,108.18315452796769,5
[#6X3;r5:1]~;@[#7X3;r5:2]~[#8X1;!r3;!r4;!r5;!r6;!r7;!r8:3],528.3660170288086,127.30277329799016,5
[#6X4;r6:1]~[#7X3;r5:2]~;@[#7X2;r5:3],444.55414978027346,105.9411244423435,5
[#6X3;r5:1]~[#7X3;r6:2]~;@[#6X3;r6:3],405.0934422607422,111.82912999748801,5
[#6X3;r5:1]~[#6X4;r4:2]~;@[#6X4;r4:3],556.164086303711,115.5505722271478,5
[#6X3;r4:1]~;@[#6X4;r4:2]~[#6X4;!r3;!r4;!r5;!r6;!r7;!r8:3],459.69187786865234,115.16349174650483,5
[#16X3;r5:1]~;@[#6X4;r5:2]~[#1X1;!r3;!r4;!r5;!r6;!r7;!r8:3],338.2678706054688,102.20831677790481,5
[#16X2;r5:1]~;@[#6X3;r5:2]~[#8X2;!r3;!r4;!r5;!r6;!r7;!r8:3],382.3744805908203,106.64163547380917,5
[#6X4;r5:1]~[#7X3;r6:2]~;@[#6X4;r6:3],411.966467956543,108.70121071613482,5
[#17X1;!r3;!r4;!r5;!r6;!r7;!r8:1]~[#6X4;r3:2]~;@[#6X4;r3:3],399.26951293945314,118.1453474324573,5
[#6X4;r5:1]~[#6X3;r6:2]~;@[#7X2;r6:3],507.0668228759766,121.27582803474924,5
[#6X3;r7:1]~;@[#6X3;r7:2]~[#8X1;!r3;!r4;!r5;!r6;!r7;!r8:3],687.8142055664063,132.25660021997368,5
[#6X4;r6:1]~;@[#7X4;r6:2]~[#8X1;!r3;!r4;!r5;!r6;!r7;!r8:3],923.7476008300781,121.03894341395487,5
[#6X4;r6:1]~;@[#7X3;r6:2]~[#7X2;!r3;!r4;!r5;!r6;!r7;!r8:3],157.77759872436525,97.31881657752446,4
[#1X1;!r3;!r4;!r5;!r6;!r7;!r8:1]~[#7X4;r5:2]~;@[#6X4;r5:3],398.17987640380863,113.19159564255465,5
[#6X4;r3:1]~;@[#6X4;r3:2]~[#7X3;r6:3],563.6730817871094,117.85260552463055,5
[#1X1;!r3;!r4;!r5;!r6;!r7;!r8:1]~[#6X4;r3:2]~;@[#6X3;r6:3],115.32243370056153,134.59027095369194,-1
[#6X4;r5:1]~;@[#6X4;r5:2]~[#7X2;!r3;!r4;!r5;!r6;!r7;!r8:3],596.6395747070313,109.31668589243384,5
[#6X3;r6:1]~[#6X3;r6:2]~;@[#8X2;r6:3],506.7980767211914,107.65363728237328,5
[#16X2;!r3;!r4;!r5;!r6;!r7;!r8:1]~[#6X3;r5:2]~;@[#8X2;r5:3],275.77291387939454,104.62292525328772,5
[#35X1;!r3;!r4;!r5;!r6;!r7;!r8:1]~[#6X3;r5:2]~;@[#7X2;r5:3],368.7412393798828,116.00315422193118,5
[#6X3;r5:1]~;@[#6X3;r7:2]~[#8X1;!r3;!r4;!r5;!r6;!r7;!r8:3],634.6039353027344,134.6673154875297,5
[#16X3;r6:1]~;@[#6X4;r6:2]~[#1X1;!r3;!r4;!r5;!r6;!r7;!r8:3],377.81728765869144,100.46908423784193,5
[#1X1;!r3;!r4;!r5;!r6;!r7;!r8:1]~[#7X3;r6:2]~;@[#6X4;r5:3],225.8316170654297,111.4665425752087,5
[#35X1;!r3;!r4;!r5;!r6;!r7;!r8:1]~[#6X3;r5:2]~;@[#7X3;r5:3],370.9169053344727,111.33019150880774,5
[#6X3;!r3;!r4;!r5;!r6;!r7;!r8:1]~[#6X4;r3:2]~;@[#8X2;r3:3],542.7509749755859,116.84091790476826,5
[#16X2;r5:1]~;@[#6X3;r5:2]~[#6X2;!r3;!r4;!r5;!r6;!r7;!r8:3],333.0818582763672,117.04451218354801,5
[#6X4;r3:1]~;@[#6X4;r3:2]~[#7X3;r5:3],490.5311614990235,118.706051321802,5
[#17X1;!r3;!r4;!r5;!r6;!r7;!r8:1]~[#6X4;r6:2]~;@[#6X3;r6:3],589.9545340576173,104.87758202630248,5
[#1X1;!r3;!r4;!r5;!r6;!r7;!r8:1]~[#7X3;r5:2]~;@[#8X2;r5:3],351.30743786621093,97.57015387860258,5
[#6X4;r7:1]~;@[#6X4;r7:2]~[#7X3;!r3;!r4;!r5;!r6;!r7;!r8:3],684.3011292724609,109.27525396492854,5
[#6X3;r5:1]~[#6X4;r5:2]~;@[#8X2;r5:3],642.0169112548829,106.60143298035447,5
[#6X3;r7:1]~;@[#6X4;r7:2]~[#6X4;!r3;!r4;!r5;!r6;!r7;!r8:3],517.4517118530274,107.07385667467675,5
[#6X4;!r3;!r4;!r5;!r6;!r7;!r8:1]~[#6X4;r6:2]~;@[#7X3;r5:3],692.75231640625,106.2202332925869,5
[#6X3;r5:1]~;@[#6X4;r5:2]~[#6X3;r5:3],558.0065249023438,109.7862409073047,5
[#7X3;r6:1]~;@[#6X4;r6:2]~[#8X2;!r3;!r4;!r5;!r6;!r7;!r8:3],1275.7689924316408,108.17275214986176,5
[#1X1;!r3;!r4;!r5;!r6;!r7;!r8:1]~[#6X3;r7:2]~;@[#6X4;r7:3],297.63695697021484,121.25138961789894,5
[#7X3;r5:1]~[#6X4;r5:2]~;@[#8X2;r5:3],822.2328666992188,105.94626074459934,5
[#1X1;!r3;!r4;!r5;!r6;!r7;!r8:1]~[#6X3;r7:2]~;@[#6X3;r5:3],348.50138836669925,126.09591985278392,5
[#16X4;!r3;!r4;!r5;!r6;!r7;!r8:1]~[#6X4;r3:2]~;@[#6X4;r3:3],397.6661974487305,115.13701793328187,5
[#6X4;r5:1]~;@[#6X3;r5:2]~[#7X3;!r3;!r4;!r5;!r6;!r7;!r8:3],445.09837750244145,119.22052849084403,5
[#15X3;!r3;!r4;!r5;!r6;!r7;!r8:1]~[#6X3;r6:2]~;@[#6X3;r6:3],343.98495904541016,123.01748529196747,5
[#16X4;r6:1]~;@[#7X3;r6:2]~[#6X4;!r3;!r4;!r5;!r6;!r7;!r8:3],235.16793637084962,116.24643189978869,5
[#7X3;!r3;!r4;!r5;!r6;!r7;!r8:1]~[#6X4;r5:2]~;@[#7X3;r5:3],1018.5903182373047,112.5932983920182,5
[#6X3;r6:1]~[#7X3;r7:2]~;@[#6X4;r7:3],421.77514398193364,112.84581048563358,5
[#6X3;r5:1]~;@[#6X3;r5:2]~[#9X1;!r3;!r4;!r5;!r6;!r7;!r8:3],507.4144786987305,118.91965865790496,5
[#17X1;!r3;!r4;!r5;!r6;!r7;!r8:1]~[#6X3;r5:2]~;@[#6X4;r5:3],431.51253955078124,107.75248378004171,5
[#6X2;!r3;!r4;!r5;!r6;!r7;!r8:1]~[#6X3;r6:2]~;@[#6X3;r5:3],313.4597818603516,117.2354296312282,5
[#6X3;r6:1]~;@[#6X3;r7:2]~[#6X3;r6:3],210.10466806030274,128.37165692196214,5
[#53X1;!r3;!r4;!r5;!r6;!r7;!r8:1]~[#6X3;r5:2]~;@[#6X3;r5:3],223.10494009399414,112.32547984447284,5
[#6X4;r5:1]~;@[#7X3;r5:2]~[#8X2;!r3;!r4;!r5;!r6;!r7;!r8:3],419.94710192871094,95.72010834944543,5
[#6X4;r5:1]~[#6X3;r5:2]~;@[#7X3;r5:3],384.61651110839847,116.27231831674304,5
[#6X4;!r3;!r4;!r5;!r6;!r7;!r8:1]~[#6X4;r7:2]~;@[#8X2;r7:3],642.9551446533203,107.36844956376856,5
[#7X2;r6:1]~;@[#16X4;r6:2]~[#8X1;!r3;!r4;!r5;!r6;!r7;!r8:3],580.3060395507813,131.26828550745117,5
[#6X4;r3:1]~[#6X3;r5:2]~;@[#7X3;r5:3],355.63118969726565,117.0680626758062,5
[#6X3;r6:1]~[#7X3;r6:2]~;@[#7X2;r6:3],516.6875457763672,113.98298917111651,5
[#6X4;r5:1]~[#6X3;r5:2]~;@[#8X2;r5:3],357.0031070556641,103.39524656130212,5
[#6X3;r5:1]~;@[#7X3;r5:2]~[#6X4;r3:3],523.0212596435547,116.73408008577093,5
[#6X4;r5:1]~;@[#6X3;r5:2]~[#8X2;!r3;!r4;!r5;!r6;!r7;!r8:3],457.11448126220705,111.37132290798957,5
[#6X4;r4:1]~;@[#16X4;r4:2]~[#8X1;!r3;!r4;!r5;!r6;!r7;!r8:3],608.0399149169922,130.32746793041693,5
[#35X1;!r3;!r4;!r5;!r6;!r7;!r8:1]~[#6X4;r5:2]~;@[#6X4;r5:3],496.3570699462891,105.1849746898989,5
[#6X4;!r3;!r4;!r5;!r6;!r7;!r8:1]~[#6X4;r7:2]~;@[#7X3;r7:3],742.8964736328126,109.59480436524758,5
[#6X3;r6:1]~;@[#6X4;r6:2]~[#9X1;!r3;!r4;!r5;!r6;!r7;!r8:3],702.3063874511719,106.98767334772953,5
[#6X4;r7:1]~;@[#6X4;r7:2]~[#8X2;!r3;!r4;!r5;!r6;!r7;!r8:3],634.9748618164062,107.80757608588704,5
[#35X1;!r3;!r4;!r5;!r6;!r7;!r8:1]~[#6X3;r6:2]~;@[#7X2;r6:3],404.18406579589845,119.42972352474318,5
[#6X4;r5:1]~;@[#7X3;r5:2]~[#6X4;r6:3],327.0561219482422,105.10728811827917,5
[#8X2;!r3;!r4;!r5;!r6;!r7;!r8:1]~[#6X3;r5:2]~;@[#8X2;r5:3],496.9832079467774,105.13443812022997,5
[#6X3;r7:1]~;@[#6X3;r7:2]~[#8X2;!r3;!r4;!r5;!r6;!r7;!r8:3],806.2751739501954,122.60036563935479,5
[#6X3;r6:1]~;@[#7X3;r6:2]~[#6X4;r3:3],454.24059881591796,116.29364216733183,5
[#7X2;!r3;!r4;!r5;!r6;!r7;!r8:1]~[#6X3;r5:2]~;@[#8X2;r5:3],637.8105024414062,123.17161534077799,5
[#6X4;r5:1]~[#7X3;r5:2]~;@[#7X2;r5:3],400.0953192138672,106.26403529573419,5
[#16X4;r6:1]~;@[#7X3;r6:2]~[#1X1;!r3;!r4;!r5;!r6;!r7;!r8:3],234.79961145019533,119.57210564818126,5
[#6X4;r7:1]~;@[#16X4;r7:2]~[#8X1;!r3;!r4;!r5;!r6;!r7;!r8:3],543.7632659912109,138.66957411472538,5
[#7X2;r6:1]~;@[#6X3;r6:2]~[#7X3;r4:3],682.1412005615234,126.2570713360612,5
[#6X3;r6:1]~;@[#6X3;r6:2]~[#7X3;r3:3],890.1371258544922,118.3437371070895,5
[#6X3;r6:1]~[#6X4;r6:2]~;@[#7X2;r6:3],648.0590551757813,110.20178961640828,5
[#6X2;!r3;!r4;!r5;!r6;!r7;!r8:1]~[#6X3;r6:2]~;@[#6X4;r6:3],184.3813133544922,116.58799599980269,5
[#6X2;!r3;!r4;!r5;!r6;!r7;!r8:1]~[#7X3;r5:2]~;@[#6X4;r5:3],451.7619989013672,113.45968739766681,5
[#6X3;r6:1]~[#6X4;r5:2]~;@[#7X2;r5:3],627.1833620605469,109.95896273103598,5
[#6X3;r5:1]~;@[#7X3;r5:2]~[#6X4;r4:3],613.4723603515625,117.45869485481758,5
[#6X4;!r3;!r4;!r5;!r6;!r7;!r8:1]~[#7X3;r3:2]~;@[#6X4;r3:3],621.8886893310547,114.18396748744414,5
[#16X2;r6:1]~;@[#6X3;r6:2]~[#7X3;!r3;!r4;!r5;!r6;!r7;!r8:3],574.0442126464844,116.88760907793447,5
[#16X4;!r3;!r4;!r5;!r6;!r7;!r8:1]~[#6X3;r5:2]~;@[#7X3;r5:3],344.036958984375,110.51261103496805,5
[#6X3;r6:1]~[#6X3;r6:2]~;@[#7X3;r5:3],394.9930047607422,108.2833943842268,5
[#7X3;!r3;!r4;!r5;!r6;!r7;!r8:1]~[#6X4;r6:2]~;@[#7X3;r6:3],1238.2968596191406,108.92858088341538,5
[#6X4;r5:1]~[#6X4;r6:2]~;@[#6X4;r6:3],568.7937829589844,106.49215678382345,5
[#6X4;r3:1]~;@[#6X3;r5:2]~[#8X1;!r3;!r4;!r5;!r6;!r7;!r8:3],425.6430264892578,146.47590660015968,5
[#16X1;!r3;!r4;!r5;!r6;!r7;!r8:1]~[#6X3;r6:2]~;@[#7X2;r6:3],587.6519805908204,142.35835437977417,5
[#1X1;!r3;!r4;!r5;!r6;!r7;!r8:1]~[#6X4;r8:2]~;@[#6X3;r8:3],436.45818383789066,112.54276182234928,5
[#6X4;!r3;!r4;!r5;!r6;!r7;!r8:1]~[#7X3;r6:2]~;@[#6X4;r5:3],328.06423126220704,108.04995900896327,5
[#16X2;r5:1]~;@[#6X3;r5:2]~[#6X4;r5:3],305.9508502197266,110.12568081848683,5
[#7X2;r7:1]~;@[#6X3;r7:2]~[#7X3;!r3;!r4;!r5;!r6;!r7;!r8:3],758.4548936767578,129.38677329678777,5
[#16X2;!r3;!r4;!r5;!r6;!r7;!r8:1]~[#6X4;r5:2]~;@[#6X3;r5:3],472.0001580810547,106.08049445235761,5
[#1X1;!r3;!r4;!r5;!r6;!r7;!r8:1]~[#6X4;r5:2]~;@[#8X2;r6:3],465.72361541748046,103.2710942127588,5
[#6X3;r7:1]~[#7X3;r6:2]~;@[#6X4;r6:3],428.8105218505859,109.11872651971936,5
[#35X1;!r3;!r4;!r5;!r6;!r7;!r8:1]~[#6X3;r5:2]~;@[#8X2;r5:3],383.9069306030274,103.37318505028297,5
[#6X4;r6:1]~;@[#7X3;r6:2]~[#8X2;!r3;!r4;!r5;!r6;!r7;!r8:3],396.0231079101563,93.54819015565141,5
[#1X1;!r3;!r4;!r5;!r6;!r7;!r8:1]~[#6X4;r3:2]~;@[#6X3;r5:3],254.03504006958008,121.82531675347677,5
[#6X4;!r3;!r4;!r5;!r6;!r7;!r8:1]~[#6X4;r6:2]~;@[#6X4;r3:3],472.42330798339844,105.56226750946124,5
[#6X3;!r3;!r4;!r5;!r6;!r7;!r8:1]~[#7X3;r7:2]~;@[#6X3;r6:3],505.9087149658203,116.0785868311248,5
[#16X2;!r3;!r4;!r5;!r6;!r7;!r8:1]~[#6X4;r6:2]~;@[#6X3;r6:3],546.3647313232422,106.9588431192429,5
[#6X4;!r3;!r4;!r5;!r6;!r7;!r8:1]~[#6X4;r5:2]~;@[#6X4;r3:3],493.2943086547852,110.37861638383075,5
[#6X4;r3:1]~;@[#6X3;r6:2]~[#8X1;!r3;!r4;!r5;!r6;!r7;!r8:3],537.2125505371095,143.27078569061783,5
[#7X3;!r3;!r4;!r5;!r6;!r7;!r8:1]~[#6X3;r6:2]~;@[#8X2;r6:3],677.6062568359375,112.39959422715664,5
[#6X4;r5:1]~;@[#16X3;r5:2]~[#8X1;!r3;!r4;!r5;!r6;!r7;!r8:3],1010.9265678710938,106.94506662768698,5
[#6X4;r3:1]~;@[#6X4;r3:2]~[#6X4;r6:3],419.0030269165039,119.65210082374045,5
[#7X3;!r3;!r4;!r5;!r6;!r7;!r8:1]~[#6X4;r5:2]~;@[#8X2;r5:3],826.4845400390625,110.0336440194209,5
[#17X1;!r3;!r4;!r5;!r6;!r7;!r8:1]~[#6X3;r6:2]~;@[#6X4;r6:3],384.89039660644534,102.59685891903015,5
[#35X1;!r3;!r4;!r5;!r6;!r7;!r8:1]~[#6X4;r6:2]~;@[#6X3;r6:3],409.1225277709961,101.06003220483143,5
[#16X4;r7:1]~;@[#6X4;r7:2]~[#1X1;!r3;!r4;!r5;!r6;!r7;!r8:3],413.9688965454102,102.88490165670792,5
[#1X1;!r3;!r4;!r5;!r6;!r7;!r8:1]~[#6X4;r6:2]~;@[#6X4;r7:3],444.9750971069336,103.88389878509234,5
[#6X3;r4:1]~;@[#6X3;r4:2]~[#7X3;!r3;!r4;!r5;!r6;!r7;!r8:3],510.2473102416992,110.71552229483079,5
[#6X3;r5:1]~[#6X3;r5:2]~;@[#6X4;r5:3],364.2722452392578,129.93044269434245,5
[#1X1;!r3;!r4;!r5;!r6;!r7;!r8:1]~[#6X4;r3:2]~;@[#6X3;r3:3],330.67597528076175,120.04795126727771,5
[#6X2;!r3;!r4;!r5;!r6;!r7;!r8:1]~[#6X4;r4:2]~;@[#6X4;r4:3],493.257439453125,114.91748199297932,5
[#16X4;r4:1]~;@[#6X4;r4:2]~[#1X1;!r3;!r4;!r5;!r6;!r7;!r8:3],330.1422177734375,112.3584218468398,5
[#6X4;!r3;!r4;!r5;!r6;!r7;!r8:1]~[#6X4;r3:2]~;@[#7X3;r3:3],449.5145098266602,119.30653423287283,5
[#6X3;r5:1]~;@[#6X4;r6:2]~[#8X2;!r3;!r4;!r5;!r6;!r7;!r8:3],754.9481378173829,108.34442895465003,5
[#1X1;!r3;!r4;!r5;!r6;!r7;!r8:1]~[#6X4;r8:2]~;@[#7X3;r8:3],428.9222147827149,107.95909017224542,5
[#6X3;r5:1]~;@[#6X3;r6:2]~[#7X2;!r3;!r4;!r5;!r6;!r7;!r8:3],396.9016483154297,132.63794334171382,5
[#6X4;r5:1]~;@[#6X4;r5:2]~[#6X4;r6:3],498.19277313232425,108.16385241337323,5
[#6X4;r5:1]~;@[#6X4;r5:2]~[#6X4;r5:3],585.5544901123047,109.52352451106934,5
[#7X3;r5:1]~;@[#6X3;r5:2]~[#7X3;r5:3],352.41747216796875,105.63858804324695,5
[#6X3;r4:1]~;@[#6X4;r4:2]~[#9X1;!r3;!r4;!r5;!r6;!r7;!r8:3],564.6035263671876,118.75815200479084,5
[#6X3;r5:1]~[#6X4;r6:2]~;@[#8X2;r6:3],705.1310471191407,105.48978554198905,5
[#7X3;r5:1]~;@[#6X3;r5:2]~[#7X3;r6:3],331.0622240600586,108.99840590730041,5
[#6X3;r5:1]~;@[#16X4;r6:2]~[#8X1;!r3;!r4;!r5;!r6;!r7;!r8:3],410.55777716064455,139.0882100693338,5
[#6X3;!r3;!r4;!r5;!r6;!r7;!r8:1]~[#6X3;r7:2]~;@[#6X3;r7:3],350.6880991210938,123.41140962215879,5
[#6X3;r6:1]~[#6X4;r6:2]~;@[#7X3;r5:3],669.0025493164063,107.28105729333826,5
[#8X1;!r3;!r4;!r5;!r6;!r7;!r8:1]~[#16X4;r6:2]~;@[#8X2;r6:3],550.0097067871094,123.85575440880314,5
[#6X4;r4:1]~;@[#6X4;r4:2]~[#7X3;r6:3],464.80012969970704,115.6120029485429,5
[#6X3;r6:1]~;@[#16X4;r7:2]~[#8X1;!r3;!r4;!r5;!r6;!r7;!r8:3],443.1340311279297,144.66824239480243,5
[#7X2;!r3;!r4;!r5;!r6;!r7;!r8:1]~[#6X3;r6:2]~;@[#8X2;r6:3],855.3585834960937,132.0077354473751,5
[#7X3;r6:1]~[#6X4;r5:2]~;@[#8X2;r5:3],976.2694544677735,106.55456422226985,5
[#1X1;!r3;!r4;!r5;!r6;!r7;!r8:1]~[#6X4;r4:2]~;@[#6X4;r6:3],333.3384423828125,108.7216466421315,5
[#16X1;!r3;!r4;!r5;!r6;!r7;!r8:1]~[#6X3;r5:2]~;@[#8X2;r5:3],538.836072265625,134.8897064469053,5
[#6X3;r5:1]~[#6X3;r6:2]~;@[#7X3;r6:3],200.05358102416994,114.75648077386377,5
[#6X4;r5:1]~;@[#7X3;r5:2]~[#7X3;!r3;!r4;!r5;!r6;!r7;!r8:3],438.95169104003907,103.54913755349168,5
[#6X4;r3:1]~;@[#6X4;r3:2]~[#8X2;!r3;!r4;!r5;!r6;!r7;!r8:3],452.9459312133789,118.01956266870235,5
[#6X4;r5:1]~;@[#7X3;r5:2]~[#7X2;!r3;!r4;!r5;!r6;!r7;!r8:3],164.2562676086426,107.97992907940314,-1
[#6X2;!r3;!r4;!r5;!r6;!r7;!r8:1]~[#6X4;r5:2]~;@[#7X3;r5:3],594.2894583740234,108.65558505247914,5
[#6X4;!r3;!r4;!r5;!r6;!r7;!r8:1]~[#7X3;r5:2]~;@[#8X2;r5:3],384.7198087158203,96.51286108565212,5
[#16X4;r5:1]~;@[#7X3;r5:2]~[#6X4;!r3;!r4;!r5;!r6;!r7;!r8:3],268.50540368652344,109.40502072896962,5
[#1X1;!r3;!r4;!r5;!r6;!r7;!r8:1]~[#6X4;r8:2]~;@[#6X3;r6:3],369.7213536376953,109.89113895257776,5
[#16X2;r8:1]~;@[#6X4;r8:2]~[#1X1;!r3;!r4;!r5;!r6;!r7;!r8:3],323.60133410644534,105.66229562985606,5
[#16X4;!r3;!r4;!r5;!r6;!r7;!r8:1]~[#6X4;r6:2]~;@[#6X4;r6:3],475.9525045776367,100.01142058231606,5
[#16X1;!r3;!r4;!r5;!r6;!r7;!r8:1]~[#6X3;r5:2]~;@[#6X4;r5:3],344.68936828613283,143.0923538287404,5
[#7X2;r5:1]~;@[#16X4;r5:2]~[#8X1;!r3;!r4;!r5;!r6;!r7;!r8:3],533.8973868408203,143.15497300305108,5
[#6X3;r4:1]~;@[#6X4;r4:2]~[#7X3;!r3;!r4;!r5;!r6;!r7;!r8:3],385.78122674560547,107.25116838553028,5
[#16X4;!r3;!r4;!r5;!r6;!r7;!r8:1]~[#6X3;r6:2]~;@[#6X3;r5:3],344.6905493774414,107.77203861163545,5
[#6X3;!r3;!r4;!r5;!r6;!r7;!r8:1]~[#6X4;r6:2]~;@[#6X4;r5:3],518.064762084961,104.0485404950355,5
[#6X3;r6:1]~;@[#6X3;r6:2]~[#7X4;!r3;!r4;!r5;!r6;!r7;!r8:3],505.42845770263676,111.37729249332415,5
[#6X3;r6:1]~;@[#6X4;r7:2]~[#6X4;!r3;!r4;!r5;!r6;!r7;!r8:3],545.5277525634766,108.48478934209379,5
[#16X1;!r3;!r4;!r5;!r6;!r7;!r8:1]~[#6X3;r5:2]~;@[#6X3;r5:3],414.0416773071289,143.97723215647224,5
[#6X4;!r3;!r4;!r5;!r6;!r7;!r8:1]~[#6X4;r3:2]~;@[#7X2;r3:3],470.70038305664065,121.59160134045727,5
[#6X3;r5:1]~;@[#6X4;r5:2]~[#7X2;!r3;!r4;!r5;!r6;!r7;!r8:3],445.28585180664066,105.96382116095545,5
[#6X4;r4:1]~[#7X3;r6:2]~;@[#6X4;r6:3],407.0793036499024,105.40481115852492,5
[#6X4;r3:1]~;@[#6X4;r5:2]~[#8X2;!r3;!r4;!r5;!r6;!r7;!r8:3],714.9786033935547,109.52461734133654,5
[#6X3;r7:1]~;@[#6X4;r7:2]~[#7X3;!r3;!r4;!r5;!r6;!r7;!r8:3],594.1719876708985,106.08806230195798,5
[#16X2;r5:1]~;@[#6X4;r5:2]~[#6X3;!r3;!r4;!r5;!r6;!r7;!r8:3],550.276697265625,105.71410944489978,5
[#6X3;r6:1]~[#6X3;r7:2]~;@[#6X3;r7:3],357.77445544433596,133.52116876366654,5
[#6X4;r3:1]~;@[#6X4;r6:2]~[#8X2;!r3;!r4;!r5;!r6;!r7;!r8:3],641.2848900146485,107.00369697152237,5
[#6X4;r6:1]~;@[#16X3;r6:2]~[#8X1;!r3;!r4;!r5;!r6;!r7;!r8:3],1018.7610976562501,106.2597049558004,5
[#6X3;!r3;!r4;!r5;!r6;!r7;!r8:1]~[#6X4;r7:2]~;@[#6X4;r7:3],434.8525380859375,107.95230096421044,5
[#16X2;!r3;!r4;!r5;!r6;!r7;!r8:1]~[#6X4;r6:2]~;@[#7X3;r6:3],702.5438825683594,107.93873620851879,5
[#16X2;r5:1]~;@[#7X3;r5:2]~[#6X4;!r3;!r4;!r5;!r6;!r7;!r8:3],319.44140283203126,108.36147027662922,5
[#1X1;!r3;!r4;!r5;!r6;!r7;!r8:1]~[#7X3;r7:2]~;@[#6X3;r5:3],340.6643687133789,116.1616555918105,5
[#6X3;!r3;!r4;!r5;!r6;!r7;!r8:1]~[#6X3;r7:2]~;@[#6X3;r6:3],492.3979241943359,129.05336444264276,5
[#6X3;r6:1]~[#6X4;r7:2]~;@[#6X4;r7:3],529.3665928955078,108.04909840512785,5
[#1X1;!r3;!r4;!r5;!r6;!r7;!r8:1]~[#6X3;r7:2]~;@[#7X2;r7:3],309.2413706054688,129.18405328222178,5
[#6X3;r6:1]~[#6X4;r6:2]~;@[#6X4;r5:3],584.8316622314453,106.95348142074445,5
[#7X3;r5:1]~;@[#6X3;r6:2]~[#8X2;!r3;!r4;!r5;!r6;!r7;!r8:3],591.1247082519532,113.10269390031776,5
[#1X1;!r3;!r4;!r5;!r6;!r7;!r8:1]~[#6X4;r6:2]~;@[#7X4;r5:3],486.14857855224614,100.63758500466615,5
[#6X4;!r3;!r4;!r5;!r6;!r7;!r8:1]~[#6X4;r3:2]~;@[#6X4;r5:3],265.4709407043457,124.99407373587746,5
[#6X3;r6:1]~;@[#6X4;r5:2]~[#6X4;!r3;!r4;!r5;!r6;!r7;!r8:3],446.98665521240235,109.83228321249976,5
[#16X1;!r3;!r4;!r5;!r6;!r7;!r8:1]~[#6X3;r6:2]~;@[#6X4;r6:3],521.745840637207,142.42755785644474,5
[#15X4;!r3;!r4;!r5;!r6;!r7;!r8:1]~[#7X3;r6:2]~;@[#6X4;r6:3],173.18975497436523,96.70632619389274,4
[#6X3;r6:1]~;@[#6X4;r6:2]~[#7X3;r5:3],711.9441563720703,106.74022242428914,5
[#16X1;!r3;!r4;!r5;!r6;!r7;!r8:1]~[#6X3;r6:2]~;@[#16X2;r6:3],412.2523558959961,143.04120937223536,5
[#6X4;!r3;!r4;!r5;!r6;!r7;!r8:1]~[#7X3;r6:2]~;@[#7X3;r6:3],448.34162231445316,103.47458603870098,5
[#6X2;!r3;!r4;!r5;!r6;!r7;!r8:1]~[#6X4;r6:2]~;@[#7X3;r6:3],798.1704615478516,108.01583538386988,5
[#6X3;r6:1]~;@[#16X3;r6:2]~[#8X1;!r3;!r4;!r5;!r6;!r7;!r8:3],965.8903432617188,107.27400170792563,5
[#16X4;!r3;!r4;!r5;!r6;!r7;!r8:1]~[#7X3;r5:2]~;@[#7X2;r5:3],396.3091235351563,100.58497205748954,5
[#6X4;r4:1]~[#6X3;r5:2]~;@[#7X2;r5:3],658.3973708496094,124.9874621127609,5
[#16X2;r6:1]~;@[#6X3;r6:2]~[#7X2;!r3;!r4;!r5;!r6;!r7;!r8:3],236.14873693847656,171.31253713945537,2
[#6X3;r5:1]~;@[#16X3;r5:2]~[#8X1;!r3;!r4;!r5;!r6;!r7;!r8:3],788.0357404785157,109.42093506973575,5
[#1X1;!r3;!r4;!r5;!r6;!r7;!r8:1]~[#6X4;r8:2]~;@[#8X2;r8:3],521.6540666503906,108.06057995312264,5
[#16X2;r6:1]~;@[#6X4;r6:2]~[#6X3;!r3;!r4;!r5;!r6;!r7;!r8:3],504.4773599853516,104.4786579976387,5
[#16X4;r5:1]~;@[#7X3;r5:2]~[#1X1;!r3;!r4;!r5;!r6;!r7;!r8:3],239.03907485961915,116.39147779700309,5
[#6X3;r7:1]~;@[#6X3;r7:2]~[#7X3;!r3;!r4;!r5;!r6;!r7;!r8:3],650.7859077148438,128.88991801580437,5
[#7X3;r5:1]~;@[#6X3;r7:2]~[#8X1;!r3;!r4;!r5;!r6;!r7;!r8:3],685.3157186279298,137.95606523326916,5
[#1X1;!r3;!r4;!r5;!r6;!r7;!r8:1]~[#6X4;r5:2]~;@[#7X3;r4:3],467.2145037841797,105.98818444572488,5
[#6X4;r7:1]~;@[#6X3;r7:2]~[#7X3;!r3;!r4;!r5;!r6;!r7;!r8:3],456.49405718994143,129.0074792317986,5
[#6X3;r6:1]~[#7X3;r7:2]~;@[#6X3;r7:3],382.73136169433593,112.16902070115535,5
[#6X3;!r3;!r4;!r5;!r6;!r7;!r8:1]~[#6X3;r4:2]~;@[#6X4;r4:3],165.96521096801757,157.81971700014861,-1
[#7X3;!r3;!r4;!r5;!r6;!r7;!r8:1]~[#6X4;r6:2]~;@[#8X2;r6:3],988.3509970703126,107.7947148396799,5
[#6X3;!r3;!r4;!r5;!r6;!r7;!r8:1]~[#6X4;r5:2]~;@[#7X2;r5:3],567.1341262207031,107.29602906799893,5
[#6X3;r5:1]~;@[#6X4;r7:2]~[#6X4;!r3;!r4;!r5;!r6;!r7;!r8:3],599.42541796875,109.29294415487887,5
[#6X2;!r3;!r4;!r5;!r6;!r7;!r8:1]~[#6X4;r5:2]~;@[#6X3;r5:3],502.40744958496094,109.14207210630246,5
[#7X3;r6:1]~[#6X3;r5:2]~;@[#8X2;r5:3],471.82232403564456,107.70744551265464,5
[#6X3;!r3;!r4;!r5;!r6;!r7;!r8:1]~[#7X3;r3:2]~;@[#6X4;r3:3],350.15300091552734,110.21036150381664,5
[#15X4;r6:1]~;@[#6X4;r6:2]~[#1X1;!r3;!r4;!r5;!r6;!r7;!r8:3],250.3576165161133,95.83827062208664,5
[#8X2;!r3;!r4;!r5;!r6;!r7;!r8:1]~[#15X4;r6:2]~;@[#8X2;r6:3],511.66363024902347,96.92021356775169,5
[#15X4;r5:1]~;@[#6X4;r5:2]~[#1X1;!r3;!r4;!r5;!r6;!r7;!r8:3],313.3764351196289,107.24554030965419,5
[#6X3;!r3;!r4;!r5;!r6;!r7;!r8:1]~[#6X3;r6:2]~;@[#6X4;r5:3],34.13048234558106,84.76890405313797,-1
[#15X5;!r3;!r4;!r5;!r6;!r7;!r8:1]~[#6X3;r6:2]~;@[#6X3;r6:3],259.14576580810547,126.44726478368938,5
[#16X2;r6:1]~;@[#6X4;r6:2]~[#6X3;r6:3],465.0567776489258,105.74395737157273,5
[#6X3;r6:1]~[#6X3;r7:2]~;@[#6X4;r7:3],192.43469616699218,133.27827357640254,5
[#1X1;!r3;!r4;!r5;!r6;!r7;!r8:1]~[#6X4;r5:2]~;@[#6X3;r7:3],357.91446264648437,105.78538929907803,5
[#6X3;r6:1]~;@[#6X4;r6:2]~[#6X4;r6:3],490.0329005737305,106.32677741344993,5
[#6X4;r6:1]~;@[#6X4;r5:2]~[#8X2;!r3;!r4;!r5;!r6;!r7;!r8:3],729.8657166748047,107.32185401325074,5
[#6X3;r5:1]~;@[#6X3;r5:2]~[#6X3;r7:3],298.85648162841795,126.50653716530675,5
[#6X4;!r3;!r4;!r5;!r6;!r7;!r8:1]~[#6X3;r7:2]~;@[#7X2;r7:3],661.4078768310548,128.4105890002312,5
[#16X2;r3:1]~;@[#6X4;r3:2]~[#1X1;!r3;!r4;!r5;!r6;!r7;!r8:3],332.4498148193359,118.39525039380973,5
[#7X2;r6:1]~;@[#6X3;r6:2]~[#7X3;r3:3],565.5451434326172,124.52027717353202,5
[#6X3;r6:1]~;@[#7X3;r6:2]~[#7X2;!r3;!r4;!r5;!r6;!r7;!r8:3],401.7712239379883,112.24453527261902,5
[#1X1;!r3;!r4;!r5;!r6;!r7;!r8:1]~[#6X3;r6:2]~;@[#6X4;r3:3],288.3085701293945,107.98527711752325,5
[#16X3;!r3;!r4;!r5;!r6;!r7;!r8:1]~[#6X3;r5:2]~;@[#7X2;r5:3],349.0745368652344,113.63652782546761,5
[#16X4;!r3;!r4;!r5;!r6;!r7;!r8:1]~[#6X3;r5:2]~;@[#8X2;r5:3],257.3037102661133,93.69694484558512,-1
[#6X3;r6:1]~;@[#6X4;r7:2]~[#6X3;r6:3],505.65149243164063,107.84422005078414,5
[#16X2;r6:1]~;@[#6X3;r6:2]~[#8X1;!r3;!r4;!r5;!r6;!r7;!r8:3],607.5303857421875,140.43841552484025,5
[#16X2;r5:1]~;@[#7X3;r5:2]~[#1X1;!r3;!r4;!r5;!r6;!r7;!r8:3],329.02496923828124,113.08214186110519,5
[#6X3;r6:1]~[#6X4;r3:2]~;@[#8X2;r3:3],602.3091960449219,117.32322488281955,5
[#16X4;r6:1]~;@[#6X4;r6:2]~[#6X4;!r3;!r4;!r5;!r6;!r7;!r8:3],445.4753690795899,101.49290910385933,5
[#16X2;!r3;!r4;!r5;!r6;!r7;!r8:1]~[#6X4;r5:2]~;@[#7X3;r5:3],710.3088237304688,110.1658423308065,5
[#16X2;r5:1]~;@[#6X3;r5:2]~[#6X4;r3:3],280.85090423583983,113.37564875011897,5
[#15X4;!r3;!r4;!r5;!r6;!r7;!r8:1]~[#7X3;r5:2]~;@[#6X4;r5:3],110.14877494812012,102.03073868967364,-1
[#17X1;!r3;!r4;!r5;!r6;!r7;!r8:1]~[#6X4;r5:2]~;@[#6X4;r4:3],450.2347201538086,103.70607481005105,5
[#6X4;r5:1]~;@[#7X3;r5:2]~[#8X1;!r3;!r4;!r5;!r6;!r7;!r8:3],353.18425579833985,101.61765567886044,5
[#1X1;!r3;!r4;!r5;!r6;!r7;!r8:1]~[#6X4;r8:2]~;@[#6X4;r5:3],439.13169573974614,107.81246650133276,5
[#17X1;!r3;!r4;!r5;!r6;!r7;!r8:1]~[#6X3;r6:2]~;@[#7X3;r6:3],402.92010656738285,105.07397728569701,5
[#6X3;r5:1]~;@[#6X4;r5:2]~[#7X3;r6:3],618.1505672607423,109.05304059047134,5
[#1X1;!r3;!r4;!r5;!r6;!r7;!r8:1]~[#6X3;r7:2]~;@[#7X3;r7:3],380.7880515136719,120.7801202255464,5
[#16X4;!r3;!r4;!r5;!r6;!r7;!r8:1]~[#6X4;r5:2]~;@[#6X4;r5:3],542.2448294677735,105.4085062908659,5
[#16X1;!r3;!r4;!r5;!r6;!r7;!r8:1]~[#6X3;r6:2]~;@[#6X3;r5:3],268.26334381103516,157.97365580366238,-1
[#6X3;r6:1]~;@[#6X4;r7:2]~[#8X2;!r3;!r4;!r5;!r6;!r7;!r8:3],694.4507895507812,108.33182725563135,5
[#7X3;r6:1]~;@[#6X3;r6:2]~[#7X3;r6:3],736.4987893066407,118.9369390365051,5
[#1X1;!r3;!r4;!r5;!r6;!r7;!r8:1]~[#6X3;r4:2]~;@[#6X3;r4:3],158.97484225463867,122.18448908117107,6
[#6X3;r6:1]~;@[#6X4;r6:2]~[#6X4;r5:3],579.3582297363281,106.57064931776523,5
[#8X2;r6:1]~;@[#6X4;r6:2]~[#9X1;!r3;!r4;!r5;!r6;!r7;!r8:3],823.4939530029297,107.25477472541205,5
[#6X3;r5:1]~;@[#6X4;r5:2]~[#7X3;r5:3],709.865818725586,108.69324671556258,5
[#6X3;r5:1]~;@[#7X3;r5:2]~[#7X3;r6:3],279.0100936279297,99.03649987075595,5
[#6X3;r6:1]~;@[#6X4;r6:2]~[#7X3;r6:3],658.4964548339844,108.33352797273469,5
[#6X3;r6:1]~[#6X4;r7:2]~;@[#7X3;r7:3],662.0982087402344,109.513306548071,5
[#16X4;!r3;!r4;!r5;!r6;!r7;!r8:1]~[#7X3;r4:2]~;@[#6X4;r4:3],259.35785150146484,103.84993225434987,5
[#6X3;r5:1]~;@[#7X3;r6:2]~[#6X3;r6:3],371.11162579345705,112.18345972106076,5
[#1X1;!r3;!r4;!r5;!r6;!r7;!r8:1]~[#6X4;r8:2]~;@[#6X3;r5:3],433.6777672119141,110.80787328259854,5
[#7X3;r5:1]~[#6X3;r6:2]~;@[#7X3;r6:3],624.9713376464844,114.98817445088895,5
[#15X4;!r3;!r4;!r5;!r6;!r7;!r8:1]~[#6X3;r5:2]~;@[#6X3;r5:3],253.5644549865723,119.92330031492497,5
[#6X3;r7:1]~;@[#6X3;r7:2]~[#7X2;!r3;!r4;!r5;!r6;!r7;!r8:3],0.0,112.77905221668587,0
[#16X2;!r3;!r4;!r5;!r6;!r7;!r8:1]~[#7X3;r5:2]~;@[#6X3;r5:3],326.10690759277344,114.7208271863963,5
[#6X3;r3:1]~;@[#6X4;r3:2]~[#6X4;!r3;!r4;!r5;!r6;!r7;!r8:3],314.08170623779296,126.09255939971227,5
[#6X3;r5:1]~;@[#6X4;r5:2]~[#6X4;r6:3],458.29512567138676,108.37300646613737,5
[#16X1;!r3;!r4;!r5;!r6;!r7;!r8:1]~[#15X4;r6:2]~;@[#8X2;r6:3],646.7543004150391,114.390539728702,5
[#6X4;r3:1]~;@[#6X4;r3:2]~[#6X4;r5:3],457.2142036743164,119.78574030504092,5
[#16X2;r6:1]~;@[#6X3;r6:2]~[#1X1;!r3;!r4;!r5;!r6;!r7;!r8:3],290.65846301269534,107.9302121324346,5
[#6X3;!r3;!r4;!r5;!r6;!r7;!r8:1]~[#6X4;r6:2]~;@[#6X3;r5:3],431.9843695678711,106.39182813510513,5
[#16X4;!r3;!r4;!r5;!r6;!r7;!r8:1]~[#7X3;r6:2]~;@[#6X3;r6:3],439.9151742553711,110.2006694653844,5
[#7X3;r6:1]~;@[#15X4;r6:2]~[#8X1;!r3;!r4;!r5;!r6;!r7;!r8:3],708.4339530029297,119.92724816426525,5
[#16X3;!r3;!r4;!r5;!r6;!r7;!r8:1]~[#6X3;r5:2]~;@[#6X3;r5:3],439.7985015869141,119.44498216734898,5
[#16X2;r5:1]~;@[#6X3;r5:2]~[#16X3;!r3;!r4;!r5;!r6;!r7;!r8:3],162.12881890869141,94.04588554990274,4
[#16X1;!r3;!r4;!r5;!r6;!r7;!r8:1]~[#6X3;r5:2]~;@[#7X2;r5:3],471.84412634277345,141.72076988113182,5
[#6X4;r5:1]~;@[#7X4;r5:2]~[#8X1;!r3;!r4;!r5;!r6;!r7;!r8:3],588.71208984375,121.21723867204888,5
[#6X4;!r3;!r4;!r5;!r6;!r7;!r8:1]~[#6X4;r3:2]~;@[#6X4;r6:3],207.77678497314454,130.76879377344815,5
[#6X2;!r3;!r4;!r5;!r6;!r7;!r8:1]~[#6X3;r5:2]~;@[#6X4;r5:3],448.83311590576176,121.23893135285283,5
[#7X3;!r3;!r4;!r5;!r6;!r7;!r8:1]~[#15X4;r6:2]~;@[#8X2;r6:3],550.8051877441407,102.04370238871833,5
[#1X1;!r3;!r4;!r5;!r6;!r7;!r8:1]~[#6X4;r7:2]~;@[#6X4;r3:3],342.27700524902343,105.48702614556437,5
[#6X4;!r3;!r4;!r5;!r6;!r7;!r8:1]~[#6X4;r4:2]~;@[#8X2;r4:3],673.2006585693359,110.30467275587618,5
[#6X4;r4:1]~[#6X3;r6:2]~;@[#7X2;r6:3],570.0871737060547,123.43187286891215,5
[#6X3;!r3;!r4;!r5;!r6;!r7;!r8:1]~[#6X3;r6:2]~;@[#7X3;r4:3],485.81190368652346,107.69559513444467,5
[#6X4;!r3;!r4;!r5;!r6;!r7;!r8:1]~[#6X4;r4:2]~;@[#7X3;r4:3],503.51327026367187,111.32839516905604,5
[#8X1;!r3;!r4;!r5;!r6;!r7;!r8:1]~[#7X3;r5:2]~;@[#8X2;r5:3],848.788140625,117.35144722447004,5
[#6X4;r4:1]~;@[#16X4;r5:2]~[#8X1;!r3;!r4;!r5;!r6;!r7;!r8:3],453.6186744384766,145.66036835288182,5
[#16X4;r5:1]~;@[#6X4;r5:2]~[#6X4;!r3;!r4;!r5;!r6;!r7;!r8:3],394.57959088134766,103.24566541847884,5
[#16X4;r5:1]~;@[#6X3;r5:2]~[#1X1;!r3;!r4;!r5;!r6;!r7;!r8:3],282.3841842041016,107.79441431135642,5
[#1X1;!r3;!r4;!r5;!r6;!r7;!r8:1]~[#6X3;r7:2]~;@[#8X2;r7:3],354.71447131347657,116.62631336104647,5
[#1X1;!r3;!r4;!r5;!r6;!r7;!r8:1]~[#6X4;r4:2]~;@[#6X3;r5:3],327.16586767578127,114.09104959397528,5
[#6X3;!r3;!r4;!r5;!r6;!r7;!r8:1]~[#6X3;r7:2]~;@[#6X4;r7:3],69.62344129943848,169.10775207537526,-1
[#16X4;r5:1]~;@[#7X3;r5:2]~[#6X3;r6:3],411.4126318969727,114.5028075480895,5
[#16X2;r6:1]~;@[#6X3;r6:2]~[#6X3;!r3;!r4;!r5;!r6;!r7;!r8:3],80.5515524749756,82.25943108037275,-1
[#6X4;r5:1]~;@[#6X4;r7:2]~[#8X2;!r3;!r4;!r5;!r6;!r7;!r8:3],635.1016535644532,107.03526610586619,5
[#15X4;!r3;!r4;!r5;!r6;!r7;!r8:1]~[#7X3;r5:2]~;@[#6X3;r5:3],540.7110068359375,119.22282343440516,5
[#6X3;r5:1]~[#6X3;r6:2]~;@[#8X2;r6:3],530.7918828125,107.6802135484338,5
[#6X3;r7:1]~[#6X3;r6:2]~;@[#6X4;r6:3],165.98886471557617,167.26409277309205,-1
[#6X3;r5:1]~;@[#6X4;r6:2]~[#7X3;!r3;!r4;!r5;!r6;!r7;!r8:3],733.1088657226563,109.0742346674659,5
[#1X1;!r3;!r4;!r5;!r6;!r7;!r8:1]~[#6X3;r6:2]~;@[#6X3;r4:3],232.00439926147462,126.85015032207176,5
[#6X3;!r3;!r4;!r5;!r6;!r7;!r8:1]~[#6X4;r5:2]~;@[#7X3;r4:3],595.2267341308594,105.61460724907104,5
[#7X2;r6:1]~;@[#7X3;r6:2]~[#8X1;!r3;!r4;!r5;!r6;!r7;!r8:3],968.8435184326172,124.46828577356989,5
[#6X3;r5:1]~;@[#6X3;r5:2]~[#6X4;r7:3],313.3357672729492,130.02688496542302,5
[#6X4;r3:1]~[#6X4;r6:2]~;@[#6X4;r6:3],496.49190588378906,107.47739791121944,5
[#16X2;r6:1]~;@[#6X3;r6:2]~[#6X4;!r3;!r4;!r5;!r6;!r7;!r8:3],471.5298922119141,107.37071035638384,5
[#16X2;r6:1]~;@[#6X3;r6:2]~[#6X3;r6:3],450.0567265014649,108.06669980261897,5
[#6X3;r5:1]~;@[#7X3;r6:2]~[#8X1;!r3;!r4;!r5;!r6;!r7;!r8:3],773.8699866943359,122.91985456797131,5
[#6X4;r7:1]~;@[#6X3;r7:2]~[#7X2;!r3;!r4;!r5;!r6;!r7;!r8:3],536.4803377685547,134.86345119973578,5
[#6X4;r6:1]~;@[#6X4;r6:2]~[#7X3;r7:3],713.4539741210938,108.38562182553439,5
[#6X3;r6:1]~;@[#6X4;r6:2]~[#7X2;!r3;!r4;!r5;!r6;!r7;!r8:3],433.92097625732424,103.29892040343742,5
[#16X2;r5:1]~;@[#6X4;r5:2]~[#7X3;!r3;!r4;!r5;!r6;!r7;!r8:3],671.5704333496094,110.23869995868303,5
[#6X3;r5:1]~;@[#6X4;r5:2]~[#9X1;!r3;!r4;!r5;!r6;!r7;!r8:3],601.3718564453126,107.2103033637261,5
[#16X2;!r3;!r4;!r5;!r6;!r7;!r8:1]~[#6X4;r6:2]~;@[#8X2;r6:3],522.9563953857422,105.28093201754841,5
[#35X1;!r3;!r4;!r5;!r6;!r7;!r8:1]~[#6X4;r5:2]~;@[#6X3;r5:3],315.6873200683594,101.33875173429215,5
[#6X4;r6:1]~;@[#7X3;r6:2]~[#7X3;r5:3],537.473986694336,106.79651001323921,5
[#6X4;r4:1]~;@[#16X4;r6:2]~[#8X1;!r3;!r4;!r5;!r6;!r7;!r8:3],400.69939953613283,139.3797771846233,5
[#6X3;r5:1]~[#7X3;r7:2]~;@[#6X4;r7:3],441.71231640625,114.25154537909224,5
[#6X3;r5:1]~;@[#6X3;r5:2]~[#6X4;r4:3],367.0600037841797,126.74924110727399,5
[#8X2;!r3;!r4;!r5;!r6;!r7;!r8:1]~[#6X3;r6:2]~;@[#8X2;r6:3],782.0529064941406,110.84397083236205,5
[#6X4;r3:1]~[#6X3;r5:2]~;@[#8X2;r5:3],941.0943846435547,119.71209720540985,5
[#8X1;!r3;!r4;!r5;!r6;!r7;!r8:1]~[#6X3;r7:2]~;@[#8X2;r7:3],706.5424831542969,136.35076587264106,5
[#6X4;!r3;!r4;!r5;!r6;!r7;!r8:1]~[#6X3;r6:2]~;@[#6X4;r5:3],463.1398983764649,111.41257042038727,5
[#6X4;r5:1]~[#6X4;r6:2]~;@[#8X2;r6:3],577.0462275390626,103.01401272258869,5
[#6X4;!r3;!r4;!r5;!r6;!r7;!r8:1]~[#6X4;r7:2]~;@[#6X4;r5:3],577.5696105957031,107.74714940229993,5
[#6X4;r6:1]~;@[#6X4;r6:2]~[#7X4;!r3;!r4;!r5;!r6;!r7;!r8:3],686.9398149414063,105.12234868539905,5
[#1X1;!r3;!r4;!r5;!r6;!r7;!r8:1]~[#6X4;r7:2]~;@[#7X4;r7:3],502.5523088378906,104.01087883195204,5
[#1X1;!r3;!r4;!r5;!r6;!r7;!r8:1]~[#6X4;r4:2]~;@[#6X3;r6:3],243.03754776000977,108.92851941171284,5
[#6X3;r6:1]~[#7X3;r5:2]~;@[#8X2;r5:3],276.12606018066407,88.51387628448845,-1
[#8X1;!r3;!r4;!r5;!r6;!r7;!r8:1]~[#15X4;r5:2]~;@[#8X2;r5:3],635.740655883789,128.90374231868446,5
[#15X4;r6:1]~[#6X3;r6:2]~;@[#6X3;r6:3],200.74905227661134,116.84623179194253,5
[#16X2;r5:1]~;@[#6X4;r5:2]~[#9X1;!r3;!r4;!r5;!r6;!r7;!r8:3],655.6251899414062,108.65522988264229,5
[#53X1;!r3;!r4;!r5;!r6;!r7;!r8:1]~[#6X3;r5:2]~;@[#7X3;r5:3],266.98422192382816,101.93881117363445,5
[#8X1;!r3;!r4;!r5;!r6;!r7;!r8:1]~[#16X4;r5:2]~;@[#8X2;r5:3],513.2072527465821,136.496959241636,5
[#16X2;!r3;!r4;!r5;!r6;!r7;!r8:1]~[#6X3;r6:2]~;@[#6X4;r6:3],323.62166802978516,107.45899055140626,5
[#6X4;r3:1]~;@[#6X4;r3:2]~[#7X2;!r3;!r4;!r5;!r6;!r7;!r8:3],380.43765045166015,120.42157627525575,5
[#16X2;r4:1]~;@[#6X4;r4:2]~[#1X1;!r3;!r4;!r5;!r6;!r7;!r8:3],338.2822671508789,112.17907473961361,5
[#1X1;!r3;!r4;!r5;!r6;!r7;!r8:1]~[#7X3;r6:2]~;@[#7X3;r5:3],140.83537060546877,96.80353344616036,4
[#17X1;!r3;!r4;!r5;!r6;!r7;!r8:1]~[#15X5;r4:2]~;@[#7X3;r4:3],570.4962143554687,170.2165240041001,-1
[#6X4;r7:1]~;@[#6X4;r7:2]~[#9X1;!r3;!r4;!r5;!r6;!r7;!r8:3],752.6385616455078,106.3114094878174,5
[#16X3;!r3;!r4;!r5;!r6;!r7;!r8:1]~[#6X3;r5:2]~;@[#7X3;r5:3],175.1240314025879,87.06239278396905,-1
[#7X2;r5:1]~;@[#7X3;r5:2]~[#8X2;!r3;!r4;!r5;!r6;!r7;!r8:3],578.098420288086,105.82130926392313,5
[#6X3;r5:1]~;@[#6X3;r7:2]~[#6X3;r6:3],0.0,94.15112510463429,0
[#6X3;!r3;!r4;!r5;!r6;!r7;!r8:1]~[#7X3;r5:2]~;@[#7X3;r5:3],419.6014252319336,106.6275311331731,5
[#6X3;r6:1]~;@[#7X3;r7:2]~[#6X3;r6:3],231.89339263916017,108.67868475225212,5
[#6X3;!r3;!r4;!r5;!r6;!r7;!r8:1]~[#6X3;r4:2]~;@[#6X3;r4:3],533.9664008789063,136.16005333063598,5
[#6X4;!r3;!r4;!r5;!r6;!r7;!r8:1]~[#6X4;r7:2]~;@[#7X2;r7:3],621.533404296875,107.74225215666503,5
[#6X4;r6:1]~;@[#7X3;r6:2]~[#6X4;r7:3],416.0945416870117,107.2624381976608,5
[#16X1;!r3;!r4;!r5;!r6;!r7;!r8:1]~[#6X3;r7:2]~;@[#7X3;r7:3],608.5410168457031,139.32107853889622,5
[#7X2;!r3;!r4;!r5;!r6;!r7;!r8:1]~[#6X3;r6:2]~;@[#7X3;r5:3],438.908118347168,146.7061522770808,5
[#6X3;r4:1]~;@[#7X3;r4:2]~[#6X4;!r3;!r4;!r5;!r6;!r7;!r8:3],204.30089709472657,111.32869569737952,5
[#7X2;r6:1]~;@[#6X3;r6:2]~[#7X3;r7:3],713.4804050292969,126.0502805287499,5
[#17X1;!r3;!r4;!r5;!r6;!r7;!r8:1]~[#6X4;r4:2]~;@[#6X3;r4:3],445.50010815429687,115.21275107079896,5
[#6X4;r3:1]~[#6X4;r6:2]~;@[#7X3;r6:3],698.0459676513672,106.85722356477146,5
[#6X3;r6:1]~;@[#6X4;r5:2]~[#8X2;!r3;!r4;!r5;!r6;!r7;!r8:3],544.9979852294922,107.30833706888329,5
[#17X1;!r3;!r4;!r5;!r6;!r7;!r8:1]~[#7X3;r5:2]~;@[#6X3;r5:3],312.7580859375,91.67712130422895,5
[#7X3;!r3;!r4;!r5;!r6;!r7;!r8:1]~[#15X4;r6:2]~;@[#7X3;r6:3],683.5445285644531,107.45464655109413,5
[#6X4;r5:1]~;@[#15X4;r5:2]~[#8X1;!r3;!r4;!r5;!r6;!r7;!r8:3],466.43447277832036,136.65820634756167,5
[#6X4;r3:1]~;@[#6X4;r3:2]~[#6X4;r3:3],793.2832333984376,123.73272904147287,5
[#16X2;r5:1]~;@[#6X4;r5:2]~[#6X3;r5:3],584.3529691162109,109.62648278261811,5
[#6X4;!r3;!r4;!r5;!r6;!r7;!r8:1]~[#15X4;r5:2]~;@[#6X4;r5:3],450.56967126464843,128.2093579669043,5
[#6X3;r6:1]~;@[#6X4;r7:2]~[#7X3;!r3;!r4;!r5;!r6;!r7;!r8:3],739.1744399414063,108.64854995763402,5
[#6X4;r3:1]~[#7X3;r6:2]~;@[#6X4;r6:3],433.2126406860352,109.65318882227285,5
[#16X3;!r3;!r4;!r5;!r6;!r7;!r8:1]~[#6X3;r6:2]~;@[#7X2;r6:3],304.9483590698242,118.819022650674,5
[#7X2;r5:1]~;@[#7X3;r5:2]~[#7X3;!r3;!r4;!r5;!r6;!r7;!r8:3],597.512177734375,106.90409232285609,5
[#16X1;!r3;!r4;!r5;!r6;!r7;!r8:1]~[#6X3;r6:2]~;@[#8X2;r6:3],486.0382263183594,142.81309471433528,5
[#6X3;r5:1]~;@[#6X4;r7:2]~[#6X3;r6:3],576.9230748291016,109.18459686407496,5
[#1X1;!r3;!r4;!r5;!r6;!r7;!r8:1]~[#6X4;r5:2]~;@[#7X2;r6:3],505.95640551757816,104.1725357492279,5
[#16X4;!r3;!r4;!r5;!r6;!r7;!r8:1]~[#7X3;r7:2]~;@[#6X4;r7:3],103.93028930664063,93.12128967214727,-1
[#6X3;r5:1]~[#6X4;r6:2]~;@[#7X2;r6:3],508.14547845458986,108.8221392153899,5
[#16X1;!r3;!r4;!r5;!r6;!r7;!r8:1]~[#6X3;r6:2]~;@[#7X3;r5:3],691.3360283203125,136.41440957532726,5
[#1X1;!r3;!r4;!r5;!r6;!r7;!r8:1]~[#7X4;r5:2]~;@[#6X3;r5:3],422.0525089111328,112.85009984443235,5
[#6X3;r5:1]~;@[#6X3;r7:2]~[#6X4;!r3;!r4;!r5;!r6;!r7;!r8:3],0.0,110.13312572468215,0
[#7X3;r7:1]~;@[#16X4;r7:2]~[#8X1;!r3;!r4;!r5;!r6;!r7;!r8:3],434.81180639648437,145.33956802794464,5
[#6X3;r5:1]~[#6X3;r7:2]~;@[#6X4;r7:3],191.50787466430666,142.32629347181012,5
[#15X4;r6:1]~;@[#7X3;r6:2]~[#1X1;!r3;!r4;!r5;!r6;!r7;!r8:3],200.0669880065918,114.43365871293229,5
[#7X3;r5:1]~;@[#6X3;r6:2]~[#7X3;r6:3],407.96582440185546,109.89979280225617,5
[#6X3;!r3;!r4;!r5;!r6;!r7;!r8:1]~[#6X3;r5:2]~;@[#7X3;r4:3],299.1281007080078,101.39248483249264,5
[#6X3;r4:1]~;@[#6X3;r4:2]~[#8X2;!r3;!r4;!r5;!r6;!r7;!r8:3],400.35930908203125,96.26814223787974,5
[#6X4;r4:1]~[#6X3;r5:2]~;@[#7X3;r5:3],528.5900732421875,124.35609308626326,5
[#6X2;!r3;!r4;!r5;!r6;!r7;!r8:1]~[#7X3;r6:2]~;@[#6X4;r6:3],421.59047875976563,110.85157283290827,5
[#6X3;!r3;!r4;!r5;!r6;!r7;!r8:1]~[#7X3;r6:2]~;@[#7X3;r6:3],527.6162155761718,107.15879007700586,5
[#6X4;!r3;!r4;!r5;!r6;!r7;!r8:1]~[#6X3;r7:2]~;@[#6X4;r7:3],0.0,119.75979924657321,0
[#16X4;!r3;!r4;!r5;!r6;!r7;!r8:1]~[#6X4;r6:2]~;@[#6X3;r6:3],482.9089408569336,103.38566380589658,5
[#6X4;r4:1]~[#7X3;r5:2]~;@[#7X2;r5:3],372.59459765625,104.71215484460477,5
[#6X3;r7:1]~;@[#6X4;r7:2]~[#8X2;!r3;!r4;!r5;!r6;!r7;!r8:3],834.173316772461,107.0718417688716,5
[#17X1;!r3;!r4;!r5;!r6;!r7;!r8:1]~[#6X4;r4:2]~;@[#6X4;r5:3],611.2632727050782,113.08133589878312,5
[#16X2;!r3;!r4;!r5;!r6;!r7;!r8:1]~[#6X3;r6:2]~;@[#7X3;r5:3],532.3499976196289,110.35984019380237,5
[#1X1;!r3;!r4;!r5;!r6;!r7;!r8:1]~[#6X3;r4:2]~;@[#6X4;r4:3],217.65265551757813,111.39318634352277,5
[#15X4;r6:1]~;@[#7X3;r6:2]~[#6X4;!r3;!r4;!r5;!r6;!r7;!r8:3],391.76093243408206,108.5788820280999,5
[#15X4;!r3;!r4;!r5;!r6;!r7;!r8:1]~[#6X4;r6:2]~;@[#6X4;r6:3],198.35257012939454,87.94024284704493,-1
[#15X4;!r3;!r4;!r5;!r6;!r7;!r8:1]~[#6X4;r5:2]~;@[#6X4;r5:3],446.20754992675785,104.442512636551,5
[#16X3;!r3;!r4;!r5;!r6;!r7;!r8:1]~[#6X4;r6:2]~;@[#6X4;r6:3],340.25820098876954,99.04533813554194,5
[#15X3;r6:1]~;@[#6X4;r6:2]~[#1X1;!r3;!r4;!r5;!r6;!r7;!r8:3],427.3399993286133,102.95619517126453,5
[#8X1;!r3;!r4;!r5;!r6;!r7;!r8:1]~[#6X3;r4:2]~;@[#8X2;r4:3],494.86860760498047,138.3542652618809,5
[#6X3;r5:1]~;@[#6X4;r3:2]~[#6X4;!r3;!r4;!r5;!r6;!r7;!r8:3],154.15054711914064,130.42903284337504,-1
[#6X4;r5:1]~;@[#6X4;r6:2]~[#9X1;!r3;!r4;!r5;!r6;!r7;!r8:3],425.661732421875,101.23304772669702,5
[#6X4;r6:1]~;@[#7X3;r6:2]~[#7X3;r6:3],438.3445143432617,105.82964209471055,5
[#1X1;!r3;!r4;!r5;!r6;!r7;!r8:1]~[#7X3;r7:2]~;@[#7X2;r7:3],305.96336340332033,106.691967137803,5
[#6X4;r5:1]~[#6X4;r5:2]~;@[#8X2;r5:3],488.21836126708985,106.30880035555445,5
[#6X3;r5:1]~[#6X3;r7:2]~;@[#7X2;r7:3],775.247841430664,121.68721032845912,5
[#6X4;r4:1]~;@[#6X4;r4:2]~[#6X4;r6:3],369.9340458374024,113.8178351969856,5
[#6X3;r6:1]~;@[#6X3;r6:2]~;@[#6X3;r6:3],471.0717564697266,121.02521473372313,5
[#6X4;r6:1]~;@[#6X4;r6:2]~;@[#6X4;r6:3],497.3951215209961,106.28680031623784,5
[#6X3;r5:1]~;@[#6X3;r5:2]~;@[#6X3;r6:3],247.28248568725587,130.2154391676504,5
[#6X3;r5:1]~;@[#6X3;r5:2]~;@[#6X3;r5:3],389.4351082763672,119.98714892328626,5
[#6X3;r6:1]~;@[#6X3;r6:2]~;@[#7X2;r6:3],586.7768238525391,126.51428259982555,5
[#6X3;r5:1]~;@[#6X3;r5:2]~;@[#7X3;r5:3],678.6595987548828,123.85459327664424,5
[#6X3;r5:1]~;@[#6X3;r6:2]~;@[#6X3;r6:3],568.9451541748047,119.68080127863284,5
[#6X3;r6:1]~;@[#7X2;r6:2]~;@[#6X3;r6:3],537.9454017333985,114.3028947412724,5
[#6X4;r5:1]~;@[#6X4;r5:2]~;@[#6X4;r5:3],588.7617595214844,108.37902386279615,5
[#6X3;r5:1]~;@[#6X3;r5:2]~;@[#7X2;r5:3],629.0911118164063,122.8390670904684,5
[#6X3;r5:1]~;@[#7X3;r5:2]~;@[#6X3;r5:3],707.0844444580079,123.44959037961917,5
[#6X4;r6:1]~;@[#6X4;r6:2]~;@[#7X3;r6:3],743.391510498047,106.830087223199,5
[#6X3;r6:1]~;@[#6X3;r6:2]~;@[#6X4;r6:3],313.9096499633789,133.95771347427873,5
[#16X2;r5:1]~;@[#6X3;r5:2]~;@[#6X3;r5:3],470.8637567138672,125.7093311457612,5
[#6X3;r6:1]~;@[#6X3;r6:2]~;@[#7X3;r6:3],439.47312689208985,126.58172388769025,5
[#6X3;r5:1]~;@[#7X2;r5:2]~;@[#6X3;r5:3],798.6644130859376,114.65742937052025,5
[#6X3;r6:1]~;@[#6X4;r6:2]~;@[#6X4;r6:3],550.0746348876953,107.88727073312273,5
[#6X3;r5:1]~;@[#6X3;r5:2]~;@[#8X2;r5:3],735.8167569580079,124.92810776887349,5
[#7X2;r5:1]~;@[#6X3;r5:2]~;@[#7X3;r5:3],818.0989832763672,129.17688158359329,5
[#6X3;r6:1]~;@[#6X3;r5:2]~;@[#7X3;r5:3],180.60450256347656,119.16788139272157,-1
[#6X3;r5:1]~;@[#16X2;r5:2]~;@[#6X3;r5:3],1227.2875563964844,97.8153918207519,-1
[#6X4;r5:1]~;@[#6X4;r5:2]~;@[#7X3;r5:3],748.2900388183594,108.0531418771165,5
[#6X4;r6:1]~;@[#7X3;r6:2]~;@[#6X4;r6:3],419.7498916015625,106.63642403947246,5
[#6X3;r5:1]~;@[#7X3;r5:2]~;@[#7X2;r5:3],945.8786982421875,126.13187396857487,5
[#6X3;r5:1]~;@[#6X4;r5:2]~;@[#6X4;r5:3],641.9292551269532,110.68285350003062,5
[#6X3;r6:1]~;@[#7X3;r6:2]~;@[#6X3;r6:3],506.2906862792969,121.94555540362568,5
[#6X4;r3:1]~;@[#6X4;r3:2]~;@[#6X4;r3:3],0.0,103.10347454033752,0
[#6X3;r5:1]~;@[#6X3;r5:2]~;@[#6X4;r5:3],354.91276696777345,136.17438306751467,5
[#6X3;r5:1]~;@[#7X2;r5:2]~;@[#7X3;r5:3],1040.0449376220704,119.33769355586642,5
[#6X3;r6:1]~;@[#6X3;r6:2]~;@[#8X2;r6:3],282.06710906982426,124.51586487132819,5
[#6X3;r5:1]~;@[#7X2;r5:2]~;@[#7X2;r5:3],928.7384458007813,119.19436886632288,5
[#7X2;r6:1]~;@[#6X3;r6:2]~;@[#7X2;r6:3],626.5113530273438,133.60869080769106,5
[#6X4;r6:1]~;@[#6X4;r6:2]~;@[#8X2;r6:3],696.1365579833985,106.34269858440523,5
[#6X3;r6:1]~;@[#6X3;r5:2]~;@[#7X2;r5:3],482.4417075195313,129.1323214294481,5
[#6X3;r5:1]~;@[#6X3;r5:2]~;@[#7X2;r6:3],411.70611712646485,132.2399482187772,5
[#6X4;r5:1]~;@[#6X4;r5:2]~;@[#8X2;r5:3],705.1633515625,108.88288008767881,5
[#6X3;r5:1]~;@[#8X2;r5:2]~;@[#6X3;r5:3],1188.9984914550782,119.51736851217278,5
[#6X3;r5:1]~;@[#7X2;r6:2]~;@[#6X3;r6:3],530.3084653320312,114.8621847814589,5
[#16X2;r5:1]~;@[#6X3;r5:2]~;@[#7X2;r5:3],637.072799194336,129.59382365128752,5
[#6X3;r5:1]~;@[#7X3;r5:2]~;@[#6X4;r5:3],478.5613756713867,122.7639486699766,5
[#6X3;r5:1]~;@[#7X3;r5:2]~;@[#6X3;r6:3],481.5181898803711,119.8928649919834,5
[#6X3;r5:1]~;@[#6X3;r5:2]~;@[#6X4;r6:3],403.4722188720703,128.64858011167112,5
[#6X4;r5:1]~;@[#6X4;r5:2]~;@[#6X4;r6:3],475.23306036376954,109.81326796585044,5
[#6X3;r6:1]~;@[#6X3;r5:2]~;@[#6X4;r5:3],405.7374881591797,133.32790173091183,5
[#6X3;r6:1]~;@[#7X3;r6:2]~;@[#6X4;r6:3],313.40126995849613,113.52640468547949,5
[#6X4;r5:1]~;@[#7X3;r5:2]~;@[#6X4;r5:3],379.7083744506836,112.93287490698373,5
[#6X3;r5:1]~;@[#8X2;r5:2]~;@[#6X4;r5:3],912.7709851074219,117.11351075454347,5
[#6X4;r4:1]~;@[#6X4;r4:2]~;@[#6X4;r4:3],618.6811007080079,110.74644256120344,5
[#6X3;r6:1]~;@[#6X3;r5:2]~;@[#8X2;r5:3],488.59426751708986,123.9083332050339,5
[#7X2;r6:1]~;@[#6X3;r5:2]~;@[#7X3;r5:3],597.208349975586,128.98834104174423,5
[#6X3;r5:1]~;@[#6X3;r6:2]~;@[#7X2;r6:3],819.0403449707031,122.7827180298158,5
[#6X4;r5:1]~;@[#6X4;r6:2]~;@[#6X4;r6:3],552.3693995361328,106.01120218322782,5
[#7X2;r6:1]~;@[#6X3;r6:2]~;@[#7X3;r6:3],384.0462674560547,139.5503270081985,5
[#6X3;r6:1]~;@[#6X3;r6:2]~;@[#7X3;r5:3],539.4404718017578,123.17658771849375,5
[#6X4;r6:1]~;@[#8X2;r6:2]~;@[#6X4;r6:3],498.826348815918,106.22378499095531,5
[#6X4;r5:1]~;@[#6X3;r5:2]~;@[#7X3;r5:3],632.3422412109376,131.40670612117066,5
[#7X2;r5:1]~;@[#6X3;r5:2]~;@[#8X2;r5:3],893.778973022461,129.88283627582746,5
[#7X3;r5:1]~;@[#6X3;r5:2]~;@[#7X3;r5:3],847.5603164062501,125.74518963890377,5
[#6X3;r6:1]~;@[#8X2;r6:2]~;@[#6X4;r6:3],475.9370865478516,108.02108096915246,5
[#6X3;r5:1]~;@[#6X4;r6:2]~;@[#6X4;r6:3],589.3579871826172,105.87978251340762,5
[#6X4;r5:1]~;@[#8X2;r5:2]~;@[#6X4;r5:3],546.9923057861329,114.99585158351604,5
[#6X3;r5:1]~;@[#7X2;r5:2]~;@[#8X2;r5:3],1098.9337033691406,117.08069852577073,5
[#16X2;r5:1]~;@[#6X3;r5:2]~;@[#6X3;r6:3],388.98881536865235,127.26516627642006,5
[#6X4;r6:1]~;@[#6X3;r6:2]~;@[#7X3;r6:3],273.7223797607422,146.1051775923897,-1
[#7X2;r5:1]~;@[#6X3;r5:2]~;@[#7X2;r5:3],691.6881212158204,129.66242607131113,5
[#6X3;r6:1]~;@[#6X4;r6:2]~;@[#6X3;r6:3],558.4483807373047,111.31965252691842,5
[#6X3;r6:1]~;@[#7X2;r6:2]~;@[#7X2;r6:3],642.9573153076173,113.11570541068663,5
[#6X3;r6:1]~;@[#6X4;r6:2]~;@[#7X3;r6:3],772.9339877929688,107.24492559262889,5
[#7X2;r5:1]~;@[#7X2;r5:2]~;@[#7X3;r5:3],1323.8678825683594,122.09811450892708,5
[#7X3;r6:1]~;@[#6X3;r6:2]~;@[#7X3;r6:3],289.9500635986328,144.98217154943455,-1
[#6X3;r5:1]~;@[#6X4;r5:2]~;@[#7X3;r5:3],793.6045540771485,110.22475271239786,5
[#6X3;r6:1]~;@[#6X3;r6:2]~;@[#6X4;r7:3],393.6227153930664,125.77782428275809,5
[#16X2;r5:1]~;@[#6X3;r5:2]~;@[#7X3;r5:3],522.4609116210937,126.82729650910889,5
[#16X2;r6:1]~;@[#6X3;r6:2]~;@[#6X3;r6:3],275.32981311035155,131.3493871736559,5
[#6X3;r5:1]~;@[#6X3;r6:2]~;@[#7X3;r6:3],346.8005530395508,125.45956478819217,5
[#6X3;r5:1]~;@[#8X2;r5:2]~;@[#7X2;r5:3],1306.3081831054687,120.80102060440663,5
[#6X3;r6:1]~;@[#6X3;r6:2]~;@[#6X3;r7:3],385.0654854125977,125.50922026345816,5
[#6X3;r6:1]~;@[#6X3;r6:2]~;@[#7X3;r7:3],528.1977913208008,125.9773477687925,5
[#6X3;r6:1]~;@[#6X4;r5:2]~;@[#6X4;r5:3],433.9537276000977,109.885845555971,5
[#6X3;r6:1]~;@[#8X2;r6:2]~;@[#6X3;r6:3],537.8565964355469,113.51964279820119,5
[#6X3;r5:1]~;@[#7X3;r5:2]~;@[#7X3;r5:3],824.6500817871095,119.9576425060718,5
[#6X3;r5:1]~;@[#6X4;r5:2]~;@[#6X3;r5:3],893.6479038085938,111.80557267504064,5
[#6X4;r6:1]~;@[#6X3;r6:2]~;@[#7X2;r6:3],160.70814163208007,161.47252948902812,-1
[#6X4;r7:1]~;@[#6X4;r7:2]~;@[#6X4;r7:3],594.1710938720703,110.0180643579241,5
[#6X3;r5:1]~;@[#6X3;r5:2]~;@[#7X3;r6:3],329.2756798095703,123.6661210366869,5
[#6X4;r3:1]~;@[#6X4;r3:2]~;@[#8X2;r3:3],201.63820654296876,105.52304856324702,-1
[#6X4;r4:1]~;@[#6X4;r4:2]~;@[#7X3;r4:3],988.4449736328125,103.48083566179155,5
[#6X3;r6:1]~;@[#6X3;r6:2]~;@[#6X4;r5:3],327.03502191162113,131.54239465922214,5
[#6X4;r3:1]~;@[#6X4;r3:2]~;@[#6X4;r5:3],505.0689909667969,115.24507152595146,5
[#6X3;r5:1]~;@[#7X3;r5:2]~;@[#6X4;r6:3],332.7359581298828,110.73802776814598,5
[#16X2;r5:1]~;@[#6X4;r5:2]~;@[#6X4;r5:3],528.4979481201173,104.81160922910932,5
[#6X3;r5:1]~;@[#6X4;r5:2]~;@[#6X4;r6:3],429.0623496704102,109.70856799606332,5
[#6X3;r5:1]~;@[#6X4;r5:2]~;@[#8X2;r5:3],827.6525435791016,110.53152382877981,5
[#8X2;r5:1]~;@[#6X4;r5:2]~;@[#8X2;r5:3],748.1297296142578,114.01853347555726,5
[#6X4;r6:1]~;@[#6X3;r6:2]~;@[#6X4;r6:3],112.2877712097168,155.63005397489093,-1
[#6X3;r5:1]~;@[#7X3;r6:2]~;@[#6X3;r6:3],624.0567899169922,121.69054346077408,5
[#6X3;r5:1]~;@[#7X3;r5:2]~;@[#7X2;r6:3],825.7852062988281,122.10121541481027,5
[#6X3;r6:1]~;@[#6X4;r6:2]~;@[#8X2;r6:3],750.5357083740234,106.89056171811029,5
[#6X4;r6:1]~;@[#6X4;r5:2]~;@[#7X3;r5:3],617.4999455566407,110.44826382279736,5
[#6X4;r5:1]~;@[#6X3;r5:2]~;@[#7X2;r5:3],675.757433959961,132.7656815395714,5
[#6X3;r6:1]~;@[#7X3;r5:2]~;@[#7X2;r5:3],506.9403822631836,113.77589100529255,5
[#6X4;r6:1]~;@[#6X4;r5:2]~;@[#8X2;r5:3],659.2638449707032,108.52102349564072,5
[#6X3;r5:1]~;@[#7X2;r5:2]~;@[#6X4;r5:3],651.2552797851563,122.8085224845001,5
[#6X4;r7:1]~;@[#6X4;r7:2]~;@[#7X3;r7:3],750.8752880859375,109.94639518296316,5
[#6X3;r5:1]~;@[#16X2;r5:2]~;@[#6X4;r5:3],745.4008979492188,94.43642210626572,5
[#7X2;r5:1]~;@[#6X3;r5:2]~;@[#7X2;r6:3],464.1707357177735,131.96706850105684,5
[#6X3;r6:1]~;@[#7X3;r6:2]~;@[#7X2;r6:3],496.04408074951175,126.33152039801435,5
[#6X3;r6:1]~;@[#7X2;r6:2]~;@[#7X3;r6:3],716.0793804931641,122.35920532013999,5
[#6X3;r6:1]~;@[#6X3;r6:2]~;@[#8X2;r7:3],515.3704055175781,121.22632282364499,5
[#6X4;r5:1]~;@[#6X4;r5:2]~;@[#7X2;r5:3],810.9884943847657,112.51579623550607,5
[#6X4;r5:1]~;@[#7X3;r5:2]~;@[#7X3;r5:3],610.0485362548828,108.56464108368041,5
[#6X4;r6:1]~;@[#6X3;r5:2]~;@[#7X3;r5:3],373.3041462402344,118.10741256180705,5
[#16X2;r5:1]~;@[#6X3;r5:2]~;@[#7X2;r6:3],401.1485972900391,125.64221770697665,5
[#7X2;r5:1]~;@[#7X2;r5:2]~;@[#7X2;r5:3],1209.2847880859376,123.29270093438397,5
[#6X4;r6:1]~;@[#6X4;r6:2]~;@[#7X3;r5:3],718.8435172119141,105.26714869580331,5
[#16X2;r6:1]~;@[#6X4;r6:2]~;@[#6X4;r6:3],640.8422680664063,105.94297542360857,5
[#16X2;r5:1]~;@[#7X2;r5:2]~;@[#6X3;r5:3],738.6493331298828,125.36429730964883,5
[#6X4;r3:1]~;@[#6X4;r3:2]~;@[#6X4;r6:3],681.6735522460938,120.1602668979894,5
[#7X3;r5:1]~;@[#6X3;r5:2]~;@[#8X2;r5:3],891.2042578125,126.37700945788663,5
[#6X4;r3:1]~;@[#8X2;r3:2]~;@[#6X4;r3:3],0.0,51.53352457074691,0
[#6X3;r7:1]~;@[#6X3;r7:2]~;@[#6X3;r7:3],356.2513903198242,127.38603330397261,5
[#7X2;r5:1]~;@[#6X3;r5:2]~;@[#7X3;r6:3],458.0970853881836,123.67788262243766,5
[#6X4;r3:1]~;@[#6X4;r3:2]~;@[#7X3;r3:3],167.23791665649415,95.50185648470683,4
[#6X4;r5:1]~;@[#6X3;r5:2]~;@[#8X2;r5:3],645.6189843750001,131.324443322807,5
[#6X4;r5:1]~;@[#16X2;r5:2]~;@[#6X4;r5:3],612.8743450927734,91.48095144107701,5
[#6X4;r5:1]~;@[#6X3;r5:2]~;@[#6X4;r5:3],466.25488305664067,130.7900083410102,5
[#6X3;r5:1]~;@[#6X3;r5:2]~;@[#6X4;r7:3],350.7523568725586,131.20476474817005,5
[#6X3;r5:1]~;@[#6X4;r5:2]~;@[#6X3;r6:3],442.0015560913086,113.92054075153509,5
[#6X3;r5:1]~;@[#6X3;r6:2]~;@[#6X4;r6:3],166.42033013916017,134.36748384334447,5
[#6X3;r6:1]~;@[#7X3;r5:2]~;@[#6X4;r5:3],395.21437957763675,117.70411721207448,5
[#6X3;r5:1]~;@[#6X3;r5:2]~;@[#6X3;r7:3],494.6148006591797,126.74241091810397,5
[#6X4;r4:1]~;@[#7X3;r4:2]~;@[#6X4;r4:3],483.4543496704102,115.69146536934682,5
[#6X3;r6:1]~;@[#7X2;r6:2]~;@[#7X3;r5:3],592.2693453369141,118.82347593401285,5
[#6X4;r6:1]~;@[#6X4;r5:2]~;@[#6X4;r6:3],507.42462969970705,107.5495656899898,5
[#6X3;r5:1]~;@[#6X4;r6:2]~;@[#7X3;r6:3],795.3865335693359,106.36635152950097,5
[#6X3;r5:1]~;@[#16X2;r5:2]~;@[#7X2;r5:3],1218.2543146972657,106.68786219411182,5
[#6X4;r3:1]~;@[#6X4;r5:2]~;@[#6X4;r5:3],651.511927734375,108.52094153337067,5
[#6X3;r6:1]~;@[#6X4;r6:2]~;@[#6X4;r5:3],518.7298441772462,106.9133813801273,5
[#6X4;r6:1]~;@[#6X4;r6:2]~;@[#7X4;r6:3],667.007398803711,103.83524051744517,5
[#6X3;r5:1]~;@[#6X4;r3:2]~;@[#6X4;r3:3],428.66757788085937,115.29502752954095,5
[#6X3;r6:1]~;@[#7X2;r6:2]~;@[#6X4;r6:3],599.5368874511719,121.86394830342236,5
[#6X3;r6:1]~;@[#6X3;r6:2]~;@[#7X2;r7:3],457.39210156250005,126.42304493289251,5
[#7X3;r6:1]~;@[#6X4;r6:2]~;@[#7X3;r6:3],1141.5850173339845,108.23371158820413,5
[#6X4;r6:1]~;@[#6X3;r5:2]~;@[#7X2;r5:3],379.4943734741211,123.25170613898555,5
[#6X4;r4:1]~;@[#6X4;r4:2]~;@[#6X4;r5:3],480.2924724731445,114.0588862331737,5
[#6X3;r4:1]~;@[#6X4;r4:2]~;@[#6X4;r4:3],588.4643160400391,114.01133445617207,5
[#16X4;r6:1]~;@[#6X3;r6:2]~;@[#6X3;r6:3],365.7798923339844,125.42406146488645,5
[#16X2;r5:1]~;@[#6X4;r5:2]~;@[#6X3;r5:3],593.8352808837891,108.48004236062063,5
[#6X3;r6:1]~;@[#16X2;r6:2]~;@[#6X4;r6:3],628.1775217285157,95.6816202334724,5
[#16X2;r7:1]~;@[#6X3;r6:2]~;@[#6X3;r6:3],364.1731612548828,126.50532139163448,5
[#6X3;r6:1]~;@[#6X4;r3:2]~;@[#6X4;r3:3],589.4264904785157,120.13585580189577,5
[#6X4;r6:1]~;@[#6X4;r6:2]~;@[#7X2;r6:3],545.5751877441406,111.16387640251794,5
[#6X4;r7:1]~;@[#7X3;r7:2]~;@[#6X4;r7:3],466.06696185302735,110.86381936209011,5
[#6X3;r6:1]~;@[#16X2;r6:2]~;@[#6X3;r6:3],711.1970043945313,100.89754200447683,5
[#7X3;r5:1]~;@[#6X3;r5:2]~;@[#7X3;r6:3],576.9004744873047,119.03334032645066,5
[#7X2;r5:1]~;@[#7X3;r5:2]~;@[#7X2;r5:3],981.3031379394531,133.13675205679988,-1
[#6X4;r5:1]~;@[#7X3;r5:2]~;@[#7X2;r5:3],542.2292518310547,116.64281509808121,5
[#6X4;r5:1]~;@[#7X3;r5:2]~;@[#6X4;r6:3],413.52534887695316,108.8727031058155,5
[#6X3;r6:1]~;@[#6X4;r7:2]~;@[#6X4;r7:3],582.0637587890625,109.59236598771389,5
[#8X2;r6:1]~;@[#6X4;r6:2]~;@[#8X2;r6:3],939.8433216552735,107.71165290918337,5
[#16X2;r5:1]~;@[#6X4;r5:2]~;@[#7X3;r5:3],783.3005219726563,105.67945306505113,5
[#6X3;r5:1]~;@[#7X3;r5:2]~;@[#6X4;r7:3],358.15074475097657,112.38657588659859,5
[#6X4;r6:1]~;@[#7X4;r6:2]~;@[#6X4;r6:3],535.3205380249024,115.02124622685015,5
[#16X2;r5:1]~;@[#6X3;r5:2]~;@[#6X4;r6:3],314.7644408569336,116.40964610019532,5
[#6X3;r6:1]~;@[#7X3;r7:2]~;@[#6X3;r7:3],373.28454650878905,118.53621183790045,5
[#6X3;r6:1]~;@[#6X4;r5:2]~;@[#7X3;r5:3],516.8332030639649,108.96731488619852,5
[#7X3;r5:1]~;@[#6X4;r5:2]~;@[#7X3;r5:3],771.1631169433595,110.19237078554283,5
[#6X4;r4:1]~;@[#6X4;r4:2]~;@[#8X2;r4:3],1029.3892595214845,104.36252429118097,5
[#6X4;r6:1]~;@[#6X3;r6:2]~;@[#8X2;r6:3],136.8927760925293,137.73773140626054,-1
[#6X3;r7:1]~;@[#6X4;r7:2]~;@[#6X4;r7:3],471.4159009399414,108.31861766977656,5
[#6X4;r3:1]~;@[#6X4;r6:2]~;@[#6X4;r6:3],450.95374938964846,105.61838434368205,5
[#7X2;r6:1]~;@[#6X3;r6:2]~;@[#7X3;r5:3],577.8629042968751,128.95021492579724,5
[#16X4;r5:1]~;@[#6X4;r5:2]~;@[#6X4;r5:3],652.3716983642578,106.56685856277588,5
[#6X4;r6:1]~;@[#16X2;r6:2]~;@[#6X4;r6:3],657.3596704101562,94.6145875907655,5
[#16X4;r5:1]~;@[#6X3;r5:2]~;@[#6X3;r5:3],485.2021413574219,131.24395637362758,5
[#6X3;r5:1]~;@[#6X4;r7:2]~;@[#6X4;r7:3],618.3261348876954,109.87981449893388,5
[#16X2;r6:1]~;@[#6X4;r6:2]~;@[#6X3;r6:3],585.597137084961,105.44064233091082,5
[#6X4;r7:1]~;@[#6X3;r7:2]~;@[#7X3;r7:3],319.36370617675783,137.3171420175495,5
[#16X4;r6:1]~;@[#6X4;r6:2]~;@[#6X4;r6:3],597.4204356689453,106.52976380539353,5
[#6X4;r5:1]~;@[#6X4;r5:2]~;@[#7X3;r6:3],625.5213431396485,110.4216055944668,5
[#6X4;r3:1]~;@[#7X3;r3:2]~;@[#6X4;r3:3],0.0,39.817291276073846,0
[#6X3;r6:1]~;@[#6X3;r6:2]~;@[#6X4;r3:3],339.28645013427735,129.48294236030154,5
[#6X3;r7:1]~;@[#7X3;r7:2]~;@[#6X4;r7:3],404.65050109863284,115.14242744310451,5
[#6X4;r5:1]~;@[#6X4;r6:2]~;@[#7X3;r6:3],721.069331665039,106.50551663383999,5
[#7X2;r6:1]~;@[#6X3;r6:2]~;@[#8X2;r6:3],87.05892666625977,165.33459165332013,-1
[#6X4;r5:1]~;@[#6X3;r6:2]~;@[#7X3;r6:3],378.83835705566406,139.52453621389256,5
[#6X4;r5:1]~;@[#6X4;r5:2]~;@[#6X4;r7:3],395.54384020996093,108.21912230413697,5
[#6X4;r5:1]~;@[#6X3;r5:2]~;@[#7X2;r6:3],575.991991821289,134.08371680408712,5
[#6X4;r6:1]~;@[#6X4;r3:2]~;@[#8X2;r3:3],842.2973735351563,116.82537239421731,5
[#6X3;r5:1]~;@[#7X3;r5:2]~;@[#8X2;r5:3],972.7948115234375,117.52169651972177,5
[#6X4;r5:1]~;@[#6X4;r5:2]~;@[#7X4;r5:3],775.5106182861329,105.57189124600178,5
[#6X4;r7:1]~;@[#6X4;r7:2]~;@[#8X2;r7:3],726.8494648437501,108.32265431157603,5
[#6X3;r4:1]~;@[#7X3;r4:2]~;@[#6X4;r4:3],746.5872882080079,113.73409707776125,5
[#6X3;r6:1]~;@[#6X3;r7:2]~;@[#6X3;r7:3],513.791318359375,131.56408734002608,5
[#6X3;r5:1]~;@[#6X3;r6:2]~;@[#6X3;r5:3],461.639210144043,118.30005121715809,5
[#6X4;r5:1]~;@[#6X4;r5:2]~;@[#8X2;r6:3],602.8783543701172,107.74248438309681,5
[#16X2;r6:1]~;@[#6X3;r6:2]~;@[#7X2;r6:3],108.31675868225098,169.18963238314538,-1
[#6X3;r6:1]~;@[#6X3;r7:2]~;@[#7X3;r7:3],419.75005120849613,134.59389095395204,5
[#6X4;r4:1]~;@[#6X4;r5:2]~;@[#6X4;r5:3],551.3311883544922,108.04628436718981,5
[#6X4;r5:1]~;@[#6X4;r3:2]~;@[#8X2;r3:3],643.6147043457031,112.86186826037228,5
[#6X4;r4:1]~;@[#6X3;r4:2]~;@[#7X3;r4:3],813.9283264160157,121.2330164090316,5
[#6X3;r4:1]~;@[#6X3;r4:2]~;@[#6X4;r4:3],515.7526322021484,136.52751750798265,5
[#6X3;r5:1]~;@[#6X3;r5:2]~;@[#6X4;r3:3],256.8195266723633,138.46440889243652,5
[#16X4;r5:1]~;@[#6X3;r5:2]~;@[#6X3;r6:3],447.5750940551758,126.48373799385725,5
[#6X3;r6:1]~;@[#6X4;r5:2]~;@[#8X2;r5:3],657.1681420898437,109.3865723880214,5
[#16X2;r5:1]~;@[#16X2;r5:2]~;@[#6X3;r5:3],955.3861640625,102.40230098052234,5
[#7X3;r5:1]~;@[#6X4;r5:2]~;@[#8X2;r5:3],831.6765535888673,110.15069980141658,5
[#6X3;r5:1]~;@[#6X4;r5:2]~;@[#7X2;r5:3],1153.0357294921876,113.31466199101993,5
[#6X3;r5:1]~;@[#6X4;r6:2]~;@[#6X3;r6:3],502.55792700195315,110.07687911686709,5
[#6X3;r6:1]~;@[#7X2;r7:2]~;@[#6X3;r7:3],464.85940771484377,109.44227941089203,5
[#16X2;r5:1]~;@[#7X3;r5:2]~;@[#6X3;r5:3],657.3177257080079,128.65755498024052,5
[#6X3;r6:1]~;@[#8X2;r7:2]~;@[#6X4;r7:3],535.0762755737305,109.9788454117099,5
[#6X3;r7:1]~;@[#6X3;r7:2]~;@[#6X4;r7:3],370.1110818481445,132.1488608160059,5
[#6X4;r4:1]~;@[#6X4;r4:2]~;@[#6X4;r6:3],451.65209356689456,113.47163339852517,5
[#6X4;r3:1]~;@[#6X4;r5:2]~;@[#7X3;r5:3],882.2214519042969,107.9168659427964,5
[#6X3;r4:1]~;@[#6X3;r4:2]~;@[#6X3;r4:3],661.0665733642578,127.47538583869472,5
[#6X4;r7:1]~;@[#6X4;r7:2]~;@[#7X3;r5:3],770.4044732666016,109.03755655162293,5
[#6X4;r7:1]~;@[#6X3;r5:2]~;@[#7X3;r5:3],411.5512984008789,121.77407667432334,5
[#6X3;r6:1]~;@[#6X4;r6:2]~;@[#7X3;r5:3],609.9714141845703,104.99939161996048,5
[#6X4;r8:1]~;@[#6X4;r8:2]~;@[#6X4;r8:3],523.4388871459961,112.56157899351267,5
[#6X3;r5:1]~;@[#8X2;r5:2]~;@[#7X3;r5:3],1113.8893837890625,115.56874053034004,5
[#6X3;r5:1]~;@[#7X2;r6:2]~;@[#7X2;r6:3],859.6514992675782,114.64688355844174,5
[#6X3;r5:1]~;@[#6X3;r5:2]~;@[#8X2;r6:3],817.0736044921875,124.90831388065878,5
[#6X3;r6:1]~;@[#6X4;r3:2]~;@[#8X2;r3:3],726.789771850586,115.14851997184417,5
[#16X2;r5:1]~;@[#6X3;r5:2]~;@[#6X4;r5:3],378.3082705078125,129.75457898359295,5
[#6X3;r5:1]~;@[#16X2;r5:2]~;@[#7X3;r5:3],1387.43728125,99.49006541277981,-1
[#6X3;r6:1]~;@[#7X3;r5:2]~;@[#7X3;r5:3],428.95113555908205,110.61024858915339,5
[#15X4;r6:1]~;@[#8X2;r6:2]~;@[#6X4;r6:3],257.30501904296875,112.76203821546338,5
[#6X4;r5:1]~;@[#8X2;r5:2]~;@[#7X2;r5:3],803.5118671875,113.32029689708519,5
[#6X3;r7:1]~;@[#7X2;r7:2]~;@[#6X4;r7:3],495.51977197265626,109.95181835316416,5
[#6X3;r6:1]~;@[#7X3;r7:2]~;@[#6X4;r7:3],372.8527778320313,114.75111224517615,5
[#16X2;r5:1]~;@[#6X4;r5:2]~;@[#6X4;r6:3],566.2892309570312,109.10991557569004,5
[#6X3;r6:1]~;@[#7X3;r6:2]~;@[#7X3;r6:3],442.78726910400394,111.95811128977454,5
[#7X2;r6:1]~;@[#6X3;r5:2]~;@[#8X2;r5:3],587.3678802490234,122.18145647717958,5
[#6X3;r6:1]~;@[#6X4;r5:2]~;@[#6X4;r6:3],471.34082183837893,108.9486616395752,5
[#6X4;r7:1]~;@[#6X3;r7:2]~;@[#7X2;r7:3],463.76740899658205,132.01212042882224,5
[#7X2;r5:1]~;@[#8X2;r5:2]~;@[#7X2;r5:3],1448.7770349121095,123.0327166138166,-1
[#6X3;r6:1]~;@[#7X3;r6:2]~;@[#6X4;r5:3],356.7166126098633,120.33924517500041,5
[#6X3;r6:1]~;@[#6X4;r7:2]~;@[#7X3;r7:3],649.7173073730469,109.84527423230112,5
[#6X4;r6:1]~;@[#7X3;r6:2]~;@[#7X3;r6:3],548.7715400390625,105.24118031657893,5
[#6X4;r6:1]~;@[#7X3;r5:2]~;@[#7X2;r5:3],412.5465114746094,104.5454640779106,5
[#6X3;r6:1]~;@[#6X3;r7:2]~;@[#7X2;r7:3],545.8551383056641,129.96653341391678,5
[#6X4;r4:1]~;@[#8X2;r4:2]~;@[#6X4;r4:3],805.5172963867187,104.63631925425011,5
[#6X4;r5:1]~;@[#6X4;r6:2]~;@[#8X2;r6:3],696.4822666015625,104.87237059196575,5
[#6X4;r5:1]~;@[#6X4;r7:2]~;@[#6X4;r7:3],370.33277587890626,104.63720034865304,5
[#6X3;r7:1]~;@[#6X3;r5:2]~;@[#7X3;r5:3],356.6821055908203,118.81185095204549,5
[#16X4;r6:1]~;@[#7X3;r6:2]~;@[#6X3;r6:3],576.4058206787109,120.81537766204201,5
[#6X4;r5:1]~;@[#7X4;r5:2]~;@[#6X4;r5:3],296.3169118652344,117.25094782102246,5
[#6X4;r6:1]~;@[#6X3;r5:2]~;@[#8X2;r5:3],442.62865173339844,111.45764283872019,5
[#6X3;r5:1]~;@[#6X3;r6:2]~;@[#8X2;r6:3],166.68858151245118,114.45117131796421,5
[#6X4;r5:1]~;@[#6X3;r5:2]~;@[#6X4;r6:3],379.7281657104492,118.49088670256825,5
[#6X3;r5:1]~;@[#6X3;r7:2]~;@[#6X3;r7:3],499.53605700683596,129.83226555521267,5
[#16X4;r6:1]~;@[#7X3;r6:2]~;@[#6X4;r6:3],422.1606904907227,107.95602341730809,5
[#16X4;r5:1]~;@[#7X3;r5:2]~;@[#6X3;r5:3],425.0717932739258,132.70807572411152,5
[#16X2;r5:1]~;@[#6X3;r5:2]~;@[#16X2;r5:3],40.36317699432373,85.46791244298625,-1
[#6X4;r7:1]~;@[#6X3;r5:2]~;@[#7X2;r5:3],353.0326292114258,126.05780739721526,5
[#16X2;r6:1]~;@[#6X3;r6:2]~;@[#7X3;r6:3],161.33648220825197,146.99240550519605,-1
[#6X3;r5:1]~;@[#6X4;r6:2]~;@[#8X2;r6:3],737.983197631836,106.19828789478365,5
[#6X3;r5:1]~;@[#7X3;r6:2]~;@[#6X4;r6:3],357.87864685058594,108.14224852502849,5
[#6X3;r5:1]~;@[#6X3;r5:2]~;@[#7X3;r7:3],532.8747213745118,128.6971017755349,5
[#7X3;r6:1]~;@[#6X3;r6:2]~;@[#8X2;r6:3],179.7266803894043,140.03018877852693,5
[#6X3;r7:1]~;@[#6X4;r7:2]~;@[#7X3;r7:3],620.1407380371094,107.54965448244901,5
[#7X2;r6:1]~;@[#6X3;r6:2]~;@[#7X3;r7:3],875.7468370361329,124.18121292275424,5
[#6X3;r5:1]~;@[#6X4;r4:2]~;@[#6X4;r4:3],598.8254235839844,115.38371070572438,5
[#7X3;r5:1]~;@[#7X3;r5:2]~;@[#7X3;r5:3],728.2762231445313,111.54137412775538,5
[#6X4;r5:1]~;@[#16X4;r5:2]~;@[#6X4;r5:3],785.3165490722656,117.21268510129205,5
[#7X3;r5:1]~;@[#6X3;r6:2]~;@[#7X3;r6:3],337.9843129272461,131.84147498259864,5
[#6X3;r6:1]~;@[#16X4;r6:2]~;@[#7X3;r6:3],790.5104140625,114.89495602909662,5
[#6X3;r5:1]~;@[#6X4;r5:2]~;@[#6X4;r3:3],539.1388146972656,113.58986397305809,5
[#16X3;r6:1]~;@[#6X3;r6:2]~;@[#6X3;r6:3],272.23008685302733,125.1177684617464,5
[#6X4;r5:1]~;@[#7X2;r5:2]~;@[#7X2;r5:3],1131.4189494628906,123.56869521836585,5
[#6X4;r6:1]~;@[#6X3;r6:2]~;@[#7X3;r5:3],566.6850561523438,130.6293622917315,5
[#16X2;r6:1]~;@[#6X3;r5:2]~;@[#6X3;r5:3],244.73107308959962,120.85480151393132,5
[#6X4;r5:1]~;@[#8X2;r5:2]~;@[#7X3;r5:3],747.3439527587891,110.99448088091245,5
[#7X3;r5:1]~;@[#6X4;r5:2]~;@[#7X3;r6:3],1083.8886430664063,113.05643302906925,5
[#6X4;r5:1]~;@[#7X3;r5:2]~;@[#8X2;r5:3],657.9330423583984,110.48208008937809,5
[#7X3;r6:1]~;@[#6X4;r6:2]~;@[#8X2;r6:3],935.1310865478516,107.25124351761116,5
[#6X4;r6:1]~;@[#16X4;r6:2]~;@[#6X4;r6:3],731.469064086914,118.77457177955556,5
[#6X4;r6:1]~;@[#6X4;r6:2]~;@[#6X4;r7:3],453.9431872558594,108.15711101666243,5
[#16X2;r5:1]~;@[#7X2;r5:2]~;@[#7X2;r5:3],907.5241944580079,127.79427371066427,5
[#6X3;r6:1]~;@[#6X4;r6:2]~;@[#7X2;r6:3],700.8840981445313,114.56176574100505,5
[#6X3;r5:1]~;@[#16X4;r5:2]~;@[#7X3;r5:3],1375.6293049316407,110.08451526835916,5
[#16X2;r6:1]~;@[#6X3;r5:2]~;@[#7X3;r5:3],198.07143847656252,100.73333059645138,-1
[#6X3;r6:1]~;@[#7X3;r7:2]~;@[#6X3;r6:3],335.9244577636719,117.06378697738577,5
[#7X2;r5:1]~;@[#16X2;r5:2]~;@[#7X2;r5:3],1750.2884501953126,110.90787408223669,-1
[#6X3;r5:1]~;@[#16X2;r6:2]~;@[#6X4;r6:3],651.6285684814453,89.1681332748948,-1
[#6X4;r6:1]~;@[#6X4;r5:2]~;@[#7X2;r5:3],573.0059376220703,110.69401402913442,5
[#6X3;r6:1]~;@[#7X3;r6:2]~;@[#6X4;r7:3],474.17917578125,115.36556972328883,5
[#6X3;r6:1]~;@[#6X4;r4:2]~;@[#6X4;r4:3],407.8095692138672,114.6951593354954,5
[#6X3;r5:1]~;@[#6X3;r7:2]~;@[#7X3;r7:3],353.97316094970705,132.316432677103,5
[#16X2;r5:1]~;@[#6X3;r5:2]~;@[#7X3;r6:3],400.5259706420899,114.35230432972827,5
[#6X4;r7:1]~;@[#6X4;r7:2]~;@[#7X2;r7:3],543.0336069335938,109.2104627904618,5
[#6X4;r5:1]~;@[#8X2;r6:2]~;@[#6X4;r6:3],550.3924442138672,108.01201047793468,5
[#6X3;r7:1]~;@[#6X3;r7:2]~;@[#7X3;r7:3],289.5641021118164,133.50514513987366,5
[#6X4;r5:1]~;@[#7X3;r6:2]~;@[#6X4;r6:3],466.7611881713867,109.04805455237724,5
[#6X4;r5:1]~;@[#6X3;r6:2]~;@[#7X2;r6:3],347.7650577392578,129.57375655550604,5
[#6X4;r6:1]~;@[#7X3;r6:2]~;@[#6X4;r7:3],477.85891363525394,110.71110999262696,5
[#8X2;r6:1]~;@[#15X4;r6:2]~;@[#8X2;r6:3],777.9859302978516,103.29038949716407,5
[#16X2;r6:1]~;@[#6X4;r6:2]~;@[#16X2;r6:3],689.9524277343751,107.00437316025021,5
[#16X2;r7:1]~;@[#6X4;r7:2]~;@[#6X4;r7:3],646.1502200927735,108.76490906033436,5
[#6X3;r6:1]~;@[#6X4;r5:2]~;@[#7X2;r5:3],498.48233203125,111.13747089118667,5
[#6X3;r5:1]~;@[#6X4;r5:2]~;@[#6X4;r7:3],538.253379272461,108.64054497592677,5
[#6X3;r6:1]~;@[#8X2;r7:2]~;@[#6X3;r6:3],465.8943948364258,107.66015328284148,5
[#6X3;r7:1]~;@[#6X4;r7:2]~;@[#6X3;r7:3],458.4254606933594,107.25083370626095,5
[#16X2;r5:1]~;@[#6X4;r5:2]~;@[#16X2;r5:3],720.0409522705079,101.81958339148271,5
[#6X4;r4:1]~;@[#6X4;r6:2]~;@[#6X4;r6:3],514.7053553466797,104.81081692716559,5
[#6X3;r7:1]~;@[#7X3;r5:2]~;@[#6X4;r5:3],421.432787109375,115.96587504944125,5
[#7X2;r6:1]~;@[#6X4;r6:2]~;@[#7X3;r6:3],807.3220677490235,111.98195548016704,5
[#16X4;r7:1]~;@[#6X3;r6:2]~;@[#6X3;r6:3],202.81524383544922,119.25380517248033,5
[#6X4;r7:1]~;@[#6X4;r7:2]~;@[#7X3;r6:3],615.6327998046876,107.89212699762263,5
[#6X4;r6:1]~;@[#7X3;r5:2]~;@[#7X3;r5:3],264.13823876953126,85.89079677525841,-1
[#6X4;r5:1]~;@[#6X3;r5:2]~;@[#7X3;r6:3],535.0169975585937,120.08789421354395,5
[#6X4;r7:1]~;@[#8X2;r7:2]~;@[#6X4;r7:3],553.3258919677735,109.327218044134,5
[#16X4;r5:1]~;@[#7X3;r5:2]~;@[#6X4;r5:3],268.35866107177736,127.0746039985767,5
[#7X2;r5:1]~;@[#7X3;r5:2]~;@[#7X3;r5:3],913.6130712890625,123.53402517813886,5
[#6X3;r5:1]~;@[#7X3;r5:2]~;@[#7X3;r6:3],703.001443725586,118.3594738629372,5
[#6X3;r5:1]~;@[#8X2;r6:2]~;@[#6X3;r6:3],421.85226605224614,112.1724016447945,5
[#6X3;r6:1]~;@[#6X3;r6:2]~;@[#6X4;r8:3],413.29471685791015,126.94007659268414,5
[#16X2;r6:1]~;@[#6X4;r6:2]~;@[#7X3;r6:3],868.0825759277344,107.45672975879098,5
[#6X3;r5:1]~;@[#16X4;r5:2]~;@[#6X4;r5:3],731.2975185546875,120.96284144622258,5
[#16X3;r5:1]~;@[#6X3;r5:2]~;@[#6X3;r5:3],1089.8571762695312,119.01211209851026,5
[#6X3;r6:1]~;@[#6X4;r6:2]~;@[#6X4;r3:3],463.60786590576174,108.61391406835288,5
[#6X3;r5:1]~;@[#6X4;r3:2]~;@[#8X2;r3:3],568.7492845458985,110.72414882375251,5
[#6X3;r7:1]~;@[#6X4;r5:2]~;@[#6X4;r5:3],552.7672038574219,109.71244071332272,5
[#6X3;r5:1]~;@[#6X3;r7:2]~;@[#6X4;r7:3],178.06680020141602,137.4495930459344,5
[#6X3;r6:1]~;@[#6X4;r7:2]~;@[#6X3;r6:3],398.45341076660156,107.56627233269965,5
[#16X2;r6:1]~;@[#6X3;r5:2]~;@[#7X2;r5:3],345.33443566894533,118.72767570071424,5
[#6X4;r5:1]~;@[#6X3;r6:2]~;@[#6X4;r6:3],243.39991934204102,140.50690866183714,5
[#16X2;r5:1]~;@[#6X4;r5:2]~;@[#8X2;r5:3],634.0827867431641,107.5536638034918,5
[#16X4;r5:1]~;@[#6X4;r5:2]~;@[#6X3;r5:3],718.4088117675782,108.81469430919458,5
[#6X3;r5:1]~;@[#7X2;r6:2]~;@[#6X3;r5:3],726.1948210449219,113.3358287472578,5
[#6X4;r5:1]~;@[#7X4;r5:2]~;@[#6X4;r6:3],128.73338235473634,113.67260488466361,-1
[#7X2;r5:1]~;@[#6X4;r5:2]~;@[#7X3;r5:3],1094.0580307617188,109.36133483903821,5
[#6X4;r7:1]~;@[#6X4;r5:2]~;@[#7X3;r5:3],688.9599279785157,109.7894989075388,5
[#6X3;r7:1]~;@[#6X3;r7:2]~;@[#8X2;r7:3],415.3358660888672,128.6849850199473,5
[#6X3;r6:1]~;@[#6X4;r5:2]~;@[#6X3;r6:3],442.06559039306643,113.33136180354062,5
[#6X3;r6:1]~;@[#16X2;r7:2]~;@[#6X4;r7:3],658.6062005615235,98.78842740010109,5
[#6X4;r7:1]~;@[#6X3;r6:2]~;@[#7X2;r6:3],496.08324829101565,123.71185598336932,5
[#6X3;r5:1]~;@[#6X3;r6:2]~;@[#7X3;r5:3],531.9741232910156,119.04723293122247,5
[#15X4;r6:1]~;@[#7X3;r6:2]~;@[#6X4;r6:3],124.5777604675293,94.73287280681178,-1
[#16X4;r6:1]~;@[#6X4;r6:2]~;@[#6X3;r6:3],826.4348703613282,109.50998707613437,5
[#6X3;r5:1]~;@[#6X4;r5:2]~;@[#7X3;r6:3],669.1573680419922,110.49551507147551,5
[#16X2;r6:1]~;@[#6X4;r6:2]~;@[#6X3;r5:3],707.6500275878907,105.6423583076688,5
[#16X3;r6:1]~;@[#6X4;r6:2]~;@[#6X4;r6:3],442.99616265869145,102.46973543819787,5
[#16X4;r6:1]~;@[#6X3;r5:2]~;@[#6X3;r5:3],341.1029047241211,130.1830230898495,5
[#7X3;r5:1]~;@[#6X3;r5:2]~;@[#8X2;r6:3],457.23010052490235,109.01085734215735,5
[#16X2;r5:1]~;@[#6X3;r5:2]~;@[#6X4;r7:3],233.37513552856447,116.9951572366055,5
[#6X3;r5:1]~;@[#6X3;r6:2]~;@[#6X4;r7:3],286.2532478027344,118.81549827306227,5
[#16X3;r5:1]~;@[#6X4;r5:2]~;@[#6X4;r5:3],546.8150144042969,107.4750619865233,5
[#6X4;r6:1]~;@[#7X3;r6:2]~;@[#7X2;r6:3],338.750553894043,117.42820489036264,5
[#6X4;r3:1]~;@[#6X3;r5:2]~;@[#7X3;r5:3],594.5127165527344,129.59615957598368,5
[#6X3;r6:1]~;@[#6X3;r6:2]~;@[#6X4;r4:3],286.61983300781253,140.891735180054,5
[#7X2;r6:1]~;@[#7X2;r6:2]~;@[#7X3;r6:3],1032.6168309326172,121.3611370974827,5
[#6X4;r3:1]~;@[#6X4;r5:2]~;@[#8X2;r5:3],875.7844404296875,107.85885031598632,5
[#16X2;r6:1]~;@[#6X4;r5:2]~;@[#6X4;r5:3],430.5344044189453,107.53596678335231,5
[#6X4;r4:1]~;@[#7X3;r4:2]~;@[#6X4;r5:3],354.8116080932617,114.08062672530184,5
[#6X3;r5:1]~;@[#6X3;r5:2]~;@[#6X4;r4:3],124.90820268249512,162.26353369680731,-1
[#6X3;r6:1]~;@[#8X2;r6:2]~;@[#6X4;r5:3],489.63806494140624,109.22730603695506,5
[#6X3;r4:1]~;@[#6X3;r4:2]~;@[#6X3;r6:3],0.0,136.54110958443098,0
[#6X4;r6:1]~;@[#6X4;r7:2]~;@[#6X4;r7:3],459.257555480957,105.46764889888904,5
[#6X3;r7:1]~;@[#6X3;r5:2]~;@[#6X4;r5:3],142.314224609375,156.59488649704693,3
[#16X2;r5:1]~;@[#16X2;r5:2]~;@[#6X4;r5:3],728.3953537597656,95.6892973660995,5
[#6X3;r7:1]~;@[#6X3;r7:2]~;@[#7X2;r7:3],657.314405883789,126.70570548150432,5
[#6X3;r6:1]~;@[#6X3;r5:2]~;@[#6X4;r3:3],601.0840532226563,131.2859073955098,5
[#6X3;r6:1]~;@[#6X3;r6:2]~;@[#7X3;r4:3],523.499952758789,130.3574114797383,5
[#16X2;r5:1]~;@[#6X4;r5:2]~;@[#6X3;r6:3],496.2905776977539,109.97056039224667,5
[#6X3;r6:1]~;@[#16X2;r7:2]~;@[#6X3;r6:3],506.99343560791016,98.24720321026928,5
[#6X3;r5:1]~;@[#7X3;r5:2]~;@[#6X3;r7:3],506.4110618286133,116.21551846360522,5
[#6X3;r6:1]~;@[#6X3;r7:2]~;@[#6X3;r6:3],0.0,115.80741466069695,0
[#6X4;r6:1]~;@[#16X4;r6:2]~;@[#7X3;r6:3],1051.6641947021485,112.9526756253876,5
[#6X3;r4:1]~;@[#7X3;r4:2]~;@[#6X4;r5:3],345.2683264770508,119.86415087671267,5
[#6X4;r5:1]~;@[#6X4;r5:2]~;@[#7X2;r6:3],554.2461217041016,111.20200934865412,5
[#6X3;r5:1]~;@[#6X3;r6:2]~;@[#6X3;r7:3],334.4749714355469,118.25781332733072,5
[#6X3;r5:1]~;@[#6X4;r5:2]~;@[#6X4;r4:3],646.1643931884765,108.81436646011441,5
[#6X4;r3:1]~;@[#6X4;r3:2]~;@[#7X3;r5:3],582.8239985351563,114.97628992173313,5
[#8X2;r5:1]~;@[#6X3;r5:2]~;@[#8X2;r5:3],975.3663345947266,125.39088040589853,5
[#6X3;r6:1]~;@[#6X3;r6:2]~;@[#6X3;r8:3],428.4919783325195,123.61690269352779,5
[#6X4;r6:1]~;@[#8X2;r6:2]~;@[#8X2;r6:3],623.8839675292969,101.48965110362523,5
[#6X3;r3:1]~;@[#6X3;r3:2]~;@[#6X4;r3:3],171.44919348144532,176.98626599995825,2
[#6X3;r5:1]~;@[#6X4;r5:2]~;@[#8X2;r6:3],614.5051448974609,109.91970280368676,5
[#6X3;r5:1]~;@[#6X4;r7:2]~;@[#7X3;r7:3],772.1500623779298,111.22419380307832,5
[#7X2;r5:1]~;@[#8X2;r5:2]~;@[#7X3;r5:3],1718.8351586914064,114.70839624210689,-1
[#6X4;r3:1]~;@[#6X4;r3:2]~;@[#8X2;r6:3],698.6323635253907,118.90276076989835,5
[#6X3;r4:1]~;@[#6X3;r6:2]~;@[#6X3;r6:3],326.1219106445313,118.2854482727126,5
[#6X4;r7:1]~;@[#6X4;r5:2]~;@[#8X2;r5:3],355.0711928100586,103.99345501937934,5
[#6X4;r5:1]~;@[#8X2;r5:2]~;@[#8X2;r5:3],688.15972265625,109.03315790979744,5
[#16X4;r6:1]~;@[#7X2;r6:2]~;@[#6X3;r6:3],631.4287788085937,124.82540904451317,5
[#6X4;r5:1]~;@[#7X3;r5:2]~;@[#6X4;r7:3],486.93368505859377,114.74612620708203,5
[#6X3;r6:1]~;@[#7X3;r4:2]~;@[#6X4;r4:3],315.568189453125,123.2044548903074,5
[#6X3;r4:1]~;@[#7X3;r4:2]~;@[#6X3;r6:3],417.85254821777346,124.45315007436913,5
[#6X3;r5:1]~;@[#6X3;r7:2]~;@[#7X2;r7:3],495.8128741455078,127.85681092270491,5
[#16X3;r7:1]~;@[#6X3;r6:2]~;@[#6X3;r6:3],157.23488726806642,124.55739242148186,6
[#6X3;r5:1]~;@[#16X4;r5:2]~;@[#6X3;r5:3],1014.1264953613281,119.62833176542881,5
[#6X3;r6:1]~;@[#6X3;r4:2]~;@[#6X4;r4:3],207.75994644165038,153.26553810688088,3
[#16X2;r6:1]~;@[#6X3;r6:2]~;@[#6X3;r5:3],390.1674806518555,118.63386988265329,5
[#6X4;r3:1]~;@[#7X2;r3:2]~;@[#7X2;r3:3],0.0,59.28341920306939,0
[#6X3;r6:1]~;@[#6X4;r6:2]~;@[#6X4;r7:3],412.8597560424805,106.73611748059795,5
[#6X4;r4:1]~;@[#6X4;r5:2]~;@[#7X3;r5:3],1016.0304145507813,106.85524964010132,5
[#6X3;r7:1]~;@[#6X4;r6:2]~;@[#6X4;r6:3],570.1319274902344,106.89376507683103,5
[#6X3;r7:1]~;@[#7X2;r7:2]~;@[#7X3;r7:3],594.7917733154297,108.27400287411803,5
[#6X4;r3:1]~;@[#6X4;r3:2]~;@[#6X4;r7:3],446.82538836669926,123.68706239668217,5
[#6X4;r4:1]~;@[#6X4;r4:2]~;@[#7X3;r5:3],474.8297655639649,115.2038854852563,5
[#6X4;r5:1]~;@[#6X4;r3:2]~;@[#7X3;r3:3],492.3380715942383,110.23389833569651,5
[#6X3;r5:1]~;@[#7X2;r6:2]~;@[#6X4;r6:3],360.54350805664063,115.23090571361286,5
[#6X4;r6:1]~;@[#6X4;r3:2]~;@[#6X4;r6:3],338.48643634033203,123.45792321040658,5
[#6X3;r6:1]~;@[#6X4;r7:2]~;@[#8X2;r7:3],671.5282332763672,107.58213203195243,5
[#6X3;r7:1]~;@[#6X4;r7:2]~;@[#8X2;r7:3],695.2193288574219,108.64036739100834,5
[#6X4;r6:1]~;@[#6X4;r5:2]~;@[#7X4;r5:3],559.3171531982422,106.20515223489951,5
[#6X3;r6:1]~;@[#6X4;r7:2]~;@[#6X3;r7:3],412.82872845458985,106.39893153184194,5
[#16X4;r4:1]~;@[#6X4;r4:2]~;@[#6X4;r4:3],1023.678651123047,99.45372197620618,5
[#16X2;r5:1]~;@[#6X4;r5:2]~;@[#7X3;r6:3],881.5055828857422,110.08387323057718,5
[#6X3;r7:1]~;@[#6X3;r5:2]~;@[#7X2;r5:3],518.1910750122071,123.21830651394419,5
[#6X4;r5:1]~;@[#16X4;r5:2]~;@[#7X3;r5:3],1006.2871135253906,113.54128766768096,5
[#6X4;r4:1]~;@[#6X3;r4:2]~;@[#6X4;r4:3],569.2229340820313,124.69227499721129,5
[#6X4;r8:1]~;@[#6X4;r8:2]~;@[#7X3;r8:3],466.6004001464844,110.80942373554012,5
[#6X4;r5:1]~;@[#6X4;r5:2]~;@[#7X3;r4:3],776.3725595703125,104.76985628271304,5
[#6X3;r6:1]~;@[#7X2;r6:2]~;@[#6X4;r5:3],625.7262784423829,121.35571392728171,5
[#6X4;r5:1]~;@[#16X3;r5:2]~;@[#6X4;r5:3],967.8471242675781,93.99120988559677,-1
[#6X3;r5:1]~;@[#6X4;r6:2]~;@[#6X4;r5:3],342.2651943359375,99.507789753676,5
[#6X4;r5:1]~;@[#6X4;r3:2]~;@[#6X4;r5:3],225.847753326416,110.86769890953867,5
[#6X3;r5:1]~;@[#8X2;r6:2]~;@[#6X4;r6:3],631.3055622558594,106.99537097092413,5
[#8X2;r5:1]~;@[#6X4;r5:2]~;@[#8X2;r6:3],777.9795460205079,109.19050497770702,5
[#6X4;r5:1]~;@[#6X4;r4:2]~;@[#7X3;r4:3],489.7431182250977,111.20156538635807,5
[#6X4;r5:1]~;@[#6X4;r6:2]~;@[#6X4;r5:3],484.9779255371094,103.38737818337826,5
[#16X2;r3:1]~;@[#6X4;r3:2]~;@[#6X4;r3:3],285.9226380004883,123.09089616516677,5
[#6X4;r6:1]~;@[#6X3;r6:2]~;@[#7X2;r7:3],420.65974688720706,139.9340060546348,5
[#6X4;r6:1]~;@[#7X2;r6:2]~;@[#7X2;r6:3],668.5370078125001,124.14796356187463,5
[#6X3;r7:1]~;@[#7X3;r7:2]~;@[#7X2;r7:3],336.7540626831055,118.17919784998388,5
[#6X3;r5:1]~;@[#7X3;r7:2]~;@[#6X3;r6:3],309.14924548339843,118.4556156056943,5
[#6X3;r4:1]~;@[#6X4;r4:2]~;@[#6X4;r5:3],631.5711481933594,115.86999285387262,5
[#6X3;r6:1]~;@[#16X4;r6:2]~;@[#6X4;r6:3],477.62927117919924,124.90325954067298,5
[#7X2;r7:1]~;@[#6X3;r7:2]~;@[#7X3;r7:3],489.659771484375,134.47355668115478,5
[#6X4;r6:1]~;@[#6X4;r5:2]~;@[#8X2;r6:3],465.95421551513675,105.14920498921553,5
[#7X3;r6:1]~;@[#15X4;r6:2]~;@[#8X2;r6:3],1236.8294973144532,106.45054044121056,5
[#7X2;r6:1]~;@[#6X3;r6:2]~;@[#8X2;r7:3],508.68603521728517,126.42363232916114,5
[#6X4;r3:1]~;@[#6X3;r6:2]~;@[#6X4;r6:3],231.7452614440918,134.71165707562142,5
[#6X4;r6:1]~;@[#8X2;r6:2]~;@[#7X3;r6:3],719.7620870361328,104.38701734954465,5
[#6X3;r5:1]~;@[#6X4;r3:2]~;@[#6X3;r5:3],451.8207661743164,115.9844941451187,5
[#16X3;r5:1]~;@[#6X3;r5:2]~;@[#6X3;r6:3],396.74523352050784,125.9498357668157,5
[#6X4;r3:1]~;@[#6X4;r3:2]~;@[#7X3;r6:3],997.3007962646485,118.9046185813526,5
[#16X4;r5:1]~;@[#7X2;r5:2]~;@[#6X3;r5:3],708.1187612304687,130.2848885311311,5
[#6X3;r7:1]~;@[#6X4;r7:2]~;@[#7X2;r7:3],427.8442933959961,103.70743401769589,5
[#6X3;r6:1]~;@[#8X2;r7:2]~;@[#6X3;r7:3],430.8084814453125,110.25035226140707,5
[#6X3;r7:1]~;@[#6X4;r5:2]~;@[#7X3;r5:3],567.9723818359375,109.11754489699295,5
[#6X3;r6:1]~;@[#6X3;r6:2]~;@[#7X4;r6:3],714.8381492919922,123.4168737734948,5
[#6X3;r6:1]~;@[#6X3;r6:2]~;@[#7X3;r8:3],367.7615081787109,115.63420106334543,5
[#6X3;r5:1]~;@[#6X3;r5:2]~;@[#7X2;r7:3],443.53630444335937,127.25325442650757,5
[#6X4;r4:1]~;@[#6X4;r4:2]~;@[#8X2;r5:3],693.6320698242188,114.59991917770874,5
[#6X4;r7:1]~;@[#6X3;r5:2]~;@[#8X2;r5:3],429.06295617675784,111.00747190071381,5
[#6X4;r3:1]~;@[#6X3;r5:2]~;@[#6X4;r5:3],482.18033520507817,128.89878360134705,5
[#6X3;r5:1]~;@[#6X3;r5:2]~;@[#7X3;r4:3],793.9546678466797,123.0780690699055,5
[#6X4;r6:1]~;@[#6X4;r6:2]~;@[#7X3;r7:3],689.3445806884766,108.15866829979319,5
[#6X4;r3:1]~;@[#6X4;r3:2]~;@[#6X4;r4:3],225.08494390869143,109.99210963907807,5
[#6X3;r3:1]~;@[#6X4;r3:2]~;@[#6X4;r3:3],0.0,54.72580130955455,0
[#15X4;r5:1]~;@[#8X2;r5:2]~;@[#6X4;r5:3],468.69211285400394,117.87269994116873,5
[#16X2;r7:1]~;@[#16X2;r7:2]~;@[#16X2;r7:3],545.7054908447266,103.86935048216021,5
[#6X3;r4:1]~;@[#8X2;r4:2]~;@[#6X4;r4:3],905.1000843505859,108.40189133613735,5
[#6X4;r3:1]~;@[#6X4;r3:2]~;@[#8X2;r5:3],454.7809959716797,114.53407615410981,5
[#16X2;r6:1]~;@[#6X4;r4:2]~;@[#6X4;r4:3],218.86684930419923,114.32682772412412,5
[#6X4;r5:1]~;@[#6X4;r5:2]~;@[#6X4;r8:3],448.61320947265625,108.90073420216923,5
[#16X2;r5:1]~;@[#6X3;r5:2]~;@[#8X2;r5:3],619.9107763671875,126.44693693460921,5
[#6X3;r6:1]~;@[#6X4;r6:2]~;@[#7X4;r6:3],641.0445858154297,104.08722668649445,5
[#6X3;r5:1]~;@[#16X4;r5:2]~;@[#7X2;r5:3],760.6148862304688,133.57735389977904,5
[#16X2;r6:1]~;@[#6X3;r6:2]~;@[#6X4;r6:3],62.879417907714846,160.17443837688887,-1
[#6X4;r6:1]~;@[#6X4;r4:2]~;@[#7X3;r4:3],547.1808334960938,111.8088375054639,5
[#6X3;r4:1]~;@[#7X3;r4:2]~;@[#6X3;r5:3],254.72334497070312,122.66777960646283,5
[#6X3;r5:1]~;@[#7X3;r4:2]~;@[#6X4;r4:3],542.3303149414063,117.43067741884218,5
[#6X4;r7:1]~;@[#6X4;r6:2]~;@[#7X3;r6:3],677.4284547119141,107.15381086910092,5
[#6X4;r7:1]~;@[#7X3;r5:2]~;@[#7X2;r5:3],614.6712637939453,112.1306077172632,5
[#7X3;r5:1]~;@[#6X4;r6:2]~;@[#7X3;r6:3],851.8453795166016,107.51862493304964,5
[#6X3;r8:1]~;@[#6X4;r8:2]~;@[#6X4;r8:3],332.5860872192383,112.81191908697197,5
[#16X2;r6:1]~;@[#16X2;r6:2]~;@[#6X4;r6:3],626.663298828125,98.30454947854071,5
[#6X3;r7:1]~;@[#7X2;r7:2]~;@[#7X2;r7:3],410.2339027709961,98.83405306375677,5
[#7X2;r5:1]~;@[#6X4;r5:2]~;@[#7X2;r5:3],852.072787475586,124.2107193399687,5
[#15X4;r6:1]~;@[#6X3;r6:2]~;@[#6X3;r6:3],917.8941123046875,124.93066225962306,5
[#6X3;r5:1]~;@[#7X3;r7:2]~;@[#6X3;r7:3],555.2883549804687,117.62684045180495,5
[#6X4;r7:1]~;@[#6X3;r7:2]~;@[#7X3;r5:3],422.88364605712894,133.7363060621436,5
[#6X4;r4:1]~;@[#16X2;r6:2]~;@[#6X4;r6:3],471.28997106933593,86.41097032206825,-1
[#6X3;r5:1]~;@[#7X2;r6:2]~;@[#7X3;r6:3],711.8559895019531,119.1470356553747,5
[#6X4;r7:1]~;@[#16X2;r7:2]~;@[#6X4;r7:3],706.6053682861328,96.52963603025367,5
[#6X3;r5:1]~;@[#6X4;r5:2]~;@[#7X4;r5:3],962.6043557128907,106.92111315426776,5
[#16X2;r5:1]~;@[#6X4;r5:2]~;@[#7X2;r5:3],578.7732384033203,108.78208015590776,5
[#7X2;r7:1]~;@[#6X3;r6:2]~;@[#7X3;r6:3],576.1597706298828,136.11302064801126,5
[#6X4;r6:1]~;@[#6X4;r6:2]~;@[#8X2;r7:3],482.0827196044922,103.09469091706487,5
[#6X4;r7:1]~;@[#6X3;r6:2]~;@[#7X3;r6:3],372.5113147583008,114.99589256465106,5
[#6X4;r3:1]~;@[#6X4;r5:2]~;@[#6X4;r6:3],342.0959471435547,109.73218679021322,5
[#6X3;r6:1]~;@[#6X4;r6:2]~;@[#6X4;r4:3],406.93907299804687,103.31993006532439,5
[#6X3;r6:1]~;@[#6X4;r3:2]~;@[#6X4;r6:3],149.54451446533204,136.41600783959302,5
[#6X4;r6:1]~;@[#7X3;r6:2]~;@[#8X2;r6:3],510.74174060058596,103.68738058229273,5
[#6X3;r6:1]~;@[#6X3;r6:2]~;@[#7X2;r8:3],460.65322235107425,119.22444901942761,5
[#16X2;r6:1]~;@[#16X2;r6:2]~;@[#6X4;r5:3],471.26443395996097,100.56920115069597,5
[#6X4;r8:1]~;@[#6X4;r8:2]~;@[#8X2;r8:3],732.4479653320312,110.72591101255838,5
[#6X4;r6:1]~;@[#6X4;r7:2]~;@[#7X3;r7:3],625.3190892333985,108.52542896765537,5
[#6X4;r4:1]~;@[#6X4;r4:2]~;@[#8X2;r6:3],520.9994228515625,111.4708046132508,5
[#7X3;r5:1]~;@[#7X2;r5:2]~;@[#8X2;r5:3],964.2746103515625,121.27886063874072,5
[#6X4;r3:1]~;@[#6X4;r6:2]~;@[#8X2;r6:3],740.2627677001954,105.31085507630223,5
[#6X3;r5:1]~;@[#6X4;r7:2]~;@[#6X3;r6:3],611.816598022461,108.43051665894887,5
[#16X4;r6:1]~;@[#8X2;r6:2]~;@[#6X3;r6:3],448.12082208251957,111.40224317436221,5
[#7X3;r6:1]~;@[#6X3;r6:2]~;@[#7X3;r7:3],204.40981286621096,128.85267982444944,5
[#6X4;r4:1]~;@[#6X3;r4:2]~;@[#8X2;r4:3],759.1250512695312,124.20235918842461,5
[#6X3;r5:1]~;@[#6X4;r7:2]~;@[#8X2;r7:3],667.5616817626953,109.4009021249001,5
[#6X4;r3:1]~;@[#6X4;r6:2]~;@[#6X4;r5:3],587.576646118164,106.38353628545273,5
[#6X3;r5:1]~;@[#6X4;r3:2]~;@[#6X4;r5:3],64.73813641357422,144.78223825204995,-1
[#6X3;r5:1]~;@[#16X2;r6:2]~;@[#6X3;r6:3],1121.1001696777344,98.88382465223866,-1
