smirks,k_kJ_mol_per_rad2,angle_deg,cluster
[*:1]~[#6X4:2]~[*:3],355.8866246337891,109.63389353786756,2
[*:1]~[#7X3:2]~[*:3],334.73915283203127,109.56372700452403,2
[*:1]~[#6X3:2]~[*:3],293.0361594238281,123.94032581110623,2
[*:1]~[#16X4:2]~[*:3],420.88737829589843,130.57063632524773,2
[*:1]~[#8X2:2]~[*:3],537.9077983398438,109.9370036728544,2
[*:1]~[#7X4:2]~[*:3],336.46258850097655,114.13071250248555,2
[*:1]~[#16X2:2]~[*:3],356.3649666137695,93.11136540728324,2
[*:1]~[#15X4:2]~[*:3],776.4623225097656,109.32079766631419,2
[*:1]~[#7X2:2]~[*:3],51.28039499664307,46.68682233570587,-1
[*:1]~[#16X3:2]~[*:3],546.4290848388672,103.99443173643066,2
[*:1]~[#15X3:2]~[*:3],273.8113765869141,30.399870844689868,1
[*:1]~[#15X5:2]~[*:3],520.8691197509766,163.65328594760814,-1
[*:1]~[#6X2:2]~[*:3],292.7383648071289,180.00000500895632,3
[*:1]~[#15X2:2]~[*:3],436.37375177001957,95.47176950141294,2
[!#1;r3:1]~[#7X3;r5:2]~[!#1;r5:3],493.33203973388675,110.60250998482375,2
[!#1;r4:1]~[#6X3;r6:2]~[!#1;r6:3],152.7020184326172,122.79372829475786,2
[!#1;r3:1]~[#6X4;r5:2]~[!#1;r6:3],358.0206651000977,109.20016969538258,2
[!#1;r3:1]~[#6X4;r5:2]~[!#1;r5:3],546.8065871582031,103.38082803196421,2
[!#1;r5:1]~[#6X4;r3:2]~[!#1;r5:3],10.785923343658448,91.41092834170604,-1
[!#1;r5:1]~[#6X4;r3:2]~[!#1;r6:3],278.9152551879883,123.2432230440364,2
[!#1;r3:1]~[#6X4;r6:2]~[!#1;r6:3],510.9540816650391,106.5755533935893,2
[!#1;r5:1]~[#6X3;r7:2]~[!#1;r6:3],326.221026550293,115.16507635039228,2
[!#1;r6:1]~[#7X4;r6:2]~[!#1;r6:3],590.9829134521484,116.34944481285083,2
[!#1;r5:1]~[#7X3;r7:2]~[!#1;r7:3],575.7369399414063,113.16381043301104,2
[!#1;r5:1]~[#6X4;r7:2]~[!#1;r5:3],718.7349844970703,109.9743579774252,2
[!#1;r4:1]~[#7X3;r4:2]~[!#1;r5:3],501.53009027099614,115.24826805448303,2
[!#1;r5:1]~[#6X4;r4:2]~[!#1;r6:3],402.1079626464844,111.93592000516117,2
[!#1;r3:1]~[#7X3;r6:2]~[!#1;r6:3],440.88462677001957,94.78117590462212,2
[!#1;r3:1]~[#7X3;r3:2]~[!#1;r5:3],500.9495040893555,107.0078838774836,2
[!#1;r5:1]~[#6X4;r5:2]~[!#1;r8:3],349.44479302978516,108.84665276432106,2
[!#1;r4:1]~[#6X4;r6:2]~[#1;!r3;!r4;!r5;!r6;!r7;!r8:3],354.98701611328124,102.54322827366721,2
[#6X3;r5:1]~[#6X3;r6:2]~[#6X4;r3:3],581.591896850586,122.09454915018033,2
[#6X3;r5:1]~[#6X3;r7:2]~[#6X3;r5:3],0.0,98.07726810371936,0
[!#1;!r3;!r4;!r5;!r6;!r7;!r8:1]~[#6X4;!r3;!r4;!r5;!r6;!r7;!r8:2]~[!#1;!r3;!r4;!r5;!r6;!r7;!r8:3],658.0878610839844,106.72964246126479,2
[!#1;!r3;!r4;!r5;!r6;!r7;!r8:1]~[#6X3;!r3;!r4;!r5;!r6;!r7;!r8:2]~[!#1;!r3;!r4;!r5;!r6;!r7;!r8:3],371.2055385131836,123.03371382143543,2
[!#1;!r3;!r4;!r5;!r6;!r7;!r8:1]~[#7X3;!r3;!r4;!r5;!r6;!r7;!r8:2]~[!#1;!r3;!r4;!r5;!r6;!r7;!r8:3],310.0297330932617,98.48804251059309,2
[!#1;!r3;!r4;!r5;!r6;!r7;!r8:1]~[#15X4;!r3;!r4;!r5;!r6;!r7;!r8:2]~[!#1;!r3;!r4;!r5;!r6;!r7;!r8:3],471.7331676025391,105.81447907475312,2
[!#1;!r3;!r4;!r5;!r6;!r7;!r8:1]~[#15X3;!r3;!r4;!r5;!r6;!r7;!r8:2]~[!#1;!r3;!r4;!r5;!r6;!r7;!r8:3],282.8591744384766,17.81499287439479,-1
[!#1;!r3;!r4;!r5;!r6;!r7;!r8:1]~[#6X4;r3:2]~[!#1;!r3;!r4;!r5;!r6;!r7;!r8:3],389.3445792236328,116.44039561183872,2
[!#1;!r3;!r4;!r5;!r6;!r7;!r8:1]~[#6X4;r5:2]~[!#1;!r3;!r4;!r5;!r6;!r7;!r8:3],802.9880372314453,108.5729124427653,2
[!#1;!r3;!r4;!r5;!r6;!r7;!r8:1]~[#6X4;!r3;!r4;!r5;!r6;!r7;!r8:2]~[!#1;r5:3],602.9329399414063,106.21322551849846,2
[!#1;!r3;!r4;!r5;!r6;!r7;!r8:1]~[#6X3;!r3;!r4;!r5;!r6;!r7;!r8:2]~[!#1;r7:3],302.4363693847656,132.77736116305215,2
[!#1;!r3;!r4;!r5;!r6;!r7;!r8:1]~[#6X4;r6:2]~[!#1;!r3;!r4;!r5;!r6;!r7;!r8:3],720.0190541992188,105.31782869944482,2
[!#1;!r3;!r4;!r5;!r6;!r7;!r8:1]~[#16X2;!r3;!r4;!r5;!r6;!r7;!r8:2]~[!#1;!r3;!r4;!r5;!r6;!r7;!r8:3],327.1339462890625,99.10444659261924,2
[!#1;!r3;!r4;!r5;!r6;!r7;!r8:1]~[#6X4;!r3;!r4;!r5;!r6;!r7;!r8:2]~[!#1;r6:3],783.1222091064453,107.6857050205265,2
[!#1;!r3;!r4;!r5;!r6;!r7;!r8:1]~[#7X3;!r3;!r4;!r5;!r6;!r7;!r8:2]~[!#1;r6:3],220.69187478637696,93.29009779748414,2
[!#1;!r3;!r4;!r5;!r6;!r7;!r8:1]~[#6X2;!r3;!r4;!r5;!r6;!r7;!r8:2]~[!#1;!r3;!r4;!r5;!r6;!r7;!r8:3],234.54363385009768,180.00000500895632,3
[!#1;!r3;!r4;!r5;!r6;!r7;!r8:1]~[#8X2;!r3;!r4;!r5;!r6;!r7;!r8:2]~[!#1;r6:3],559.1495659179687,107.48260934555617,2
[!#1;!r3;!r4;!r5;!r6;!r7;!r8:1]~[#16X3;!r3;!r4;!r5;!r6;!r7;!r8:2]~[!#1;!r3;!r4;!r5;!r6;!r7;!r8:3],862.7909038085938,102.82834086019106,2
[!#1;!r3;!r4;!r5;!r6;!r7;!r8:1]~[#15X4;!r3;!r4;!r5;!r6;!r7;!r8:2]~[!#1;r6:3],621.2104875488282,113.57067114149035,2
[!#1;!r3;!r4;!r5;!r6;!r7;!r8:1]~[#7X3;!r3;!r4;!r5;!r6;!r7;!r8:2]~[!#1;r5:3],388.2110188598633,107.71841479646169,2
[!#1;!r3;!r4;!r5;!r6;!r7;!r8:1]~[#7X2;!r3;!r4;!r5;!r6;!r7;!r8:2]~[!#1;!r3;!r4;!r5;!r6;!r7;!r8:3],0.0,115.7371593348942,0
[!#1;!r3;!r4;!r5;!r6;!r7;!r8:1]~[#6X4;!r3;!r4;!r5;!r6;!r7;!r8:2]~[!#1;r7:3],630.857513671875,105.5353975452664,2
[!#1;!r3;!r4;!r5;!r6;!r7;!r8:1]~[#6X3;!r3;!r4;!r5;!r6;!r7;!r8:2]~[!#1;r4:3],462.222477722168,128.929997565854,2
[!#1;!r3;!r4;!r5;!r6;!r7;!r8:1]~[#8X2;!r3;!r4;!r5;!r6;!r7;!r8:2]~[!#1;r5:3],498.30551947021485,110.39952359288014,2
[!#1;!r3;!r4;!r5;!r6;!r7;!r8:1]~[#15X4;!r3;!r4;!r5;!r6;!r7;!r8:2]~[!#1;r5:3],667.3954990234375,109.10550327348622,2
[!#1;!r3;!r4;!r5;!r6;!r7;!r8:1]~[#6X4;!r3;!r4;!r5;!r6;!r7;!r8:2]~[!#1;r4:3],619.4135050048828,107.66401233972253,2
[!#1;!r3;!r4;!r5;!r6;!r7;!r8:1]~[#6X4;r4:2]~[!#1;!r3;!r4;!r5;!r6;!r7;!r8:3],697.9666749267578,109.86790264902137,2
[!#1;!r3;!r4;!r5;!r6;!r7;!r8:1]~[#8X2;!r3;!r4;!r5;!r6;!r7;!r8:2]~[!#1;!r3;!r4;!r5;!r6;!r7;!r8:3],760.4245709228516,110.60630073981312,2
[!#1;!r3;!r4;!r5;!r6;!r7;!r8:1]~[#6X4;r4:2]~[#1;!r3;!r4;!r5;!r6;!r7;!r8:3],352.4830067749024,105.76343024089644,2
[!#1;!r3;!r4;!r5;!r6;!r7;!r8:1]~[#6X3;!r3;!r4;!r5;!r6;!r7;!r8:2]~[!#1;r6:3],222.90104223632812,132.85012999846944,2
[!#1;!r3;!r4;!r5;!r6;!r7;!r8:1]~[#6X3;!r3;!r4;!r5;!r6;!r7;!r8:2]~[!#1;r5:3],326.9554099731445,128.57660357819753,2
[!#1;!r3;!r4;!r5;!r6;!r7;!r8:1]~[#16X4;!r3;!r4;!r5;!r6;!r7;!r8:2]~[!#1;!r3;!r4;!r5;!r6;!r7;!r8:3],1081.2657265625,115.28504179297438,2
[!#1;!r3;!r4;!r5;!r6;!r7;!r8:1]~[#6X4;!r3;!r4;!r5;!r6;!r7;!r8:2]~[!#1;r3:3],973.8519201660157,109.37737895339858,2
[!#1;!r3;!r4;!r5;!r6;!r7;!r8:1]~[#6X3;!r3;!r4;!r5;!r6;!r7;!r8:2]~[!#1;r3:3],323.6798926391602,135.50159577389007,2
[!#1;!r3;!r4;!r5;!r6;!r7;!r8:1]~[#16X2;!r3;!r4;!r5;!r6;!r7;!r8:2]~[!#1;r6:3],656.2873671875001,98.08420757591608,2
[!#1;!r3;!r4;!r5;!r6;!r7;!r8:1]~[#16X4;!r3;!r4;!r5;!r6;!r7;!r8:2]~[!#1;r6:3],712.4896928710938,118.18276320873063,2
[!#1;!r3;!r4;!r5;!r6;!r7;!r8:1]~[#7X2;!r3;!r4;!r5;!r6;!r7;!r8:2]~[!#1;r5:3],28.34851169204712,72.02908494906845,-1
[!#1;!r3;!r4;!r5;!r6;!r7;!r8:1]~[#8X2;!r3;!r4;!r5;!r6;!r7;!r8:2]~[!#1;r7:3],568.3788049316406,110.82112384958836,2
[!#1;!r3;!r4;!r5;!r6;!r7;!r8:1]~[#16X4;!r3;!r4;!r5;!r6;!r7;!r8:2]~[!#1;r5:3],459.02839184570314,125.65813204774278,2
[!#1;!r3;!r4;!r5;!r6;!r7;!r8:1]~[#6X4;r5:2]~[#1;!r3;!r4;!r5;!r6;!r7;!r8:3],338.68897753906253,101.46806087565882,2
[!#1;!r3;!r4;!r5;!r6;!r7;!r8:1]~[#15X4;!r3;!r4;!r5;!r6;!r7;!r8:2]~[#1;!r3;!r4;!r5;!r6;!r7;!r8:3],399.9896275024414,111.67635915632233,2
[!#1;!r3;!r4;!r5;!r6;!r7;!r8:1]~[#15X5;!r3;!r4;!r5;!r6;!r7;!r8:2]~[!#1;!r3;!r4;!r5;!r6;!r7;!r8:3],392.803421081543,180.00000500895632,3
[!#1;!r3;!r4;!r5;!r6;!r7;!r8:1]~[#7X3;!r3;!r4;!r5;!r6;!r7;!r8:2]~[#1;!r3;!r4;!r5;!r6;!r7;!r8:3],225.18307025146484,97.78604932807752,2
[!#1;!r3;!r4;!r5;!r6;!r7;!r8:1]~[#6X4;r6:2]~[!#1;r5:3],755.4514742431641,104.94508478586971,2
[!#1;!r3;!r4;!r5;!r6;!r7;!r8:1]~[#16X2;!r3;!r4;!r5;!r6;!r7;!r8:2]~[!#1;r5:3],447.79602197265626,96.24435268900058,2
[!#1;!r3;!r4;!r5;!r6;!r7;!r8:1]~[#6X4;r4:2]~[!#1;r6:3],479.3801911621094,109.71551429844922,2
[!#1;!r3;!r4;!r5;!r6;!r7;!r8:1]~[#6X4;r3:2]~[!#1;r6:3],340.39236657714844,117.85513269462346,2
[!#1;!r3;!r4;!r5;!r6;!r7;!r8:1]~[#7X2;!r3;!r4;!r5;!r6;!r7;!r8:2]~[!#1;r7:3],436.79511407470704,100.86328177560004,2
[!#1;!r3;!r4;!r5;!r6;!r7;!r8:1]~[#7X2;!r3;!r4;!r5;!r6;!r7;!r8:2]~[!#1;r6:3],0.0,118.42080896168392,0
[!#1;!r3;!r4;!r5;!r6;!r7;!r8:1]~[#15X3;!r3;!r4;!r5;!r6;!r7;!r8:2]~[!#1;r6:3],419.48353955078124,55.143081471612724,1
[!#1;!r3;!r4;!r5;!r6;!r7;!r8:1]~[#6X4;r6:2]~[#1;!r3;!r4;!r5;!r6;!r7;!r8:3],336.51206665039064,99.91757378312008,2
[!#1;!r3;!r4;!r5;!r6;!r7;!r8:1]~[#6X4;r5:2]~[!#1;r6:3],544.1454288330078,105.67744498943516,2
[!#1;!r3;!r4;!r5;!r6;!r7;!r8:1]~[#6X4;r6:2]~[!#1;r6:3],505.2244481201172,107.79442114154558,2
[!#1;!r3;!r4;!r5;!r6;!r7;!r8:1]~[#15X4;r5:2]~[!#1;!r3;!r4;!r5;!r6;!r7;!r8:3],1001.3424907226563,120.23724312993545,2
[!#1;!r3;!r4;!r5;!r6;!r7;!r8:1]~[#6X3;!r3;!r4;!r5;!r6;!r7;!r8:2]~[#1;!r3;!r4;!r5;!r6;!r7;!r8:3],196.34958291625978,119.33258457436726,2
[!#1;!r3;!r4;!r5;!r6;!r7;!r8:1]~[#6X4;r5:2]~[!#1;r5:3],652.3292429199219,106.18163589358716,2
[!#1;!r3;!r4;!r5;!r6;!r7;!r8:1]~[#8X2;!r3;!r4;!r5;!r6;!r7;!r8:2]~[#1;!r3;!r4;!r5;!r6;!r7;!r8:3],405.6114944458008,106.94769625051745,2
[!#1;!r3;!r4;!r5;!r6;!r7;!r8:1]~[#15X4;r6:2]~[!#1;!r3;!r4;!r5;!r6;!r7;!r8:3],567.5048612060547,119.17799007269319,2
[!#1;r4:1]~[#6X3;!r3;!r4;!r5;!r6;!r7;!r8:2]~[!#1;r6:3],375.0895413208008,132.9197979280036,2
[!#1;r6:1]~[#6X4;!r3;!r4;!r5;!r6;!r7;!r8:2]~[!#1;r6:3],669.2839044189453,107.9356148120681,2
[!#1;!r3;!r4;!r5;!r6;!r7;!r8:1]~[#16X4;!r3;!r4;!r5;!r6;!r7;!r8:2]~[!#1;r3:3],335.9852360839844,142.04021782861332,2
[!#1;!r3;!r4;!r5;!r6;!r7;!r8:1]~[#7X4;!r3;!r4;!r5;!r6;!r7;!r8:2]~[!#1;!r3;!r4;!r5;!r6;!r7;!r8:3],505.15147583007814,114.2442917181937,2
[!#1;r5:1]~[#7X4;!r3;!r4;!r5;!r6;!r7;!r8:2]~[#1;!r3;!r4;!r5;!r6;!r7;!r8:3],436.6873155517578,109.19309361940246,2
[!#1;!r3;!r4;!r5;!r6;!r7;!r8:1]~[#7X3;!r3;!r4;!r5;!r6;!r7;!r8:2]~[!#1;r4:3],263.2432428894043,101.88582939624266,2
[!#1;!r3;!r4;!r5;!r6;!r7;!r8:1]~[#7X3;!r3;!r4;!r5;!r6;!r7;!r8:2]~[!#1;r7:3],514.2467727050781,115.32564043740093,2
[!#1;!r3;!r4;!r5;!r6;!r7;!r8:1]~[#6X4;r3:2]~[#1;!r3;!r4;!r5;!r6;!r7;!r8:3],190.25915789794922,113.45130675555521,2
[!#1;!r3;!r4;!r5;!r6;!r7;!r8:1]~[#7X4;!r3;!r4;!r5;!r6;!r7;!r8:2]~[#1;!r3;!r4;!r5;!r6;!r7;!r8:3],520.2926833496094,109.58467519470845,2
[!#1;!r3;!r4;!r5;!r6;!r7;!r8:1]~[#16X3;!r3;!r4;!r5;!r6;!r7;!r8:2]~[!#1;r6:3],681.7199020996094,100.27292803506833,2
[!#1;!r3;!r4;!r5;!r6;!r7;!r8:1]~[#6X4;r7:2]~[!#1;!r3;!r4;!r5;!r6;!r7;!r8:3],1375.1289052734376,106.81663175053407,2
[!#1;r3:1]~[#6X4;!r3;!r4;!r5;!r6;!r7;!r8:2]~[!#1;r5:3],546.6100791015625,108.81182562974318,2
[!#1;r6:1]~[#8X2;!r3;!r4;!r5;!r6;!r7;!r8:2]~[!#1;r6:3],525.0759116210937,112.82767633338719,2
[!#1;r6:1]~[#15X3;!r3;!r4;!r5;!r6;!r7;!r8:2]~[!#1;r6:3],380.6031947631836,52.92538735000129,1
[!#1;!r3;!r4;!r5;!r6;!r7;!r8:1]~[#6X4;r7:2]~[#1;!r3;!r4;!r5;!r6;!r7;!r8:3],354.9092556152344,102.89804294067103,2
[!#1;r4:1]~[#6X4;!r3;!r4;!r5;!r6;!r7;!r8:2]~[!#1;r6:3],654.0037111816406,108.33841155799125,2
[!#1;!r3;!r4;!r5;!r6;!r7;!r8:1]~[#7X2;!r3;!r4;!r5;!r6;!r7;!r8:2]~[#1;!r3;!r4;!r5;!r6;!r7;!r8:3],501.69703912353515,106.4902784818017,2
[!#1;r6:1]~[#6X3;!r3;!r4;!r5;!r6;!r7;!r8:2]~[!#1;r6:3],263.74029080200194,137.58500837641904,2
[!#1;r3:1]~[#6X3;!r3;!r4;!r5;!r6;!r7;!r8:2]~[!#1;r6:3],304.7233452148438,129.85317959445126,2
[!#1;!r3;!r4;!r5;!r6;!r7;!r8:1]~[#16X4;!r3;!r4;!r5;!r6;!r7;!r8:2]~[!#1;r4:3],175.35303543090822,180.00000500895632,3
[!#1;!r3;!r4;!r5;!r6;!r7;!r8:1]~[#7X4;!r3;!r4;!r5;!r6;!r7;!r8:2]~[!#1;r6:3],657.1892102050781,116.5161560701125,2
[!#1;!r3;!r4;!r5;!r6;!r7;!r8:1]~[#15X4;!r3;!r4;!r5;!r6;!r7;!r8:2]~[!#1;r3:3],663.4903004150391,122.23004644293505,2
[!#1;!r3;!r4;!r5;!r6;!r7;!r8:1]~[#15X3;!r3;!r4;!r5;!r6;!r7;!r8:2]~[#1;!r3;!r4;!r5;!r6;!r7;!r8:3],385.84439916992187,51.03910425220262,1
[!#1;!r3;!r4;!r5;!r6;!r7;!r8:1]~[#15X5;r4:2]~[!#1;!r3;!r4;!r5;!r6;!r7;!r8:3],533.8253083496094,172.47705707218586,3
[!#1;r5:1]~[#6X4;!r3;!r4;!r5;!r6;!r7;!r8:2]~[#1;!r3;!r4;!r5;!r6;!r7;!r8:3],352.91927636718754,102.82976153953842,2
[!#1;!r3;!r4;!r5;!r6;!r7;!r8:1]~[#16X4;!r3;!r4;!r5;!r6;!r7;!r8:2]~[#1;!r3;!r4;!r5;!r6;!r7;!r8:3],211.45757623291016,158.3102475259606,2
[!#1;r5:1]~[#15X4;!r3;!r4;!r5;!r6;!r7;!r8:2]~[!#1;r6:3],618.1174967041015,101.86040743215187,2
[!#1;r3:1]~[#6X3;!r3;!r4;!r5;!r6;!r7;!r8:2]~[!#1;r5:3],383.10998126220704,135.40784459734246,2
[!#1;r3:1]~[#6X4;!r3;!r4;!r5;!r6;!r7;!r8:2]~[#1;!r3;!r4;!r5;!r6;!r7;!r8:3],362.6620666503906,105.69872102869975,2
[!#1;r7:1]~[#6X4;r6:2]~[#1;!r3;!r4;!r5;!r6;!r7;!r8:3],416.03606170654297,103.57106246072742,2
[!#1;r4:1]~[#6X4;!r3;!r4;!r5;!r6;!r7;!r8:2]~[!#1;r5:3],703.760406616211,108.59399040654395,2
[!#1;!r3;!r4;!r5;!r6;!r7;!r8:1]~[#6X4;r3:2]~[!#1;r5:3],439.1649578247071,117.29649152240812,2
[!#1;!r3;!r4;!r5;!r6;!r7;!r8:1]~[#7X4;r6:2]~[!#1;!r3;!r4;!r5;!r6;!r7;!r8:3],903.3548144531251,119.86152808407138,2
[!#1;r6:1]~[#6X4;r7:2]~[#1;!r3;!r4;!r5;!r6;!r7;!r8:3],515.3911544189453,106.9583445154335,2
[!#1;!r3;!r4;!r5;!r6;!r7;!r8:1]~[#6X2;!r3;!r4;!r5;!r6;!r7;!r8:2]~[!#1;r6:3],300.1076723022461,180.00000500895632,3
[!#1;r4:1]~[#7X3;!r3;!r4;!r5;!r6;!r7;!r8:2]~[!#1;r6:3],380.58247778320316,110.94291978286802,2
[!#1;r5:1]~[#16X2;!r3;!r4;!r5;!r6;!r7;!r8:2]~[!#1;r5:3],598.823763671875,95.41137013858251,2
[!#1;!r3;!r4;!r5;!r6;!r7;!r8:1]~[#6X4;!r3;!r4;!r5;!r6;!r7;!r8:2]~[!#1;r8:3],511.3162297973633,108.58080814144583,2
[!#1;!r3;!r4;!r5;!r6;!r7;!r8:1]~[#16X3;!r3;!r4;!r5;!r6;!r7;!r8:2]~[!#1;r5:3],1089.657220703125,101.47117544192035,2
[!#1;!r3;!r4;!r5;!r6;!r7;!r8:1]~[#6X2;!r3;!r4;!r5;!r6;!r7;!r8:2]~[!#1;r7:3],263.86253375244144,180.00000500895632,3
[!#1;r6:1]~[#7X3;!r3;!r4;!r5;!r6;!r7;!r8:2]~[!#1;r6:3],484.9183921508789,112.3895606792659,2
[!#1;!r3;!r4;!r5;!r6;!r7;!r8:1]~[#6X4;r5:2]~;@[!#1;r5:3],814.1061285400391,109.4448612223983,2
[!#1;!r3;!r4;!r5;!r6;!r7;!r8:1]~[#6X4;r6:2]~;@[!#1;r6:3],941.7383028564453,107.9444052655299,2
[!#1;!r3;!r4;!r5;!r6;!r7;!r8:1]~[#6X3;r5:2]~;@[!#1;r5:3],443.7370261230469,111.58540835733444,2
[!#1;!r3;!r4;!r5;!r6;!r7;!r8:1]~[#7X3;r5:2]~;@[!#1;r5:3],289.4646031494141,98.9551523177411,2
[!#1;!r3;!r4;!r5;!r6;!r7;!r8:1]~[#6X4;r4:2]~;@[!#1;r4:3],496.34918536376955,112.70186424887555,2
[!#1;!r3;!r4;!r5;!r6;!r7;!r8:1]~[#6X3;r7:2]~;@[!#1;r7:3],664.1406667480469,125.49886569667643,2
[!#1;!r3;!r4;!r5;!r6;!r7;!r8:1]~[#6X3;r6:2]~;@[!#1;r6:3],363.5069619140625,107.9297613399494,2
[!#1;!r3;!r4;!r5;!r6;!r7;!r8:1]~[#7X3;r6:2]~;@[!#1;r6:3],447.69789562988285,106.93300451361274,2
[!#1;!r3;!r4;!r5;!r6;!r7;!r8:1]~[#15X4;r6:2]~;@[!#1;r6:3],562.4267431640625,104.34854972413913,2
[!#1;!r3;!r4;!r5;!r6;!r7;!r8:1]~[#6X4;r7:2]~;@[!#1;r7:3],795.6094725341798,108.39663209047644,2
[!#1;!r3;!r4;!r5;!r6;!r7;!r8:1]~[#6X4;r3:2]~;@[!#1;r3:3],531.8706022338868,119.45468103597041,2
[!#1;!r3;!r4;!r5;!r6;!r7;!r8:1]~[#6X3;r6:2]~;@[!#1;r5:3],408.3732051391602,111.76302742670063,2
[!#1;!r3;!r4;!r5;!r6;!r7;!r8:1]~[#15X4;r5:2]~;@[!#1;r5:3],557.5870778808594,117.9450453048575,2
[!#1;!r3;!r4;!r5;!r6;!r7;!r8:1]~[#6X4;r6:2]~;@[!#1;r5:3],863.5383750000001,107.51831074434781,2
[!#1;r5:1]~;@[#6X3;r5:2]~[!#1;r7:3],506.0101611328125,117.89982945255203,2
[!#1;!r3;!r4;!r5;!r6;!r7;!r8:1]~[#6X3;r7:2]~;@[!#1;r6:3],202.50544677734376,149.53654168799906,2
[!#1;r6:1]~;@[#6X3;r6:2]~[!#1;r6:3],372.28639666748046,111.24378961580709,2
[!#1;!r3;!r4;!r5;!r6;!r7;!r8:1]~[#7X3;r7:2]~;@[!#1;r7:3],289.84817053222656,111.22913886003741,2
[!#1;r5:1]~;@[#6X4;r5:2]~[!#1;r6:3],720.7106629638672,108.39663892066561,2
[!#1;r5:1]~[#6X3;r6:2]~;@[!#1;r6:3],407.70100457763675,112.36191890369486,2
[!#1;!r3;!r4;!r5;!r6;!r7;!r8:1]~[#6X3;r4:2]~;@[!#1;r4:3],229.41147290039063,121.74588165342952,2
[!#1;!r3;!r4;!r5;!r6;!r7;!r8:1]~[#6X3;r7:2]~;@[!#1;r5:3],154.67215853881837,136.23772624187737,2
[!#1;r6:1]~;@[#7X3;r6:2]~[!#1;r6:3],433.9535679931641,109.4303265798445,2
[!#1;!r3;!r4;!r5;!r6;!r7;!r8:1]~[#7X3;r4:2]~;@[!#1;r4:3],397.4921939697266,116.84188779163041,2
[!#1;r6:1]~;@[#6X4;r6:2]~[!#1;r6:3],799.1309122314453,107.21252317520636,2
[!#1;r5:1]~;@[#7X3;r5:2]~[!#1;r5:3],400.202830444336,109.28722728654357,2
[!#1;r6:1]~[#6X4;r7:2]~;@[!#1;r7:3],584.5980615234375,107.3315665422505,2
[!#1;r5:1]~;@[#6X4;r5:2]~[!#1;r5:3],545.8827822265625,108.46300103864145,2
[!#1;!r3;!r4;!r5;!r6;!r7;!r8:1]~[#6X3;r8:2]~;@[!#1;r8:3],531.4596782226563,134.82428689503493,2
[!#1;r6:1]~[#6X3;r7:2]~;@[!#1;r7:3],679.5270305175782,123.14691737673921,2
[!#1;r5:1]~;@[#6X4;r4:2]~[#1;!r3;!r4;!r5;!r6;!r7;!r8:3],272.06613861083986,104.33916504421954,2
[!#1;!r3;!r4;!r5;!r6;!r7;!r8:1]~[#15X4;r7:2]~;@[!#1;r7:3],692.6687462158203,108.34426503010995,2
[!#1;r5:1]~[#6X4;r7:2]~;@[!#1;r7:3],699.8146040039063,109.05409243960352,2
[!#1;r5:1]~;@[#6X4;r6:2]~[!#1;r5:3],643.2615261230469,107.6028411655159,2
[!#1;!r3;!r4;!r5;!r6;!r7;!r8:1]~[#6X3;r3:2]~;@[!#1;r3:3],336.4281134033203,145.53308094750946,2
[!#1;!r3;!r4;!r5;!r6;!r7;!r8:1]~[#6X4;r8:2]~;@[!#1;r8:3],761.4474598388672,109.30773834462113,2
[!#1;!r3;!r4;!r5;!r6;!r7;!r8:1]~[#15X3;r5:2]~;@[!#1;r5:3],350.4662135620117,60.98210091002991,1
[!#1;r5:1]~;@[#7X3;r5:2]~[!#1;r6:3],483.4955921020508,108.57394380132997,2
[!#1;!r3;!r4;!r5;!r6;!r7;!r8:1]~[#6X4;r5:2]~;@[!#1;r6:3],667.2346790771485,106.86469579172345,2
[!#1;r7:1]~;@[#6X4;r6:2]~[#1;!r3;!r4;!r5;!r6;!r7;!r8:3],446.75768310546874,102.76392534612866,2
[!#1;!r3;!r4;!r5;!r6;!r7;!r8:1]~[#16X3;r5:2]~;@[!#1;r5:3],871.0203649902344,111.71631576296691,2
[!#1;r4:1]~[#6X3;r5:2]~;@[!#1;r5:3],467.728278503418,115.72687307000416,2
[!#1;!r3;!r4;!r5;!r6;!r7;!r8:1]~[#6X4;r5:2]~;@[!#1;r3:3],607.633619506836,108.84536185856794,2
[!#1;!r3;!r4;!r5;!r6;!r7;!r8:1]~[#7X3;r3:2]~;@[!#1;r3:3],655.4609224853516,111.61374681220083,2
[!#1;!r3;!r4;!r5;!r6;!r7;!r8:1]~[#6X4;r5:2]~;@[!#1;r4:3],614.0841018066407,108.88337186129905,2
[!#1;!r3;!r4;!r5;!r6;!r7;!r8:1]~[#6X4;r7:2]~;@[!#1;r5:3],715.9503542480469,109.08688417780876,2
[!#1;!r3;!r4;!r5;!r6;!r7;!r8:1]~[#6X3;r6:2]~;@[!#1;r3:3],45.54137656402588,89.0903510806267,-1
[!#1;!r3;!r4;!r5;!r6;!r7;!r8:1]~[#6X4;r4:2]~;@[!#1;r5:3],478.0530595092774,110.5826409645282,2
[!#1;!r3;!r4;!r5;!r6;!r7;!r8:1]~[#6X4;r3:2]~;@[!#1;r6:3],176.19208908081055,127.45037368595413,2
[!#1;r6:1]~;@[#6X4;r4:2]~[#1;!r3;!r4;!r5;!r6;!r7;!r8:3],287.1038250732422,107.76330962987618,2
[!#1;r5:1]~;@[#6X3;r6:2]~[!#1;r6:3],374.1400715942383,110.42367514178531,2
[!#1;r3:1]~;@[#6X4;r3:2]~[!#1;r6:3],542.4499562988282,120.93504257630063,2
[!#1;r4:1]~;@[#6X4;r4:2]~[!#1;r6:3],497.2006564331055,114.25031594504163,2
[!#1;!r3;!r4;!r5;!r6;!r7;!r8:1]~[#7X3;r6:2]~;@[!#1;r5:3],367.3027978515625,103.82664813946928,2
[!#1;r5:1]~[#6X4;r6:2]~;@[!#1;r6:3],721.6287858886719,106.28503129724281,2
[!#1;r5:1]~[#7X3;r6:2]~;@[!#1;r6:3],478.40240716552734,112.32023425919027,2
[!#1;!r3;!r4;!r5;!r6;!r7;!r8:1]~[#6X3;r6:2]~;@[!#1;r4:3],1206.16670703125,125.23471496071535,2
[!#1;r4:1]~;@[#7X3;r4:2]~[!#1;r6:3],364.8697178344727,114.13458521974495,2
[!#1;r8:1]~;@[#6X3;r8:2]~[#1;!r3;!r4;!r5;!r6;!r7;!r8:3],346.74465869140624,126.49569082490477,2
[!#1;r5:1]~;@[#6X3;r6:2]~[!#1;r5:3],530.5287229003907,112.43141607849974,2
[!#1;r7:1]~;@[#6X4;r7:2]~[#1;!r3;!r4;!r5;!r6;!r7;!r8:3],227.8997239074707,99.68557274758226,2
[!#1;r6:1]~;@[#15X4;r6:2]~[!#1;r6:3],464.857683959961,99.64935225441369,2
[!#1;r3:1]~[#6X4;r5:2]~;@[!#1;r5:3],430.12415075683595,107.3111579370105,2
[!#1;r6:1]~[#7X3;r7:2]~;@[!#1;r7:3],400.5590731201172,108.26717268494802,2
[!#1;r6:1]~;@[#6X3;r6:2]~[#1;!r3;!r4;!r5;!r6;!r7;!r8:3],318.1353073730469,111.25839939044174,2
[!#1;!r3;!r4;!r5;!r6;!r7;!r8:1]~[#7X3;r8:2]~;@[!#1;r8:3],415.1671615600586,117.34032767650126,2
[!#1;!r3;!r4;!r5;!r6;!r7;!r8:1]~[#6X4;r7:2]~;@[!#1;r6:3],429.5528856201172,104.59591868530948,2
[!#1;!r3;!r4;!r5;!r6;!r7;!r8:1]~[#6X4;r6:2]~;@[!#1;r4:3],829.316030883789,108.75313381420526,2
[!#1;r8:1]~;@[#7X3;r8:2]~[#1;!r3;!r4;!r5;!r6;!r7;!r8:3],355.13506750488284,113.10412824004347,2
[!#1;r5:1]~;@[#6X3;r5:2]~[!#1;r5:3],269.7089995727539,91.99834510089465,2
[!#1;!r3;!r4;!r5;!r6;!r7;!r8:1]~[#6X4;r3:2]~;@[!#1;r5:3],254.754516204834,120.13711255670306,2
[!#1;r4:1]~[#6X4;r6:2]~;@[!#1;r6:3],618.8012528076172,106.6292181898981,2
[!#1;r5:1]~;@[#6X3;r5:2]~[#1;!r3;!r4;!r5;!r6;!r7;!r8:3],97.88128228759766,104.17603280608296,2
[!#1;r5:1]~;@[#6X3;r5:2]~[!#1;r6:3],294.2977883911133,111.04894480935413,2
[!#1;r3:1]~;@[#6X3;r3:2]~[#1;!r3;!r4;!r5;!r6;!r7;!r8:3],322.9402102661133,131.03987032122762,2
[!#1;!r3;!r4;!r5;!r6;!r7;!r8:1]~[#16X3;r6:2]~;@[!#1;r6:3],1099.6639370117189,105.99101897423044,2
[!#1;r6:1]~;@[#6X4;r7:2]~[!#1;r6:3],589.7354895019531,108.76962872105084,2
[!#1;!r3;!r4;!r5;!r6;!r7;!r8:1]~[#6X3;r5:2]~;@[!#1;r3:3],56.727707817077636,138.80376001115945,-1
[!#1;r6:1]~;@[#6X4;r8:2]~[#1;!r3;!r4;!r5;!r6;!r7;!r8:3],394.31483489990234,108.12957169392894,2
[!#1;r5:1]~;@[#6X4;r3:2]~[#1;!r3;!r4;!r5;!r6;!r7;!r8:3],488.3591345825196,115.87052560862787,2
[!#1;r3:1]~[#6X3;r6:2]~;@[!#1;r6:3],551.747634765625,111.71417108356752,2
[!#1;!r3;!r4;!r5;!r6;!r7;!r8:1]~[#6X3;r5:2]~;@[!#1;r4:3],492.4087136230469,134.82303014022764,2
[!#1;!r3;!r4;!r5;!r6;!r7;!r8:1]~[#15X5;r4:2]~;@[!#1;r4:3],479.29419494628905,179.29279356191486,3
[!#1;!r3;!r4;!r5;!r6;!r7;!r8:1]~[#6X4;r6:2]~;@[!#1;r7:3],474.0863164672852,105.81357748978267,2
[!#1;r5:1]~;@[#7X3;r5:2]~[!#1;r7:3],393.4131195678711,106.54974210871582,2
[!#1;r4:1]~[#7X3;r5:2]~;@[!#1;r5:3],255.88558670043946,101.34418173468231,2
[!#1;r5:1]~;@[#7X3;r5:2]~[#1;!r3;!r4;!r5;!r6;!r7;!r8:3],330.0579453125,106.83212944976083,2
[!#1;!r3;!r4;!r5;!r6;!r7;!r8:1]~[#7X4;r6:2]~;@[!#1;r6:3],588.255486328125,120.36738555438087,2
[!#1;r6:1]~;@[#6X3;r7:2]~[!#1;r6:3],433.0693775024414,119.41103612717403,2
[!#1;r5:1]~[#6X3;r7:2]~;@[!#1;r7:3],271.1444404907227,128.69954698325776,2
[!#1;r6:1]~;@[#6X4;r5:2]~[!#1;r6:3],580.2851629638673,108.244674041822,2
[!#1;r7:1]~;@[#6X4;r5:2]~[#1;!r3;!r4;!r5;!r6;!r7;!r8:3],460.52212121582033,104.9762441088633,2
[!#1;r4:1]~[#6X3;r6:2]~;@[!#1;r5:3],362.8727158813477,116.18837529184358,2
[!#1;r8:1]~;@[#6X4;r6:2]~[#1;!r3;!r4;!r5;!r6;!r7;!r8:3],474.51885125732423,102.08881578818627,2
[!#1;r3:1]~;@[#7X3;r3:2]~[#1;!r3;!r4;!r5;!r6;!r7;!r8:3],501.00278088378906,108.08407580386749,2
[!#1;r5:1]~;@[#6X3;r5:2]~;@[!#1;r7:3],206.4497012023926,119.4032497115202,2
[!#1;r4:1]~;@[#6X4;r4:2]~;@[!#1;r5:3],467.0613130493164,112.54416884131831,2
[!#1;r4:1]~;@[#6X4;r4:2]~;@[!#1;r6:3],533.6225437011719,113.26459670440374,2
[!#1;r5:1]~;@[#6X4;r5:2]~;@[!#1;r6:3],747.9030239257813,111.82542120476869,2
[!#1;r6:1]~;@[#16X4;r6:2]~;@[!#1;r6:3],1277.8669936523438,109.45864454414338,2
[!#1;r5:1]~;@[#6X4;r5:2]~;@[!#1;r5:3],365.6900336303711,110.87732264607922,2
[!#1;r6:1]~;@[#6X4;r6:2]~;@[!#1;r6:3],767.2373609619141,108.34880710590801,2
[!#1;r5:1]~;@[#6X3;r5:2]~;@[!#1;r6:3],345.2341067504883,117.71232709945683,2
[!#1;r7:1]~;@[#6X4;r7:2]~;@[!#1;r7:3],625.3574587402344,108.39319650532393,2
[!#1;r5:1]~;@[#7X3;r5:2]~;@[!#1;r5:3],529.2336083984375,116.93013383570697,2
[!#1;r5:1]~;@[#6X4;r6:2]~;@[!#1;r6:3],563.1664255371094,104.85094428853942,2
[!#1;r5:1]~;@[#6X4;r5:2]~;@[!#1;r7:3],717.5138637695313,109.29785506089212,2
[!#1;r5:1]~;@[#6X4;r7:2]~;@[!#1;r7:3],588.27898046875,107.3872803953103,2
[!#1;r6:1]~;@[#6X4;r6:2]~;@[!#1;r7:3],698.2886340332032,106.31048058209028,2
[!#1;r5:1]~;@[#8X2;r5:2]~;@[!#1;r5:3],457.5221492919922,124.48426841622772,2
[!#1;r4:1]~;@[#6X4;r4:2]~;@[!#1;r4:3],1524.7542766113281,96.74459574381231,2
[!#1;r7:1]~;@[#6X3;r7:2]~;@[!#1;r7:3],298.2122761230469,132.73521889587315,2
[!#1;r3:1]~;@[#6X4;r3:2]~;@[!#1;r3:3],0.0,62.23912209468988,0
[!#1;r6:1]~;@[#6X3;r6:2]~;@[!#1;r7:3],427.003962890625,122.18478960949454,2
[!#1;r5:1]~;@[#6X3;r5:2]~;@[!#1;r5:3],429.4897451171875,119.40456110784085,2
[!#1;r6:1]~;@[#6X3;r7:2]~;@[!#1;r7:3],312.3950759277344,130.31894385433276,2
[!#1;r6:1]~;@[#8X2;r6:2]~;@[!#1;r6:3],363.4953106079102,111.97903898939146,2
[!#1;r5:1]~;@[#6X3;r7:2]~;@[!#1;r7:3],0.0,114.70287744925751,0
[!#1;r6:1]~;@[#6X4;r7:2]~;@[!#1;r7:3],551.3579384765625,107.78072661225971,2
[!#1;r6:1]~;@[#6X4;r5:2]~;@[!#1;r6:3],604.6381804199219,109.4345203159949,2
[!#1;r6:1]~;@[#7X3;r6:2]~;@[!#1;r6:3],77.38712954711914,83.68311571097021,-1
[!#1;r5:1]~;@[#16X3;r5:2]~;@[!#1;r5:3],752.3471193847656,100.4706620115402,2
[!#1;r6:1]~;@[#16X3;r6:2]~;@[!#1;r6:3],640.6161369628907,93.26265409739902,2
[!#1;r5:1]~;@[#15X4;r5:2]~;@[!#1;r5:3],681.9319877929688,108.24205124918072,2
[!#1;r6:1]~;@[#6X4;r6:2]~;@[!#1;r8:3],548.340537475586,108.35312378546345,2
[!#1;r5:1]~;@[#7X3;r6:2]~;@[!#1;r6:3],95.91808508300781,137.04937128132832,2
[!#1;r3:1]~;@[#6X3;r3:2]~;@[!#1;r3:3],531.0928376464844,78.80972109665275,-1
[!#1;r4:1]~;@[#6X3;r4:2]~;@[!#1;r4:3],443.9426956176758,144.2807247820526,2
[!#1;r7:1]~;@[#8X2;r7:2]~;@[!#1;r7:3],363.4127619018555,112.3302473165135,2
[!#1;r3:1]~;@[#6X3;r6:2]~;@[!#1;r6:3],382.8566212158203,128.67531347208256,2
[!#1;r6:1]~;@[#7X3;r6:2]~;@[!#1;r7:3],158.89631564331054,96.70715947697148,2
[!#1;r5:1]~;@[#16X2;r5:2]~;@[!#1;r5:3],272.0160539550781,113.62278548485754,2
[!#1;r6:1]~;@[#15X4;r6:2]~;@[!#1;r6:3],806.1457008056641,106.72152136634165,2
[!#1;r7:1]~;@[#7X3;r7:2]~;@[!#1;r7:3],189.0289874572754,107.2508200458826,2
[!#1;r5:1]~;@[#6X3;r5:2]~;@[!#1;r8:3],176.17625607299806,114.01251607889847,2
[!#1;r6:1]~;@[#6X3;r6:2]~;@[!#1;r8:3],199.4386633911133,140.51241379430817,2
[!#1;r5:1]~;@[#7X3;r5:2]~;@[!#1;r6:3],640.8431618652344,117.2765883511667,2
[!#1;r3:1]~;@[#6X4;r3:2]~;@[!#1;r6:3],802.7145986328126,116.60520807651112,2
[!#1;r6:1]~;@[#7X3;r7:2]~;@[!#1;r7:3],431.29285656738284,114.68868431616222,2
[!#1;r5:1]~;@[#6X3;r7:2]~;@[!#1;r6:3],497.6010463867188,130.3149550238575,2
[!#1;r6:1]~;@[#6X4;r8:2]~;@[!#1;r8:3],359.6786938476563,108.3087002351017,2
[!#1;r5:1]~;@[#15X3;r5:2]~;@[!#1;r5:3],272.2596460571289,45.385579091264646,1
[!#1;r8:1]~;@[#6X3;r8:2]~;@[!#1;r8:3],252.49571099853517,144.08569556049204,2
[!#1;r5:1]~;@[#16X4;r5:2]~;@[!#1;r5:3],1132.4986584472656,112.0738010339362,2
[!#1;r5:1]~;@[#6X4;r6:2]~;@[!#1;r5:3],595.208283569336,101.83051852434389,2
[!#1;r5:1]~;@[#6X3;r6:2]~;@[!#1;r7:3],307.9474691162109,130.34181132767398,2
[!#1;r3:1]~;@[#6X4;r3:2]~;@[!#1;r5:3],397.06958673095704,116.00782607132346,2
[!#1;r3:1]~;@[#6X3;r3:2]~;@[!#1;r6:3],143.07207025146485,137.8144071098831,2
[!#1;r5:1]~;@[#16X4;r6:2]~;@[!#1;r6:3],958.9973666992188,110.41815634893594,2
[!#1;r4:1]~;@[#6X3;r5:2]~;@[!#1;r5:3],484.27559118652346,123.70546292630618,2
[!#1;r4:1]~;@[#7X3;r4:2]~;@[!#1;r4:3],1171.7901826171876,102.94604551015789,2
[!#1;r6:1]~;@[#7X2;r7:2]~;@[!#1;r7:3],461.7783235473633,111.28553573201421,2
[!#1;r7:1]~;@[#16X2;r7:2]~;@[!#1;r7:3],692.1652821044922,100.84356301946622,2
[!#1;r6:1]~;@[#16X2;r7:2]~;@[!#1;r7:3],590.6858530273438,97.08217101335103,2
[!#1;r6:1]~;@[#7X2;r6:2]~;@[!#1;r6:3],877.0326304931641,116.97573217860598,2
[!#1;r5:1]~;@[#6X4;r8:2]~;@[!#1;r8:3],590.4330994873047,111.92851608010086,2
[!#1;r5:1]~;@[#6X4;r3:2]~;@[!#1;r6:3],437.50335388183595,124.2595551925343,2
[!#1;r4:1]~;@[#16X2;r4:2]~;@[!#1;r4:3],708.7622325439453,85.78291393731807,2
[!#1;r6:1]~;@[#16X2;r6:2]~;@[!#1;r6:3],876.522015991211,97.39746620581715,2
[!#1;r3:1]~;@[#6X3;r5:2]~;@[!#1;r5:3],21.52297703933716,96.02029516346748,-1
[!#1;r6:1]~;@[#6X4;r3:2]~;@[!#1;r6:3],95.78500482177735,137.7049191774878,2
[!#1;r5:1]~;@[#6X4;r7:2]~;@[!#1;r6:3],612.5248697509766,108.44307737683253,2
[!#1;r5:1]~;@[#7X3;r5:2]~;@[!#1;r7:3],250.99275634765627,102.16799817123422,2
[!#1;r5:1]~;@[#6X3;r6:2]~;@[!#1;r5:3],728.9921560058594,123.71531205908934,2
[!#1;r4:1]~;@[#6X4;r6:2]~;@[!#1;r6:3],761.9725666503906,105.90480832652653,2
[!#1;r8:1]~;@[#7X3;r8:2]~;@[!#1;r8:3],591.4144267578125,123.04303019946332,2
[!#1;r5:1]~;@[#6X3;r6:2]~;@[!#1;r6:3],270.66261907958983,127.85548586600592,2
[!#1;r8:1]~;@[#6X4;r8:2]~;@[!#1;r8:3],511.83900634765627,112.63567971581813,2
[!#1;r6:1]~;@[#15X3;r6:2]~;@[!#1;r6:3],1220.3279279785156,100.82642607483866,2
[!#1;r4:1]~;@[#6X4;r5:2]~;@[!#1;r5:3],596.6003752441407,111.47769627412335,2
[!#1;r4:1]~;@[#8X2;r5:2]~;@[!#1;r5:3],936.2397163085938,115.33069477738674,2
[!#1;r3:1]~;@[#7X3;r3:2]~;@[!#1;r3:3],235.6368455810547,42.7523191850767,1
[!#1;r5:1]~;@[#15X5;r5:2]~;@[!#1;r5:3],362.297013671875,180.00000500895632,3
[!#1;r4:1]~;@[#7X3;r5:2]~;@[!#1;r5:3],192.02656527709962,124.9901941884289,2
[!#1;r5:1]~;@[#6X4;r4:2]~;@[!#1;r5:3],868.051867553711,106.80903658017702,2
[!#1;r4:1]~;@[#6X3;r4:2]~;@[!#1;r5:3],335.947600769043,137.01181890127157,2
[!#1;r3:1]~;@[#6X4;r3:2]~;@[!#1;r7:3],640.839458984375,118.21337611659062,2
[!#1;r5:1]~;@[#7X2;r7:2]~;@[!#1;r7:3],555.081312866211,111.85118467831798,2
[!#1;r6:1]~;@[#16X4;r7:2]~;@[!#1;r7:3],326.7752456665039,132.67982606170435,2
[!#1;r3:1]~;@[#6X4;r6:2]~;@[!#1;r6:3],521.3568466186524,114.50362034060073,2
[!#1;r5:1]~;@[#7X2;r5:2]~;@[!#1;r5:3],1442.0181281738282,118.33361476673953,2
[!#1;r6:1]~;@[#8X2;r7:2]~;@[!#1;r7:3],710.6532554931641,116.20598351952388,2
[!#1;r6:1]~;@[#6X3;r8:2]~;@[!#1;r8:3],312.1684021606445,130.27307230386697,2
[!#1;r5:1]~;@[#7X3;r6:2]~;@[!#1;r5:3],391.68942852783204,115.79263413133305,2
[!#1;r3:1]~;@[#8X2;r3:2]~;@[!#1;r3:3],68.69264558410644,10.965121660515,-1
[!#1;r4:1]~;@[#16X4;r4:2]~;@[!#1;r4:3],687.1176809082032,105.18591042581518,2
[!#1;r5:1]~;@[#6X4;r6:2]~;@[!#1;r7:3],580.706269897461,108.20374754831528,2
[!#1;r4:1]~;@[#8X2;r4:2]~;@[!#1;r4:3],955.6867358398438,104.48501690375599,2
[!#1;r4:1]~;@[#16X2;r5:2]~;@[!#1;r5:3],900.8452188720704,95.33821881257167,2
[!#1;r3:1]~;@[#6X3;r3:2]~;@[!#1;r5:3],212.47957135009767,114.40340780509831,2
[!#1;r6:1]~;@[#6X4;r4:2]~;@[!#1;r6:3],721.1387926025391,111.76604637031377,2
[!#1;r8:1]~;@[#8X2;r8:2]~;@[!#1;r8:3],366.0321670532227,103.81546028960881,2
[!#1;r6:1]~;@[#6X3;r6:2]~;@[!#1;r6:3],1358.984983154297,116.32864005663897,2
[#1X1;!r3;!r4;!r5;!r6;!r7;!r8:1]~[#6X4;!r3;!r4;!r5;!r6;!r7;!r8:2]~[#1X1;!r3;!r4;!r5;!r6;!r7;!r8:3],329.18655529785156,103.27270613740292,2
[#1X1;!r3;!r4;!r5;!r6;!r7;!r8:1]~[#6X4;!r3;!r4;!r5;!r6;!r7;!r8:2]~[#6X4;!r3;!r4;!r5;!r6;!r7;!r8:3],412.2176254272461,105.71308491652428,2
[#1X1;!r3;!r4;!r5;!r6;!r7;!r8:1]~[#6X4;!r3;!r4;!r5;!r6;!r7;!r8:2]~[#7X3;!r3;!r4;!r5;!r6;!r7;!r8:3],480.45099407958986,105.61123996581023,2
[#1X1;!r3;!r4;!r5;!r6;!r7;!r8:1]~[#6X4;r6:2]~[#1X1;!r3;!r4;!r5;!r6;!r7;!r8:3],322.82883654785155,102.23276202494428,2
[#1X1;!r3;!r4;!r5;!r6;!r7;!r8:1]~[#6X4;!r3;!r4;!r5;!r6;!r7;!r8:2]~[#8X2;!r3;!r4;!r5;!r6;!r7;!r8:3],498.7540149536133,104.40184569023275,2
[#1X1;!r3;!r4;!r5;!r6;!r7;!r8:1]~[#6X4;!r3;!r4;!r5;!r6;!r7;!r8:2]~[#6X3;!r3;!r4;!r5;!r6;!r7;!r8:3],388.73223126220705,105.07957804081643,2
[#1X1;!r3;!r4;!r5;!r6;!r7;!r8:1]~[#6X4;!r3;!r4;!r5;!r6;!r7;!r8:2]~[#6X3;r6:3],427.46975976562504,105.92172670510067,2
[#6X4;!r3;!r4;!r5;!r6;!r7;!r8:1]~[#6X4;!r3;!r4;!r5;!r6;!r7;!r8:2]~[#6X4;!r3;!r4;!r5;!r6;!r7;!r8:3],618.5260904541016,109.40458359686274,2
[#1X1;!r3;!r4;!r5;!r6;!r7;!r8:1]~[#6X4;!r3;!r4;!r5;!r6;!r7;!r8:2]~[#6X3;r5:3],438.6336263427735,106.43788410067853,2
[#1X1;!r3;!r4;!r5;!r6;!r7;!r8:1]~[#7X3;!r3;!r4;!r5;!r6;!r7;!r8:2]~[#6X3;!r3;!r4;!r5;!r6;!r7;!r8:3],363.31817883300783,114.88197866967359,2
[#1X1;!r3;!r4;!r5;!r6;!r7;!r8:1]~[#6X4;r5:2]~[#1X1;!r3;!r4;!r5;!r6;!r7;!r8:3],319.56580047607423,103.47446309529592,2
[#1X1;!r3;!r4;!r5;!r6;!r7;!r8:1]~[#6X4;!r3;!r4;!r5;!r6;!r7;!r8:2]~[#6X4;r6:3],387.2976841430664,104.39271372731244,2
[#7X3;!r3;!r4;!r5;!r6;!r7;!r8:1]~[#6X3;!r3;!r4;!r5;!r6;!r7;!r8:2]~[#8X1;!r3;!r4;!r5;!r6;!r7;!r8:3],792.9788310546875,137.6725304204436,2
[#6X4;!r3;!r4;!r5;!r6;!r7;!r8:1]~[#6X3;!r3;!r4;!r5;!r6;!r7;!r8:2]~[#8X1;!r3;!r4;!r5;!r6;!r7;!r8:3],637.3783507080078,138.2539161225951,2
[#1X1;!r3;!r4;!r5;!r6;!r7;!r8:1]~[#6X4;!r3;!r4;!r5;!r6;!r7;!r8:2]~[#7X3;r5:3],494.14108728027344,104.7776768493127,2
[#1X1;!r3;!r4;!r5;!r6;!r7;!r8:1]~[#7X3;!r3;!r4;!r5;!r6;!r7;!r8:2]~[#6X4;!r3;!r4;!r5;!r6;!r7;!r8:3],262.86915615844725,108.4767023981165,2
[#1X1;!r3;!r4;!r5;!r6;!r7;!r8:1]~[#7X3;!r3;!r4;!r5;!r6;!r7;!r8:2]~[#6X3;r6:3],443.7879407348633,115.80338484908665,2
[#1X1;!r3;!r4;!r5;!r6;!r7;!r8:1]~[#6X4;!r3;!r4;!r5;!r6;!r7;!r8:2]~[#6X4;r5:3],390.1906555786133,104.53973354919697,2
[#6X4;!r3;!r4;!r5;!r6;!r7;!r8:1]~[#6X4;!r3;!r4;!r5;!r6;!r7;!r8:2]~[#7X3;!r3;!r4;!r5;!r6;!r7;!r8:3],672.7573981933594,108.56396489495258,2
[#6X4;!r3;!r4;!r5;!r6;!r7;!r8:1]~[#6X4;!r3;!r4;!r5;!r6;!r7;!r8:2]~[#8X2;!r3;!r4;!r5;!r6;!r7;!r8:3],702.7433273925782,107.091382940087,2
[#9X1;!r3;!r4;!r5;!r6;!r7;!r8:1]~[#6X4;!r3;!r4;!r5;!r6;!r7;!r8:2]~[#9X1;!r3;!r4;!r5;!r6;!r7;!r8:3],919.5634731445313,104.21120828030851,2
[#1X1;!r3;!r4;!r5;!r6;!r7;!r8:1]~[#6X3;!r3;!r4;!r5;!r6;!r7;!r8:2]~[#6X3;!r3;!r4;!r5;!r6;!r7;!r8:3],231.56251150512696,135.38508640702798,2
[#1X1;!r3;!r4;!r5;!r6;!r7;!r8:1]~[#6X4;!r3;!r4;!r5;!r6;!r7;!r8:2]~[#7X3;r6:3],485.1941610107422,104.35456712079791,2
[#6X3;!r3;!r4;!r5;!r6;!r7;!r8:1]~[#7X3;!r3;!r4;!r5;!r6;!r7;!r8:2]~[#6X4;!r3;!r4;!r5;!r6;!r7;!r8:3],432.4916961669922,114.9217440310214,2
[#6X3;!r3;!r4;!r5;!r6;!r7;!r8:1]~[#6X4;!r3;!r4;!r5;!r6;!r7;!r8:2]~[#6X4;!r3;!r4;!r5;!r6;!r7;!r8:3],485.59075231933593,105.92992293210467,2
[#16X2;!r3;!r4;!r5;!r6;!r7;!r8:1]~[#6X4;!r3;!r4;!r5;!r6;!r7;!r8:2]~[#1X1;!r3;!r4;!r5;!r6;!r7;!r8:3],363.45036529541017,102.2972868220334,2
[#1X1;!r3;!r4;!r5;!r6;!r7;!r8:1]~[#7X3;!r3;!r4;!r5;!r6;!r7;!r8:2]~[#1X1;!r3;!r4;!r5;!r6;!r7;!r8:3],168.34787115478517,108.0147835347377,2
[#8X1;!r3;!r4;!r5;!r6;!r7;!r8:1]~[#6X3;!r3;!r4;!r5;!r6;!r7;!r8:2]~[#8X2;!r3;!r4;!r5;!r6;!r7;!r8:3],765.5535716552735,136.2647328098556,2
[#6X4;!r3;!r4;!r5;!r6;!r7;!r8:1]~[#6X3;!r3;!r4;!r5;!r6;!r7;!r8:2]~[#7X3;!r3;!r4;!r5;!r6;!r7;!r8:3],606.2719169921875,133.7919038019875,2
[#6X4;!r3;!r4;!r5;!r6;!r7;!r8:1]~[#7X3;!r3;!r4;!r5;!r6;!r7;!r8:2]~[#6X4;!r3;!r4;!r5;!r6;!r7;!r8:3],428.9431871337891,109.02107530515569,2
[#6X3;r6:1]~[#8X2;!r3;!r4;!r5;!r6;!r7;!r8:2]~[#6X4;!r3;!r4;!r5;!r6;!r7;!r8:3],536.680293334961,109.51831307673261,2
[#6X3;r6:1]~[#6X3;!r3;!r4;!r5;!r6;!r7;!r8:2]~[#8X1;!r3;!r4;!r5;!r6;!r7;!r8:3],590.9917875976563,137.71572453675475,2
[#6X3;r6:1]~[#6X4;!r3;!r4;!r5;!r6;!r7;!r8:2]~[#6X4;!r3;!r4;!r5;!r6;!r7;!r8:3],532.6461961669922,107.63919143227871,2
[#6X3;r6:1]~[#6X4;!r3;!r4;!r5;!r6;!r7;!r8:2]~[#9X1;!r3;!r4;!r5;!r6;!r7;!r8:3],672.3516773681641,107.21063804299543,2
[#6X3;r6:1]~[#16X4;!r3;!r4;!r5;!r6;!r7;!r8:2]~[#8X1;!r3;!r4;!r5;!r6;!r7;!r8:3],521.7361365356445,136.4791051271456,2
[#6X4;!r3;!r4;!r5;!r6;!r7;!r8:1]~[#6X4;!r3;!r4;!r5;!r6;!r7;!r8:2]~[#9X1;!r3;!r4;!r5;!r6;!r7;!r8:3],627.669014038086,103.03543902601501,2
[#6X3;!r3;!r4;!r5;!r6;!r7;!r8:1]~[#6X4;!r3;!r4;!r5;!r6;!r7;!r8:2]~[#7X3;!r3;!r4;!r5;!r6;!r7;!r8:3],615.3264821777344,105.12838657262535,2
[#1X1;!r3;!r4;!r5;!r6;!r7;!r8:1]~[#8X2;!r3;!r4;!r5;!r6;!r7;!r8:2]~[#6X4;!r3;!r4;!r5;!r6;!r7;!r8:3],446.113892578125,107.12579343312552,2
[#8X1;!r3;!r4;!r5;!r6;!r7;!r8:1]~[#16X4;!r3;!r4;!r5;!r6;!r7;!r8:2]~[#8X1;!r3;!r4;!r5;!r6;!r7;!r8:3],807.6965694580078,140.87571155626117,2
[#6X3;!r3;!r4;!r5;!r6;!r7;!r8:1]~[#6X3;!r3;!r4;!r5;!r6;!r7;!r8:2]~[#6X4;!r3;!r4;!r5;!r6;!r7;!r8:3],449.8540895385742,132.00014027701803,2
[#1X1;!r3;!r4;!r5;!r6;!r7;!r8:1]~[#7X3;!r3;!r4;!r5;!r6;!r7;!r8:2]~[#6X3;r5:3],371.8917844848633,115.59219539994986,2
[#1X1;!r3;!r4;!r5;!r6;!r7;!r8:1]~[#8X2;!r3;!r4;!r5;!r6;!r7;!r8:2]~[#6X3;r6:3],515.8552594604492,108.11299482481333,2
[#16X4;!r3;!r4;!r5;!r6;!r7;!r8:1]~[#6X4;!r3;!r4;!r5;!r6;!r7;!r8:2]~[#1X1;!r3;!r4;!r5;!r6;!r7;!r8:3],368.91371063232424,101.85040803520697,2
[#6X3;!r3;!r4;!r5;!r6;!r7;!r8:1]~[#8X2;!r3;!r4;!r5;!r6;!r7;!r8:2]~[#6X4;!r3;!r4;!r5;!r6;!r7;!r8:3],515.2984866333009,111.12116722963785,2
[#7X3;!r3;!r4;!r5;!r6;!r7;!r8:1]~[#16X4;!r3;!r4;!r5;!r6;!r7;!r8:2]~[#8X1;!r3;!r4;!r5;!r6;!r7;!r8:3],1089.4021049804687,124.01222038230979,2
[#1X1;!r3;!r4;!r5;!r6;!r7;!r8:1]~[#8X2;!r3;!r4;!r5;!r6;!r7;!r8:2]~[#6X3;!r3;!r4;!r5;!r6;!r7;!r8:3],507.9047911987305,109.19183003440601,2
[#6X3;r6:1]~[#7X3;!r3;!r4;!r5;!r6;!r7;!r8:2]~[#6X4;!r3;!r4;!r5;!r6;!r7;!r8:3],383.1175466308594,114.44246282677244,2
[#6X3;r5:1]~[#6X3;!r3;!r4;!r5;!r6;!r7;!r8:2]~[#8X1;!r3;!r4;!r5;!r6;!r7;!r8:3],589.4324278564453,136.74116582522066,2
[#1X1;!r3;!r4;!r5;!r6;!r7;!r8:1]~[#6X4;r3:2]~[#1X1;!r3;!r4;!r5;!r6;!r7;!r8:3],139.22562295532228,122.72180640279763,2
[#6X4;!r3;!r4;!r5;!r6;!r7;!r8:1]~[#6X3;!r3;!r4;!r5;!r6;!r7;!r8:2]~[#8X2;!r3;!r4;!r5;!r6;!r7;!r8:3],455.8406583251953,125.74279907269427,2
[#6X4;!r3;!r4;!r5;!r6;!r7;!r8:1]~[#16X4;!r3;!r4;!r5;!r6;!r7;!r8:2]~[#8X1;!r3;!r4;!r5;!r6;!r7;!r8:3],602.0634013671876,134.45454143450544,2
[#6X3;r5:1]~[#6X4;!r3;!r4;!r5;!r6;!r7;!r8:2]~[#6X4;!r3;!r4;!r5;!r6;!r7;!r8:3],555.5077825927734,108.52066832580387,2
[#1X1;!r3;!r4;!r5;!r6;!r7;!r8:1]~[#6X4;r6:2]~[#6X4;!r3;!r4;!r5;!r6;!r7;!r8:3],403.49076519775394,104.94307671025372,2
[#1X1;!r3;!r4;!r5;!r6;!r7;!r8:1]~[#6X4;r7:2]~[#1X1;!r3;!r4;!r5;!r6;!r7;!r8:3],323.1328239135742,104.65019819864358,2
[#1X1;!r3;!r4;!r5;!r6;!r7;!r8:1]~[#6X4;!r3;!r4;!r5;!r6;!r7;!r8:2]~[#6X2;!r3;!r4;!r5;!r6;!r7;!r8:3],395.8526157836914,106.11150351118947,2
[#1X1;!r3;!r4;!r5;!r6;!r7;!r8:1]~[#6X3;!r3;!r4;!r5;!r6;!r7;!r8:2]~[#6X3;r6:3],177.1285348815918,137.42550979892093,2
[#6X3;!r3;!r4;!r5;!r6;!r7;!r8:1]~[#7X3;!r3;!r4;!r5;!r6;!r7;!r8:2]~[#6X3;r6:3],443.5716094970703,115.91641081947202,2
[#1X1;!r3;!r4;!r5;!r6;!r7;!r8:1]~[#6X4;!r3;!r4;!r5;!r6;!r7;!r8:2]~[#6X4;r3:3],403.60351153564454,105.40631380014233,2
[#6X4;!r3;!r4;!r5;!r6;!r7;!r8:1]~[#6X4;!r3;!r4;!r5;!r6;!r7;!r8:2]~[#7X3;r5:3],663.8513312988282,107.31527654108002,2
[#6X3;r6:1]~[#6X3;!r3;!r4;!r5;!r6;!r7;!r8:2]~[#7X3;!r3;!r4;!r5;!r6;!r7;!r8:3],470.5162604980469,134.2458245138482,2
[#1X1;!r3;!r4;!r5;!r6;!r7;!r8:1]~[#6X3;!r3;!r4;!r5;!r6;!r7;!r8:2]~[#6X4;!r3;!r4;!r5;!r6;!r7;!r8:3],274.5029215087891,125.14870921868655,2
[#1X1;!r3;!r4;!r5;!r6;!r7;!r8:1]~[#6X4;!r3;!r4;!r5;!r6;!r7;!r8:2]~[#7X4;!r3;!r4;!r5;!r6;!r7;!r8:3],466.9608564453125,102.11248922384952,2
[#6X3;r6:1]~[#7X3;!r3;!r4;!r5;!r6;!r7;!r8:2]~[#8X1;!r3;!r4;!r5;!r6;!r7;!r8:3],444.5759840087891,122.97829366650994,2
[#1X1;!r3;!r4;!r5;!r6;!r7;!r8:1]~[#6X4;r5:2]~[#6X4;!r3;!r4;!r5;!r6;!r7;!r8:3],401.61806512451176,105.58632343571801,2
[#1X1;!r3;!r4;!r5;!r6;!r7;!r8:1]~[#6X4;r6:2]~[#8X2;!r3;!r4;!r5;!r6;!r7;!r8:3],512.4950866088867,104.66584616203208,2
[#6X3;!r3;!r4;!r5;!r6;!r7;!r8:1]~[#6X3;!r3;!r4;!r5;!r6;!r7;!r8:2]~[#8X1;!r3;!r4;!r5;!r6;!r7;!r8:3],627.451437866211,128.79776510352255,2
[#16X2;!r3;!r4;!r5;!r6;!r7;!r8:1]~[#6X4;!r3;!r4;!r5;!r6;!r7;!r8:2]~[#6X4;!r3;!r4;!r5;!r6;!r7;!r8:3],478.0297568969727,105.27350077173143,2
[#1X1;!r3;!r4;!r5;!r6;!r7;!r8:1]~[#6X3;!r3;!r4;!r5;!r6;!r7;!r8:2]~[#6X3;r5:3],248.19851776123048,136.9867111258826,2
[#6X3;!r3;!r4;!r5;!r6;!r7;!r8:1]~[#6X3;!r3;!r4;!r5;!r6;!r7;!r8:2]~[#6X3;!r3;!r4;!r5;!r6;!r7;!r8:3],426.04718316650394,121.86233637877824,2
[#1X1;!r3;!r4;!r5;!r6;!r7;!r8:1]~[#6X3;!r3;!r4;!r5;!r6;!r7;!r8:2]~[#1X1;!r3;!r4;!r5;!r6;!r7;!r8:3],246.79673794555666,124.921660070297,2
[#16X4;!r3;!r4;!r5;!r6;!r7;!r8:1]~[#7X3;!r3;!r4;!r5;!r6;!r7;!r8:2]~[#1X1;!r3;!r4;!r5;!r6;!r7;!r8:3],174.95567800903322,123.43877135997386,2
[#7X3;!r3;!r4;!r5;!r6;!r7;!r8:1]~[#6X3;!r3;!r4;!r5;!r6;!r7;!r8:2]~[#7X3;!r3;!r4;!r5;!r6;!r7;!r8:3],693.6840378417969,129.09627169100878,2
[#1X1;!r3;!r4;!r5;!r6;!r7;!r8:1]~[#8X2;!r3;!r4;!r5;!r6;!r7;!r8:2]~[#6X4;r6:3],440.90764208984376,107.35280160038008,2
[#8X1;!r3;!r4;!r5;!r6;!r7;!r8:1]~[#7X3;!r3;!r4;!r5;!r6;!r7;!r8:2]~[#8X1;!r3;!r4;!r5;!r6;!r7;!r8:3],918.4509489746094,131.9763029168147,2
[#1X1;!r3;!r4;!r5;!r6;!r7;!r8:1]~[#6X4;r4:2]~[#1X1;!r3;!r4;!r5;!r6;!r7;!r8:3],266.47386279296876,109.14789825766448,2
[#6X3;r6:1]~[#6X4;!r3;!r4;!r5;!r6;!r7;!r8:2]~[#7X3;!r3;!r4;!r5;!r6;!r7;!r8:3],666.7074654541016,108.2701164964803,2
[#6X3;!r3;!r4;!r5;!r6;!r7;!r8:1]~[#6X3;!r3;!r4;!r5;!r6;!r7;!r8:2]~[#6X3;r6:3],427.83816448974613,128.972221795303,2
[#6X3;r6:1]~[#6X4;!r3;!r4;!r5;!r6;!r7;!r8:2]~[#8X2;!r3;!r4;!r5;!r6;!r7;!r8:3],736.4253701171875,107.81040378420342,2
[#6X4;!r3;!r4;!r5;!r6;!r7;!r8:1]~[#8X2;!r3;!r4;!r5;!r6;!r7;!r8:2]~[#6X4;!r3;!r4;!r5;!r6;!r7;!r8:3],526.8090833129883,109.43324307062011,2
[#17X1;!r3;!r4;!r5;!r6;!r7;!r8:1]~[#6X4;!r3;!r4;!r5;!r6;!r7;!r8:2]~[#1X1;!r3;!r4;!r5;!r6;!r7;!r8:3],392.7385568237305,101.27075720110467,2
[#6X3;r5:1]~[#6X3;!r3;!r4;!r5;!r6;!r7;!r8:2]~[#7X3;!r3;!r4;!r5;!r6;!r7;!r8:3],453.4676543579102,133.64953533892773,2
[#8X1;!r3;!r4;!r5;!r6;!r7;!r8:1]~[#15X4;!r3;!r4;!r5;!r6;!r7;!r8:2]~[#8X2;!r3;!r4;!r5;!r6;!r7;!r8:3],1628.7568359375,114.79508500305269,2
[#6X4;!r3;!r4;!r5;!r6;!r7;!r8:1]~[#6X4;!r3;!r4;!r5;!r6;!r7;!r8:2]~[#7X3;r6:3],626.740357055664,107.30225820052198,2
[#6X3;r6:1]~[#6X2;!r3;!r4;!r5;!r6;!r7;!r8:2]~[#7X1;!r3;!r4;!r5;!r6;!r7;!r8:3],258.92207669067386,180.00000500895632,3
[#6X3;r6:1]~[#6X3;!r3;!r4;!r5;!r6;!r7;!r8:2]~[#8X2;!r3;!r4;!r5;!r6;!r7;!r8:3],369.75602026367187,125.84635840089,2
[#1X1;!r3;!r4;!r5;!r6;!r7;!r8:1]~[#7X3;!r3;!r4;!r5;!r6;!r7;!r8:2]~[#7X3;!r3;!r4;!r5;!r6;!r7;!r8:3],317.2889756469727,101.9491384196595,2
[#7X2;!r3;!r4;!r5;!r6;!r7;!r8:1]~[#6X3;!r3;!r4;!r5;!r6;!r7;!r8:2]~[#7X3;!r3;!r4;!r5;!r6;!r7;!r8:3],744.073287475586,133.99291626926097,2
[#6X4;!r3;!r4;!r5;!r6;!r7;!r8:1]~[#6X4;!r3;!r4;!r5;!r6;!r7;!r8:2]~[#6X4;r6:3],515.2474443359375,107.40772998168532,2
[#6X3;!r3;!r4;!r5;!r6;!r7;!r8:1]~[#6X4;!r3;!r4;!r5;!r6;!r7;!r8:2]~[#8X2;!r3;!r4;!r5;!r6;!r7;!r8:3],713.0245676269532,106.97968885658979,2
[#17X1;!r3;!r4;!r5;!r6;!r7;!r8:1]~[#6X4;!r3;!r4;!r5;!r6;!r7;!r8:2]~[#6X4;!r3;!r4;!r5;!r6;!r7;!r8:3],551.8714897460937,104.63911963180982,2
[#1X1;!r3;!r4;!r5;!r6;!r7;!r8:1]~[#6X4;!r3;!r4;!r5;!r6;!r7;!r8:2]~[#7X2;!r3;!r4;!r5;!r6;!r7;!r8:3],410.7375903320313,105.89767760903304,2
[#1X1;!r3;!r4;!r5;!r6;!r7;!r8:1]~[#7X3;!r3;!r4;!r5;!r6;!r7;!r8:2]~[#6X4;r6:3],249.30633352661133,108.9925319446142,2
[#1X1;!r3;!r4;!r5;!r6;!r7;!r8:1]~[#6X4;r5:2]~[#8X2;!r3;!r4;!r5;!r6;!r7;!r8:3],492.25628900146484,105.26725797883005,2
[#1X1;!r3;!r4;!r5;!r6;!r7;!r8:1]~[#8X2;!r3;!r4;!r5;!r6;!r7;!r8:2]~[#6X4;r5:3],461.04445086669926,107.46061613642873,2
[#6X3;r6:1]~[#16X2;!r3;!r4;!r5;!r6;!r7;!r8:2]~[#6X4;!r3;!r4;!r5;!r6;!r7;!r8:3],669.4598551025391,96.71954260993671,2
[#6X4;!r3;!r4;!r5;!r6;!r7;!r8:1]~[#6X4;r6:2]~[#6X4;!r3;!r4;!r5;!r6;!r7;!r8:3],580.7277849121094,109.03785024975724,2
[#7X3;r5:1]~[#6X3;!r3;!r4;!r5;!r6;!r7;!r8:2]~[#8X1;!r3;!r4;!r5;!r6;!r7;!r8:3],738.3665734863282,134.79162493042392,2
[#8X1;!r3;!r4;!r5;!r6;!r7;!r8:1]~[#16X4;!r3;!r4;!r5;!r6;!r7;!r8:2]~[#8X2;!r3;!r4;!r5;!r6;!r7;!r8:3],873.6762243652344,125.27081934066804,2
[#6X4;!r3;!r4;!r5;!r6;!r7;!r8:1]~[#6X3;!r3;!r4;!r5;!r6;!r7;!r8:2]~[#6X4;!r3;!r4;!r5;!r6;!r7;!r8:3],166.9138826599121,142.48371567180058,2
[#7X3;r6:1]~[#6X3;!r3;!r4;!r5;!r6;!r7;!r8:2]~[#8X1;!r3;!r4;!r5;!r6;!r7;!r8:3],797.164490966797,135.27641809733308,2
[#6X3;!r3;!r4;!r5;!r6;!r7;!r8:1]~[#7X3;!r3;!r4;!r5;!r6;!r7;!r8:2]~[#6X3;r5:3],457.1894965209961,115.69535857717372,2
[#1X1;!r3;!r4;!r5;!r6;!r7;!r8:1]~[#6X4;r6:2]~[#7X3;!r3;!r4;!r5;!r6;!r7;!r8:3],477.52664392089844,104.10710253697918,2
[#1X1;!r3;!r4;!r5;!r6;!r7;!r8:1]~[#6X4;r6:2]~[#6X3;r6:3],436.4477774658203,105.13536019576792,2
[#6X4;r5:1]~[#6X3;!r3;!r4;!r5;!r6;!r7;!r8:2]~[#8X1;!r3;!r4;!r5;!r6;!r7;!r8:3],553.9117132568359,138.60639486490277,2
[#6X3;r5:1]~[#6X4;!r3;!r4;!r5;!r6;!r7;!r8:2]~[#9X1;!r3;!r4;!r5;!r6;!r7;!r8:3],650.3507553710938,106.45534206419708,2
[#6X3;r6:1]~[#7X3;!r3;!r4;!r5;!r6;!r7;!r8:2]~[#6X3;r6:3],404.6718884277344,116.4836307092849,2
[#1X1;!r3;!r4;!r5;!r6;!r7;!r8:1]~[#6X3;!r3;!r4;!r5;!r6;!r7;!r8:2]~[#7X2;!r3;!r4;!r5;!r6;!r7;!r8:3],364.3943764648438,134.3132931224696,2
[#8X2;!r3;!r4;!r5;!r6;!r7;!r8:1]~[#15X4;!r3;!r4;!r5;!r6;!r7;!r8:2]~[#8X2;!r3;!r4;!r5;!r6;!r7;!r8:3],744.4091004638672,105.3399243614098,2
[#1X1;!r3;!r4;!r5;!r6;!r7;!r8:1]~[#6X4;!r3;!r4;!r5;!r6;!r7;!r8:2]~[#9X1;!r3;!r4;!r5;!r6;!r7;!r8:3],525.0339988403321,102.07070212650738,2
[#6X3;r5:1]~[#16X4;!r3;!r4;!r5;!r6;!r7;!r8:2]~[#8X1;!r3;!r4;!r5;!r6;!r7;!r8:3],499.74048156738286,137.20941627396004,2
[#6X3;r6:1]~[#16X4;!r3;!r4;!r5;!r6;!r7;!r8:2]~[#7X3;!r3;!r4;!r5;!r6;!r7;!r8:3],668.4923817138672,120.65740904691795,2
[#6X4;r6:1]~[#6X3;!r3;!r4;!r5;!r6;!r7;!r8:2]~[#8X1;!r3;!r4;!r5;!r6;!r7;!r8:3],559.5431566162109,139.5673888207452,2
[#6X4;!r3;!r4;!r5;!r6;!r7;!r8:1]~[#7X4;!r3;!r4;!r5;!r6;!r7;!r8:2]~[#6X4;!r3;!r4;!r5;!r6;!r7;!r8:3],648.426598022461,111.93720408072512,2
[#1X1;!r3;!r4;!r5;!r6;!r7;!r8:1]~[#6X4;!r3;!r4;!r5;!r6;!r7;!r8:2]~[#6X4;r4:3],376.55709515380863,104.39716018046211,2
[#1X1;!r3;!r4;!r5;!r6;!r7;!r8:1]~[#6X4;r6:2]~[#6X3;!r3;!r4;!r5;!r6;!r7;!r8:3],357.91593103027344,103.29184432745728,2
[#6X2;!r3;!r4;!r5;!r6;!r7;!r8:1]~[#6X2;!r3;!r4;!r5;!r6;!r7;!r8:2]~[#6X4;!r3;!r4;!r5;!r6;!r7;!r8:3],196.6640245361328,180.00000500895632,3
[#1X1;!r3;!r4;!r5;!r6;!r7;!r8:1]~[#6X4;r5:2]~[#6X3;!r3;!r4;!r5;!r6;!r7;!r8:3],375.69840985107425,104.24802299993489,2
[#6X4;!r3;!r4;!r5;!r6;!r7;!r8:1]~[#6X4;!r3;!r4;!r5;!r6;!r7;!r8:2]~[#6X4;r5:3],513.7545768432617,107.16393320945087,2
[#8X2;!r3;!r4;!r5;!r6;!r7;!r8:1]~[#6X4;!r3;!r4;!r5;!r6;!r7;!r8:2]~[#9X1;!r3;!r4;!r5;!r6;!r7;!r8:3],736.7747816162109,106.95767515689484,2
[#6X3;!r3;!r4;!r5;!r6;!r7;!r8:1]~[#6X3;!r3;!r4;!r5;!r6;!r7;!r8:2]~[#7X3;!r3;!r4;!r5;!r6;!r7;!r8:3],591.9063353271484,124.26322983430777,2
[#6X3;!r3;!r4;!r5;!r6;!r7;!r8:1]~[#6X3;!r3;!r4;!r5;!r6;!r7;!r8:2]~[#8X2;!r3;!r4;!r5;!r6;!r7;!r8:3],320.10246282958985,116.59645177399517,2
[#15X4;!r3;!r4;!r5;!r6;!r7;!r8:1]~[#6X4;!r3;!r4;!r5;!r6;!r7;!r8:2]~[#1X1;!r3;!r4;!r5;!r6;!r7;!r8:3],272.63188134765625,101.44476310039991,2
[#16X1;!r3;!r4;!r5;!r6;!r7;!r8:1]~[#6X3;!r3;!r4;!r5;!r6;!r7;!r8:2]~[#7X3;!r3;!r4;!r5;!r6;!r7;!r8:3],590.2315478515625,142.1649234224794,2
[#16X3;!r3;!r4;!r5;!r6;!r7;!r8:1]~[#6X4;!r3;!r4;!r5;!r6;!r7;!r8:2]~[#1X1;!r3;!r4;!r5;!r6;!r7;!r8:3],326.4585535888672,100.81230807382424,2
[#6X3;r6:1]~[#6X3;!r3;!r4;!r5;!r6;!r7;!r8:2]~[#6X4;!r3;!r4;!r5;!r6;!r7;!r8:3],194.76685671997072,149.34443578740328,2
[#6X4;!r3;!r4;!r5;!r6;!r7;!r8:1]~[#6X4;r5:2]~[#6X4;!r3;!r4;!r5;!r6;!r7;!r8:3],575.3728446044922,109.98113352508184,2
[#6X2;!r3;!r4;!r5;!r6;!r7;!r8:1]~[#6X4;!r3;!r4;!r5;!r6;!r7;!r8:2]~[#6X4;!r3;!r4;!r5;!r6;!r7;!r8:3],519.9497838134765,108.19103656626989,2
[#6X3;!r3;!r4;!r5;!r6;!r7;!r8:1]~[#6X3;!r3;!r4;!r5;!r6;!r7;!r8:2]~[#6X3;r5:3],414.5631131591797,128.97672972015522,2
[#6X4;!r3;!r4;!r5;!r6;!r7;!r8:1]~[#6X3;!r3;!r4;!r5;!r6;!r7;!r8:2]~[#7X2;!r3;!r4;!r5;!r6;!r7;!r8:3],323.5732113647461,141.28529068003013,2
[#15X4;!r3;!r4;!r5;!r6;!r7;!r8:1]~[#8X2;!r3;!r4;!r5;!r6;!r7;!r8:2]~[#6X4;!r3;!r4;!r5;!r6;!r7;!r8:3],217.49821984863283,117.45629062822974,2
[#17X1;!r3;!r4;!r5;!r6;!r7;!r8:1]~[#6X4;!r3;!r4;!r5;!r6;!r7;!r8:2]~[#17X1;!r3;!r4;!r5;!r6;!r7;!r8:3],685.4438510742187,106.84106333719521,2
[#6X3;r5:1]~[#6X3;!r3;!r4;!r5;!r6;!r7;!r8:2]~[#8X2;!r3;!r4;!r5;!r6;!r7;!r8:3],397.3330020141602,124.12179027697513,2
[#6X3;r6:1]~[#6X3;!r3;!r4;!r5;!r6;!r7;!r8:2]~[#7X2;!r3;!r4;!r5;!r6;!r7;!r8:3],468.1821687011719,131.02343688608457,2
[#1X1;!r3;!r4;!r5;!r6;!r7;!r8:1]~[#6X4;!r3;!r4;!r5;!r6;!r7;!r8:2]~[#6X4;r7:3],401.3700359497071,104.79566073739734,2
[#6X3;r6:1]~[#6X4;!r3;!r4;!r5;!r6;!r7;!r8:2]~[#7X3;r5:3],641.2203449707032,107.26301193355108,2
[#1X1;!r3;!r4;!r5;!r6;!r7;!r8:1]~[#7X4;!r3;!r4;!r5;!r6;!r7;!r8:2]~[#6X4;!r3;!r4;!r5;!r6;!r7;!r8:3],432.5556985473633,108.32328951916884,2
[#6X3;r6:1]~[#8X2;!r3;!r4;!r5;!r6;!r7;!r8:2]~[#6X3;r6:3],486.14733361816405,108.01142991185523,2
[#6X3;r5:1]~[#6X4;!r3;!r4;!r5;!r6;!r7;!r8:2]~[#7X3;!r3;!r4;!r5;!r6;!r7;!r8:3],679.4462694091798,108.61227482295209,2
[#1X1;!r3;!r4;!r5;!r6;!r7;!r8:1]~[#6X3;!r3;!r4;!r5;!r6;!r7;!r8:2]~[#8X1;!r3;!r4;!r5;!r6;!r7;!r8:3],357.5682113647461,142.31674486735045,2
[#1X1;!r3;!r4;!r5;!r6;!r7;!r8:1]~[#7X3;!r3;!r4;!r5;!r6;!r7;!r8:2]~[#7X2;!r3;!r4;!r5;!r6;!r7;!r8:3],327.0198911743164,110.01186937634691,2
[#1X1;!r3;!r4;!r5;!r6;!r7;!r8:1]~[#6X4;r5:2]~[#6X3;r6:3],405.3097096557617,105.74964691915136,2
[#6X4;!r3;!r4;!r5;!r6;!r7;!r8:1]~[#6X2;!r3;!r4;!r5;!r6;!r7;!r8:2]~[#7X1;!r3;!r4;!r5;!r6;!r7;!r8:3],246.62434649658204,180.00000500895632,3
[#16X4;!r3;!r4;!r5;!r6;!r7;!r8:1]~[#7X3;!r3;!r4;!r5;!r6;!r7;!r8:2]~[#6X4;!r3;!r4;!r5;!r6;!r7;!r8:3],303.26897491455077,106.31715367690938,2
[#6X3;r5:1]~[#16X2;!r3;!r4;!r5;!r6;!r7;!r8:2]~[#6X4;!r3;!r4;!r5;!r6;!r7;!r8:3],697.7582282714844,96.04171463670464,2
[#1X1;!r3;!r4;!r5;!r6;!r7;!r8:1]~[#7X4;!r3;!r4;!r5;!r6;!r7;!r8:2]~[#1X1;!r3;!r4;!r5;!r6;!r7;!r8:3],372.0454859619141,107.56402520046272,2
[#6X3;!r3;!r4;!r5;!r6;!r7;!r8:1]~[#6X4;!r3;!r4;!r5;!r6;!r7;!r8:2]~[#9X1;!r3;!r4;!r5;!r6;!r7;!r8:3],605.4211481933594,103.9916655098168,2
[#1X1;!r3;!r4;!r5;!r6;!r7;!r8:1]~[#7X3;!r3;!r4;!r5;!r6;!r7;!r8:2]~[#6X4;r5:3],221.8824786682129,109.72983037494957,2
[#16X2;!r3;!r4;!r5;!r6;!r7;!r8:1]~[#6X4;!r3;!r4;!r5;!r6;!r7;!r8:2]~[#6X3;!r3;!r4;!r5;!r6;!r7;!r8:3],467.5953578491211,104.28973496519616,2
[#6X3;r5:1]~[#7X3;!r3;!r4;!r5;!r6;!r7;!r8:2]~[#8X1;!r3;!r4;!r5;!r6;!r7;!r8:3],445.63076239013674,123.90075169505519,2
[#6X3;!r3;!r4;!r5;!r6;!r7;!r8:1]~[#6X4;!r3;!r4;!r5;!r6;!r7;!r8:2]~[#6X3;r6:3],483.3410287475586,106.2976739773965,2
[#6X3;r5:1]~[#6X4;!r3;!r4;!r5;!r6;!r7;!r8:2]~[#8X2;!r3;!r4;!r5;!r6;!r7;!r8:3],815.2632788085938,108.41070911035584,2
[#1X1;!r3;!r4;!r5;!r6;!r7;!r8:1]~[#6X4;!r3;!r4;!r5;!r6;!r7;!r8:2]~[#7X3;r7:3],476.5839096069336,105.0543473220224,2
[#6X3;r5:1]~[#7X3;!r3;!r4;!r5;!r6;!r7;!r8:2]~[#6X4;!r3;!r4;!r5;!r6;!r7;!r8:3],446.2184031982422,115.6570548763083,2
[#1X1;!r3;!r4;!r5;!r6;!r7;!r8:1]~[#6X4;!r3;!r4;!r5;!r6;!r7;!r8:2]~[#35X1;!r3;!r4;!r5;!r6;!r7;!r8:3],348.21674536132815,98.17617607309032,2
[#16X4;!r3;!r4;!r5;!r6;!r7;!r8:1]~[#6X4;!r3;!r4;!r5;!r6;!r7;!r8:2]~[#6X4;!r3;!r4;!r5;!r6;!r7;!r8:3],437.91421405029297,102.89678618586375,2
[#6X4;!r3;!r4;!r5;!r6;!r7;!r8:1]~[#16X2;!r3;!r4;!r5;!r6;!r7;!r8:2]~[#6X4;!r3;!r4;!r5;!r6;!r7;!r8:3],649.0586414794922,97.0041429322728,2
[#6X3;r5:1]~[#6X3;!r3;!r4;!r5;!r6;!r7;!r8:2]~[#6X4;!r3;!r4;!r5;!r6;!r7;!r8:3],258.38233392333984,144.80759191424903,2
[#15X4;!r3;!r4;!r5;!r6;!r7;!r8:1]~[#8X2;!r3;!r4;!r5;!r6;!r7;!r8:2]~[#1X1;!r3;!r4;!r5;!r6;!r7;!r8:3],637.5399367675782,112.38399407509233,2
[#7X3;!r3;!r4;!r5;!r6;!r7;!r8:1]~[#6X3;!r3;!r4;!r5;!r6;!r7;!r8:2]~[#8X2;!r3;!r4;!r5;!r6;!r7;!r8:3],595.5213685302734,123.83637033193864,2
[#6X3;!r3;!r4;!r5;!r6;!r7;!r8:1]~[#7X3;!r3;!r4;!r5;!r6;!r7;!r8:2]~[#7X3;!r3;!r4;!r5;!r6;!r7;!r8:3],529.0388240966797,111.20196153732992,2
[#1X1;!r3;!r4;!r5;!r6;!r7;!r8:1]~[#6X4;r5:2]~[#7X3;!r3;!r4;!r5;!r6;!r7;!r8:3],487.0517941894531,105.0768049840134,2
[#6X3;r5:1]~[#6X3;!r3;!r4;!r5;!r6;!r7;!r8:2]~[#6X3;r6:3],316.9598661499024,135.89852538731617,2
[#6X2;!r3;!r4;!r5;!r6;!r7;!r8:1]~[#6X2;!r3;!r4;!r5;!r6;!r7;!r8:2]~[#6X3;r6:3],214.85259127807618,180.00000500895632,3
[#6X4;r5:1]~[#6X4;!r3;!r4;!r5;!r6;!r7;!r8:2]~[#8X2;!r3;!r4;!r5;!r6;!r7;!r8:3],680.3112113037109,106.953945873608,2
[#6X4;!r3;!r4;!r5;!r6;!r7;!r8:1]~[#15X4;!r3;!r4;!r5;!r6;!r7;!r8:2]~[#8X2;!r3;!r4;!r5;!r6;!r7;!r8:3],752.9368989257813,106.65480407852895,2
[#6X3;r5:1]~[#7X3;!r3;!r4;!r5;!r6;!r7;!r8:2]~[#6X3;r6:3],471.34966406250004,117.47021055375822,2
[#1X1;!r3;!r4;!r5;!r6;!r7;!r8:1]~[#6X4;r3:2]~[#6X4;!r3;!r4;!r5;!r6;!r7;!r8:3],205.4356704711914,122.3049462973734,2
[#1X1;!r3;!r4;!r5;!r6;!r7;!r8:1]~[#7X2;!r3;!r4;!r5;!r6;!r7;!r8:2]~[#6X3;!r3;!r4;!r5;!r6;!r7;!r8:3],409.83571539306644,105.28985224460445,2
[#6X3;r6:1]~[#6X4;!r3;!r4;!r5;!r6;!r7;!r8:2]~[#6X3;r6:3],533.881426147461,107.26668657532456,2
[#1X1;!r3;!r4;!r5;!r6;!r7;!r8:1]~[#8X2;!r3;!r4;!r5;!r6;!r7;!r8:2]~[#6X3;r5:3],502.6278348388672,108.43660235749935,2
[#6X3;r6:1]~[#6X4;!r3;!r4;!r5;!r6;!r7;!r8:2]~[#7X3;r6:3],604.9231107177735,106.61767517020077,2
[#1X1;!r3;!r4;!r5;!r6;!r7;!r8:1]~[#6X3;!r3;!r4;!r5;!r6;!r7;!r8:2]~[#7X3;!r3;!r4;!r5;!r6;!r7;!r8:3],229.57789505004882,132.73815587721626,2
[#7X3;r5:1]~[#16X4;!r3;!r4;!r5;!r6;!r7;!r8:2]~[#8X1;!r3;!r4;!r5;!r6;!r7;!r8:3],612.0584982910157,128.2261465718842,2
[#6X3;!r3;!r4;!r5;!r6;!r7;!r8:1]~[#6X4;!r3;!r4;!r5;!r6;!r7;!r8:2]~[#7X3;r5:3],639.5745421142578,106.80720608947945,2
[#6X3;!r3;!r4;!r5;!r6;!r7;!r8:1]~[#7X3;!r3;!r4;!r5;!r6;!r7;!r8:2]~[#8X2;!r3;!r4;!r5;!r6;!r7;!r8:3],543.7598823242188,109.63920059485267,2
[#6X3;!r3;!r4;!r5;!r6;!r7;!r8:1]~[#7X2;!r3;!r4;!r5;!r6;!r7;!r8:2]~[#7X3;!r3;!r4;!r5;!r6;!r7;!r8:3],738.4987280273438,111.16819991226255,2
[#6X4;r6:1]~[#6X4;!r3;!r4;!r5;!r6;!r7;!r8:2]~[#8X2;!r3;!r4;!r5;!r6;!r7;!r8:3],704.1166492919922,107.33438058018855,2
[#6X3;r5:1]~[#6X4;!r3;!r4;!r5;!r6;!r7;!r8:2]~[#6X3;r6:3],535.2347652587891,107.94417303909812,2
[#8X1;!r3;!r4;!r5;!r6;!r7;!r8:1]~[#6X3;!r3;!r4;!r5;!r6;!r7;!r8:2]~[#8X1;!r3;!r4;!r5;!r6;!r7;!r8:3],646.299867553711,147.66677740270808,2
[#6X4;!r3;!r4;!r5;!r6;!r7;!r8:1]~[#6X4;!r3;!r4;!r5;!r6;!r7;!r8:2]~[#7X2;!r3;!r4;!r5;!r6;!r7;!r8:3],625.32821875,108.78256509933884,2
[#1X1;!r3;!r4;!r5;!r6;!r7;!r8:1]~[#7X3;!r3;!r4;!r5;!r6;!r7;!r8:2]~[#8X2;!r3;!r4;!r5;!r6;!r7;!r8:3],307.21056390380863,95.97933451901491,2
[#7X3;r6:1]~[#16X4;!r3;!r4;!r5;!r6;!r7;!r8:2]~[#8X1;!r3;!r4;!r5;!r6;!r7;!r8:3],624.3479129638672,132.53184318314686,2
[#1X1;!r3;!r4;!r5;!r6;!r7;!r8:1]~[#6X2;!r3;!r4;!r5;!r6;!r7;!r8:2]~[#6X2;!r3;!r4;!r5;!r6;!r7;!r8:3],136.7351163635254,180.00000500895632,3
[#1X1;!r3;!r4;!r5;!r6;!r7;!r8:1]~[#8X2;!r3;!r4;!r5;!r6;!r7;!r8:2]~[#7X3;!r3;!r4;!r5;!r6;!r7;!r8:3],468.8634987792969,101.00956393705421,2
[#6X2;!r3;!r4;!r5;!r6;!r7;!r8:1]~[#6X3;!r3;!r4;!r5;!r6;!r7;!r8:2]~[#6X3;!r3;!r4;!r5;!r6;!r7;!r8:3],0.0,114.6368295199835,0
[#6X4;!r3;!r4;!r5;!r6;!r7;!r8:1]~[#6X4;!r3;!r4;!r5;!r6;!r7;!r8:2]~[#7X4;!r3;!r4;!r5;!r6;!r7;!r8:3],694.5781558837891,106.54693490096695,2
[#6X4;!r3;!r4;!r5;!r6;!r7;!r8:1]~[#6X3;!r3;!r4;!r5;!r6;!r7;!r8:2]~[#7X3;r5:3],390.62255194091796,135.2717189271841,2
[#16X4;!r3;!r4;!r5;!r6;!r7;!r8:1]~[#7X3;!r3;!r4;!r5;!r6;!r7;!r8:2]~[#6X3;r6:3],439.4743718261719,115.59024196584723,2
[#1X1;!r3;!r4;!r5;!r6;!r7;!r8:1]~[#6X4;r6:2]~[#6X3;r5:3],442.74880383300786,105.06853362492852,2
[#6X4;!r3;!r4;!r5;!r6;!r7;!r8:1]~[#15X4;!r3;!r4;!r5;!r6;!r7;!r8:2]~[#8X1;!r3;!r4;!r5;!r6;!r7;!r8:3],936.0930694580079,115.95776078470728,2
[#6X4;r6:1]~[#6X3;!r3;!r4;!r5;!r6;!r7;!r8:2]~[#8X2;!r3;!r4;!r5;!r6;!r7;!r8:3],397.9993609619141,126.06719207713485,2
[#6X3;!r3;!r4;!r5;!r6;!r7;!r8:1]~[#7X3;!r3;!r4;!r5;!r6;!r7;!r8:2]~[#7X2;!r3;!r4;!r5;!r6;!r7;!r8:3],337.61287567138675,107.22462627041561,2
[#6X3;r5:1]~[#6X2;!r3;!r4;!r5;!r6;!r7;!r8:2]~[#7X1;!r3;!r4;!r5;!r6;!r7;!r8:3],260.0160385742188,180.00000500895632,3
[#6X3;r6:1]~[#16X4;!r3;!r4;!r5;!r6;!r7;!r8:2]~[#6X4;!r3;!r4;!r5;!r6;!r7;!r8:3],571.6535561523438,125.1166756314792,2
[#6X4;r5:1]~[#6X3;!r3;!r4;!r5;!r6;!r7;!r8:2]~[#7X3;!r3;!r4;!r5;!r6;!r7;!r8:3],536.3704643554688,133.43595532358145,2
[#6X3;!r3;!r4;!r5;!r6;!r7;!r8:1]~[#6X2;!r3;!r4;!r5;!r6;!r7;!r8:2]~[#7X1;!r3;!r4;!r5;!r6;!r7;!r8:3],247.86021490478515,180.00000500895632,3
[#6X3;!r3;!r4;!r5;!r6;!r7;!r8:1]~[#8X2;!r3;!r4;!r5;!r6;!r7;!r8:2]~[#6X3;r6:3],494.86618157958986,110.0975131183497,2
[#16X2;!r3;!r4;!r5;!r6;!r7;!r8:1]~[#6X4;!r3;!r4;!r5;!r6;!r7;!r8:2]~[#6X3;r6:3],514.7862760620118,105.48467656048989,2
[#6X3;!r3;!r4;!r5;!r6;!r7;!r8:1]~[#6X4;!r3;!r4;!r5;!r6;!r7;!r8:2]~[#7X3;r6:3],602.7996362304688,106.00978833406964,2
[#6X3;r5:1]~[#6X3;!r3;!r4;!r5;!r6;!r7;!r8:2]~[#7X2;!r3;!r4;!r5;!r6;!r7;!r8:3],410.9116576538086,132.02802110921004,2
[#6X3;!r3;!r4;!r5;!r6;!r7;!r8:1]~[#7X3;!r3;!r4;!r5;!r6;!r7;!r8:2]~[#6X4;r6:3],455.79216973876953,115.00225830095751,2
[#6X4;!r3;!r4;!r5;!r6;!r7;!r8:1]~[#16X3;!r3;!r4;!r5;!r6;!r7;!r8:2]~[#8X1;!r3;!r4;!r5;!r6;!r7;!r8:3],1030.7002708740235,105.85062443584083,2
[#6X3;!r3;!r4;!r5;!r6;!r7;!r8:1]~[#6X4;!r3;!r4;!r5;!r6;!r7;!r8:2]~[#6X3;!r3;!r4;!r5;!r6;!r7;!r8:3],431.3408982543946,106.47529304676269,2
[#6X3;r6:1]~[#7X2;!r3;!r4;!r5;!r6;!r7;!r8:2]~[#7X2;!r3;!r4;!r5;!r6;!r7;!r8:3],638.8796135253906,105.45902236996731,2
[#6X4;r6:1]~[#6X4;!r3;!r4;!r5;!r6;!r7;!r8:2]~[#9X1;!r3;!r4;!r5;!r6;!r7;!r8:3],636.936941772461,104.28556854980245,2
[#35X1;!r3;!r4;!r5;!r6;!r7;!r8:1]~[#6X4;!r3;!r4;!r5;!r6;!r7;!r8:2]~[#6X4;!r3;!r4;!r5;!r6;!r7;!r8:3],520.2583997802734,103.21127541600782,2
[#6X4;!r3;!r4;!r5;!r6;!r7;!r8:1]~[#7X3;!r3;!r4;!r5;!r6;!r7;!r8:2]~[#6X4;r6:3],427.25125787353517,109.49672967895538,2
[#6X3;!r3;!r4;!r5;!r6;!r7;!r8:1]~[#7X2;!r3;!r4;!r5;!r6;!r7;!r8:2]~[#8X2;!r3;!r4;!r5;!r6;!r7;!r8:3],787.9443176269532,107.17334521012715,2
[#1X1;!r3;!r4;!r5;!r6;!r7;!r8:1]~[#6X4;!r3;!r4;!r5;!r6;!r7;!r8:2]~[#7X4;r6:3],459.21573846435547,102.34998173148004,2
[#6X4;!r3;!r4;!r5;!r6;!r7;!r8:1]~[#16X4;!r3;!r4;!r5;!r6;!r7;!r8:2]~[#7X3;!r3;!r4;!r5;!r6;!r7;!r8:3],748.700037109375,119.98609707415407,2
[#17X1;!r3;!r4;!r5;!r6;!r7;!r8:1]~[#6X3;!r3;!r4;!r5;!r6;!r7;!r8:2]~[#6X3;!r3;!r4;!r5;!r6;!r7;!r8:3],297.2393122558594,127.27893593778681,2
[#6X3;r6:1]~[#6X3;!r3;!r4;!r5;!r6;!r7;!r8:2]~[#6X3;r6:3],0.0,119.45977635709123,0
[#6X3;!r3;!r4;!r5;!r6;!r7;!r8:1]~[#7X3;!r3;!r4;!r5;!r6;!r7;!r8:2]~[#6X3;!r3;!r4;!r5;!r6;!r7;!r8:3],466.0788366088867,114.74663164108061,2
[#6X3;!r3;!r4;!r5;!r6;!r7;!r8:1]~[#7X2;!r3;!r4;!r5;!r6;!r7;!r8:2]~[#6X3;r6:3],537.8608100585938,109.24261932107422,2
[#6X4;r3:1]~[#6X3;!r3;!r4;!r5;!r6;!r7;!r8:2]~[#8X1;!r3;!r4;!r5;!r6;!r7;!r8:3],564.5117843017579,140.80699985321084,2
[#8X1;!r3;!r4;!r5;!r6;!r7;!r8:1]~[#16X4;r6:2]~[#8X1;!r3;!r4;!r5;!r6;!r7;!r8:3],830.8513218994141,133.39347154694397,2
[#6X4;!r3;!r4;!r5;!r6;!r7;!r8:1]~[#6X3;!r3;!r4;!r5;!r6;!r7;!r8:2]~[#7X3;r6:3],323.74000061035156,138.33889733624838,2
[#6X4;r5:1]~[#6X3;!r3;!r4;!r5;!r6;!r7;!r8:2]~[#8X2;!r3;!r4;!r5;!r6;!r7;!r8:3],376.5632240600586,125.22524831852571,2
[#1X1;!r3;!r4;!r5;!r6;!r7;!r8:1]~[#16X2;!r3;!r4;!r5;!r6;!r7;!r8:2]~[#6X4;!r3;!r4;!r5;!r6;!r7;!r8:3],503.92502423095704,94.05427985239268,2
[#6X4;!r3;!r4;!r5;!r6;!r7;!r8:1]~[#8X2;!r3;!r4;!r5;!r6;!r7;!r8:2]~[#6X4;r6:3],551.0825845947265,109.76948645327066,2
[#6X3;!r3;!r4;!r5;!r6;!r7;!r8:1]~[#16X2;!r3;!r4;!r5;!r6;!r7;!r8:2]~[#6X4;!r3;!r4;!r5;!r6;!r7;!r8:3],620.3857027587891,97.4698183996951,2
[#8X1;!r3;!r4;!r5;!r6;!r7;!r8:1]~[#16X4;r5:2]~[#8X1;!r3;!r4;!r5;!r6;!r7;!r8:3],778.6424255371094,138.81259827594545,2
[#17X1;!r3;!r4;!r5;!r6;!r7;!r8:1]~[#6X4;!r3;!r4;!r5;!r6;!r7;!r8:2]~[#6X3;!r3;!r4;!r5;!r6;!r7;!r8:3],515.8753060913086,104.2681993787431,2
[#1X1;!r3;!r4;!r5;!r6;!r7;!r8:1]~[#6X4;r3:2]~[#6X3;!r3;!r4;!r5;!r6;!r7;!r8:3],142.8911717529297,126.38937210028435,2
[#6X4;r5:1]~[#6X4;!r3;!r4;!r5;!r6;!r7;!r8:2]~[#9X1;!r3;!r4;!r5;!r6;!r7;!r8:3],630.5289787597657,103.07777253849075,2
[#6X3;!r3;!r4;!r5;!r6;!r7;!r8:1]~[#6X4;!r3;!r4;!r5;!r6;!r7;!r8:2]~[#6X3;r5:3],492.9676251831055,107.46045904207782,2
[#6X3;r5:1]~[#8X2;!r3;!r4;!r5;!r6;!r7;!r8:2]~[#6X4;!r3;!r4;!r5;!r6;!r7;!r8:3],519.3766353149414,108.88020265352418,2
[#6X3;!r3;!r4;!r5;!r6;!r7;!r8:1]~[#6X3;!r3;!r4;!r5;!r6;!r7;!r8:2]~[#7X2;!r3;!r4;!r5;!r6;!r7;!r8:3],450.74380242919926,122.88782098076395,2
[#1X1;!r3;!r4;!r5;!r6;!r7;!r8:1]~[#6X4;r5:2]~[#6X3;r5:3],417.4722368164063,106.20194887617878,2
[#6X4;r6:1]~[#6X3;!r3;!r4;!r5;!r6;!r7;!r8:2]~[#7X3;!r3;!r4;!r5;!r6;!r7;!r8:3],457.5325875854492,135.0223623809653,2
[#1X1;!r3;!r4;!r5;!r6;!r7;!r8:1]~[#6X4;!r3;!r4;!r5;!r6;!r7;!r8:2]~[#6X3;r7:3],466.37321563720707,106.35887247235982,2
[#6X3;!r3;!r4;!r5;!r6;!r7;!r8:1]~[#7X3;!r3;!r4;!r5;!r6;!r7;!r8:2]~[#6X4;r5:3],447.2900679931641,115.19088080507659,2
[#6X2;!r3;!r4;!r5;!r6;!r7;!r8:1]~[#6X4;!r3;!r4;!r5;!r6;!r7;!r8:2]~[#8X2;!r3;!r4;!r5;!r6;!r7;!r8:3],723.6887368164063,108.42673956433785,2
[#1X1;!r3;!r4;!r5;!r6;!r7;!r8:1]~[#6X4;r6:2]~[#7X3;r5:3],512.0827580566406,102.47422970267175,2
[#1X1;!r3;!r4;!r5;!r6;!r7;!r8:1]~[#7X3;!r3;!r4;!r5;!r6;!r7;!r8:2]~[#6X4;r3:3],250.30228079223633,107.84297012616604,2
[#6X4;!r3;!r4;!r5;!r6;!r7;!r8:1]~[#7X3;!r3;!r4;!r5;!r6;!r7;!r8:2]~[#7X2;!r3;!r4;!r5;!r6;!r7;!r8:3],264.0790565185547,107.96650092749489,2
[#6X3;!r3;!r4;!r5;!r6;!r7;!r8:1]~[#8X2;!r3;!r4;!r5;!r6;!r7;!r8:2]~[#6X4;r6:3],535.8975809326172,111.7388895381738,2
[#6X3;!r3;!r4;!r5;!r6;!r7;!r8:1]~[#6X4;!r3;!r4;!r5;!r6;!r7;!r8:2]~[#6X4;r6:3],477.76621392822267,105.56743796266294,2
[#6X4;r6:1]~[#6X4;!r3;!r4;!r5;!r6;!r7;!r8:2]~[#7X3;!r3;!r4;!r5;!r6;!r7;!r8:3],666.1377963867188,108.17049135724649,2
[#16X1;!r3;!r4;!r5;!r6;!r7;!r8:1]~[#15X4;!r3;!r4;!r5;!r6;!r7;!r8:2]~[#8X2;!r3;!r4;!r5;!r6;!r7;!r8:3],606.1713646240235,121.0012407697364,2
[#1X1;!r3;!r4;!r5;!r6;!r7;!r8:1]~[#6X4;r8:2]~[#1X1;!r3;!r4;!r5;!r6;!r7;!r8:3],306.0190343017578,108.98876851038153,2
[#6X4;r5:1]~[#6X4;!r3;!r4;!r5;!r6;!r7;!r8:2]~[#7X3;!r3;!r4;!r5;!r6;!r7;!r8:3],614.5826500244141,107.48036221331922,2
[#1X1;!r3;!r4;!r5;!r6;!r7;!r8:1]~[#6X4;r3:2]~[#6X3;r6:3],222.74896875000002,120.69669629502387,2
[#15X4;!r3;!r4;!r5;!r6;!r7;!r8:1]~[#7X3;!r3;!r4;!r5;!r6;!r7;!r8:2]~[#6X4;!r3;!r4;!r5;!r6;!r7;!r8:3],177.77505468750002,106.10788351092935,2
[#6X4;!r3;!r4;!r5;!r6;!r7;!r8:1]~[#7X3;!r3;!r4;!r5;!r6;!r7;!r8:2]~[#7X3;!r3;!r4;!r5;!r6;!r7;!r8:3],468.82905560302737,104.88674814016863,2
[#16X4;!r3;!r4;!r5;!r6;!r7;!r8:1]~[#8X2;!r3;!r4;!r5;!r6;!r7;!r8:2]~[#1X1;!r3;!r4;!r5;!r6;!r7;!r8:3],574.2027342529298,111.12868726791403,2
[#6X4;!r3;!r4;!r5;!r6;!r7;!r8:1]~[#6X4;!r3;!r4;!r5;!r6;!r7;!r8:2]~[#6X4;r3:3],571.0058712158203,108.40210307200162,2
[#6X4;!r3;!r4;!r5;!r6;!r7;!r8:1]~[#6X4;r6:2]~[#8X2;!r3;!r4;!r5;!r6;!r7;!r8:3],812.3975682373048,108.07390565219333,2
[#15X4;!r3;!r4;!r5;!r6;!r7;!r8:1]~[#6X4;!r3;!r4;!r5;!r6;!r7;!r8:2]~[#6X4;!r3;!r4;!r5;!r6;!r7;!r8:3],318.28262457275395,101.5920219789054,2
[#16X2;!r3;!r4;!r5;!r6;!r7;!r8:1]~[#15X4;!r3;!r4;!r5;!r6;!r7;!r8:2]~[#8X2;!r3;!r4;!r5;!r6;!r7;!r8:3],426.7875997314453,105.25042839271512,2
[#6X3;r5:1]~[#6X4;!r3;!r4;!r5;!r6;!r7;!r8:2]~[#7X3;r6:3],632.0708455810548,107.49236285569094,2
[#6X2;!r3;!r4;!r5;!r6;!r7;!r8:1]~[#6X4;!r3;!r4;!r5;!r6;!r7;!r8:2]~[#7X3;!r3;!r4;!r5;!r6;!r7;!r8:3],670.8546281738281,108.99610413355012,2
[#6X3;r5:1]~[#6X4;!r3;!r4;!r5;!r6;!r7;!r8:2]~[#7X3;r5:3],671.6241889648438,107.89192892213669,2
[#8X2;!r3;!r4;!r5;!r6;!r7;!r8:1]~[#6X4;!r3;!r4;!r5;!r6;!r7;!r8:2]~[#8X2;!r3;!r4;!r5;!r6;!r7;!r8:3],1023.3732272949219,109.24561777411985,2
[#1X1;!r3;!r4;!r5;!r6;!r7;!r8:1]~[#6X3;!r3;!r4;!r5;!r6;!r7;!r8:2]~[#6X2;!r3;!r4;!r5;!r6;!r7;!r8:3],239.11378686523437,134.43013033841183,2
[#7X3;!r3;!r4;!r5;!r6;!r7;!r8:1]~[#15X4;!r3;!r4;!r5;!r6;!r7;!r8:2]~[#8X1;!r3;!r4;!r5;!r6;!r7;!r8:3],874.1979475097656,120.9532928417629,2
[#1X1;!r3;!r4;!r5;!r6;!r7;!r8:1]~[#6X3;!r3;!r4;!r5;!r6;!r7;!r8:2]~[#8X2;!r3;!r4;!r5;!r6;!r7;!r8:3],516.3401134033203,117.70478657061314,2
[#6X3;r6:1]~[#7X3;!r3;!r4;!r5;!r6;!r7;!r8:2]~[#7X2;!r3;!r4;!r5;!r6;!r7;!r8:3],482.4284282226563,115.71706491835603,2
[#6X3;r5:1]~[#6X3;!r3;!r4;!r5;!r6;!r7;!r8:2]~[#6X3;r5:3],258.61837661743164,139.82251004662353,2
[#1X1;!r3;!r4;!r5;!r6;!r7;!r8:1]~[#8X2;!r3;!r4;!r5;!r6;!r7;!r8:2]~[#7X2;!r3;!r4;!r5;!r6;!r7;!r8:3],454.46044140625,103.48366336010793,2
[#6X3;r6:1]~[#16X2;!r3;!r4;!r5;!r6;!r7;!r8:2]~[#6X3;r6:3],679.8544801025391,96.5676665235523,2
[#6X3;r6:1]~[#16X3;!r3;!r4;!r5;!r6;!r7;!r8:2]~[#8X1;!r3;!r4;!r5;!r6;!r7;!r8:3],893.5717393798828,105.53210539408646,2
[#6X3;!r3;!r4;!r5;!r6;!r7;!r8:1]~[#6X3;!r3;!r4;!r5;!r6;!r7;!r8:2]~[#6X4;r6:3],431.6758493652344,130.69658501354277,2
[#1X1;!r3;!r4;!r5;!r6;!r7;!r8:1]~[#6X3;!r3;!r4;!r5;!r6;!r7;!r8:2]~[#6X4;r6:3],214.69863442993164,127.40873685277373,2
[#6X3;r6:1]~[#7X3;!r3;!r4;!r5;!r6;!r7;!r8:2]~[#6X4;r6:3],409.26642938232425,116.43415281893732,2
[#1X1;!r3;!r4;!r5;!r6;!r7;!r8:1]~[#6X4;r5:2]~[#7X3;r5:3],482.3938573608399,102.25972078159832,2
[#1X1;!r3;!r4;!r5;!r6;!r7;!r8:1]~[#7X2;!r3;!r4;!r5;!r6;!r7;!r8:2]~[#6X3;r6:3],434.2690789794922,111.298062298952,2
[#15X4;!r3;!r4;!r5;!r6;!r7;!r8:1]~[#7X3;!r3;!r4;!r5;!r6;!r7;!r8:2]~[#1X1;!r3;!r4;!r5;!r6;!r7;!r8:3],155.55904638671876,123.52577430962148,2
[#16X2;!r3;!r4;!r5;!r6;!r7;!r8:1]~[#6X3;!r3;!r4;!r5;!r6;!r7;!r8:2]~[#8X1;!r3;!r4;!r5;!r6;!r7;!r8:3],564.8292744140625,140.8328316286518,2
[#1X1;!r3;!r4;!r5;!r6;!r7;!r8:1]~[#6X4;!r3;!r4;!r5;!r6;!r7;!r8:2]~[#7X4;r5:3],468.26666461181645,102.90399203543812,2
[#6X3;!r3;!r4;!r5;!r6;!r7;!r8:1]~[#7X2;!r3;!r4;!r5;!r6;!r7;!r8:2]~[#6X4;!r3;!r4;!r5;!r6;!r7;!r8:3],570.5802314453125,112.2603471605476,2
[#6X4;r6:1]~[#6X2;!r3;!r4;!r5;!r6;!r7;!r8:2]~[#7X1;!r3;!r4;!r5;!r6;!r7;!r8:3],241.88670196533204,180.00000500895632,3
[#6X4;!r3;!r4;!r5;!r6;!r7;!r8:1]~[#8X2;!r3;!r4;!r5;!r6;!r7;!r8:2]~[#7X2;!r3;!r4;!r5;!r6;!r7;!r8:3],678.8677261962891,107.60847607158117,2
[#1X1;!r3;!r4;!r5;!r6;!r7;!r8:1]~[#7X3;!r3;!r4;!r5;!r6;!r7;!r8:2]~[#7X3;r5:3],235.80811978149416,99.7812022261516,2
[#6X3;!r3;!r4;!r5;!r6;!r7;!r8:1]~[#6X4;!r3;!r4;!r5;!r6;!r7;!r8:2]~[#6X4;r5:3],465.7528554077149,105.61595279633752,2
[#6X3;r6:1]~[#6X3;!r3;!r4;!r5;!r6;!r7;!r8:2]~[#7X3;r6:3],272.20183642578127,136.42334346276164,2
[#16X3;!r3;!r4;!r5;!r6;!r7;!r8:1]~[#6X4;!r3;!r4;!r5;!r6;!r7;!r8:2]~[#6X4;!r3;!r4;!r5;!r6;!r7;!r8:3],376.80742266845704,102.02971416129814,2
[#16X1;!r3;!r4;!r5;!r6;!r7;!r8:1]~[#6X4;!r3;!r4;!r5;!r6;!r7;!r8:2]~[#1X1;!r3;!r4;!r5;!r6;!r7;!r8:3],380.3994086303711,109.23314584869541,2
[#6X3;r6:1]~[#7X3;!r3;!r4;!r5;!r6;!r7;!r8:2]~[#7X3;!r3;!r4;!r5;!r6;!r7;!r8:3],469.51443969726563,110.37168374182318,2
[#7X3;!r3;!r4;!r5;!r6;!r7;!r8:1]~[#6X3;!r3;!r4;!r5;!r6;!r7;!r8:2]~[#7X3;r5:3],578.5822846679688,127.36749617056519,2
[#1X1;!r3;!r4;!r5;!r6;!r7;!r8:1]~[#6X4;r3:2]~[#7X3;!r3;!r4;!r5;!r6;!r7;!r8:3],230.4299407043457,117.22252057369688,2
[#6X4;!r3;!r4;!r5;!r6;!r7;!r8:1]~[#8X2;!r3;!r4;!r5;!r6;!r7;!r8:2]~[#6X4;r5:3],564.1798018798828,109.7407791681891,2
[#1X1;!r3;!r4;!r5;!r6;!r7;!r8:1]~[#6X4;r3:2]~[#6X3;r5:3],220.13846966552734,121.99137231257812,2
[#16X2;!r3;!r4;!r5;!r6;!r7;!r8:1]~[#6X3;!r3;!r4;!r5;!r6;!r7;!r8:2]~[#7X3;!r3;!r4;!r5;!r6;!r7;!r8:3],454.77291986083986,131.62141994791918,2
[#6X3;!r3;!r4;!r5;!r6;!r7;!r8:1]~[#16X4;!r3;!r4;!r5;!r6;!r7;!r8:2]~[#8X1;!r3;!r4;!r5;!r6;!r7;!r8:3],520.6710475463867,138.68137668161117,2
[#6X3;r5:1]~[#16X4;!r3;!r4;!r5;!r6;!r7;!r8:2]~[#7X3;!r3;!r4;!r5;!r6;!r7;!r8:3],639.0871663818359,121.27974856333283,2
[#16X2;!r3;!r4;!r5;!r6;!r7;!r8:1]~[#6X4;!r3;!r4;!r5;!r6;!r7;!r8:2]~[#6X3;r5:3],576.3569809570313,107.16562026617588,2
[#6X3;r6:1]~[#6X3;!r3;!r4;!r5;!r6;!r7;!r8:2]~[#7X3;r5:3],218.82230300903322,134.81917791353575,2
[#6X4;!r3;!r4;!r5;!r6;!r7;!r8:1]~[#6X4;r5:2]~[#8X2;!r3;!r4;!r5;!r6;!r7;!r8:3],715.6591673583985,108.20240883123796,2
[#9X1;!r3;!r4;!r5;!r6;!r7;!r8:1]~[#6X4;r6:2]~[#9X1;!r3;!r4;!r5;!r6;!r7;!r8:3],1116.5115341796875,105.91189123269584,2
[#1X1;!r3;!r4;!r5;!r6;!r7;!r8:1]~[#7X3;!r3;!r4;!r5;!r6;!r7;!r8:2]~[#7X3;r6:3],257.5688173828125,100.52431314747065,2
[#1X1;!r3;!r4;!r5;!r6;!r7;!r8:1]~[#6X4;r7:2]~[#6X4;!r3;!r4;!r5;!r6;!r7;!r8:3],421.24285485839846,107.67539143487977,2
[#6X4;!r3;!r4;!r5;!r6;!r7;!r8:1]~[#7X2;!r3;!r4;!r5;!r6;!r7;!r8:2]~[#7X2;!r3;!r4;!r5;!r6;!r7;!r8:3],673.5118282470703,108.92440080764332,2
[#1X1;!r3;!r4;!r5;!r6;!r7;!r8:1]~[#7X3;!r3;!r4;!r5;!r6;!r7;!r8:2]~[#6X4;r4:3],231.6024132385254,108.43092647029907,2
[#16X2;!r3;!r4;!r5;!r6;!r7;!r8:1]~[#6X3;!r3;!r4;!r5;!r6;!r7;!r8:2]~[#7X2;!r3;!r4;!r5;!r6;!r7;!r8:3],392.5693734741211,141.20666154230494,2
[#6X3;!r3;!r4;!r5;!r6;!r7;!r8:1]~[#7X3;!r3;!r4;!r5;!r6;!r7;!r8:2]~[#8X1;!r3;!r4;!r5;!r6;!r7;!r8:3],321.49372454833986,130.43319925876875,2
[#16X2;!r3;!r4;!r5;!r6;!r7;!r8:1]~[#6X4;!r3;!r4;!r5;!r6;!r7;!r8:2]~[#9X1;!r3;!r4;!r5;!r6;!r7;!r8:3],607.0937650146485,104.85239228864346,2
[#6X3;r5:1]~[#7X2;!r3;!r4;!r5;!r6;!r7;!r8:2]~[#7X2;!r3;!r4;!r5;!r6;!r7;!r8:3],618.160462890625,101.87709358429422,2
[#6X4;!r3;!r4;!r5;!r6;!r7;!r8:1]~[#7X3;!r3;!r4;!r5;!r6;!r7;!r8:2]~[#8X2;!r3;!r4;!r5;!r6;!r7;!r8:3],435.8651483154297,99.50677205548966,2
[#6X4;!r3;!r4;!r5;!r6;!r7;!r8:1]~[#7X3;!r3;!r4;!r5;!r6;!r7;!r8:2]~[#8X1;!r3;!r4;!r5;!r6;!r7;!r8:3],402.47090881347657,119.194614753133,2
[#7X3;!r3;!r4;!r5;!r6;!r7;!r8:1]~[#15X4;!r3;!r4;!r5;!r6;!r7;!r8:2]~[#8X2;!r3;!r4;!r5;!r6;!r7;!r8:3],721.2183406982422,106.83858397852649,2
[#6X2;!r3;!r4;!r5;!r6;!r7;!r8:1]~[#6X4;!r3;!r4;!r5;!r6;!r7;!r8:2]~[#6X3;r6:3],517.7617962036134,107.28969748263832,2
[#6X4;!r3;!r4;!r5;!r6;!r7;!r8:1]~[#6X4;r3:2]~[#6X4;!r3;!r4;!r5;!r6;!r7;!r8:3],359.0881162719727,126.33988054955844,2
[#6X2;!r3;!r4;!r5;!r6;!r7;!r8:1]~[#6X2;!r3;!r4;!r5;!r6;!r7;!r8:2]~[#6X3;!r3;!r4;!r5;!r6;!r7;!r8:3],162.90975967407226,180.00000500895632,3
[#6X3;r5:1]~[#16X2;!r3;!r4;!r5;!r6;!r7;!r8:2]~[#6X3;r6:3],710.1035053710938,96.70879189218311,2
[#6X2;!r3;!r4;!r5;!r6;!r7;!r8:1]~[#6X4;!r3;!r4;!r5;!r6;!r7;!r8:2]~[#6X3;!r3;!r4;!r5;!r6;!r7;!r8:3],491.3088941650391,107.26273189579511,2
[#6X3;!r3;!r4;!r5;!r6;!r7;!r8:1]~[#7X2;!r3;!r4;!r5;!r6;!r7;!r8:2]~[#6X3;r5:3],586.2393953857422,104.26899168068682,2
[#6X3;!r3;!r4;!r5;!r6;!r7;!r8:1]~[#6X3;!r3;!r4;!r5;!r6;!r7;!r8:2]~[#7X3;r6:3],281.2000284423828,120.44324163530302,2
[#6X3;r6:1]~[#6X4;!r3;!r4;!r5;!r6;!r7;!r8:2]~[#7X2;!r3;!r4;!r5;!r6;!r7;!r8:3],585.9152656250001,107.5201139142887,2
[#1X1;!r3;!r4;!r5;!r6;!r7;!r8:1]~[#6X4;r6:2]~[#6X2;!r3;!r4;!r5;!r6;!r7;!r8:3],392.30915032958984,105.28299473467774,2
[#16X4;!r3;!r4;!r5;!r6;!r7;!r8:1]~[#7X3;!r3;!r4;!r5;!r6;!r7;!r8:2]~[#6X3;!r3;!r4;!r5;!r6;!r7;!r8:3],485.6956459960938,119.52566036182517,2
[#16X1;!r3;!r4;!r5;!r6;!r7;!r8:1]~[#6X3;!r3;!r4;!r5;!r6;!r7;!r8:2]~[#16X2;!r3;!r4;!r5;!r6;!r7;!r8:3],447.8726333007813,141.95169857696993,2
[#6X4;r3:1]~[#6X4;!r3;!r4;!r5;!r6;!r7;!r8:2]~[#8X2;!r3;!r4;!r5;!r6;!r7;!r8:3],725.9111037597656,107.65121256521793,2
[#6X4;!r3;!r4;!r5;!r6;!r7;!r8:1]~[#8X2;!r3;!r4;!r5;!r6;!r7;!r8:2]~[#7X3;!r3;!r4;!r5;!r6;!r7;!r8:3],620.0472083740235,106.13452124869241,2
[#6X3;r6:1]~[#6X4;!r3;!r4;!r5;!r6;!r7;!r8:2]~[#6X4;r5:3],520.8207907714844,106.60267607478342,2
[#6X4;!r3;!r4;!r5;!r6;!r7;!r8:1]~[#7X3;!r3;!r4;!r5;!r6;!r7;!r8:2]~[#6X4;r5:3],428.48418951416016,110.10624893029814,2
[#6X3;r6:1]~[#6X4;!r3;!r4;!r5;!r6;!r7;!r8:2]~[#6X4;r6:3],505.4880230102539,106.23939880339795,2
[#6X4;!r3;!r4;!r5;!r6;!r7;!r8:1]~[#16X4;!r3;!r4;!r5;!r6;!r7;!r8:2]~[#6X4;!r3;!r4;!r5;!r6;!r7;!r8:3],591.6655203857422,124.37621482355812,2
[#15X4;!r3;!r4;!r5;!r6;!r7;!r8:1]~[#8X2;!r3;!r4;!r5;!r6;!r7;!r8:2]~[#6X3;r6:3],393.9374921875,113.43925830185931,2
[#1X1;!r3;!r4;!r5;!r6;!r7;!r8:1]~[#6X3;!r3;!r4;!r5;!r6;!r7;!r8:2]~[#6X4;r5:3],227.9953603820801,124.67675680741701,2
[#17X1;!r3;!r4;!r5;!r6;!r7;!r8:1]~[#6X4;!r3;!r4;!r5;!r6;!r7;!r8:2]~[#9X1;!r3;!r4;!r5;!r6;!r7;!r8:3],770.6056418457032,106.07931282963119,2
[#1X1;!r3;!r4;!r5;!r6;!r7;!r8:1]~[#7X2;!r3;!r4;!r5;!r6;!r7;!r8:2]~[#6X3;r5:3],364.9912106323242,106.24283438855046,2
[#6X3;!r3;!r4;!r5;!r6;!r7;!r8:1]~[#7X2;!r3;!r4;!r5;!r6;!r7;!r8:2]~[#7X2;!r3;!r4;!r5;!r6;!r7;!r8:3],689.7732210693359,103.32380278258378,2
[#8X1;!r3;!r4;!r5;!r6;!r7;!r8:1]~[#15X4;!r3;!r4;!r5;!r6;!r7;!r8:2]~[#8X1;!r3;!r4;!r5;!r6;!r7;!r8:3],762.8041187744141,135.64776182212833,2
[#7X2;!r3;!r4;!r5;!r6;!r7;!r8:1]~[#6X3;!r3;!r4;!r5;!r6;!r7;!r8:2]~[#8X1;!r3;!r4;!r5;!r6;!r7;!r8:3],837.8223143310547,128.89928903534562,2
[#6X2;!r3;!r4;!r5;!r6;!r7;!r8:1]~[#6X2;!r3;!r4;!r5;!r6;!r7;!r8:2]~[#6X3;r5:3],215.99485021972657,180.00000500895632,3
[#6X3;!r3;!r4;!r5;!r6;!r7;!r8:1]~[#6X3;!r3;!r4;!r5;!r6;!r7;!r8:2]~[#6X4;r5:3],487.3657091064453,130.01715877604494,2
[#6X3;r6:1]~[#7X3;!r3;!r4;!r5;!r6;!r7;!r8:2]~[#6X4;r5:3],410.37764477539065,116.11955430576654,2
[#17X1;!r3;!r4;!r5;!r6;!r7;!r8:1]~[#6X4;!r3;!r4;!r5;!r6;!r7;!r8:2]~[#6X3;r6:3],557.3623513183594,104.36003810232309,2
[#6X3;r6:1]~[#16X4;!r3;!r4;!r5;!r6;!r7;!r8:2]~[#7X3;r5:3],560.677004272461,119.64865840839877,2
[#16X4;!r3;!r4;!r5;!r6;!r7;!r8:1]~[#7X3;!r3;!r4;!r5;!r6;!r7;!r8:2]~[#6X3;r5:3],482.53242810058595,117.4826278376693,2
[#1X1;!r3;!r4;!r5;!r6;!r7;!r8:1]~[#6X4;!r3;!r4;!r5;!r6;!r7;!r8:2]~[#7X3;r4:3],449.28036645507814,105.52154592162961,2
[#6X4;!r3;!r4;!r5;!r6;!r7;!r8:1]~[#16X4;!r3;!r4;!r5;!r6;!r7;!r8:2]~[#8X2;!r3;!r4;!r5;!r6;!r7;!r8:3],534.9938864746094,116.99958319918765,2
[#6X3;r6:1]~[#16X4;!r3;!r4;!r5;!r6;!r7;!r8:2]~[#8X2;!r3;!r4;!r5;!r6;!r7;!r8:3],545.8825906982422,116.94114410064903,2
[#1X1;!r3;!r4;!r5;!r6;!r7;!r8:1]~[#6X4;!r3;!r4;!r5;!r6;!r7;!r8:2]~[#53X1;!r3;!r4;!r5;!r6;!r7;!r8:3],311.42326123046877,97.40016413053931,2
[#1X1;!r3;!r4;!r5;!r6;!r7;!r8:1]~[#6X4;r4:2]~[#7X3;!r3;!r4;!r5;!r6;!r7;!r8:3],341.71940246582034,109.19947301608725,2
[#16X2;!r3;!r4;!r5;!r6;!r7;!r8:1]~[#6X3;!r3;!r4;!r5;!r6;!r7;!r8:2]~[#6X4;!r3;!r4;!r5;!r6;!r7;!r8:3],324.14217816162113,133.57746318280576,2
[#7X3;!r3;!r4;!r5;!r6;!r7;!r8:1]~[#6X4;!r3;!r4;!r5;!r6;!r7;!r8:2]~[#8X2;!r3;!r4;!r5;!r6;!r7;!r8:3],1203.8342751464845,109.52358598277186,2
[#7X2;!r3;!r4;!r5;!r6;!r7;!r8:1]~[#16X4;!r3;!r4;!r5;!r6;!r7;!r8:2]~[#8X1;!r3;!r4;!r5;!r6;!r7;!r8:3],764.251689819336,130.23653079180738,2
[#1X1;!r3;!r4;!r5;!r6;!r7;!r8:1]~[#6X4;r4:2]~[#6X4;!r3;!r4;!r5;!r6;!r7;!r8:3],345.14092822265627,111.1064891531115,2
[#6X3;r6:1]~[#6X4;r6:2]~[#6X4;!r3;!r4;!r5;!r6;!r7;!r8:3],517.891556640625,107.35683824217955,2
[#1X1;!r3;!r4;!r5;!r6;!r7;!r8:1]~[#6X4;r5:2]~[#7X3;r6:3],468.63558007812503,102.39392033841074,2
[#6X3;r5:1]~[#6X3;!r3;!r4;!r5;!r6;!r7;!r8:2]~[#7X3;r6:3],246.64219055175784,137.4030794576866,2
[#1X1;!r3;!r4;!r5;!r6;!r7;!r8:1]~[#6X4;r6:2]~[#7X3;r6:3],445.1578151245117,101.3266691296504,2
[#15X3;!r3;!r4;!r5;!r6;!r7;!r8:1]~[#6X4;!r3;!r4;!r5;!r6;!r7;!r8:2]~[#1X1;!r3;!r4;!r5;!r6;!r7;!r8:3],293.17817767333986,103.03502921466482,2
[#6X4;r3:1]~[#6X3;!r3;!r4;!r5;!r6;!r7;!r8:2]~[#7X3;!r3;!r4;!r5;!r6;!r7;!r8:3],451.4695670776367,136.53717539546906,2
[#7X3;!r3;!r4;!r5;!r6;!r7;!r8:1]~[#6X3;!r3;!r4;!r5;!r6;!r7;!r8:2]~[#7X3;r6:3],496.2554641723633,129.68257512936268,2
[#16X2;!r3;!r4;!r5;!r6;!r7;!r8:1]~[#6X4;r6:2]~[#1X1;!r3;!r4;!r5;!r6;!r7;!r8:3],338.42016754150393,100.18373259469713,2
[#16X4;!r3;!r4;!r5;!r6;!r7;!r8:1]~[#6X4;!r3;!r4;!r5;!r6;!r7;!r8:2]~[#9X1;!r3;!r4;!r5;!r6;!r7;!r8:3],520.6581193847657,92.9372912060963,2
[#1X1;!r3;!r4;!r5;!r6;!r7;!r8:1]~[#6X4;r4:2]~[#8X2;!r3;!r4;!r5;!r6;!r7;!r8:3],375.5386752319336,105.47799663548162,2
[#15X4;!r3;!r4;!r5;!r6;!r7;!r8:1]~[#16X2;!r3;!r4;!r5;!r6;!r7;!r8:2]~[#6X4;!r3;!r4;!r5;!r6;!r7;!r8:3],436.92429992675784,95.09969494637649,2
[#6X3;r6:1]~[#8X2;!r3;!r4;!r5;!r6;!r7;!r8:2]~[#6X4;r6:3],535.8191181640625,109.67921867319977,2
[#6X3;r5:1]~[#7X2;!r3;!r4;!r5;!r6;!r7;!r8:2]~[#6X3;r6:3],442.6405264892578,107.5448050481383,2
[#6X3;r6:1]~[#16X3;!r3;!r4;!r5;!r6;!r7;!r8:2]~[#6X4;!r3;!r4;!r5;!r6;!r7;!r8:3],751.585283569336,97.29112016044006,2
[#6X4;r3:1]~[#6X3;!r3;!r4;!r5;!r6;!r7;!r8:2]~[#8X2;!r3;!r4;!r5;!r6;!r7;!r8:3],360.0948529663086,127.58510599752181,2
[#6X4;r3:1]~[#6X4;!r3;!r4;!r5;!r6;!r7;!r8:2]~[#7X3;!r3;!r4;!r5;!r6;!r7;!r8:3],694.8459763183594,109.0279942867849,2
[#7X3;!r3;!r4;!r5;!r6;!r7;!r8:1]~[#7X2;!r3;!r4;!r5;!r6;!r7;!r8:2]~[#8X1;!r3;!r4;!r5;!r6;!r7;!r8:3],1160.2396203613282,112.64845216956606,2
[#6X3;!r3;!r4;!r5;!r6;!r7;!r8:1]~[#6X3;!r3;!r4;!r5;!r6;!r7;!r8:2]~[#7X3;r5:3],482.97607153320314,121.55215016781128,2
[#17X1;!r3;!r4;!r5;!r6;!r7;!r8:1]~[#6X4;r6:2]~[#1X1;!r3;!r4;!r5;!r6;!r7;!r8:3],451.9949292602539,102.0576018236793,2
[#6X2;!r3;!r4;!r5;!r6;!r7;!r8:1]~[#6X3;!r3;!r4;!r5;!r6;!r7;!r8:2]~[#6X3;r5:3],173.25155477905275,145.82164277956414,2
[#1X1;!r3;!r4;!r5;!r6;!r7;!r8:1]~[#8X2;!r3;!r4;!r5;!r6;!r7;!r8:2]~[#7X3;r6:3],449.83624548339844,99.57555889062087,2
[#6X4;r5:1]~[#6X2;!r3;!r4;!r5;!r6;!r7;!r8:2]~[#7X1;!r3;!r4;!r5;!r6;!r7;!r8:3],226.7155202636719,180.00000500895632,3
[#16X2;!r3;!r4;!r5;!r6;!r7;!r8:1]~[#16X2;!r3;!r4;!r5;!r6;!r7;!r8:2]~[#6X4;!r3;!r4;!r5;!r6;!r7;!r8:3],603.3045048828126,99.63074681911456,2
[#6X4;!r3;!r4;!r5;!r6;!r7;!r8:1]~[#6X3;!r3;!r4;!r5;!r6;!r7;!r8:2]~[#6X4;r6:3],220.62950039672853,137.9736188194361,2
[#6X2;!r3;!r4;!r5;!r6;!r7;!r8:1]~[#6X2;!r3;!r4;!r5;!r6;!r7;!r8:2]~[#6X2;!r3;!r4;!r5;!r6;!r7;!r8:3],34.534463455200196,151.99326510980427,-1
[#6X4;!r3;!r4;!r5;!r6;!r7;!r8:1]~[#16X3;!r3;!r4;!r5;!r6;!r7;!r8:2]~[#6X4;!r3;!r4;!r5;!r6;!r7;!r8:3],756.0571506347657,98.36723695474308,2
[#16X2;!r3;!r4;!r5;!r6;!r7;!r8:1]~[#15X4;!r3;!r4;!r5;!r6;!r7;!r8:2]~[#8X1;!r3;!r4;!r5;!r6;!r7;!r8:3],518.3029275512696,121.63241855093727,2
[#35X1;!r3;!r4;!r5;!r6;!r7;!r8:1]~[#6X3;!r3;!r4;!r5;!r6;!r7;!r8:2]~[#6X3;!r3;!r4;!r5;!r6;!r7;!r8:3],211.36152478027344,134.5316269494782,2
[#7X3;r4:1]~[#6X3;!r3;!r4;!r5;!r6;!r7;!r8:2]~[#8X1;!r3;!r4;!r5;!r6;!r7;!r8:3],823.9089310302735,133.9202703772487,2
[#6X3;!r3;!r4;!r5;!r6;!r7;!r8:1]~[#6X4;r5:2]~[#6X4;!r3;!r4;!r5;!r6;!r7;!r8:3],481.5310861206055,106.13718502246871,2
[#16X2;!r3;!r4;!r5;!r6;!r7;!r8:1]~[#6X3;!r3;!r4;!r5;!r6;!r7;!r8:2]~[#6X3;!r3;!r4;!r5;!r6;!r7;!r8:3],288.0891105957031,131.12352647818193,2
[#16X2;!r3;!r4;!r5;!r6;!r7;!r8:1]~[#6X4;r5:2]~[#1X1;!r3;!r4;!r5;!r6;!r7;!r8:3],339.22666137695313,101.35804018850826,2
[#6X3;r6:1]~[#8X2;!r3;!r4;!r5;!r6;!r7;!r8:2]~[#6X4;r5:3],548.1530950927735,109.34725781915881,2
[#6X3;!r3;!r4;!r5;!r6;!r7;!r8:1]~[#8X2;!r3;!r4;!r5;!r6;!r7;!r8:2]~[#6X4;r5:3],474.6634551391602,111.22151636892367,2
[#6X3;r6:1]~[#7X2;!r3;!r4;!r5;!r6;!r7;!r8:2]~[#7X3;!r3;!r4;!r5;!r6;!r7;!r8:3],650.4784409179688,112.84166456080737,2
[#1X1;!r3;!r4;!r5;!r6;!r7;!r8:1]~[#16X2;!r3;!r4;!r5;!r6;!r7;!r8:2]~[#6X3;r6:3],546.0695223388672,93.78171432337415,2
[#7X3;!r3;!r4;!r5;!r6;!r7;!r8:1]~[#15X4;!r3;!r4;!r5;!r6;!r7;!r8:2]~[#7X3;!r3;!r4;!r5;!r6;!r7;!r8:3],971.9522784423829,111.67489749583996,2
[#6X3;r6:1]~[#16X4;!r3;!r4;!r5;!r6;!r7;!r8:2]~[#7X3;r6:3],464.5310643310547,127.59443603592804,2
[#6X3;!r3;!r4;!r5;!r6;!r7;!r8:1]~[#6X3;!r3;!r4;!r5;!r6;!r7;!r8:2]~[#9X1;!r3;!r4;!r5;!r6;!r7;!r8:3],414.3076143798828,122.81259327724543,2
[#6X4;!r3;!r4;!r5;!r6;!r7;!r8:1]~[#8X2;!r3;!r4;!r5;!r6;!r7;!r8:2]~[#8X2;!r3;!r4;!r5;!r6;!r7;!r8:3],644.496947631836,102.3538407883611,2
[#7X3;r6:1]~[#6X3;!r3;!r4;!r5;!r6;!r7;!r8:2]~[#8X2;!r3;!r4;!r5;!r6;!r7;!r8:3],339.3189141845703,124.80258255230699,2
[#16X4;!r3;!r4;!r5;!r6;!r7;!r8:1]~[#8X2;!r3;!r4;!r5;!r6;!r7;!r8:2]~[#6X3;r6:3],534.1544816894532,109.82041917391145,2
[#6X4;!r3;!r4;!r5;!r6;!r7;!r8:1]~[#6X4;!r3;!r4;!r5;!r6;!r7;!r8:2]~[#7X3;r7:3],593.7663945312501,107.62572912942461,2
[#6X3;!r3;!r4;!r5;!r6;!r7;!r8:1]~[#7X3;!r3;!r4;!r5;!r6;!r7;!r8:2]~[#6X4;r3:3],449.9150913085938,113.91842339289238,2
[#16X4;!r3;!r4;!r5;!r6;!r7;!r8:1]~[#8X2;!r3;!r4;!r5;!r6;!r7;!r8:2]~[#6X4;!r3;!r4;!r5;!r6;!r7;!r8:3],381.98874255371095,110.4571362385292,2
[#6X4;!r3;!r4;!r5;!r6;!r7;!r8:1]~[#15X4;!r3;!r4;!r5;!r6;!r7;!r8:2]~[#6X4;!r3;!r4;!r5;!r6;!r7;!r8:3],579.2329702148438,107.81087506725615,2
[#6X4;!r3;!r4;!r5;!r6;!r7;!r8:1]~[#6X3;!r3;!r4;!r5;!r6;!r7;!r8:2]~[#6X4;r5:3],244.55572891235352,138.00371263291916,2
[#6X3;r6:1]~[#15X4;!r3;!r4;!r5;!r6;!r7;!r8:2]~[#8X1;!r3;!r4;!r5;!r6;!r7;!r8:3],720.8614595947266,118.39408926165082,2
[#16X1;!r3;!r4;!r5;!r6;!r7;!r8:1]~[#6X4;!r3;!r4;!r5;!r6;!r7;!r8:2]~[#6X4;!r3;!r4;!r5;!r6;!r7;!r8:3],612.0021889648438,111.60572133992606,2
[#7X2;!r3;!r4;!r5;!r6;!r7;!r8:1]~[#6X3;!r3;!r4;!r5;!r6;!r7;!r8:2]~[#8X2;!r3;!r4;!r5;!r6;!r7;!r8:3],593.7432196044922,129.48995013438997,2
[#6X2;!r3;!r4;!r5;!r6;!r7;!r8:1]~[#6X3;!r3;!r4;!r5;!r6;!r7;!r8:2]~[#6X3;r6:3],60.2497220993042,160.0878998801048,-1
[#16X4;!r3;!r4;!r5;!r6;!r7;!r8:1]~[#6X4;!r3;!r4;!r5;!r6;!r7;!r8:2]~[#6X3;r6:3],565.1424870605468,105.385570515633,2
[#1X1;!r3;!r4;!r5;!r6;!r7;!r8:1]~[#7X3;!r3;!r4;!r5;!r6;!r7;!r8:2]~[#6X3;r7:3],448.57608489990236,114.46675780965018,2
[#6X4;!r3;!r4;!r5;!r6;!r7;!r8:1]~[#7X2;!r3;!r4;!r5;!r6;!r7;!r8:2]~[#8X1;!r3;!r4;!r5;!r6;!r7;!r8:3],930.293400390625,111.3228217346933,2
[#9X1;!r3;!r4;!r5;!r6;!r7;!r8:1]~[#6X4;r4:2]~[#9X1;!r3;!r4;!r5;!r6;!r7;!r8:3],887.7069506835937,107.42282469975105,2
[#6X3;r5:1]~[#16X4;!r3;!r4;!r5;!r6;!r7;!r8:2]~[#6X3;r6:3],527.8341109619141,127.03186067475077,2
[#6X4;r6:1]~[#7X3;!r3;!r4;!r5;!r6;!r7;!r8:2]~[#8X1;!r3;!r4;!r5;!r6;!r7;!r8:3],427.3708034667969,122.60271522442928,2
[#7X3;r7:1]~[#6X3;!r3;!r4;!r5;!r6;!r7;!r8:2]~[#8X1;!r3;!r4;!r5;!r6;!r7;!r8:3],751.6322080078126,134.33614693543245,2
[#6X3;!r3;!r4;!r5;!r6;!r7;!r8:1]~[#7X3;!r3;!r4;!r5;!r6;!r7;!r8:2]~[#6X4;r4:3],455.75724774169925,114.24439417103123,2
[#6X2;!r3;!r4;!r5;!r6;!r7;!r8:1]~[#6X3;!r3;!r4;!r5;!r6;!r7;!r8:2]~[#6X4;!r3;!r4;!r5;!r6;!r7;!r8:3],236.0825319824219,136.90188017639105,2
[#6X4;!r3;!r4;!r5;!r6;!r7;!r8:1]~[#6X4;!r3;!r4;!r5;!r6;!r7;!r8:2]~[#6X4;r4:3],545.8627994384766,107.44313085215349,2
[#6X3;r6:1]~[#6X4;r5:2]~[#6X4;!r3;!r4;!r5;!r6;!r7;!r8:3],487.2517497558594,108.36737839026128,2
[#7X3;r5:1]~[#6X4;!r3;!r4;!r5;!r6;!r7;!r8:2]~[#8X2;!r3;!r4;!r5;!r6;!r7;!r8:3],764.2980396728516,107.78734506556545,2
[#1X1;!r3;!r4;!r5;!r6;!r7;!r8:1]~[#16X2;!r3;!r4;!r5;!r6;!r7;!r8:2]~[#6X3;!r3;!r4;!r5;!r6;!r7;!r8:3],518.1322438964844,95.28590639371855,2
[#6X3;r6:1]~[#7X2;!r3;!r4;!r5;!r6;!r7;!r8:2]~[#8X2;!r3;!r4;!r5;!r6;!r7;!r8:3],733.9644227294922,106.96395893093124,2
[#6X4;r3:1]~[#6X4;!r3;!r4;!r5;!r6;!r7;!r8:2]~[#9X1;!r3;!r4;!r5;!r6;!r7;!r8:3],641.7885456542969,105.44127753850363,2
[#6X3;r5:1]~[#7X2;!r3;!r4;!r5;!r6;!r7;!r8:2]~[#7X3;!r3;!r4;!r5;!r6;!r7;!r8:3],728.9152893066406,112.10590292303526,2
[#6X4;!r3;!r4;!r5;!r6;!r7;!r8:1]~[#6X4;r4:2]~[#6X4;!r3;!r4;!r5;!r6;!r7;!r8:3],422.7570777587891,115.09542208123649,2
[#9X1;!r3;!r4;!r5;!r6;!r7;!r8:1]~[#6X4;r5:2]~[#9X1;!r3;!r4;!r5;!r6;!r7;!r8:3],946.5569000244141,103.86568950076509,2
[#6X3;r5:1]~[#6X4;!r3;!r4;!r5;!r6;!r7;!r8:2]~[#6X3;r5:3],537.5880737304688,108.85557982156628,2
[#1X1;!r3;!r4;!r5;!r6;!r7;!r8:1]~[#16X2;!r3;!r4;!r5;!r6;!r7;!r8:2]~[#6X3;r5:3],518.9571244506836,93.07411355555,2
[#6X3;!r3;!r4;!r5;!r6;!r7;!r8:1]~[#8X2;!r3;!r4;!r5;!r6;!r7;!r8:2]~[#7X2;!r3;!r4;!r5;!r6;!r7;!r8:3],562.4552808837891,105.01747796088267,2
[#7X1;!r3;!r4;!r5;!r6;!r7;!r8:1]~[#6X2;!r3;!r4;!r5;!r6;!r7;!r8:2]~[#7X3;!r3;!r4;!r5;!r6;!r7;!r8:3],267.4896013183594,180.00000500895632,3
[#16X2;!r3;!r4;!r5;!r6;!r7;!r8:1]~[#6X4;!r3;!r4;!r5;!r6;!r7;!r8:2]~[#17X1;!r3;!r4;!r5;!r6;!r7;!r8:3],453.4410638427735,103.26149779697492,2
[#8X2;!r3;!r4;!r5;!r6;!r7;!r8:1]~[#6X3;!r3;!r4;!r5;!r6;!r7;!r8:2]~[#8X2;!r3;!r4;!r5;!r6;!r7;!r8:3],768.6201315917968,114.1845890346586,2
[#1X1;!r3;!r4;!r5;!r6;!r7;!r8:1]~[#7X3;!r3;!r4;!r5;!r6;!r7;!r8:2]~[#6X4;r7:3],223.98247497558594,109.6978445990664,2
[#1X1;!r3;!r4;!r5;!r6;!r7;!r8:1]~[#6X4;r6:2]~[#7X2;!r3;!r4;!r5;!r6;!r7;!r8:3],402.5734083862305,105.49746950480532,2
[#6X3;r5:1]~[#8X2;!r3;!r4;!r5;!r6;!r7;!r8:2]~[#6X3;r6:3],513.7610568847656,108.13703709069176,2
[#6X3;r6:1]~[#16X4;!r3;!r4;!r5;!r6;!r7;!r8:2]~[#6X3;r6:3],485.30559857177735,128.57175414388684,2
[#16X4;!r3;!r4;!r5;!r6;!r7;!r8:1]~[#6X3;!r3;!r4;!r5;!r6;!r7;!r8:2]~[#6X3;!r3;!r4;!r5;!r6;!r7;!r8:3],345.0703181152344,124.59225370700561,2
[#7X3;r5:1]~[#6X3;!r3;!r4;!r5;!r6;!r7;!r8:2]~[#8X2;!r3;!r4;!r5;!r6;!r7;!r8:3],456.5847139282227,120.08406930760874,2
[#1X1;!r3;!r4;!r5;!r6;!r7;!r8:1]~[#6X4;r7:2]~[#7X3;!r3;!r4;!r5;!r6;!r7;!r8:3],501.6197574462891,106.41387598574593,2
[#1X1;!r3;!r4;!r5;!r6;!r7;!r8:1]~[#8X2;!r3;!r4;!r5;!r6;!r7;!r8:2]~[#7X3;r5:3],470.269955078125,101.71032085533001,2
[#6X2;!r3;!r4;!r5;!r6;!r7;!r8:1]~[#6X3;!r3;!r4;!r5;!r6;!r7;!r8:2]~[#8X1;!r3;!r4;!r5;!r6;!r7;!r8:3],535.181999206543,136.65867080042526,2
[#6X3;r5:1]~[#16X4;!r3;!r4;!r5;!r6;!r7;!r8:2]~[#6X4;!r3;!r4;!r5;!r6;!r7;!r8:3],556.6199237060547,123.89878460057422,2
[#8X1;!r3;!r4;!r5;!r6;!r7;!r8:1]~[#7X3;!r3;!r4;!r5;!r6;!r7;!r8:2]~[#8X2;!r3;!r4;!r5;!r6;!r7;!r8:3],608.3967960205078,111.05517394187719,2
[#6X3;r5:1]~[#6X3;!r3;!r4;!r5;!r6;!r7;!r8:2]~[#7X3;r5:3],341.5599551391602,131.19968308742756,2
[#6X3;!r3;!r4;!r5;!r6;!r7;!r8:1]~[#6X4;!r3;!r4;!r5;!r6;!r7;!r8:2]~[#7X4;!r3;!r4;!r5;!r6;!r7;!r8:3],634.0483754882813,102.51454147915317,2
[#16X1;!r3;!r4;!r5;!r6;!r7;!r8:1]~[#6X3;!r3;!r4;!r5;!r6;!r7;!r8:2]~[#8X2;!r3;!r4;!r5;!r6;!r7;!r8:3],552.2884468994141,138.92835632199882,2
[#17X1;!r3;!r4;!r5;!r6;!r7;!r8:1]~[#6X3;!r3;!r4;!r5;!r6;!r7;!r8:2]~[#6X4;!r3;!r4;!r5;!r6;!r7;!r8:3],353.96735125732425,115.06618887158884,2
[#6X3;r6:1]~[#15X4;!r3;!r4;!r5;!r6;!r7;!r8:2]~[#6X3;r6:3],527.2570361328126,108.89793382460952,2
[#6X4;r3:1]~[#16X4;!r3;!r4;!r5;!r6;!r7;!r8:2]~[#8X1;!r3;!r4;!r5;!r6;!r7;!r8:3],498.0827720336914,139.28795212142165,2
[#1X1;!r3;!r4;!r5;!r6;!r7;!r8:1]~[#6X3;!r3;!r4;!r5;!r6;!r7;!r8:2]~[#7X3;r5:3],254.71327377319338,110.81663641530366,2
[#6X2;!r3;!r4;!r5;!r6;!r7;!r8:1]~[#6X2;!r3;!r4;!r5;!r6;!r7;!r8:2]~[#6X4;r6:3],192.52404412841798,180.00000500895632,3
[#6X3;!r3;!r4;!r5;!r6;!r7;!r8:1]~[#6X4;r6:2]~[#6X4;!r3;!r4;!r5;!r6;!r7;!r8:3],435.83083282470704,105.3671221746848,2
[#1X1;!r3;!r4;!r5;!r6;!r7;!r8:1]~[#6X4;r7:2]~[#8X2;!r3;!r4;!r5;!r6;!r7;!r8:3],563.6389897460938,106.3791922851406,2
[#6X2;!r3;!r4;!r5;!r6;!r7;!r8:1]~[#6X3;!r3;!r4;!r5;!r6;!r7;!r8:2]~[#6X2;!r3;!r4;!r5;!r6;!r7;!r8:3],320.8601488647461,121.88084619142897,2
[#6X3;!r3;!r4;!r5;!r6;!r7;!r8:1]~[#6X3;!r3;!r4;!r5;!r6;!r7;!r8:2]~[#6X4;r3:3],479.8305380859375,131.0326713018424,2
[#6X3;!r3;!r4;!r5;!r6;!r7;!r8:1]~[#7X2;!r3;!r4;!r5;!r6;!r7;!r8:2]~[#7X3;r5:3],662.7371472167969,109.34453940386915,2
[#17X1;!r3;!r4;!r5;!r6;!r7;!r8:1]~[#6X4;r5:2]~[#1X1;!r3;!r4;!r5;!r6;!r7;!r8:3],414.6983959960938,101.48122265018944,2
[#1X1;!r3;!r4;!r5;!r6;!r7;!r8:1]~[#6X4;r7:2]~[#6X3;r6:3],432.142827331543,107.76717551694641,2
[#6X4;r4:1]~[#6X3;!r3;!r4;!r5;!r6;!r7;!r8:2]~[#8X1;!r3;!r4;!r5;!r6;!r7;!r8:3],491.56302032470705,143.5727483538241,2
[#6X4;r5:1]~[#6X4;!r3;!r4;!r5;!r6;!r7;!r8:2]~[#7X3;r5:3],682.4907397460938,107.07175980660156,2
[#6X2;!r3;!r4;!r5;!r6;!r7;!r8:1]~[#6X4;!r3;!r4;!r5;!r6;!r7;!r8:2]~[#6X3;r5:3],547.6687838134766,108.25448219347014,2
[#16X4;!r3;!r4;!r5;!r6;!r7;!r8:1]~[#6X3;!r3;!r4;!r5;!r6;!r7;!r8:2]~[#1X1;!r3;!r4;!r5;!r6;!r7;!r8:3],314.6598983154297,118.25236283637307,2
[#6X3;r6:1]~[#15X4;!r3;!r4;!r5;!r6;!r7;!r8:2]~[#8X2;!r3;!r4;!r5;!r6;!r7;!r8:3],547.7600151367187,103.80212776034894,2
[#6X4;r6:1]~[#16X4;!r3;!r4;!r5;!r6;!r7;!r8:2]~[#8X1;!r3;!r4;!r5;!r6;!r7;!r8:3],484.4547340087891,139.35084450329913,2
[#6X3;r6:1]~[#6X4;r6:2]~[#8X2;!r3;!r4;!r5;!r6;!r7;!r8:3],804.9663970947266,107.42569337920244,2
[#1X1;!r3;!r4;!r5;!r6;!r7;!r8:1]~[#6X4;r5:2]~[#6X2;!r3;!r4;!r5;!r6;!r7;!r8:3],365.1966885986328,105.80236231916551,2
[#6X3;!r3;!r4;!r5;!r6;!r7;!r8:1]~[#7X3;!r3;!r4;!r5;!r6;!r7;!r8:2]~[#7X3;r5:3],493.90445404052736,109.38399740670431,2
[#1X1;!r3;!r4;!r5;!r6;!r7;!r8:1]~[#6X3;!r3;!r4;!r5;!r6;!r7;!r8:2]~[#7X3;r6:3],224.6816969909668,125.199307260058,2
[#15X4;!r3;!r4;!r5;!r6;!r7;!r8:1]~[#6X4;!r3;!r4;!r5;!r6;!r7;!r8:2]~[#8X2;!r3;!r4;!r5;!r6;!r7;!r8:3],336.50341595458985,93.74452394334342,2
[#17X1;!r3;!r4;!r5;!r6;!r7;!r8:1]~[#6X4;r5:2]~[#17X1;!r3;!r4;!r5;!r6;!r7;!r8:3],697.3051999511719,106.30522816661853,2
[#17X1;!r3;!r4;!r5;!r6;!r7;!r8:1]~[#6X3;!r3;!r4;!r5;!r6;!r7;!r8:2]~[#17X1;!r3;!r4;!r5;!r6;!r7;!r8:3],585.5527025146484,113.85729319982076,2
[#35X1;!r3;!r4;!r5;!r6;!r7;!r8:1]~[#6X4;!r3;!r4;!r5;!r6;!r7;!r8:2]~[#35X1;!r3;!r4;!r5;!r6;!r7;!r8:3],590.4044340820312,105.04837773668781,2
[#16X2;!r3;!r4;!r5;!r6;!r7;!r8:1]~[#16X4;!r3;!r4;!r5;!r6;!r7;!r8:2]~[#8X1;!r3;!r4;!r5;!r6;!r7;!r8:3],473.41772302246096,138.57082323970533,2
[#6X3;r5:1]~[#6X4;!r3;!r4;!r5;!r6;!r7;!r8:2]~[#7X2;!r3;!r4;!r5;!r6;!r7;!r8:3],577.1705932617188,107.04205531390117,2
[#6X4;!r3;!r4;!r5;!r6;!r7;!r8:1]~[#6X4;!r3;!r4;!r5;!r6;!r7;!r8:2]~[#6X4;r7:3],528.3123252563477,107.56774082337121,2
[#6X4;!r3;!r4;!r5;!r6;!r7;!r8:1]~[#7X4;!r3;!r4;!r5;!r6;!r7;!r8:2]~[#8X1;!r3;!r4;!r5;!r6;!r7;!r8:3],943.1009630126954,118.19412864350953,2
[#35X1;!r3;!r4;!r5;!r6;!r7;!r8:1]~[#6X4;!r3;!r4;!r5;!r6;!r7;!r8:2]~[#6X3;!r3;!r4;!r5;!r6;!r7;!r8:3],544.9171602783204,102.79274191423696,2
[#1X1;!r3;!r4;!r5;!r6;!r7;!r8:1]~[#6X4;r6:2]~[#6X4;r6:3],383.3874100341797,103.59916185897285,2
[#6X3;!r3;!r4;!r5;!r6;!r7;!r8:1]~[#7X2;!r3;!r4;!r5;!r6;!r7;!r8:2]~[#6X3;!r3;!r4;!r5;!r6;!r7;!r8:3],535.3131003417969,98.66962991986705,2
[#16X1;!r3;!r4;!r5;!r6;!r7;!r8:1]~[#6X2;!r3;!r4;!r5;!r6;!r7;!r8:2]~[#7X2;!r3;!r4;!r5;!r6;!r7;!r8:3],463.27604309082034,180.00000500895632,3
[#1X1;!r3;!r4;!r5;!r6;!r7;!r8:1]~[#8X2;!r3;!r4;!r5;!r6;!r7;!r8:2]~[#6X4;r4:3],476.74482531738283,106.9137433801533,2
[#1X1;!r3;!r4;!r5;!r6;!r7;!r8:1]~[#6X4;!r3;!r4;!r5;!r6;!r7;!r8:2]~[#7X3;r3:3],423.17221539306644,104.15604767257149,2
[#6X3;r6:1]~[#15X4;!r3;!r4;!r5;!r6;!r7;!r8:2]~[#6X4;!r3;!r4;!r5;!r6;!r7;!r8:3],604.0516568603516,108.99113175583435,2
[#6X4;!r3;!r4;!r5;!r6;!r7;!r8:1]~[#16X4;!r3;!r4;!r5;!r6;!r7;!r8:2]~[#7X3;r6:3],481.2775983886719,127.88440488695176,2
[#6X3;!r3;!r4;!r5;!r6;!r7;!r8:1]~[#6X4;!r3;!r4;!r5;!r6;!r7;!r8:2]~[#7X2;!r3;!r4;!r5;!r6;!r7;!r8:3],476.58247314453126,105.53651769629028,2
[#6X4;r4:1]~[#6X4;!r3;!r4;!r5;!r6;!r7;!r8:2]~[#8X2;!r3;!r4;!r5;!r6;!r7;!r8:3],627.9515183105469,106.14531294758103,2
[#35X1;!r3;!r4;!r5;!r6;!r7;!r8:1]~[#6X4;!r3;!r4;!r5;!r6;!r7;!r8:2]~[#6X3;r6:3],507.704069519043,103.01480502453241,2
[#1X1;!r3;!r4;!r5;!r6;!r7;!r8:1]~[#7X3;!r3;!r4;!r5;!r6;!r7;!r8:2]~[#6X2;!r3;!r4;!r5;!r6;!r7;!r8:3],327.26712231445316,116.79176786350085,2
[#1X1;!r3;!r4;!r5;!r6;!r7;!r8:1]~[#6X4;r6:2]~[#35X1;!r3;!r4;!r5;!r6;!r7;!r8:3],333.29477392578127,97.94252213177334,2
[#15X4;r5:1]~[#6X4;!r3;!r4;!r5;!r6;!r7;!r8:2]~[#1X1;!r3;!r4;!r5;!r6;!r7;!r8:3],318.6617868041992,105.7706360904708,2
[#6X2;!r3;!r4;!r5;!r6;!r7;!r8:1]~[#6X4;!r3;!r4;!r5;!r6;!r7;!r8:2]~[#7X3;r6:3],579.1752563476563,107.98726470257172,2
[#6X2;!r3;!r4;!r5;!r6;!r7;!r8:1]~[#6X4;!r3;!r4;!r5;!r6;!r7;!r8:2]~[#7X3;r5:3],670.8059799804688,108.85950718033904,2
[#6X3;!r3;!r4;!r5;!r6;!r7;!r8:1]~[#16X2;!r3;!r4;!r5;!r6;!r7;!r8:2]~[#6X3;r6:3],680.2061260986328,96.6477983028949,2
[#1X1;!r3;!r4;!r5;!r6;!r7;!r8:1]~[#8X2;!r3;!r4;!r5;!r6;!r7;!r8:2]~[#6X4;r7:3],431.2470174560547,107.5218009710137,2
[#6X4;!r3;!r4;!r5;!r6;!r7;!r8:1]~[#16X2;!r3;!r4;!r5;!r6;!r7;!r8:2]~[#6X4;r6:3],629.1213094482422,96.82797869319984,2
[#6X3;r5:1]~[#7X2;!r3;!r4;!r5;!r6;!r7;!r8:2]~[#8X2;!r3;!r4;!r5;!r6;!r7;!r8:3],777.5693562011719,108.10094637111742,2
[#16X1;!r3;!r4;!r5;!r6;!r7;!r8:1]~[#6X3;!r3;!r4;!r5;!r6;!r7;!r8:2]~[#7X3;r6:3],570.0696169433594,141.26175384815028,2
[#6X3;r6:1]~[#7X2;!r3;!r4;!r5;!r6;!r7;!r8:2]~[#6X3;r6:3],447.76374945068363,111.08607371768232,2
[#16X1;!r3;!r4;!r5;!r6;!r7;!r8:1]~[#15X4;!r3;!r4;!r5;!r6;!r7;!r8:2]~[#16X2;!r3;!r4;!r5;!r6;!r7;!r8:3],493.4345712280274,119.90453095508579,2
[#6X3;r6:1]~[#7X3;!r3;!r4;!r5;!r6;!r7;!r8:2]~[#8X2;!r3;!r4;!r5;!r6;!r7;!r8:3],421.56392016601563,105.0442796231858,2
[#6X4;r3:1]~[#6X4;!r3;!r4;!r5;!r6;!r7;!r8:2]~[#7X3;r5:3],670.8561604003906,107.89596556393617,2
[#1X1;!r3;!r4;!r5;!r6;!r7;!r8:1]~[#6X4;r5:2]~[#7X2;!r3;!r4;!r5;!r6;!r7;!r8:3],324.5904501953125,103.4570666034799,2
[#6X3;!r3;!r4;!r5;!r6;!r7;!r8:1]~[#6X4;r6:2]~[#8X2;!r3;!r4;!r5;!r6;!r7;!r8:3],798.3683103027344,105.9373200269758,2
[#1X1;!r3;!r4;!r5;!r6;!r7;!r8:1]~[#6X3;!r3;!r4;!r5;!r6;!r7;!r8:2]~[#6X4;r3:3],228.1006051940918,127.3538084714685,2
[#6X3;!r3;!r4;!r5;!r6;!r7;!r8:1]~[#7X3;!r3;!r4;!r5;!r6;!r7;!r8:2]~[#7X3;r6:3],485.8146489257813,108.69662082901257,2
[#6X3;r6:1]~[#7X3;!r3;!r4;!r5;!r6;!r7;!r8:2]~[#6X4;r3:3],459.76133880615237,116.86590273675218,2
[#16X1;!r3;!r4;!r5;!r6;!r7;!r8:1]~[#15X4;!r3;!r4;!r5;!r6;!r7;!r8:2]~[#6X4;!r3;!r4;!r5;!r6;!r7;!r8:3],497.2671806030274,122.2672982946683,2
[#6X3;!r3;!r4;!r5;!r6;!r7;!r8:1]~[#8X2;!r3;!r4;!r5;!r6;!r7;!r8:2]~[#6X3;!r3;!r4;!r5;!r6;!r7;!r8:3],468.18504162597657,112.89386086644461,2
[#6X3;!r3;!r4;!r5;!r6;!r7;!r8:1]~[#15X4;!r3;!r4;!r5;!r6;!r7;!r8:2]~[#8X1;!r3;!r4;!r5;!r6;!r7;!r8:3],723.4972723388672,117.4701012707315,2
[#1X1;!r3;!r4;!r5;!r6;!r7;!r8:1]~[#6X4;r5:2]~[#9X1;!r3;!r4;!r5;!r6;!r7;!r8:3],504.7594173583985,101.37289584995304,2
[#16X1;!r3;!r4;!r5;!r6;!r7;!r8:1]~[#15X4;!r3;!r4;!r5;!r6;!r7;!r8:2]~[#7X3;!r3;!r4;!r5;!r6;!r7;!r8:3],709.1433739013672,121.25789195798879,2
[#6X4;!r3;!r4;!r5;!r6;!r7;!r8:1]~[#8X2;!r3;!r4;!r5;!r6;!r7;!r8:2]~[#6X4;r4:3],514.892829650879,108.05139334868898,2
[#16X2;!r3;!r4;!r5;!r6;!r7;!r8:1]~[#6X4;!r3;!r4;!r5;!r6;!r7;!r8:2]~[#6X2;!r3;!r4;!r5;!r6;!r7;!r8:3],505.59942864990234,106.2756261267557,2
[#6X4;!r3;!r4;!r5;!r6;!r7;!r8:1]~[#7X3;!r3;!r4;!r5;!r6;!r7;!r8:2]~[#7X3;r5:3],470.74280657958985,104.80782530430913,2
[#6X3;r5:1]~[#6X4;!r3;!r4;!r5;!r6;!r7;!r8:2]~[#6X4;r6:3],491.1690465698242,107.86567367496716,2
[#8X2;!r3;!r4;!r5;!r6;!r7;!r8:1]~[#16X4;!r3;!r4;!r5;!r6;!r7;!r8:2]~[#8X2;!r3;!r4;!r5;!r6;!r7;!r8:3],1033.8813647460938,109.88797657499204,2
[#1X1;!r3;!r4;!r5;!r6;!r7;!r8:1]~[#6X4;r4:2]~[#6X3;!r3;!r4;!r5;!r6;!r7;!r8:3],335.6517533569336,108.92785688336335,2
[#6X3;r5:1]~[#16X3;!r3;!r4;!r5;!r6;!r7;!r8:2]~[#8X1;!r3;!r4;!r5;!r6;!r7;!r8:3],964.8674543457032,105.41105395142631,2
[#16X1;!r3;!r4;!r5;!r6;!r7;!r8:1]~[#6X3;!r3;!r4;!r5;!r6;!r7;!r8:2]~[#6X4;!r3;!r4;!r5;!r6;!r7;!r8:3],426.2218569946289,143.70623757096283,2
[#15X3;!r3;!r4;!r5;!r6;!r7;!r8:1]~[#6X4;!r3;!r4;!r5;!r6;!r7;!r8:2]~[#6X4;!r3;!r4;!r5;!r6;!r7;!r8:3],440.3700540161133,107.9955155710891,2
[#6X3;!r3;!r4;!r5;!r6;!r7;!r8:1]~[#8X2;!r3;!r4;!r5;!r6;!r7;!r8:2]~[#6X3;r5:3],555.4450889892578,111.67388662784279,2
[#6X3;r5:1]~[#7X2;!r3;!r4;!r5;!r6;!r7;!r8:2]~[#6X4;!r3;!r4;!r5;!r6;!r7;!r8:3],370.03941833496094,109.63616116067202,2
[#17X1;!r3;!r4;!r5;!r6;!r7;!r8:1]~[#16X4;!r3;!r4;!r5;!r6;!r7;!r8:2]~[#8X1;!r3;!r4;!r5;!r6;!r7;!r8:3],427.3159944458008,135.98398471421137,2
[#6X3;!r3;!r4;!r5;!r6;!r7;!r8:1]~[#15X4;!r3;!r4;!r5;!r6;!r7;!r8:2]~[#8X2;!r3;!r4;!r5;!r6;!r7;!r8:3],764.7929488525391,106.18495536552378,2
[#6X4;!r3;!r4;!r5;!r6;!r7;!r8:1]~[#16X2;!r3;!r4;!r5;!r6;!r7;!r8:2]~[#6X4;r5:3],640.683171875,96.70398343900742,2
[#7X3;r6:1]~[#6X4;!r3;!r4;!r5;!r6;!r7;!r8:2]~[#8X2;!r3;!r4;!r5;!r6;!r7;!r8:3],1208.3032692871095,108.03923561196635,2
[#6X2;!r3;!r4;!r5;!r6;!r7;!r8:1]~[#6X2;!r3;!r4;!r5;!r6;!r7;!r8:2]~[#6X4;r3:3],224.82422598266604,180.00000500895632,3
[#7X2;!r3;!r4;!r5;!r6;!r7;!r8:1]~[#6X3;!r3;!r4;!r5;!r6;!r7;!r8:2]~[#7X3;r6:3],465.4759373779297,136.94067565087673,2
[#6X3;r5:1]~[#7X3;!r3;!r4;!r5;!r6;!r7;!r8:2]~[#6X4;r6:3],404.62135687255864,115.13364381983187,2
[#16X1;!r3;!r4;!r5;!r6;!r7;!r8:1]~[#6X3;!r3;!r4;!r5;!r6;!r7;!r8:2]~[#6X3;r6:3],413.26033752441407,142.1206637966577,2
[#7X3;!r3;!r4;!r5;!r6;!r7;!r8:1]~[#6X4;!r3;!r4;!r5;!r6;!r7;!r8:2]~[#7X3;!r3;!r4;!r5;!r6;!r7;!r8:3],1331.8174570312501,108.42430801699334,2
[#6X3;r6:1]~[#8X2;!r3;!r4;!r5;!r6;!r7;!r8:2]~[#6X4;r4:3],560.2239121093751,109.11033221722941,2
[#1X1;!r3;!r4;!r5;!r6;!r7;!r8:1]~[#6X4;r6:2]~[#9X1;!r3;!r4;!r5;!r6;!r7;!r8:3],500.948769897461,99.5051464704672,2
[#7X2;!r3;!r4;!r5;!r6;!r7;!r8:1]~[#7X2;!r3;!r4;!r5;!r6;!r7;!r8:2]~[#7X3;!r3;!r4;!r5;!r6;!r7;!r8:3],1069.000891357422,111.33984939629414,2
[#6X4;r5:1]~[#6X3;!r3;!r4;!r5;!r6;!r7;!r8:2]~[#7X3;r5:3],363.676815612793,134.17069243297806,2
[#7X1;!r3;!r4;!r5;!r6;!r7;!r8:1]~[#6X2;!r3;!r4;!r5;!r6;!r7;!r8:2]~[#7X2;!r3;!r4;!r5;!r6;!r7;!r8:3],234.72295223999024,180.00000500895632,3
[#15X4;!r3;!r4;!r5;!r6;!r7;!r8:1]~[#6X4;!r3;!r4;!r5;!r6;!r7;!r8:2]~[#9X1;!r3;!r4;!r5;!r6;!r7;!r8:3],303.64296588134766,90.87387739745711,2
[#15X4;!r3;!r4;!r5;!r6;!r7;!r8:1]~[#6X4;!r3;!r4;!r5;!r6;!r7;!r8:2]~[#6X3;r6:3],458.3859739379883,105.84017424641071,2
[#6X4;r5:1]~[#6X4;!r3;!r4;!r5;!r6;!r7;!r8:2]~[#7X3;r6:3],608.3770686035157,106.47260878241887,2
[#6X3;r5:1]~[#7X3;!r3;!r4;!r5;!r6;!r7;!r8:2]~[#7X2;!r3;!r4;!r5;!r6;!r7;!r8:3],393.82570349121096,113.01952268679452,2
[#6X4;!r3;!r4;!r5;!r6;!r7;!r8:1]~[#6X4;r7:2]~[#6X4;!r3;!r4;!r5;!r6;!r7;!r8:3],537.6473198242188,112.283624445239,2
[#6X4;!r3;!r4;!r5;!r6;!r7;!r8:1]~[#7X3;!r3;!r4;!r5;!r6;!r7;!r8:2]~[#6X4;r3:3],531.7124636840821,111.22576474658742,2
[#16X2;!r3;!r4;!r5;!r6;!r7;!r8:1]~[#7X3;!r3;!r4;!r5;!r6;!r7;!r8:2]~[#6X4;!r3;!r4;!r5;!r6;!r7;!r8:3],351.6114252319336,109.77995030307912,2
[#6X2;!r3;!r4;!r5;!r6;!r7;!r8:1]~[#7X2;!r3;!r4;!r5;!r6;!r7;!r8:2]~[#6X4;!r3;!r4;!r5;!r6;!r7;!r8:3],31.24979465866089,158.33967198090502,-1
[#16X4;!r3;!r4;!r5;!r6;!r7;!r8:1]~[#6X4;!r3;!r4;!r5;!r6;!r7;!r8:2]~[#6X3;!r3;!r4;!r5;!r6;!r7;!r8:3],532.0389556274414,107.29812593607411,2
[#6X4;r4:1]~[#6X4;!r3;!r4;!r5;!r6;!r7;!r8:2]~[#9X1;!r3;!r4;!r5;!r6;!r7;!r8:3],663.1311848144531,101.57840258170039,2
[#7X3;!r3;!r4;!r5;!r6;!r7;!r8:1]~[#6X4;!r3;!r4;!r5;!r6;!r7;!r8:2]~[#9X1;!r3;!r4;!r5;!r6;!r7;!r8:3],841.83591796875,106.1472322307378,2
[#6X3;r6:1]~[#6X3;!r3;!r4;!r5;!r6;!r7;!r8:2]~[#6X4;r6:3],182.12981814575195,144.74165326800173,2
[#16X4;!r3;!r4;!r5;!r6;!r7;!r8:1]~[#7X3;!r3;!r4;!r5;!r6;!r7;!r8:2]~[#6X4;r6:3],413.46543243408206,108.05064202788027,2
[#1X1;!r3;!r4;!r5;!r6;!r7;!r8:1]~[#6X4;r4:2]~[#6X3;r6:3],316.8525145263672,111.48214272727301,2
[#16X2;!r3;!r4;!r5;!r6;!r7;!r8:1]~[#6X3;!r3;!r4;!r5;!r6;!r7;!r8:2]~[#8X2;!r3;!r4;!r5;!r6;!r7;!r8:3],284.3985513916016,125.93471372799328,2
[#1X1;!r3;!r4;!r5;!r6;!r7;!r8:1]~[#6X3;!r3;!r4;!r5;!r6;!r7;!r8:2]~[#6X3;r7:3],265.50536791992187,138.8492763917884,2
[#16X2;!r3;!r4;!r5;!r6;!r7;!r8:1]~[#6X2;!r3;!r4;!r5;!r6;!r7;!r8:2]~[#7X1;!r3;!r4;!r5;!r6;!r7;!r8:3],195.17869049072266,180.00000500895632,3
[#6X3;r6:1]~[#6X4;r5:2]~[#6X3;r6:3],418.9379392089844,107.92041764116482,2
[#8X1;!r3;!r4;!r5;!r6;!r7;!r8:1]~[#16X3;!r3;!r4;!r5;!r6;!r7;!r8:2]~[#8X2;!r3;!r4;!r5;!r6;!r7;!r8:3],1225.9494118652344,107.88490748766992,2
[#1X1;!r3;!r4;!r5;!r6;!r7;!r8:1]~[#6X4;r5:2]~[#6X4;r6:3],314.5029408569336,102.46259789051521,2
[#6X3;!r3;!r4;!r5;!r6;!r7;!r8:1]~[#6X2;!r3;!r4;!r5;!r6;!r7;!r8:2]~[#6X3;!r3;!r4;!r5;!r6;!r7;!r8:3],344.8956442871094,180.00000500895632,3
[#17X1;!r3;!r4;!r5;!r6;!r7;!r8:1]~[#6X4;!r3;!r4;!r5;!r6;!r7;!r8:2]~[#6X4;r5:3],612.5695596923829,105.08916079622196,2
[#6X4;!r3;!r4;!r5;!r6;!r7;!r8:1]~[#16X4;!r3;!r4;!r5;!r6;!r7;!r8:2]~[#7X2;!r3;!r4;!r5;!r6;!r7;!r8:3],251.1238096008301,159.876027412051,2
[#6X4;r6:1]~[#6X4;!r3;!r4;!r5;!r6;!r7;!r8:2]~[#7X3;r5:3],628.6527673339843,107.27007434915288,2
[#6X4;r6:1]~[#6X3;!r3;!r4;!r5;!r6;!r7;!r8:2]~[#7X2;!r3;!r4;!r5;!r6;!r7;!r8:3],304.4503215942383,136.3316686637217,2
[#16X2;!r3;!r4;!r5;!r6;!r7;!r8:1]~[#6X3;!r3;!r4;!r5;!r6;!r7;!r8:2]~[#6X3;r6:3],261.38393383789065,137.65262724920217,2
[#8X2;!r3;!r4;!r5;!r6;!r7;!r8:1]~[#15X3;!r3;!r4;!r5;!r6;!r7;!r8:2]~[#8X2;!r3;!r4;!r5;!r6;!r7;!r8:3],283.14289172363283,18.646937236059024,-1
[#15X4;!r3;!r4;!r5;!r6;!r7;!r8:1]~[#6X4;!r3;!r4;!r5;!r6;!r7;!r8:2]~[#7X3;!r3;!r4;!r5;!r6;!r7;!r8:3],350.50841363525393,92.833588443928,2
[#16X2;!r3;!r4;!r5;!r6;!r7;!r8:1]~[#6X4;!r3;!r4;!r5;!r6;!r7;!r8:2]~[#16X2;!r3;!r4;!r5;!r6;!r7;!r8:3],516.4534343261719,106.25179559674153,2
[#6X4;!r3;!r4;!r5;!r6;!r7;!r8:1]~[#16X4;!r3;!r4;!r5;!r6;!r7;!r8:2]~[#7X3;r5:3],743.6461793212891,117.8871936025875,2
[#1X1;!r3;!r4;!r5;!r6;!r7;!r8:1]~[#6X4;r4:2]~[#7X3;r5:3],379.05791235351563,108.38784163701463,2
[#6X4;r3:1]~[#6X2;!r3;!r4;!r5;!r6;!r7;!r8:2]~[#7X1;!r3;!r4;!r5;!r6;!r7;!r8:3],234.83245855712892,180.00000500895632,3
[#16X2;!r3;!r4;!r5;!r6;!r7;!r8:1]~[#6X4;!r3;!r4;!r5;!r6;!r7;!r8:2]~[#6X4;r5:3],499.2702156982422,104.52291762346039,2
[#53X1;!r3;!r4;!r5;!r6;!r7;!r8:1]~[#6X4;!r3;!r4;!r5;!r6;!r7;!r8:2]~[#6X4;!r3;!r4;!r5;!r6;!r7;!r8:3],448.13055810546877,102.45815826755471,2
[#16X2;!r3;!r4;!r5;!r6;!r7;!r8:1]~[#16X2;!r3;!r4;!r5;!r6;!r7;!r8:2]~[#6X3;!r3;!r4;!r5;!r6;!r7;!r8:3],586.1554421386719,100.22424244666449,2
[#1X1;!r3;!r4;!r5;!r6;!r7;!r8:1]~[#8X2;!r3;!r4;!r5;!r6;!r7;!r8:2]~[#8X2;!r3;!r4;!r5;!r6;!r7;!r8:3],469.657862487793,99.04236700325299,2
[#16X3;!r3;!r4;!r5;!r6;!r7;!r8:1]~[#6X4;!r3;!r4;!r5;!r6;!r7;!r8:2]~[#6X3;r6:3],576.0276799316406,105.13393268623139,2
[#6X2;!r3;!r4;!r5;!r6;!r7;!r8:1]~[#7X3;!r3;!r4;!r5;!r6;!r7;!r8:2]~[#6X3;!r3;!r4;!r5;!r6;!r7;!r8:3],404.6510756835938,111.82435569525816,2
[#6X4;!r3;!r4;!r5;!r6;!r7;!r8:1]~[#6X4;r6:2]~[#7X3;!r3;!r4;!r5;!r6;!r7;!r8:3],707.9825845947266,107.6726730195901,2
[#6X3;r5:1]~[#6X4;!r3;!r4;!r5;!r6;!r7;!r8:2]~[#6X4;r5:3],565.4113928222656,108.13524758112922,2
[#6X3;r6:1]~[#6X4;!r3;!r4;!r5;!r6;!r7;!r8:2]~[#6X4;r3:3],552.0427799072265,107.70352498407105,2
[#6X3;r6:1]~[#7X2;!r3;!r4;!r5;!r6;!r7;!r8:2]~[#8X1;!r3;!r4;!r5;!r6;!r7;!r8:3],884.8906544189454,110.1558429338616,2
[#6X3;r6:1]~[#7X3;!r3;!r4;!r5;!r6;!r7;!r8:2]~[#7X3;r5:3],490.9490443725586,109.55880243813245,2
[#1X1;!r3;!r4;!r5;!r6;!r7;!r8:1]~[#6X4;r3:2]~[#6X2;!r3;!r4;!r5;!r6;!r7;!r8:3],0.0,105.62728408017058,0
[#17X1;!r3;!r4;!r5;!r6;!r7;!r8:1]~[#6X3;!r3;!r4;!r5;!r6;!r7;!r8:2]~[#8X1;!r3;!r4;!r5;!r6;!r7;!r8:3],591.2599910888672,135.1402104649047,2
[#15X3;!r3;!r4;!r5;!r6;!r7;!r8:1]~[#8X2;!r3;!r4;!r5;!r6;!r7;!r8:2]~[#6X4;!r3;!r4;!r5;!r6;!r7;!r8:3],111.24848268127442,125.06273079741443,2
[#6X4;!r3;!r4;!r5;!r6;!r7;!r8:1]~[#7X3;!r3;!r4;!r5;!r6;!r7;!r8:2]~[#6X4;r4:3],417.7453881225586,107.68639486963266,2
[#6X1;!r3;!r4;!r5;!r6;!r7;!r8:1]~[#7X2;!r3;!r4;!r5;!r6;!r7;!r8:2]~[#6X3;r6:3],172.36852941894531,180.00000500895632,3
[#1X1;!r3;!r4;!r5;!r6;!r7;!r8:1]~[#6X4;r4:2]~[#6X3;r5:3],399.4728840942383,110.30625735976362,2
[#1X1;!r3;!r4;!r5;!r6;!r7;!r8:1]~[#6X4;r3:2]~[#7X3;r6:3],148.11609625244142,116.70331691374919,2
[#17X1;!r3;!r4;!r5;!r6;!r7;!r8:1]~[#6X3;!r3;!r4;!r5;!r6;!r7;!r8:2]~[#1X1;!r3;!r4;!r5;!r6;!r7;!r8:3],317.0985007324219,115.35468240175183,2
[#16X2;!r3;!r4;!r5;!r6;!r7;!r8:1]~[#6X3;!r3;!r4;!r5;!r6;!r7;!r8:2]~[#1X1;!r3;!r4;!r5;!r6;!r7;!r8:3],300.33709130859376,123.61534541039703,2
[#35X1;!r3;!r4;!r5;!r6;!r7;!r8:1]~[#6X4;!r3;!r4;!r5;!r6;!r7;!r8:2]~[#9X1;!r3;!r4;!r5;!r6;!r7;!r8:3],613.8225379638673,104.52896234087585,2
[#1X1;!r3;!r4;!r5;!r6;!r7;!r8:1]~[#6X4;r6:2]~[#6X4;r5:3],377.79669836425785,101.60793631967152,2
[#17X1;!r3;!r4;!r5;!r6;!r7;!r8:1]~[#6X4;!r3;!r4;!r5;!r6;!r7;!r8:2]~[#6X4;r6:3],554.3953861083985,103.31325014031611,2
[#7X3;!r3;!r4;!r5;!r6;!r7;!r8:1]~[#6X4;!r3;!r4;!r5;!r6;!r7;!r8:2]~[#7X3;r5:3],964.1459033203125,109.35747578215715,2
[#6X3;!r3;!r4;!r5;!r6;!r7;!r8:1]~[#7X3;!r3;!r4;!r5;!r6;!r7;!r8:2]~[#6X4;r7:3],460.17516766357426,114.73862665937337,2
[#6X3;r6:1]~[#7X2;!r3;!r4;!r5;!r6;!r7;!r8:2]~[#6X4;!r3;!r4;!r5;!r6;!r7;!r8:3],601.6434436035156,118.294423141282,2
[#6X3;r6:1]~[#7X4;!r3;!r4;!r5;!r6;!r7;!r8:2]~[#6X4;!r3;!r4;!r5;!r6;!r7;!r8:3],681.2170764160156,110.61147119301482,2
[#6X4;r6:1]~[#6X4;!r3;!r4;!r5;!r6;!r7;!r8:2]~[#7X3;r6:3],648.7470249023438,107.79664095302584,2
[#6X4;r5:1]~[#16X4;!r3;!r4;!r5;!r6;!r7;!r8:2]~[#8X1;!r3;!r4;!r5;!r6;!r7;!r8:3],563.5026854248047,134.39384837354072,2
[#6X4;!r3;!r4;!r5;!r6;!r7;!r8:1]~[#6X4;!r3;!r4;!r5;!r6;!r7;!r8:2]~[#7X3;r3:3],667.7375047607422,107.57453686159536,2
[#6X3;r5:1]~[#7X3;!r3;!r4;!r5;!r6;!r7;!r8:2]~[#7X3;!r3;!r4;!r5;!r6;!r7;!r8:3],467.2531925048828,109.99365326183049,2
[#6X3;!r3;!r4;!r5;!r6;!r7;!r8:1]~[#8X2;!r3;!r4;!r5;!r6;!r7;!r8:2]~[#7X3;!r3;!r4;!r5;!r6;!r7;!r8:3],574.2642786865234,104.25771503836714,2
[#6X3;r7:1]~[#7X3;!r3;!r4;!r5;!r6;!r7;!r8:2]~[#6X4;!r3;!r4;!r5;!r6;!r7;!r8:3],397.5734658203125,116.19517816025692,2
[#6X3;r6:1]~[#6X4;r5:2]~[#8X2;!r3;!r4;!r5;!r6;!r7;!r8:3],968.9254287109376,108.68628675279834,2
[#7X3;!r3;!r4;!r5;!r6;!r7;!r8:1]~[#16X4;!r3;!r4;!r5;!r6;!r7;!r8:2]~[#8X2;!r3;!r4;!r5;!r6;!r7;!r8:3],1836.9114743652344,108.88157552154735,2
[#16X1;!r3;!r4;!r5;!r6;!r7;!r8:1]~[#6X3;!r3;!r4;!r5;!r6;!r7;!r8:2]~[#6X3;r5:3],503.7924227905274,137.8728735291784,2
[#6X3;r6:1]~[#16X4;!r3;!r4;!r5;!r6;!r7;!r8:2]~[#7X2;!r3;!r4;!r5;!r6;!r7;!r8:3],0.0,106.72972442353483,0
[#1X1;!r3;!r4;!r5;!r6;!r7;!r8:1]~[#6X4;r3:2]~[#7X3;r5:3],255.73059240722657,116.67901510068228,2
[#1X1;!r3;!r4;!r5;!r6;!r7;!r8:1]~[#6X4;r5:2]~[#6X4;r5:3],389.0577336425781,106.11245973767326,2
[#7X2;!r3;!r4;!r5;!r6;!r7;!r8:1]~[#7X3;!r3;!r4;!r5;!r6;!r7;!r8:2]~[#8X1;!r3;!r4;!r5;!r6;!r7;!r8:3],263.213827331543,154.3832712437968,2
[#16X2;!r3;!r4;!r5;!r6;!r7;!r8:1]~[#15X4;!r3;!r4;!r5;!r6;!r7;!r8:2]~[#6X4;!r3;!r4;!r5;!r6;!r7;!r8:3],539.632830078125,108.34438797351501,2
[#6X4;!r3;!r4;!r5;!r6;!r7;!r8:1]~[#7X4;r6:2]~[#6X4;!r3;!r4;!r5;!r6;!r7;!r8:3],619.0163391113282,116.47824852021893,2
[#6X4;r3:1]~[#6X4;!r3;!r4;!r5;!r6;!r7;!r8:2]~[#7X3;r6:3],615.9352868652344,107.67452400085519,2
[#6X3;!r3;!r4;!r5;!r6;!r7;!r8:1]~[#16X2;!r3;!r4;!r5;!r6;!r7;!r8:2]~[#6X3;r5:3],615.4303543701172,96.5274435395301,2
[#6X3;!r3;!r4;!r5;!r6;!r7;!r8:1]~[#6X4;r3:2]~[#6X4;!r3;!r4;!r5;!r6;!r7;!r8:3],325.84547143554687,120.75722543144852,2
[#6X3;r6:1]~[#16X2;!r3;!r4;!r5;!r6;!r7;!r8:2]~[#6X4;r6:3],606.1815794677734,97.09570161809683,2
[#16X1;!r3;!r4;!r5;!r6;!r7;!r8:1]~[#6X3;!r3;!r4;!r5;!r6;!r7;!r8:2]~[#7X3;r5:3],557.833191772461,139.3208053313294,2
[#6X2;!r3;!r4;!r5;!r6;!r7;!r8:1]~[#6X4;!r3;!r4;!r5;!r6;!r7;!r8:2]~[#6X4;r6:3],487.6491710205078,106.39497685231251,2
[#8X1;!r3;!r4;!r5;!r6;!r7;!r8:1]~[#16X4;r7:2]~[#8X1;!r3;!r4;!r5;!r6;!r7;!r8:3],725.0042810058594,141.02870779366944,2
[#6X2;!r3;!r4;!r5;!r6;!r7;!r8:1]~[#6X4;r6:2]~[#8X2;!r3;!r4;!r5;!r6;!r7;!r8:3],756.8217316894531,107.53043433012459,2
[#6X4;!r3;!r4;!r5;!r6;!r7;!r8:1]~[#6X4;!r3;!r4;!r5;!r6;!r7;!r8:2]~[#7X3;r4:3],687.2016341552735,107.18874728670554,2
[#6X4;!r3;!r4;!r5;!r6;!r7;!r8:1]~[#6X4;r5:2]~[#7X3;!r3;!r4;!r5;!r6;!r7;!r8:3],696.6001203613282,107.9273229624157,2
[#7X3;r3:1]~[#15X4;!r3;!r4;!r5;!r6;!r7;!r8:2]~[#8X1;!r3;!r4;!r5;!r6;!r7;!r8:3],799.9841070556641,123.38546856369108,2
[#6X3;!r3;!r4;!r5;!r6;!r7;!r8:1]~[#8X2;!r3;!r4;!r5;!r6;!r7;!r8:2]~[#8X2;!r3;!r4;!r5;!r6;!r7;!r8:3],705.9423610839845,106.33246696102854,2
[#35X1;!r3;!r4;!r5;!r6;!r7;!r8:1]~[#6X3;!r3;!r4;!r5;!r6;!r7;!r8:2]~[#6X4;!r3;!r4;!r5;!r6;!r7;!r8:3],481.4166798706055,114.18605069514099,2
[#6X3;!r3;!r4;!r5;!r6;!r7;!r8:1]~[#7X2;!r3;!r4;!r5;!r6;!r7;!r8:2]~[#7X3;r6:3],515.6003991088868,108.0484017258325,2
[#6X4;!r3;!r4;!r5;!r6;!r7;!r8:1]~[#6X3;!r3;!r4;!r5;!r6;!r7;!r8:2]~[#7X3;r7:3],332.18148364257814,132.2782109385076,2
[#6X3;r7:1]~[#6X3;!r3;!r4;!r5;!r6;!r7;!r8:2]~[#8X1;!r3;!r4;!r5;!r6;!r7;!r8:3],631.3371644287109,133.33400792002985,2
[#7X1;!r3;!r4;!r5;!r6;!r7;!r8:1]~[#6X2;!r3;!r4;!r5;!r6;!r7;!r8:2]~[#7X3;r5:3],286.8990174560547,180.00000500895632,3
[#16X2;!r3;!r4;!r5;!r6;!r7;!r8:1]~[#16X2;!r3;!r4;!r5;!r6;!r7;!r8:2]~[#6X3;r6:3],632.9769660644531,99.37630178196409,2
[#6X3;r5:1]~[#16X4;!r3;!r4;!r5;!r6;!r7;!r8:2]~[#7X3;r6:3],547.7711237792969,125.31772907988768,2
[#15X4;r6:1]~[#7X3;!r3;!r4;!r5;!r6;!r7;!r8:2]~[#6X4;!r3;!r4;!r5;!r6;!r7;!r8:3],216.86963986206055,102.10374658171192,2
[#6X4;!r3;!r4;!r5;!r6;!r7;!r8:1]~[#15X3;!r3;!r4;!r5;!r6;!r7;!r8:2]~[#6X4;!r3;!r4;!r5;!r6;!r7;!r8:3],376.9140401000977,46.31671829024497,1
[#1X1;!r3;!r4;!r5;!r6;!r7;!r8:1]~[#6X4;!r3;!r4;!r5;!r6;!r7;!r8:2]~[#6X4;r8:3],365.7433104248047,102.71217300278748,2
[#6X3;r5:1]~[#16X3;!r3;!r4;!r5;!r6;!r7;!r8:2]~[#6X4;!r3;!r4;!r5;!r6;!r7;!r8:3],899.8993243408204,97.50928323271944,2
[#6X3;!r3;!r4;!r5;!r6;!r7;!r8:1]~[#7X2;!r3;!r4;!r5;!r6;!r7;!r8:2]~[#6X4;r6:3],432.84129919433593,109.15144995603289,2
[#7X3;!r3;!r4;!r5;!r6;!r7;!r8:1]~[#16X4;!r3;!r4;!r5;!r6;!r7;!r8:2]~[#7X3;!r3;!r4;!r5;!r6;!r7;!r8:3],748.4947187500001,120.22925180860653,2
[#6X2;!r3;!r4;!r5;!r6;!r7;!r8:1]~[#7X2;!r3;!r4;!r5;!r6;!r7;!r8:2]~[#6X3;!r3;!r4;!r5;!r6;!r7;!r8:3],127.76731350708009,49.584277374084486,-1
[#7X2;!r3;!r4;!r5;!r6;!r7;!r8:1]~[#6X3;!r3;!r4;!r5;!r6;!r7;!r8:2]~[#7X3;r5:3],498.5371410522461,132.39467932423466,2
[#16X4;!r3;!r4;!r5;!r6;!r7;!r8:1]~[#7X3;!r3;!r4;!r5;!r6;!r7;!r8:2]~[#6X4;r5:3],372.2747134399414,106.91146209697052,2
[#16X2;!r3;!r4;!r5;!r6;!r7;!r8:1]~[#6X3;!r3;!r4;!r5;!r6;!r7;!r8:2]~[#7X3;r6:3],473.06853497314455,130.0486459481187,2
[#7X3;r4:1]~[#16X4;!r3;!r4;!r5;!r6;!r7;!r8:2]~[#8X1;!r3;!r4;!r5;!r6;!r7;!r8:3],848.3604578857422,126.149154347175,2
[#6X4;!r3;!r4;!r5;!r6;!r7;!r8:1]~[#8X2;!r3;!r4;!r5;!r6;!r7;!r8:2]~[#7X3;r5:3],636.8130867919922,106.93557949492984,2
[#6X3;r5:1]~[#16X4;!r3;!r4;!r5;!r6;!r7;!r8:2]~[#7X3;r5:3],588.097730834961,120.81894302078875,2
[#16X2;!r3;!r4;!r5;!r6;!r7;!r8:1]~[#16X2;!r3;!r4;!r5;!r6;!r7;!r8:2]~[#6X3;r5:3],640.298646850586,99.41972129451786,2
[#17X1;!r3;!r4;!r5;!r6;!r7;!r8:1]~[#6X4;!r3;!r4;!r5;!r6;!r7;!r8:2]~[#8X2;!r3;!r4;!r5;!r6;!r7;!r8:3],682.0552681884766,108.11215471154541,2
[#6X3;r5:1]~[#7X3;!r3;!r4;!r5;!r6;!r7;!r8:2]~[#6X3;r5:3],477.36949493408207,117.65574581237244,2
[#6X3;r6:1]~[#15X4;!r3;!r4;!r5;!r6;!r7;!r8:2]~[#7X3;!r3;!r4;!r5;!r6;!r7;!r8:3],498.1543397827149,106.4090538721919,2
[#16X1;!r3;!r4;!r5;!r6;!r7;!r8:1]~[#15X4;!r3;!r4;!r5;!r6;!r7;!r8:2]~[#6X3;r6:3],563.3285223388672,119.21531022631814,2
[#16X2;!r3;!r4;!r5;!r6;!r7;!r8:1]~[#6X4;!r3;!r4;!r5;!r6;!r7;!r8:2]~[#7X3;!r3;!r4;!r5;!r6;!r7;!r8:3],706.5604868164063,109.07545727132732,2
[#1X1;!r3;!r4;!r5;!r6;!r7;!r8:1]~[#6X4;r5:2]~[#35X1;!r3;!r4;!r5;!r6;!r7;!r8:3],379.3253497314453,99.28196320914786,2
[#15X4;!r3;!r4;!r5;!r6;!r7;!r8:1]~[#7X3;!r3;!r4;!r5;!r6;!r7;!r8:2]~[#6X3;!r3;!r4;!r5;!r6;!r7;!r8:3],470.21246466064457,123.7496679106145,2
[#6X4;r4:1]~[#6X4;!r3;!r4;!r5;!r6;!r7;!r8:2]~[#7X3;!r3;!r4;!r5;!r6;!r7;!r8:3],641.6660313720704,107.92129873556775,2
[#16X2;!r3;!r4;!r5;!r6;!r7;!r8:1]~[#6X3;!r3;!r4;!r5;!r6;!r7;!r8:2]~[#6X3;r5:3],282.2617976074219,136.42875297258428,2
[#6X2;!r3;!r4;!r5;!r6;!r7;!r8:1]~[#7X2;!r3;!r4;!r5;!r6;!r7;!r8:2]~[#6X3;r6:3],0.0,127.59241429993372,0
[#6X4;r7:1]~[#6X3;!r3;!r4;!r5;!r6;!r7;!r8:2]~[#8X1;!r3;!r4;!r5;!r6;!r7;!r8:3],526.419355102539,140.15384252326083,2
[#6X2;!r3;!r4;!r5;!r6;!r7;!r8:1]~[#6X4;!r3;!r4;!r5;!r6;!r7;!r8:2]~[#6X2;!r3;!r4;!r5;!r6;!r7;!r8:3],471.95581927490235,109.01907405972888,2
[#16X4;!r3;!r4;!r5;!r6;!r7;!r8:1]~[#6X4;!r3;!r4;!r5;!r6;!r7;!r8:2]~[#6X3;r5:3],634.9866727294922,108.28320313893003,2
[#6X3;!r3;!r4;!r5;!r6;!r7;!r8:1]~[#6X4;r5:2]~[#8X2;!r3;!r4;!r5;!r6;!r7;!r8:3],774.9016220703126,107.72902891043188,2
[#16X1;!r3;!r4;!r5;!r6;!r7;!r8:1]~[#6X3;!r3;!r4;!r5;!r6;!r7;!r8:2]~[#6X3;!r3;!r4;!r5;!r6;!r7;!r8:3],488.4846494750977,128.31581329530812,2
[#6X2;!r3;!r4;!r5;!r6;!r7;!r8:1]~[#6X3;!r3;!r4;!r5;!r6;!r7;!r8:2]~[#7X2;!r3;!r4;!r5;!r6;!r7;!r8:3],635.8853874511719,122.50990661398714,2
[#6X2;!r3;!r4;!r5;!r6;!r7;!r8:1]~[#6X2;!r3;!r4;!r5;!r6;!r7;!r8:2]~[#6X4;r5:3],195.22784942626953,180.00000500895632,3
[#6X3;r6:1]~[#16X3;!r3;!r4;!r5;!r6;!r7;!r8:2]~[#6X3;r6:3],677.3014075927734,96.89288598088247,2
[#6X4;r4:1]~[#6X3;!r3;!r4;!r5;!r6;!r7;!r8:2]~[#7X3;!r3;!r4;!r5;!r6;!r7;!r8:3],497.4256064453125,134.6542151847016,2
[#6X2;!r3;!r4;!r5;!r6;!r7;!r8:1]~[#7X3;!r3;!r4;!r5;!r6;!r7;!r8:2]~[#6X4;!r3;!r4;!r5;!r6;!r7;!r8:3],376.3665883178711,110.46148706903051,2
[#1X1;!r3;!r4;!r5;!r6;!r7;!r8:1]~[#6X4;r7:2]~[#6X3;!r3;!r4;!r5;!r6;!r7;!r8:3],423.50742187500003,106.68015091053887,2
[#7X3;r7:1]~[#16X4;!r3;!r4;!r5;!r6;!r7;!r8:2]~[#8X1;!r3;!r4;!r5;!r6;!r7;!r8:3],572.5134544677735,132.9244151358825,2
[#15X4;!r3;!r4;!r5;!r6;!r7;!r8:1]~[#6X4;!r3;!r4;!r5;!r6;!r7;!r8:2]~[#6X3;!r3;!r4;!r5;!r6;!r7;!r8:3],563.8091307373047,108.94425616756055,2
[#1X1;!r3;!r4;!r5;!r6;!r7;!r8:1]~[#6X4;r6:2]~[#6X4;r3:3],422.44664227294925,105.24399435451697,2
[#7X2;!r3;!r4;!r5;!r6;!r7;!r8:1]~[#6X3;!r3;!r4;!r5;!r6;!r7;!r8:2]~[#7X2;!r3;!r4;!r5;!r6;!r7;!r8:3],795.5071964111329,127.54598267395598,2
[#17X1;!r3;!r4;!r5;!r6;!r7;!r8:1]~[#6X4;!r3;!r4;!r5;!r6;!r7;!r8:2]~[#6X3;r5:3],636.4473953857422,107.08789954361029,2
[#6X4;r5:1]~[#6X3;!r3;!r4;!r5;!r6;!r7;!r8:2]~[#7X2;!r3;!r4;!r5;!r6;!r7;!r8:3],353.30083270263674,133.3073428615101,2
[#6X4;r4:1]~[#6X3;!r3;!r4;!r5;!r6;!r7;!r8:2]~[#8X2;!r3;!r4;!r5;!r6;!r7;!r8:3],499.0740268554688,124.94954090248898,2
[#15X4;!r3;!r4;!r5;!r6;!r7;!r8:1]~[#7X3;!r3;!r4;!r5;!r6;!r7;!r8:2]~[#6X3;r6:3],326.69221813964845,119.5120136438635,2
[#6X3;r5:1]~[#16X2;!r3;!r4;!r5;!r6;!r7;!r8:2]~[#6X3;r5:3],732.3110225830078,97.01408085751517,2
[#16X4;!r3;!r4;!r5;!r6;!r7;!r8:1]~[#6X4;r6:2]~[#1X1;!r3;!r4;!r5;!r6;!r7;!r8:3],317.88057470703126,94.62318679893055,2
[#6X4;!r3;!r4;!r5;!r6;!r7;!r8:1]~[#6X3;!r3;!r4;!r5;!r6;!r7;!r8:2]~[#9X1;!r3;!r4;!r5;!r6;!r7;!r8:3],348.2900368652344,106.48605742489463,2
[#7X3;r5:1]~[#15X4;!r3;!r4;!r5;!r6;!r7;!r8:2]~[#8X1;!r3;!r4;!r5;!r6;!r7;!r8:3],628.25375,119.34246102790709,2
[#16X2;!r3;!r4;!r5;!r6;!r7;!r8:1]~[#7X3;!r3;!r4;!r5;!r6;!r7;!r8:2]~[#6X3;!r3;!r4;!r5;!r6;!r7;!r8:3],382.3594136962891,111.22364738794472,2
[#8X1;!r3;!r4;!r5;!r6;!r7;!r8:1]~[#16X4;!r3;!r4;!r5;!r6;!r7;!r8:2]~[#9X1;!r3;!r4;!r5;!r6;!r7;!r8:3],586.2551645507813,131.64499776093407,2
[#6X4;!r3;!r4;!r5;!r6;!r7;!r8:1]~[#6X4;!r3;!r4;!r5;!r6;!r7;!r8:2]~[#7X4;r6:3],626.6641926269532,104.92700527513668,2
[#6X4;!r3;!r4;!r5;!r6;!r7;!r8:1]~[#8X2;!r3;!r4;!r5;!r6;!r7;!r8:2]~[#7X3;r6:3],657.2918055419922,105.85442885120852,2
[#6X3;r5:1]~[#6X4;r5:2]~[#6X4;!r3;!r4;!r5;!r6;!r7;!r8:3],527.6090651855469,108.3152845374616,2
[#6X4;!r3;!r4;!r5;!r6;!r7;!r8:1]~[#6X3;!r3;!r4;!r5;!r6;!r7;!r8:2]~[#6X4;r3:3],189.4589206542969,150.42990311068004,2
[#7X1;!r3;!r4;!r5;!r6;!r7;!r8:1]~[#7X2;!r3;!r4;!r5;!r6;!r7;!r8:2]~[#7X2;!r3;!r4;!r5;!r6;!r7;!r8:3],311.1966832275391,180.00000500895632,3
[#1X1;!r3;!r4;!r5;!r6;!r7;!r8:1]~[#6X4;r3:2]~[#6X4;r6:3],139.8162324523926,121.69421810254755,2
[#6X3;!r3;!r4;!r5;!r6;!r7;!r8:1]~[#16X4;!r3;!r4;!r5;!r6;!r7;!r8:2]~[#6X4;!r3;!r4;!r5;!r6;!r7;!r8:3],468.9998988647461,131.14071123413368,2
[#6X2;!r3;!r4;!r5;!r6;!r7;!r8:1]~[#16X2;!r3;!r4;!r5;!r6;!r7;!r8:2]~[#6X4;!r3;!r4;!r5;!r6;!r7;!r8:3],659.4166845703126,94.9054033852463,2
[#1X1;!r3;!r4;!r5;!r6;!r7;!r8:1]~[#7X4;!r3;!r4;!r5;!r6;!r7;!r8:2]~[#6X4;r6:3],403.93686657714846,109.71842395903565,2
[#16X4;!r3;!r4;!r5;!r6;!r7;!r8:1]~[#7X3;!r3;!r4;!r5;!r6;!r7;!r8:2]~[#6X4;r3:3],334.32644122314457,102.84997206929249,2
[#1X1;!r3;!r4;!r5;!r6;!r7;!r8:1]~[#7X3;!r3;!r4;!r5;!r6;!r7;!r8:2]~[#6X3;r4:3],388.9798135375977,110.88742449586167,2
[#15X4;!r3;!r4;!r5;!r6;!r7;!r8:1]~[#8X2;!r3;!r4;!r5;!r6;!r7;!r8:2]~[#6X4;r6:3],313.72006884765625,116.23094103075111,2
[#16X3;!r3;!r4;!r5;!r6;!r7;!r8:1]~[#6X4;!r3;!r4;!r5;!r6;!r7;!r8:2]~[#6X3;!r3;!r4;!r5;!r6;!r7;!r8:3],424.99856561279296,104.20711699699568,2
[#7X3;!r3;!r4;!r5;!r6;!r7;!r8:1]~[#15X4;!r3;!r4;!r5;!r6;!r7;!r8:2]~[#7X3;r3:3],570.9897189941406,109.54132398404639,2
[#16X2;!r3;!r4;!r5;!r6;!r7;!r8:1]~[#6X4;!r3;!r4;!r5;!r6;!r7;!r8:2]~[#8X2;!r3;!r4;!r5;!r6;!r7;!r8:3],653.0433881835937,106.58844879074229,2
[#6X4;!r3;!r4;!r5;!r6;!r7;!r8:1]~[#15X4;!r3;!r4;!r5;!r6;!r7;!r8:2]~[#7X3;!r3;!r4;!r5;!r6;!r7;!r8:3],605.8588542480469,110.39578064921498,2
[#6X4;!r3;!r4;!r5;!r6;!r7;!r8:1]~[#7X3;!r3;!r4;!r5;!r6;!r7;!r8:2]~[#7X3;r6:3],395.0543576660156,102.88426644911512,2
[#16X4;!r3;!r4;!r5;!r6;!r7;!r8:1]~[#6X4;r3:2]~[#1X1;!r3;!r4;!r5;!r6;!r7;!r8:3],241.51920700073242,113.1226380526942,2
[#6X4;!r3;!r4;!r5;!r6;!r7;!r8:1]~[#7X4;!r3;!r4;!r5;!r6;!r7;!r8:2]~[#7X3;!r3;!r4;!r5;!r6;!r7;!r8:3],603.8650444335938,111.73893051930882,2
[#6X3;r5:1]~[#6X3;!r3;!r4;!r5;!r6;!r7;!r8:2]~[#7X3;r4:3],412.2131883544922,132.43419879877234,2
[#6X3;!r3;!r4;!r5;!r6;!r7;!r8:1]~[#6X4;!r3;!r4;!r5;!r6;!r7;!r8:2]~[#7X3;r7:3],716.7695847167969,107.34226261849074,2
[#6X3;r7:1]~[#6X3;!r3;!r4;!r5;!r6;!r7;!r8:2]~[#6X4;!r3;!r4;!r5;!r6;!r7;!r8:3],325.28461267089847,139.8748839371792,2
[#6X4;r3:1]~[#6X3;!r3;!r4;!r5;!r6;!r7;!r8:2]~[#7X2;!r3;!r4;!r5;!r6;!r7;!r8:3],414.2190963745117,130.7798723402819,2
[#6X2;!r3;!r4;!r5;!r6;!r7;!r8:1]~[#6X4;r6:2]~[#6X4;!r3;!r4;!r5;!r6;!r7;!r8:3],599.447890625,106.10768543544343,2
[#1X1;!r3;!r4;!r5;!r6;!r7;!r8:1]~[#6X3;!r3;!r4;!r5;!r6;!r7;!r8:2]~[#6X3;r4:3],351.4375813598633,127.28195488139995,2
[#6X3;r6:1]~[#6X4;r3:2]~[#6X4;!r3;!r4;!r5;!r6;!r7;!r8:3],165.83907360839845,130.7458443378369,2
[#7X3;!r3;!r4;!r5;!r6;!r7;!r8:1]~[#16X3;!r3;!r4;!r5;!r6;!r7;!r8:2]~[#8X1;!r3;!r4;!r5;!r6;!r7;!r8:3],1538.2909875488283,105.36742270300827,2
[#15X4;r6:1]~[#6X4;!r3;!r4;!r5;!r6;!r7;!r8:2]~[#1X1;!r3;!r4;!r5;!r6;!r7;!r8:3],297.98588964843754,100.2633452796628,2
[#15X4;!r3;!r4;!r5;!r6;!r7;!r8:1]~[#6X3;!r3;!r4;!r5;!r6;!r7;!r8:2]~[#6X3;!r3;!r4;!r5;!r6;!r7;!r8:3],341.44468701171877,127.13697728607727,2
[#6X3;!r3;!r4;!r5;!r6;!r7;!r8:1]~[#16X4;!r3;!r4;!r5;!r6;!r7;!r8:2]~[#6X3;r6:3],320.5749631958008,147.2421172212517,2
[#15X4;!r3;!r4;!r5;!r6;!r7;!r8:1]~[#8X2;!r3;!r4;!r5;!r6;!r7;!r8:2]~[#6X3;!r3;!r4;!r5;!r6;!r7;!r8:3],340.50460217285155,118.46214526654083,2
[#7X3;r3:1]~[#15X4;!r3;!r4;!r5;!r6;!r7;!r8:2]~[#7X3;r3:3],686.6089178466797,109.4659050352311,2
[#16X3;!r3;!r4;!r5;!r6;!r7;!r8:1]~[#8X2;!r3;!r4;!r5;!r6;!r7;!r8:2]~[#6X4;!r3;!r4;!r5;!r6;!r7;!r8:3],374.63597033691406,109.23029765981151,2
[#1X1;!r3;!r4;!r5;!r6;!r7;!r8:1]~[#6X4;!r3;!r4;!r5;!r6;!r7;!r8:2]~[#7X3;r8:3],332.3377069091797,102.5651668412813,2
[#15X3;!r3;!r4;!r5;!r6;!r7;!r8:1]~[#7X3;!r3;!r4;!r5;!r6;!r7;!r8:2]~[#6X4;!r3;!r4;!r5;!r6;!r7;!r8:3],187.3321901855469,86.3803232632624,2
[#6X3;r6:1]~[#7X3;!r3;!r4;!r5;!r6;!r7;!r8:2]~[#6X4;r4:3],411.88586645507814,114.04600449639905,2
[#16X2;!r3;!r4;!r5;!r6;!r7;!r8:1]~[#15X4;!r3;!r4;!r5;!r6;!r7;!r8:2]~[#7X3;!r3;!r4;!r5;!r6;!r7;!r8:3],702.8242161865235,109.22600147082358,2
[#6X4;!r3;!r4;!r5;!r6;!r7;!r8:1]~[#7X3;!r3;!r4;!r5;!r6;!r7;!r8:2]~[#6X4;r7:3],427.5330598754883,108.09779765391005,2
[#6X2;!r3;!r4;!r5;!r6;!r7;!r8:1]~[#6X3;!r3;!r4;!r5;!r6;!r7;!r8:2]~[#8X2;!r3;!r4;!r5;!r6;!r7;!r8:3],337.7409123535156,119.46612843301935,2
[#6X3;!r3;!r4;!r5;!r6;!r7;!r8:1]~[#6X4;!r3;!r4;!r5;!r6;!r7;!r8:2]~[#6X4;r7:3],439.45454864501954,105.9857665587587,2
[#16X4;!r3;!r4;!r5;!r6;!r7;!r8:1]~[#7X3;!r3;!r4;!r5;!r6;!r7;!r8:2]~[#7X2;!r3;!r4;!r5;!r6;!r7;!r8:3],250.82140234375,96.40484164392838,2
[#6X4;r5:1]~[#6X3;!r3;!r4;!r5;!r6;!r7;!r8:2]~[#7X3;r6:3],358.8261374511719,138.1546051720631,2
[#16X2;!r3;!r4;!r5;!r6;!r7;!r8:1]~[#7X3;!r3;!r4;!r5;!r6;!r7;!r8:2]~[#1X1;!r3;!r4;!r5;!r6;!r7;!r8:3],245.33052481079102,108.96289575380551,2
[#6X3;r6:1]~[#6X3;!r3;!r4;!r5;!r6;!r7;!r8:2]~[#7X3;r7:3],386.89288903808597,130.66034402980668,2
[#16X4;!r3;!r4;!r5;!r6;!r7;!r8:1]~[#7X2;!r3;!r4;!r5;!r6;!r7;!r8:2]~[#6X3;!r3;!r4;!r5;!r6;!r7;!r8:3],414.8705799560547,109.92260563408401,2
[#6X3;r7:1]~[#6X4;!r3;!r4;!r5;!r6;!r7;!r8:2]~[#6X4;!r3;!r4;!r5;!r6;!r7;!r8:3],600.6081053466797,108.1388744115785,2
[#7X3;r5:1]~[#6X4;!r3;!r4;!r5;!r6;!r7;!r8:2]~[#9X1;!r3;!r4;!r5;!r6;!r7;!r8:3],799.166025756836,104.93176591698818,2
[#6X3;!r3;!r4;!r5;!r6;!r7;!r8:1]~[#6X4;!r3;!r4;!r5;!r6;!r7;!r8:2]~[#6X4;r3:3],465.5993773803711,106.46204247977286,2
[#6X3;r5:1]~[#6X3;!r3;!r4;!r5;!r6;!r7;!r8:2]~[#6X4;r5:3],330.9326551513672,135.28929983410774,2
[#16X1;!r3;!r4;!r5;!r6;!r7;!r8:1]~[#6X3;!r3;!r4;!r5;!r6;!r7;!r8:2]~[#16X1;!r3;!r4;!r5;!r6;!r7;!r8:3],430.8828582763672,153.44536332734899,2
[#6X4;!r3;!r4;!r5;!r6;!r7;!r8:1]~[#6X3;!r3;!r4;!r5;!r6;!r7;!r8:2]~[#7X3;r4:3],221.4330574645996,140.53798602256072,2
[#1X1;!r3;!r4;!r5;!r6;!r7;!r8:1]~[#16X2;!r3;!r4;!r5;!r6;!r7;!r8:2]~[#6X4;r6:3],434.37116357421877,93.09341567014445,2
[#17X1;!r3;!r4;!r5;!r6;!r7;!r8:1]~[#6X3;!r3;!r4;!r5;!r6;!r7;!r8:2]~[#7X2;!r3;!r4;!r5;!r6;!r7;!r8:3],508.5098930053711,133.13105567903207,2
[#8X2;!r3;!r4;!r5;!r6;!r7;!r8:1]~[#6X4;r6:2]~[#8X2;!r3;!r4;!r5;!r6;!r7;!r8:3],1466.113029296875,109.61541104597352,2
[#9X1;!r3;!r4;!r5;!r6;!r7;!r8:1]~[#6X3;!r3;!r4;!r5;!r6;!r7;!r8:2]~[#9X1;!r3;!r4;!r5;!r6;!r7;!r8:3],574.933287109375,107.58971354193113,2
[#6X4;r6:1]~[#7X2;!r3;!r4;!r5;!r6;!r7;!r8:2]~[#8X1;!r3;!r4;!r5;!r6;!r7;!r8:3],909.2761040039063,111.27131527816223,2
[#16X3;!r3;!r4;!r5;!r6;!r7;!r8:1]~[#7X3;!r3;!r4;!r5;!r6;!r7;!r8:2]~[#6X4;!r3;!r4;!r5;!r6;!r7;!r8:3],330.96320391845705,100.99949623821762,2
[#6X4;r6:1]~[#8X2;!r3;!r4;!r5;!r6;!r7;!r8:2]~[#8X2;!r3;!r4;!r5;!r6;!r7;!r8:3],655.405379272461,102.81918157651407,2
[#16X2;!r3;!r4;!r5;!r6;!r7;!r8:1]~[#6X4;!r3;!r4;!r5;!r6;!r7;!r8:2]~[#6X4;r6:3],455.7328278808594,104.06832072287185,2
[#6X3;r6:1]~[#16X2;!r3;!r4;!r5;!r6;!r7;!r8:2]~[#6X4;r5:3],635.2152937011718,97.02444225448608,2
[#6X3;r6:1]~[#6X4;!r3;!r4;!r5;!r6;!r7;!r8:2]~[#6X4;r4:3],636.1033466796875,108.20120671794403,2
[#6X3;r6:1]~[#6X4;!r3;!r4;!r5;!r6;!r7;!r8:2]~[#7X4;!r3;!r4;!r5;!r6;!r7;!r8:3],788.8902760009765,108.04159885741917,2
[#6X3;r6:1]~[#6X4;!r3;!r4;!r5;!r6;!r7;!r8:2]~[#7X3;r7:3],629.31405078125,107.94758130349395,2
[#6X3;r6:1]~[#6X3;!r3;!r4;!r5;!r6;!r7;!r8:2]~[#6X4;r5:3],230.39551348876955,142.40902072303732,2
[#17X1;!r3;!r4;!r5;!r6;!r7;!r8:1]~[#6X3;!r3;!r4;!r5;!r6;!r7;!r8:2]~[#6X3;r6:3],160.67794400024414,106.65389566336934,2
[#6X4;!r3;!r4;!r5;!r6;!r7;!r8:1]~[#7X4;r5:2]~[#6X4;!r3;!r4;!r5;!r6;!r7;!r8:3],752.3771893310548,111.1668680253744,2
[#16X2;!r3;!r4;!r5;!r6;!r7;!r8:1]~[#6X3;!r3;!r4;!r5;!r6;!r7;!r8:2]~[#16X2;!r3;!r4;!r5;!r6;!r7;!r8:3],371.97286480712893,132.92804879652095,2
[#6X3;r5:1]~[#15X4;!r3;!r4;!r5;!r6;!r7;!r8:2]~[#8X2;!r3;!r4;!r5;!r6;!r7;!r8:3],698.5260653076172,106.78983691842011,2
[#6X3;r5:1]~[#15X4;!r3;!r4;!r5;!r6;!r7;!r8:2]~[#8X1;!r3;!r4;!r5;!r6;!r7;!r8:3],718.2024080810547,118.88777533485934,2
[#15X4;!r3;!r4;!r5;!r6;!r7;!r8:1]~[#6X3;!r3;!r4;!r5;!r6;!r7;!r8:2]~[#1X1;!r3;!r4;!r5;!r6;!r7;!r8:3],215.90661950683594,128.40037103723287,2
[#6X4;r5:1]~[#15X4;!r3;!r4;!r5;!r6;!r7;!r8:2]~[#8X2;!r3;!r4;!r5;!r6;!r7;!r8:3],538.6666335449219,104.69990831542293,2
[#53X1;!r3;!r4;!r5;!r6;!r7;!r8:1]~[#6X3;!r3;!r4;!r5;!r6;!r7;!r8:2]~[#6X3;!r3;!r4;!r5;!r6;!r7;!r8:3],250.1099863586426,129.95219001665976,2
[#6X4;r4:1]~[#6X2;!r3;!r4;!r5;!r6;!r7;!r8:2]~[#7X1;!r3;!r4;!r5;!r6;!r7;!r8:3],238.0234959411621,180.00000500895632,3
[#17X1;!r3;!r4;!r5;!r6;!r7;!r8:1]~[#6X4;r6:2]~[#6X4;!r3;!r4;!r5;!r6;!r7;!r8:3],847.9853815917969,104.99505444983753,2
[#8X1;!r3;!r4;!r5;!r6;!r7;!r8:1]~[#15X4;r6:2]~[#8X2;!r3;!r4;!r5;!r6;!r7;!r8:3],1455.5328771972656,112.43144339925641,2
[#17X1;!r3;!r4;!r5;!r6;!r7;!r8:1]~[#15X4;!r3;!r4;!r5;!r6;!r7;!r8:2]~[#8X1;!r3;!r4;!r5;!r6;!r7;!r8:3],535.0885333862304,121.3215083399183,2
[#16X4;!r3;!r4;!r5;!r6;!r7;!r8:1]~[#16X2;!r3;!r4;!r5;!r6;!r7;!r8:2]~[#6X4;!r3;!r4;!r5;!r6;!r7;!r8:3],563.946201171875,96.24171623598096,2
[#16X3;!r3;!r4;!r5;!r6;!r7;!r8:1]~[#6X4;!r3;!r4;!r5;!r6;!r7;!r8:2]~[#17X1;!r3;!r4;!r5;!r6;!r7;!r8:3],500.09231909179687,98.732460830042,2
[#6X2;!r3;!r4;!r5;!r6;!r7;!r8:1]~[#6X3;!r3;!r4;!r5;!r6;!r7;!r8:2]~[#7X3;!r3;!r4;!r5;!r6;!r7;!r8:3],509.27182458496094,130.89784336762636,2
[#15X4;!r3;!r4;!r5;!r6;!r7;!r8:1]~[#16X2;!r3;!r4;!r5;!r6;!r7;!r8:2]~[#1X1;!r3;!r4;!r5;!r6;!r7;!r8:3],434.58937817382815,95.01918067644037,2
[#15X4;!r3;!r4;!r5;!r6;!r7;!r8:1]~[#6X3;!r3;!r4;!r5;!r6;!r7;!r8:2]~[#8X1;!r3;!r4;!r5;!r6;!r7;!r8:3],223.93542285156252,150.27723472235192,2
[#15X3;!r3;!r4;!r5;!r6;!r7;!r8:1]~[#8X2;!r3;!r4;!r5;!r6;!r7;!r8:2]~[#1X1;!r3;!r4;!r5;!r6;!r7;!r8:3],187.81286242675782,117.50915629240563,2
[#7X3;r5:1]~[#6X4;!r3;!r4;!r5;!r6;!r7;!r8:2]~[#7X3;r6:3],853.4039093017578,109.00081696407743,2
[#6X3;!r3;!r4;!r5;!r6;!r7;!r8:1]~[#6X3;!r3;!r4;!r5;!r6;!r7;!r8:2]~[#7X3;r4:3],705.8082912597656,123.1697438689454,2
[#1X1;!r3;!r4;!r5;!r6;!r7;!r8:1]~[#16X2;!r3;!r4;!r5;!r6;!r7;!r8:2]~[#6X4;r5:3],533.8938754882813,93.90899489855734,2
[#6X4;r5:1]~[#7X2;!r3;!r4;!r5;!r6;!r7;!r8:2]~[#8X1;!r3;!r4;!r5;!r6;!r7;!r8:3],953.7480861816407,111.27852795792577,2
[#1X1;!r3;!r4;!r5;!r6;!r7;!r8:1]~[#6X4;r4:2]~[#7X3;r6:3],374.755835144043,110.14001055536552,2
[#6X4;!r3;!r4;!r5;!r6;!r7;!r8:1]~[#6X4;r4:2]~[#8X2;!r3;!r4;!r5;!r6;!r7;!r8:3],713.0879635009766,110.62524085438156,2
[#6X2;!r3;!r4;!r5;!r6;!r7;!r8:1]~[#6X4;!r3;!r4;!r5;!r6;!r7;!r8:2]~[#6X4;r5:3],581.0216531982422,106.98170376239494,2
[#6X3;r5:1]~[#7X2;!r3;!r4;!r5;!r6;!r7;!r8:2]~[#6X3;r5:3],526.9701905517578,104.61102706375355,2
[#6X4;r5:1]~[#7X2;!r3;!r4;!r5;!r6;!r7;!r8:2]~[#7X2;!r3;!r4;!r5;!r6;!r7;!r8:3],689.8419158935548,108.11272161724652,2
[#6X3;!r3;!r4;!r5;!r6;!r7;!r8:1]~[#16X3;!r3;!r4;!r5;!r6;!r7;!r8:2]~[#8X1;!r3;!r4;!r5;!r6;!r7;!r8:3],1009.1000261230469,106.81573016556364,2
[#6X3;r5:1]~[#8X2;!r3;!r4;!r5;!r6;!r7;!r8:2]~[#6X4;r6:3],512.3485355224609,108.53639825146242,2
[#6X3;!r3;!r4;!r5;!r6;!r7;!r8:1]~[#8X2;!r3;!r4;!r5;!r6;!r7;!r8:2]~[#7X3;r5:3],628.9577442626953,106.34125058430118,2
[#15X3;!r3;!r4;!r5;!r6;!r7;!r8:1]~[#16X2;!r3;!r4;!r5;!r6;!r7;!r8:2]~[#6X4;!r3;!r4;!r5;!r6;!r7;!r8:3],524.5601258544922,97.4223076038285,2
[#1X1;!r3;!r4;!r5;!r6;!r7;!r8:1]~[#15X4;!r3;!r4;!r5;!r6;!r7;!r8:2]~[#8X2;!r3;!r4;!r5;!r6;!r7;!r8:3],848.8328944091797,104.76770477312448,2
[#1X1;!r3;!r4;!r5;!r6;!r7;!r8:1]~[#6X4;!r3;!r4;!r5;!r6;!r7;!r8:2]~[#7X4;r7:3],451.59731646728517,103.27987100584225,2
[#17X1;!r3;!r4;!r5;!r6;!r7;!r8:1]~[#6X4;r6:2]~[#17X1;!r3;!r4;!r5;!r6;!r7;!r8:3],655.7180811767579,109.40931008776838,2
[#8X1;!r3;!r4;!r5;!r6;!r7;!r8:1]~[#16X4;r4:2]~[#8X1;!r3;!r4;!r5;!r6;!r7;!r8:3],801.5584060058594,129.96774918758905,2
[#16X4;!r3;!r4;!r5;!r6;!r7;!r8:1]~[#7X3;!r3;!r4;!r5;!r6;!r7;!r8:2]~[#7X3;!r3;!r4;!r5;!r6;!r7;!r8:3],336.10002539062504,96.5077657645313,2
[#9X1;!r3;!r4;!r5;!r6;!r7;!r8:1]~[#6X4;r3:2]~[#9X1;!r3;!r4;!r5;!r6;!r7;!r8:3],507.26033032226565,104.5453069835597,2
[#6X3;!r3;!r4;!r5;!r6;!r7;!r8:1]~[#7X2;!r3;!r4;!r5;!r6;!r7;!r8:2]~[#6X4;r5:3],549.8456947021484,112.71301794779019,2
[#6X3;r5:1]~[#6X4;r6:2]~[#6X4;!r3;!r4;!r5;!r6;!r7;!r8:3],632.788119140625,108.50252734336831,2
[#6X3;r5:1]~[#7X2;!r3;!r4;!r5;!r6;!r7;!r8:2]~[#8X1;!r3;!r4;!r5;!r6;!r7;!r8:3],849.2885402832031,106.0225061463042,2
[#6X4;r6:1]~[#6X3;!r3;!r4;!r5;!r6;!r7;!r8:2]~[#7X3;r5:3],454.963809753418,133.93766003887555,2
[#7X3;r5:1]~[#6X3;!r3;!r4;!r5;!r6;!r7;!r8:2]~[#7X3;r6:3],405.70384301757815,126.2086726156025,2
[#1X1;!r3;!r4;!r5;!r6;!r7;!r8:1]~[#8X2;!r3;!r4;!r5;!r6;!r7;!r8:2]~[#6X3;r7:3],509.5489022216797,113.98546852978522,2
[#16X4;!r3;!r4;!r5;!r6;!r7;!r8:1]~[#6X4;!r3;!r4;!r5;!r6;!r7;!r8:2]~[#6X4;r6:3],498.1566381225586,103.09292189806985,2
[#6X3;!r3;!r4;!r5;!r6;!r7;!r8:1]~[#6X4;r5:2]~[#7X3;!r3;!r4;!r5;!r6;!r7;!r8:3],648.88569140625,106.35452847204769,2
[#6X2;!r3;!r4;!r5;!r6;!r7;!r8:1]~[#16X2;!r3;!r4;!r5;!r6;!r7;!r8:2]~[#6X3;r6:3],687.1197877197266,95.23254895592241,2
[#1X1;!r3;!r4;!r5;!r6;!r7;!r8:1]~[#7X4;!r3;!r4;!r5;!r6;!r7;!r8:2]~[#6X3;r6:3],247.53610110473633,108.87911665344615,2
[#6X3;!r3;!r4;!r5;!r6;!r7;!r8:1]~[#16X4;!r3;!r4;!r5;!r6;!r7;!r8:2]~[#7X3;!r3;!r4;!r5;!r6;!r7;!r8:3],555.3464519042969,126.79923809199848,2
[#6X4;r3:1]~[#6X3;!r3;!r4;!r5;!r6;!r7;!r8:2]~[#7X3;r6:3],346.84999926757814,137.42566006308266,2
[#1X1;!r3;!r4;!r5;!r6;!r7;!r8:1]~[#6X3;!r3;!r4;!r5;!r6;!r7;!r8:2]~[#35X1;!r3;!r4;!r5;!r6;!r7;!r8:3],244.8164149169922,113.03530042377724,2
[#53X1;!r3;!r4;!r5;!r6;!r7;!r8:1]~[#6X4;!r3;!r4;!r5;!r6;!r7;!r8:2]~[#6X3;!r3;!r4;!r5;!r6;!r7;!r8:3],402.0306809692383,100.03973171642576,2
[#16X3;!r3;!r4;!r5;!r6;!r7;!r8:1]~[#6X4;!r3;!r4;!r5;!r6;!r7;!r8:2]~[#6X3;r5:3],615.4471450195313,108.40340080794392,2
[#1X1;!r3;!r4;!r5;!r6;!r7;!r8:1]~[#6X4;r7:2]~[#6X3;r5:3],480.81560015869144,107.77758472524151,2
[#7X3;r5:1]~[#15X4;!r3;!r4;!r5;!r6;!r7;!r8:2]~[#8X2;!r3;!r4;!r5;!r6;!r7;!r8:3],525.2155676879883,101.69065674070954,2
[#6X4;r5:1]~[#7X3;!r3;!r4;!r5;!r6;!r7;!r8:2]~[#8X1;!r3;!r4;!r5;!r6;!r7;!r8:3],457.22129022216797,122.48937506534209,2
[#6X3;r5:1]~[#7X3;!r3;!r4;!r5;!r6;!r7;!r8:2]~[#6X4;r5:3],455.21640368652345,115.43769652092416,2
[#16X4;!r3;!r4;!r5;!r6;!r7;!r8:1]~[#7X2;!r3;!r4;!r5;!r6;!r7;!r8:2]~[#6X3;r6:3],522.8249431152344,113.85909636976164,2
[#6X2;!r3;!r4;!r5;!r6;!r7;!r8:1]~[#6X4;!r3;!r4;!r5;!r6;!r7;!r8:2]~[#7X2;!r3;!r4;!r5;!r6;!r7;!r8:3],563.7039816894531,107.92284235832017,2
[#1X1;!r3;!r4;!r5;!r6;!r7;!r8:1]~[#6X4;!r3;!r4;!r5;!r6;!r7;!r8:2]~[#6X3;r8:3],320.14718469238284,105.59617939869034,2
[#7X3;!r3;!r4;!r5;!r6;!r7;!r8:1]~[#15X4;r6:2]~[#8X1;!r3;!r4;!r5;!r6;!r7;!r8:3],805.1591384277344,118.68763713179963,2
[#17X1;!r3;!r4;!r5;!r6;!r7;!r8:1]~[#16X4;!r3;!r4;!r5;!r6;!r7;!r8:2]~[#6X3;r6:3],521.2048688964844,119.43399922316361,2
[#7X3;r6:1]~[#7X2;!r3;!r4;!r5;!r6;!r7;!r8:2]~[#8X1;!r3;!r4;!r5;!r6;!r7;!r8:3],1189.0392231445312,113.73060685109537,2
[#6X3;r6:1]~[#7X3;!r3;!r4;!r5;!r6;!r7;!r8:2]~[#7X3;r6:3],445.45886572265624,108.09338535170622,2
[#16X2;!r3;!r4;!r5;!r6;!r7;!r8:1]~[#16X2;!r3;!r4;!r5;!r6;!r7;!r8:2]~[#16X2;!r3;!r4;!r5;!r6;!r7;!r8:3],616.7460262451173,104.11914416048592,2
[#6X2;!r3;!r4;!r5;!r6;!r7;!r8:1]~[#6X4;r5:2]~[#8X2;!r3;!r4;!r5;!r6;!r7;!r8:3],662.9104803466797,110.96082170868263,2
[#6X3;r6:1]~[#15X5;!r3;!r4;!r5;!r6;!r7;!r8:2]~[#8X2;!r3;!r4;!r5;!r6;!r7;!r8:3],461.4367647094727,168.14913502536396,2
[#8X2;!r3;!r4;!r5;!r6;!r7;!r8:1]~[#15X5;!r3;!r4;!r5;!r6;!r7;!r8:2]~[#8X2;!r3;!r4;!r5;!r6;!r7;!r8:3],391.83163830566406,180.00000500895632,3
[#6X4;r4:1]~[#7X3;!r3;!r4;!r5;!r6;!r7;!r8:2]~[#8X1;!r3;!r4;!r5;!r6;!r7;!r8:3],434.33911450195313,123.75824662821204,2
[#1X1;!r3;!r4;!r5;!r6;!r7;!r8:1]~[#6X3;r6:2]~;@[#6X3;r6:3],295.0428016357422,122.25001791606816,2
[#1X1;!r3;!r4;!r5;!r6;!r7;!r8:1]~[#6X4;r6:2]~;@[#6X4;r6:3],414.8109188842774,105.04797475552678,2
[#1X1;!r3;!r4;!r5;!r6;!r7;!r8:1]~[#6X4;r5:2]~;@[#6X4;r5:3],413.02431079101564,107.78897065058791,2
[#1X1;!r3;!r4;!r5;!r6;!r7;!r8:1]~[#6X3;r5:2]~;@[#6X3;r5:3],286.4665784301758,124.48082600088603,2
[#6X3;r6:1]~;@[#6X3;r6:2]~[#6X4;!r3;!r4;!r5;!r6;!r7;!r8:3],441.0391901245117,123.2010397957224,2
[#1X1;!r3;!r4;!r5;!r6;!r7;!r8:1]~[#6X4;r6:2]~;@[#7X3;r6:3],480.8190795898438,104.71405363719403,2
[#6X3;r6:1]~;@[#6X3;r6:2]~[#8X2;!r3;!r4;!r5;!r6;!r7;!r8:3],511.96439355468755,120.04663987095707,2
[#17X1;!r3;!r4;!r5;!r6;!r7;!r8:1]~[#6X3;r6:2]~;@[#6X3;r6:3],453.1023460083008,116.99644131216945,2
[#6X3;r6:1]~;@[#6X3;r6:2]~[#7X3;!r3;!r4;!r5;!r6;!r7;!r8:3],550.3111085205078,123.6563948473088,2
[#1X1;!r3;!r4;!r5;!r6;!r7;!r8:1]~[#6X4;r3:2]~;@[#6X4;r3:3],315.6663477172852,118.0564047090854,2
[#1X1;!r3;!r4;!r5;!r6;!r7;!r8:1]~[#6X4;r6:2]~;@[#6X3;r6:3],398.4370670166016,106.0769222634217,2
[#1X1;!r3;!r4;!r5;!r6;!r7;!r8:1]~[#6X3;r6:2]~;@[#6X3;r5:3],311.8249280395508,119.42984646814824,2
[#6X3;!r3;!r4;!r5;!r6;!r7;!r8:1]~[#6X3;r6:2]~;@[#6X3;r6:3],404.8828887939453,121.71812376464258,2
[#6X3;r6:1]~;@[#6X3;r6:2]~[#9X1;!r3;!r4;!r5;!r6;!r7;!r8:3],545.377785888672,114.7974482485055,2
[#1X1;!r3;!r4;!r5;!r6;!r7;!r8:1]~[#6X3;r6:2]~;@[#7X2;r6:3],347.52574310302737,122.07321163921321,2
[#1X1;!r3;!r4;!r5;!r6;!r7;!r8:1]~[#6X4;r5:2]~;@[#7X3;r5:3],507.49415447998047,107.51404870630573,2
[#6X3;r6:1]~;@[#6X3;r6:2]~[#6X3;r6:3],433.68909930419926,122.81843991917496,2
[#1X1;!r3;!r4;!r5;!r6;!r7;!r8:1]~[#7X3;r5:2]~;@[#6X3;r5:3],345.7183861083985,111.87541818949319,2
[#1X1;!r3;!r4;!r5;!r6;!r7;!r8:1]~[#6X4;r5:2]~;@[#6X3;r5:3],369.6304415283203,107.92418790558666,2
[#6X3;r5:1]~[#6X3;r6:2]~;@[#6X3;r6:3],463.2172758178711,122.96519336368186,2
[#6X3;r5:1]~;@[#7X3;r5:2]~[#6X4;!r3;!r4;!r5;!r6;!r7;!r8:3],449.5850241699219,115.96897595532444,2
[#6X3;r5:1]~;@[#6X3;r5:2]~[#6X4;!r3;!r4;!r5;!r6;!r7;!r8:3],372.40501654052736,128.04565199287742,2
[#1X1;!r3;!r4;!r5;!r6;!r7;!r8:1]~[#6X4;r6:2]~;@[#8X2;r6:3],485.75224261474614,103.69752341321019,2
[#6X4;!r3;!r4;!r5;!r6;!r7;!r8:1]~[#6X4;r6:2]~;@[#6X4;r6:3],572.3116474609375,108.02711202618958,2
[#6X3;r6:1]~;@[#6X3;r6:2]~[#8X1;!r3;!r4;!r5;!r6;!r7;!r8:3],630.4500052490234,138.41932964391444,2
[#1X1;!r3;!r4;!r5;!r6;!r7;!r8:1]~[#6X4;r7:2]~;@[#6X4;r7:3],425.5411653442383,106.42865651510984,2
[#1X1;!r3;!r4;!r5;!r6;!r7;!r8:1]~[#6X3;r5:2]~;@[#7X3;r5:3],261.12383837890627,112.12781416989267,2
[#1X1;!r3;!r4;!r5;!r6;!r7;!r8:1]~[#6X4;r4:2]~;@[#6X4;r4:3],391.8857769775391,114.24050096320433,2
[#7X3;r6:1]~;@[#6X3;r6:2]~[#8X1;!r3;!r4;!r5;!r6;!r7;!r8:3],796.3138498535156,138.38571145281963,2
[#1X1;!r3;!r4;!r5;!r6;!r7;!r8:1]~[#6X3;r5:2]~;@[#7X2;r5:3],307.4049651489258,117.69821592863158,2
[#1X1;!r3;!r4;!r5;!r6;!r7;!r8:1]~[#6X4;r5:2]~;@[#8X2;r5:3],514.2595731811524,105.79393386572973,2
[#6X3;!r3;!r4;!r5;!r6;!r7;!r8:1]~[#6X3;r5:2]~;@[#6X3;r5:3],334.6514009399414,125.1244893678897,2
[#1X1;!r3;!r4;!r5;!r6;!r7;!r8:1]~[#7X3;r6:2]~;@[#6X3;r6:3],296.1530913085938,116.62680513466671,2
[#7X2;r6:1]~;@[#6X3;r6:2]~[#7X3;!r3;!r4;!r5;!r6;!r7;!r8:3],752.4421174316407,128.12425380984592,2
[#35X1;!r3;!r4;!r5;!r6;!r7;!r8:1]~[#6X3;r6:2]~;@[#6X3;r6:3],423.7055579223633,116.40907236430503,2
[#6X3;r6:1]~;@[#6X3;r6:2]~[#7X3;r5:3],509.7069130859375,118.88638197626867,2
[#7X3;r5:1]~;@[#6X3;r5:2]~[#8X1;!r3;!r4;!r5;!r6;!r7;!r8:3],735.3886911621094,136.09574026941112,2
[#6X3;r5:1]~;@[#6X3;r5:2]~[#6X3;r6:3],384.3635979614258,126.45446380307457,2
[#6X4;!r3;!r4;!r5;!r6;!r7;!r8:1]~[#6X4;r5:2]~;@[#6X4;r5:3],550.4753759765625,110.94596604723785,2
[#6X3;r6:1]~;@[#7X3;r6:2]~[#6X4;!r3;!r4;!r5;!r6;!r7;!r8:3],479.81227905273437,116.89185745559821,2
[#6X4;!r3;!r4;!r5;!r6;!r7;!r8:1]~[#6X3;r5:2]~;@[#7X2;r5:3],468.88514147949223,122.41249445604443,2
[#16X4;!r3;!r4;!r5;!r6;!r7;!r8:1]~[#6X3;r6:2]~;@[#6X3;r6:3],393.3026396484375,113.88369871115204,2
[#1X1;!r3;!r4;!r5;!r6;!r7;!r8:1]~[#6X4;r6:2]~;@[#6X4;r5:3],408.15885302734375,103.96614109288846,2
[#6X4;r6:1]~;@[#6X4;r6:2]~[#8X2;!r3;!r4;!r5;!r6;!r7;!r8:3],695.8641408691407,107.04185723841525,2
[#6X4;!r3;!r4;!r5;!r6;!r7;!r8:1]~[#7X3;r6:2]~;@[#6X4;r6:3],407.5204891357422,107.60491071283441,2
[#6X2;!r3;!r4;!r5;!r6;!r7;!r8:1]~[#6X3;r6:2]~;@[#6X3;r6:3],392.52244903564457,121.18867482093988,2
[#6X4;!r3;!r4;!r5;!r6;!r7;!r8:1]~[#6X3;r6:2]~;@[#7X2;r6:3],601.2219536132812,122.82297516478386,2
[#6X3;r5:1]~;@[#7X3;r5:2]~[#6X3;r6:3],449.2006587524414,116.0289313558588,2
[#1X1;!r3;!r4;!r5;!r6;!r7;!r8:1]~[#6X4;r6:2]~;@[#6X3;r5:3],428.16660363769535,106.34150330130048,2
[#6X3;r6:1]~[#6X3;r5:2]~;@[#7X2;r5:3],418.4759729003906,121.35004487027061,2
[#16X2;r5:1]~;@[#6X3;r5:2]~[#1X1;!r3;!r4;!r5;!r6;!r7;!r8:3],212.01589724731446,110.5601150006455,2
[#6X4;r6:1]~;@[#6X3;r6:2]~[#8X1;!r3;!r4;!r5;!r6;!r7;!r8:3],649.5491455078126,141.11582002634378,2
[#6X3;r5:1]~;@[#6X3;r5:2]~[#8X1;!r3;!r4;!r5;!r6;!r7;!r8:3],620.6411376953125,137.12771355110837,2
[#6X4;!r3;!r4;!r5;!r6;!r7;!r8:1]~[#6X3;r5:2]~;@[#7X3;r5:3],347.3078157958985,116.80260054352449,2
[#1X1;!r3;!r4;!r5;!r6;!r7;!r8:1]~[#7X3;r6:2]~;@[#6X4;r6:3],222.95816555786135,105.65082091205045,2
[#16X2;!r3;!r4;!r5;!r6;!r7;!r8:1]~[#6X3;r6:2]~;@[#6X3;r6:3],384.6198309326172,122.25492199189223,2
[#6X4;r5:1]~;@[#6X3;r5:2]~[#8X1;!r3;!r4;!r5;!r6;!r7;!r8:3],561.3689322509766,142.28934214840035,2
[#6X3;r6:1]~;@[#6X3;r6:2]~[#6X4;r6:3],412.2670078125,122.36520222623126,2
[#6X3;r6:1]~;@[#6X3;r6:2]~[#7X3;r6:3],498.4120092163086,122.42932404215934,2
[#6X3;r5:1]~;@[#6X3;r5:2]~[#7X3;!r3;!r4;!r5;!r6;!r7;!r8:3],545.9682038574219,124.57202268668404,2
[#6X3;r5:1]~;@[#6X3;r5:2]~[#6X3;r5:3],376.2761869506836,125.58452992924673,2
[#6X4;r5:1]~;@[#6X4;r5:2]~[#8X2;!r3;!r4;!r5;!r6;!r7;!r8:3],683.953824584961,109.55081794699271,2
[#6X3;r6:1]~[#7X3;r6:2]~;@[#6X4;r6:3],407.0834534301758,112.54561684142234,2
[#6X3;r6:1]~;@[#6X3;r6:2]~[#7X2;!r3;!r4;!r5;!r6;!r7;!r8:3],395.2563562011719,125.9669385604974,2
[#7X2;r5:1]~;@[#6X3;r5:2]~[#7X3;!r3;!r4;!r5;!r6;!r7;!r8:3],734.02028515625,123.19707828600379,2
[#6X3;r6:1]~;@[#6X4;r6:2]~[#6X4;!r3;!r4;!r5;!r6;!r7;!r8:3],491.3598726196289,108.29638540402816,2
[#6X4;r6:1]~;@[#6X4;r6:2]~[#7X3;!r3;!r4;!r5;!r6;!r7;!r8:3],677.0831929931641,108.06090097201363,2
[#6X3;!r3;!r4;!r5;!r6;!r7;!r8:1]~[#7X3;r6:2]~;@[#6X4;r6:3],401.2846143188477,110.60800145691645,2
[#1X1;!r3;!r4;!r5;!r6;!r7;!r8:1]~[#6X3;r6:2]~;@[#7X3;r6:3],353.10419696044926,113.89115044753652,2
[#6X3;r5:1]~;@[#6X4;r5:2]~[#6X4;!r3;!r4;!r5;!r6;!r7;!r8:3],452.8392499389649,110.1726315388415,2
[#1X1;!r3;!r4;!r5;!r6;!r7;!r8:1]~[#6X3;r6:2]~;@[#6X4;r6:3],282.26920336914066,110.16722885920801,2
[#6X3;r6:1]~;@[#6X3;r6:2]~[#6X4;r5:3],412.5223150634766,121.44376872606152,2
[#6X4;!r3;!r4;!r5;!r6;!r7;!r8:1]~[#7X3;r5:2]~;@[#7X2;r5:3],523.9032475585938,110.41182476357534,2
[#6X3;r6:1]~[#6X3;r6:2]~;@[#7X2;r6:3],551.5850910644532,123.02569517934982,2
[#16X2;r5:1]~;@[#6X4;r5:2]~[#1X1;!r3;!r4;!r5;!r6;!r7;!r8:3],383.426194519043,105.10210400469913,2
[#1X1;!r3;!r4;!r5;!r6;!r7;!r8:1]~[#7X3;r5:2]~;@[#6X4;r5:3],265.20323199462894,107.75290042158107,2
[#6X4;!r3;!r4;!r5;!r6;!r7;!r8:1]~[#6X4;r3:2]~;@[#6X4;r3:3],458.82399920654296,120.37653800786869,2
[#7X2;r6:1]~;@[#6X3;r6:2]~[#8X2;!r3;!r4;!r5;!r6;!r7;!r8:3],747.3498262939454,123.56965144484964,2
[#6X3;!r3;!r4;!r5;!r6;!r7;!r8:1]~[#6X4;r6:2]~;@[#6X4;r6:3],485.8804389038086,104.99282097797892,2
[#6X4;!r3;!r4;!r5;!r6;!r7;!r8:1]~[#6X4;r5:2]~;@[#8X2;r5:3],679.1044552001954,107.78936680155978,2
[#1X1;!r3;!r4;!r5;!r6;!r7;!r8:1]~[#6X4;r7:2]~;@[#7X3;r7:3],473.7364899902344,106.2047424235493,2
[#1X1;!r3;!r4;!r5;!r6;!r7;!r8:1]~[#6X3;r5:2]~;@[#8X2;r5:3],278.91630859375,102.05941182380936,2
[#1X1;!r3;!r4;!r5;!r6;!r7;!r8:1]~[#6X4;r4:2]~;@[#7X3;r4:3],443.80010278320316,112.98727053353372,2
[#1X1;!r3;!r4;!r5;!r6;!r7;!r8:1]~[#7X3;r5:2]~;@[#7X2;r5:3],382.1037872314453,105.09130547562134,2
[#6X3;r6:1]~[#6X3;r5:2]~;@[#7X3;r5:3],361.1667092895508,115.97315603109648,2
[#6X3;!r3;!r4;!r5;!r6;!r7;!r8:1]~[#7X3;r5:2]~;@[#6X4;r5:3],415.8525456542969,113.68861484807813,2
[#6X4;!r3;!r4;!r5;!r6;!r7;!r8:1]~[#7X3;r5:2]~;@[#6X4;r5:3],376.9208712768555,109.38912004858183,2
[#6X4;!r3;!r4;!r5;!r6;!r7;!r8:1]~[#6X3;r5:2]~;@[#8X2;r5:3],405.53293591308596,108.27951483677823,2
[#6X3;r6:1]~[#6X4;r6:2]~;@[#6X4;r6:3],521.2942168579102,107.16103037905363,2
[#6X3;!r3;!r4;!r5;!r6;!r7;!r8:1]~[#6X4;r5:2]~;@[#6X4;r5:3],447.57250842285157,106.96081021372387,2
[#1X1;!r3;!r4;!r5;!r6;!r7;!r8:1]~[#6X4;r5:2]~;@[#6X4;r6:3],395.46783538818363,105.76432499567771,2
[#6X4;!r3;!r4;!r5;!r6;!r7;!r8:1]~[#6X4;r6:2]~;@[#8X2;r6:3],687.170478881836,105.50048161822929,2
[#16X2;r5:1]~;@[#6X3;r5:2]~[#6X3;!r3;!r4;!r5;!r6;!r7;!r8:3],58.74742183685303,95.797146053094,-1
[#16X2;r6:1]~;@[#6X4;r6:2]~[#1X1;!r3;!r4;!r5;!r6;!r7;!r8:3],379.3977155151367,102.5697908793494,2
[#16X2;r5:1]~;@[#6X3;r5:2]~[#6X4;!r3;!r4;!r5;!r6;!r7;!r8:3],311.61696020507816,112.55799997438758,2
[#6X3;r6:1]~[#7X3;r5:2]~;@[#7X2;r5:3],540.4029654541016,110.40586883861909,2
[#6X3;r5:1]~;@[#6X3;r6:2]~[#8X1;!r3;!r4;!r5;!r6;!r7;!r8:3],576.9076887207032,141.59647409861591,2
[#6X3;r5:1]~[#6X3;r5:2]~;@[#7X2;r5:3],423.21585192871095,119.90808265345419,2
[#16X2;r5:1]~;@[#6X3;r5:2]~[#7X3;!r3;!r4;!r5;!r6;!r7;!r8:3],334.86696606445315,112.85331686353142,2
[#6X4;!r3;!r4;!r5;!r6;!r7;!r8:1]~[#6X4;r6:2]~;@[#7X3;r6:3],674.5683623046875,107.71107234310392,2
[#6X3;!r3;!r4;!r5;!r6;!r7;!r8:1]~[#6X3;r5:2]~;@[#7X2;r5:3],494.64959497070316,120.36846472426973,2
[#53X1;!r3;!r4;!r5;!r6;!r7;!r8:1]~[#6X3;r6:2]~;@[#6X3;r6:3],321.40791986083985,109.57953206226344,2
[#8X1;!r3;!r4;!r5;!r6;!r7;!r8:1]~[#6X3;r5:2]~;@[#8X2;r5:3],613.3944721679687,137.21108284011754,2
[#6X3;!r3;!r4;!r5;!r6;!r7;!r8:1]~[#6X3;r5:2]~;@[#7X3;r5:3],386.43507250976563,118.390359978364,2
[#16X2;!r3;!r4;!r5;!r6;!r7;!r8:1]~[#6X3;r6:2]~;@[#7X2;r6:3],464.74806591796874,125.47004229837897,2
[#17X1;!r3;!r4;!r5;!r6;!r7;!r8:1]~[#6X3;r5:2]~;@[#6X3;r5:3],333.57925732421876,117.80335986071476,2
[#6X3;r5:1]~;@[#6X3;r5:2]~[#8X2;!r3;!r4;!r5;!r6;!r7;!r8:3],495.5995435180664,121.43990283899129,2
[#6X3;r5:1]~[#6X3;r6:2]~;@[#7X2;r6:3],569.1018881835938,122.48499008389494,2
[#1X1;!r3;!r4;!r5;!r6;!r7;!r8:1]~[#6X4;r7:2]~;@[#6X3;r6:3],409.897962097168,106.67221423072333,2
[#1X1;!r3;!r4;!r5;!r6;!r7;!r8:1]~[#6X4;r6:2]~;@[#7X3;r5:3],515.8112079467774,104.3005198338956,2
[#6X4;r5:1]~;@[#6X4;r5:2]~[#7X3;!r3;!r4;!r5;!r6;!r7;!r8:3],673.8744552001954,110.6563455358618,2
[#6X4;!r3;!r4;!r5;!r6;!r7;!r8:1]~[#6X4;r5:2]~;@[#7X3;r5:3],687.2795223388672,110.36025000515258,2
[#6X3;r5:1]~;@[#6X3;r6:2]~[#7X3;!r3;!r4;!r5;!r6;!r7;!r8:3],566.3000842285156,124.52978479685667,2
[#6X3;r6:1]~[#7X3;r5:2]~;@[#6X4;r5:3],467.9182107543945,115.79106318782395,2
[#6X3;!r3;!r4;!r5;!r6;!r7;!r8:1]~[#6X3;r6:2]~;@[#7X2;r6:3],548.100935546875,120.9236361603867,2
[#1X1;!r3;!r4;!r5;!r6;!r7;!r8:1]~[#7X3;r5:2]~;@[#7X3;r5:3],290.7764444580078,98.15679199622582,2
[#6X3;r6:1]~;@[#7X3;r6:2]~[#6X3;r6:3],515.2502853393555,115.1514979343223,2
[#1X1;!r3;!r4;!r5;!r6;!r7;!r8:1]~[#6X4;r7:2]~;@[#6X3;r7:3],408.84972760009765,105.95562493395143,2
[#16X2;!r3;!r4;!r5;!r6;!r7;!r8:1]~[#6X3;r5:2]~;@[#7X2;r5:3],451.5020311279297,121.78568799591235,2
[#6X3;r6:1]~[#6X3;r5:2]~;@[#8X2;r5:3],359.73541815185547,105.85779613446934,2
[#1X1;!r3;!r4;!r5;!r6;!r7;!r8:1]~[#6X4;r5:2]~;@[#7X2;r5:3],453.2130812988281,108.23676468276312,2
[#6X3;!r3;!r4;!r5;!r6;!r7;!r8:1]~[#6X3;r5:2]~;@[#8X2;r5:3],556.7091759033203,114.45082297831654,2
[#16X2;r5:1]~;@[#6X3;r5:2]~[#6X3;r6:3],287.0665728149414,110.97939982322507,2
[#7X3;!r3;!r4;!r5;!r6;!r7;!r8:1]~[#6X3;r5:2]~;@[#7X3;r5:3],416.89203369140625,115.06628449423721,2
[#7X2;r6:1]~;@[#6X3;r6:2]~[#7X3;r6:3],659.4450946044922,127.6551700780278,2
[#1X1;!r3;!r4;!r5;!r6;!r7;!r8:1]~[#6X3;r5:2]~;@[#6X4;r5:3],308.48563177490234,112.63462786668595,2
[#6X2;!r3;!r4;!r5;!r6;!r7;!r8:1]~[#6X3;r5:2]~;@[#6X3;r5:3],352.419834350586,124.99303554712363,2
[#6X3;!r3;!r4;!r5;!r6;!r7;!r8:1]~[#6X4;r3:2]~;@[#6X4;r3:3],379.6760061645508,119.61722587783837,2
[#6X3;r6:1]~[#6X4;r5:2]~;@[#6X4;r5:3],522.8523635864258,110.2720995837244,2
[#17X1;!r3;!r4;!r5;!r6;!r7;!r8:1]~[#6X3;r6:2]~;@[#7X2;r6:3],505.18224804687503,120.59875138232589,2
[#6X4;r6:1]~;@[#6X4;r6:2]~[#9X1;!r3;!r4;!r5;!r6;!r7;!r8:3],605.5195299072266,102.26529421596105,2
[#1X1;!r3;!r4;!r5;!r6;!r7;!r8:1]~[#6X3;r7:2]~;@[#6X3;r7:3],276.57797125244144,129.6121012375065,2
[#16X1;!r3;!r4;!r5;!r6;!r7;!r8:1]~[#6X3;r5:2]~;@[#7X3;r5:3],552.6958914794922,136.49165901484008,2
[#6X3;!r3;!r4;!r5;!r6;!r7;!r8:1]~[#7X3;r5:2]~;@[#6X3;r5:3],457.04482879638675,114.13385438950375,2
[#6X3;r6:1]~;@[#6X4;r6:2]~[#8X2;!r3;!r4;!r5;!r6;!r7;!r8:3],704.7167075195313,108.85419329316477,2
[#6X3;!r3;!r4;!r5;!r6;!r7;!r8:1]~[#6X3;r6:2]~;@[#6X4;r6:3],84.59830647277832,163.27344546748537,2
[#1X1;!r3;!r4;!r5;!r6;!r7;!r8:1]~[#6X3;r6:2]~;@[#7X3;r5:3],364.3355134277344,109.12385599178604,2
[#1X1;!r3;!r4;!r5;!r6;!r7;!r8:1]~[#6X4;r8:2]~;@[#6X4;r8:3],392.5118830566406,109.87540219673005,2
[#7X2;r6:1]~;@[#6X3;r6:2]~[#7X3;r5:3],789.7485144042969,121.31538849042195,2
[#6X3;r5:1]~;@[#6X3;r6:2]~[#6X4;!r3;!r4;!r5;!r6;!r7;!r8:3],379.7461693725586,120.19967708950037,2
[#6X4;!r3;!r4;!r5;!r6;!r7;!r8:1]~[#6X4;r4:2]~;@[#6X4;r4:3],456.42561773681643,116.38806270241808,2
[#6X3;r6:1]~[#6X4;r3:2]~;@[#6X4;r3:3],410.64747625732423,119.72418664024077,2
[#1X1;!r3;!r4;!r5;!r6;!r7;!r8:1]~[#6X4;r3:2]~;@[#7X3;r3:3],412.7806867675781,115.74385292028082,2
[#1X1;!r3;!r4;!r5;!r6;!r7;!r8:1]~[#6X4;r5:2]~;@[#6X4;r3:3],384.27990008544924,107.01235765138996,2
[#7X2;r6:1]~;@[#6X3;r6:2]~[#8X1;!r3;!r4;!r5;!r6;!r7;!r8:3],664.2355371093751,142.18597406550137,2
[#1X1;!r3;!r4;!r5;!r6;!r7;!r8:1]~[#6X4;r3:2]~;@[#8X2;r3:3],487.4439803466797,116.52907878802216,2
[#6X3;r5:1]~;@[#6X3;r6:2]~[#8X2;!r3;!r4;!r5;!r6;!r7;!r8:3],522.9697704467774,118.09719459880871,2
[#8X1;!r3;!r4;!r5;!r6;!r7;!r8:1]~[#6X3;r6:2]~;@[#8X2;r6:3],709.6792062988281,138.87846862030105,2
[#6X3;r5:1]~[#6X4;r6:2]~;@[#6X4;r6:3],560.4706005859375,107.46894896721614,2
[#1X1;!r3;!r4;!r5;!r6;!r7;!r8:1]~[#6X4;r6:2]~;@[#7X4;r6:3],469.03386322021487,100.52312469455507,2
[#6X4;!r3;!r4;!r5;!r6;!r7;!r8:1]~[#6X3;r6:2]~;@[#7X3;r6:3],353.48731744384764,111.40466789151756,2
[#16X2;r5:1]~;@[#6X3;r5:2]~[#6X3;r5:3],325.03760498046876,115.4151842174198,2
[#6X3;r5:1]~[#6X3;r5:2]~;@[#7X3;r5:3],433.07298461914064,118.35903673083033,2
[#6X3;r6:1]~;@[#6X3;r6:2]~[#6X4;r3:3],432.0303363647461,122.38326124639677,2
[#35X1;!r3;!r4;!r5;!r6;!r7;!r8:1]~[#6X3;r5:2]~;@[#6X3;r5:3],309.57140582275395,118.49506677834029,2
[#1X1;!r3;!r4;!r5;!r6;!r7;!r8:1]~[#6X4;r7:2]~;@[#6X3;r5:3],430.12035211181643,107.67629301985022,2
[#1X1;!r3;!r4;!r5;!r6;!r7;!r8:1]~[#6X4;r5:2]~;@[#6X3;r6:3],336.08712915039064,105.29265262216414,2
[#6X4;r3:1]~;@[#6X4;r3:2]~[#7X3;!r3;!r4;!r5;!r6;!r7;!r8:3],549.2315910644531,118.76746838281875,2
[#7X2;!r3;!r4;!r5;!r6;!r7;!r8:1]~[#6X3;r5:2]~;@[#7X3;r5:3],528.5898497924804,129.5695081778423,2
[#16X1;!r3;!r4;!r5;!r6;!r7;!r8:1]~[#6X3;r6:2]~;@[#7X3;r6:3],646.1258321533203,141.27246358476884,2
[#6X3;!r3;!r4;!r5;!r6;!r7;!r8:1]~[#6X3;r5:2]~;@[#6X4;r5:3],127.03744696044923,162.5999478341871,2
[#16X4;!r3;!r4;!r5;!r6;!r7;!r8:1]~[#6X3;r5:2]~;@[#6X3;r5:3],343.324760925293,120.79774211360503,2
[#6X3;r5:1]~;@[#6X3;r5:2]~[#7X2;!r3;!r4;!r5;!r6;!r7;!r8:3],321.16937133789065,128.60951142961866,2
[#6X3;r6:1]~;@[#7X3;r6:2]~[#8X1;!r3;!r4;!r5;!r6;!r7;!r8:3],758.9791705322266,121.58643771744474,2
[#6X3;r5:1]~;@[#6X4;r5:2]~[#8X2;!r3;!r4;!r5;!r6;!r7;!r8:3],731.8180286865235,110.00489575320432,2
[#17X1;!r3;!r4;!r5;!r6;!r7;!r8:1]~[#6X4;r5:2]~;@[#6X4;r5:3],529.6215490112305,107.25548506508574,2
[#6X4;r6:1]~;@[#6X4;r6:2]~[#7X3;r5:3],674.364576171875,105.9451337633863,2
[#6X4;r5:1]~;@[#16X4;r5:2]~[#8X1;!r3;!r4;!r5;!r6;!r7;!r8:3],584.9502182617188,132.5324988813072,2
[#6X3;r6:1]~[#6X4;r5:2]~;@[#7X3;r5:3],671.0467949218751,109.98368801583143,2
[#7X3;!r3;!r4;!r5;!r6;!r7;!r8:1]~[#6X3;r6:2]~;@[#7X3;r6:3],572.7920643310547,121.55739575309384,2
[#6X3;r6:1]~;@[#6X4;r6:2]~[#6X3;r6:3],492.5976882324219,108.91722910901481,2
[#6X3;!r3;!r4;!r5;!r6;!r7;!r8:1]~[#6X4;r5:2]~;@[#7X3;r5:3],598.3011467285156,106.83274416678613,2
[#6X4;r6:1]~;@[#16X4;r6:2]~[#8X1;!r3;!r4;!r5;!r6;!r7;!r8:3],658.6035191650391,123.78100481852653,2
[#6X3;r5:1]~[#6X4;r3:2]~;@[#6X4;r3:3],435.0554304199219,119.81875743948876,2
[#1X1;!r3;!r4;!r5;!r6;!r7;!r8:1]~[#6X4;r7:2]~;@[#8X2;r7:3],495.63998791503906,105.33178277591915,2
[#1X1;!r3;!r4;!r5;!r6;!r7;!r8:1]~[#7X3;r6:2]~;@[#6X3;r5:3],348.9934565429688,115.13932653722132,2
[#16X2;!r3;!r4;!r5;!r6;!r7;!r8:1]~[#6X3;r5:2]~;@[#7X3;r5:3],249.567418548584,113.61938405065088,2
[#6X3;r5:1]~[#6X3;r5:2]~;@[#8X2;r5:3],431.11665051269534,107.6935392475045,2
[#6X3;r5:1]~[#7X3;r6:2]~;@[#6X4;r6:3],419.8375796508789,110.98737065398647,2
[#16X4;r5:1]~;@[#6X4;r5:2]~[#1X1;!r3;!r4;!r5;!r6;!r7;!r8:3],395.5326996459961,104.67967729510136,2
[#6X4;!r3;!r4;!r5;!r6;!r7;!r8:1]~[#6X3;r6:2]~;@[#6X4;r6:3],397.8611732788086,111.50682703093345,2
[#16X4;!r3;!r4;!r5;!r6;!r7;!r8:1]~[#7X3;r6:2]~;@[#6X4;r6:3],269.8993468017578,99.45922710867721,2
[#16X2;!r3;!r4;!r5;!r6;!r7;!r8:1]~[#6X3;r5:2]~;@[#6X3;r5:3],284.1894024658203,123.62273567507899,2
[#16X4;r6:1]~;@[#6X4;r6:2]~[#1X1;!r3;!r4;!r5;!r6;!r7;!r8:3],390.51746673583983,102.25244663013225,2
[#1X1;!r3;!r4;!r5;!r6;!r7;!r8:1]~[#6X4;r6:2]~;@[#6X4;r3:3],393.78040704345705,103.8443656501763,2
[#16X3;!r3;!r4;!r5;!r6;!r7;!r8:1]~[#6X3;r6:2]~;@[#6X3;r6:3],389.6123677368164,116.57419901767926,2
[#6X3;r5:1]~;@[#7X3;r5:2]~[#6X3;r5:3],462.90984094238286,116.32970556614949,2
[#6X3;r5:1]~;@[#16X4;r5:2]~[#8X1;!r3;!r4;!r5;!r6;!r7;!r8:3],564.9113762207031,134.65623692069593,2
[#7X3;r7:1]~;@[#6X3;r7:2]~[#8X1;!r3;!r4;!r5;!r6;!r7;!r8:3],904.9925731201172,134.60438212451717,2
[#6X3;r5:1]~;@[#6X3;r5:2]~[#6X4;r6:3],394.3109724121094,126.28847654586492,2
[#7X3;r5:1]~;@[#6X3;r6:2]~[#8X1;!r3;!r4;!r5;!r6;!r7;!r8:3],699.3057770996094,138.88853631913764,2
[#6X4;r4:1]~;@[#6X4;r4:2]~[#9X1;!r3;!r4;!r5;!r6;!r7;!r8:3],541.5940162353515,112.50324917800076,2
[#7X3;!r3;!r4;!r5;!r6;!r7;!r8:1]~[#6X3;r5:2]~;@[#8X2;r5:3],507.08575225830083,108.89804310763624,2
[#7X2;r5:1]~;@[#6X3;r5:2]~[#8X2;!r3;!r4;!r5;!r6;!r7;!r8:3],598.490887451172,120.4835397514061,2
[#6X3;r5:1]~;@[#7X3;r5:2]~[#6X4;r6:3],441.7412371826172,114.88268900934727,2
[#6X3;!r3;!r4;!r5;!r6;!r7;!r8:1]~[#6X4;r6:2]~;@[#6X3;r6:3],484.6466773071289,106.77420944559913,2
[#1X1;!r3;!r4;!r5;!r6;!r7;!r8:1]~[#6X4;r4:2]~;@[#8X2;r4:3],493.5850486450195,112.1299042077787,2
[#6X4;r4:1]~;@[#6X4;r4:2]~[#8X2;!r3;!r4;!r5;!r6;!r7;!r8:3],598.9631962890626,113.7897084779835,2
[#7X3;r5:1]~;@[#6X3;r5:2]~[#8X2;!r3;!r4;!r5;!r6;!r7;!r8:3],458.2581607055664,106.95875432678369,2
[#1X1;!r3;!r4;!r5;!r6;!r7;!r8:1]~[#6X4;r6:2]~;@[#7X2;r6:3],434.1097274169922,108.0159241763291,2
[#6X3;r5:1]~;@[#6X4;r5:2]~[#6X3;r6:3],534.2543956298829,109.49073960305327,2
[#16X2;r5:1]~;@[#6X3;r5:2]~[#7X2;!r3;!r4;!r5;!r6;!r7;!r8:3],236.66931091308595,124.40494259920719,2
[#6X3;r6:1]~[#6X4;r6:2]~;@[#7X3;r6:3],646.073544921875,107.64764037628201,2
[#7X3;r6:1]~;@[#16X4;r6:2]~[#8X1;!r3;!r4;!r5;!r6;!r7;!r8:3],754.5998116455079,120.48229665697717,2
[#16X2;r5:1]~;@[#6X4;r5:2]~[#6X4;!r3;!r4;!r5;!r6;!r7;!r8:3],599.7345446777344,108.18692479238953,2
[#6X3;r5:1]~;@[#7X3;r5:2]~[#6X4;r5:3],411.98983441162113,117.2115376295115,2
[#6X4;r5:1]~;@[#6X4;r5:2]~[#9X1;!r3;!r4;!r5;!r6;!r7;!r8:3],707.1146420898438,107.04527233300024,2
[#6X3;r5:1]~[#6X4;r5:2]~;@[#6X4;r5:3],548.4064232177734,110.24122029848677,2
[#1X1;!r3;!r4;!r5;!r6;!r7;!r8:1]~[#7X3;r7:2]~;@[#6X4;r7:3],280.96186297607426,108.25164083477542,2
[#16X2;!r3;!r4;!r5;!r6;!r7;!r8:1]~[#6X3;r5:2]~;@[#16X2;r5:3],268.7431541748047,108.62581908807621,2
[#6X2;!r3;!r4;!r5;!r6;!r7;!r8:1]~[#6X3;r6:2]~;@[#7X2;r6:3],482.65957098388674,120.53785341568604,2
[#6X3;r5:1]~;@[#6X3;r6:2]~[#6X3;r6:3],287.9920695800781,117.22008902635235,2
[#6X3;!r3;!r4;!r5;!r6;!r7;!r8:1]~[#7X3;r6:2]~;@[#6X3;r6:3],515.480630065918,113.7957873463448,2
[#6X4;r4:1]~;@[#6X4;r4:2]~[#7X3;!r3;!r4;!r5;!r6;!r7;!r8:3],591.0150902099609,115.1358021596096,2
[#15X4;!r3;!r4;!r5;!r6;!r7;!r8:1]~[#6X3;r6:2]~;@[#6X3;r6:3],271.3811375732422,118.16034652787465,2
[#6X2;!r3;!r4;!r5;!r6;!r7;!r8:1]~[#6X4;r6:2]~;@[#6X4;r6:3],520.3953744506836,106.39599455049884,2
[#1X1;!r3;!r4;!r5;!r6;!r7;!r8:1]~[#6X4;r4:2]~;@[#6X3;r4:3],335.34112634277346,114.36554123633975,2
[#6X3;r6:1]~;@[#16X4;r6:2]~[#8X1;!r3;!r4;!r5;!r6;!r7;!r8:3],559.234540649414,126.82224216912307,2
[#6X3;r5:1]~;@[#6X3;r5:2]~[#6X4;r5:3],405.0418892211914,124.86843923628425,2
[#6X3;r5:1]~;@[#7X3;r5:2]~[#7X3;!r3;!r4;!r5;!r6;!r7;!r8:3],513.1341527709961,110.94623242461547,2
[#1X1;!r3;!r4;!r5;!r6;!r7;!r8:1]~[#6X4;r3:2]~;@[#6X4;r5:3],166.68765579223634,123.31458486048469,2
[#6X4;r5:1]~;@[#6X4;r5:2]~[#7X3;r5:3],669.8582978515625,108.7551760407671,2
[#17X1;!r3;!r4;!r5;!r6;!r7;!r8:1]~[#6X4;r6:2]~;@[#6X4;r6:3],634.1910002441407,105.39330911996262,2
[#1X1;!r3;!r4;!r5;!r6;!r7;!r8:1]~[#7X3;r7:2]~;@[#6X3;r6:3],394.5678757324219,115.14481800931402,2
[#7X2;!r3;!r4;!r5;!r6;!r7;!r8:1]~[#6X3;r6:2]~;@[#7X3;r6:3],629.2312467041016,138.38819764167752,2
[#6X3;!r3;!r4;!r5;!r6;!r7;!r8:1]~[#6X4;r5:2]~;@[#6X3;r5:3],452.54822265625,108.50672107951871,2
[#6X4;r5:1]~;@[#6X3;r6:2]~[#8X1;!r3;!r4;!r5;!r6;!r7;!r8:3],578.6399346923828,143.5234343880166,2
[#1X1;!r3;!r4;!r5;!r6;!r7;!r8:1]~[#6X4;r7:2]~;@[#7X3;r5:3],480.84298870849614,104.97486441065097,2
[#1X1;!r3;!r4;!r5;!r6;!r7;!r8:1]~[#7X3;r7:2]~;@[#6X3;r7:3],361.0220734863281,112.93508788827481,2
[#17X1;!r3;!r4;!r5;!r6;!r7;!r8:1]~[#6X3;r6:2]~;@[#6X3;r5:3],379.1508674316406,113.13873680856791,2
[#6X4;!r3;!r4;!r5;!r6;!r7;!r8:1]~[#7X4;r6:2]~;@[#6X4;r6:3],622.2015827636719,114.88021648086773,2
[#16X4;!r3;!r4;!r5;!r6;!r7;!r8:1]~[#7X3;r5:2]~;@[#6X3;r5:3],463.8715365600586,114.58596510123441,2
[#6X4;!r3;!r4;!r5;!r6;!r7;!r8:1]~[#6X3;r5:2]~;@[#6X4;r5:3],436.8602337036133,118.06830289861955,2
[#6X3;r6:1]~;@[#6X3;r6:2]~[#6X3;r7:3],456.6094530029297,121.614168285475,2
[#7X3;r5:1]~;@[#16X4;r5:2]~[#8X1;!r3;!r4;!r5;!r6;!r7;!r8:3],768.667566772461,125.88605546034611,2
[#6X3;r6:1]~;@[#7X3;r6:2]~[#8X2;!r3;!r4;!r5;!r6;!r7;!r8:3],593.5377735595704,109.13654648326393,2
[#1X1;!r3;!r4;!r5;!r6;!r7;!r8:1]~[#6X4;r5:2]~;@[#7X4;r5:3],483.0989688720703,103.51060845638364,2
[#6X4;r7:1]~;@[#6X3;r7:2]~[#8X1;!r3;!r4;!r5;!r6;!r7;!r8:3],583.1471068115235,139.57777070828362,2
[#6X3;r5:1]~;@[#7X3;r6:2]~[#6X4;!r3;!r4;!r5;!r6;!r7;!r8:3],389.42610644531254,115.7390717878618,2
[#8X2;!r3;!r4;!r5;!r6;!r7;!r8:1]~[#6X4;r6:2]~;@[#8X2;r6:3],937.3666689453125,108.03817010245584,2
[#1X1;!r3;!r4;!r5;!r6;!r7;!r8:1]~[#6X4;r7:2]~;@[#6X4;r5:3],394.8932185058594,104.8609027043493,2
[#6X4;r6:1]~[#6X3;r5:2]~;@[#7X2;r5:3],443.4489356079102,122.21295730963168,2
[#6X3;!r3;!r4;!r5;!r6;!r7;!r8:1]~[#7X3;r5:2]~;@[#7X2;r5:3],562.8467009277344,109.2633762659619,2
[#16X2;r5:1]~;@[#6X3;r5:2]~[#8X1;!r3;!r4;!r5;!r6;!r7;!r8:3],498.9329343261719,137.11112985180355,2
[#16X2;r5:1]~;@[#6X3;r5:2]~[#17X1;!r3;!r4;!r5;!r6;!r7;!r8:3],309.7736278076172,104.39705772762457,2
[#16X2;r5:1]~;@[#6X3;r5:2]~[#16X4;!r3;!r4;!r5;!r6;!r7;!r8:3],327.6698425292969,115.23232639296022,2
[#6X4;!r3;!r4;!r5;!r6;!r7;!r8:1]~[#6X4;r3:2]~;@[#8X2;r3:3],645.9021909179688,119.1107263697469,2
[#6X3;!r3;!r4;!r5;!r6;!r7;!r8:1]~[#6X3;r6:2]~;@[#6X3;r5:3],351.5348458251953,118.53095259223954,2
[#6X3;r5:1]~;@[#6X3;r5:2]~[#7X3;r5:3],421.2590709228516,119.00989911721918,2
[#6X4;!r3;!r4;!r5;!r6;!r7;!r8:1]~[#7X3;r6:2]~;@[#7X2;r6:3],514.7431502685547,114.30773051520477,2
[#6X4;r6:1]~;@[#6X3;r6:2]~[#7X2;!r3;!r4;!r5;!r6;!r7;!r8:3],333.22869665527344,155.32030489603085,2
[#6X3;r6:1]~[#6X3;r6:2]~;@[#7X3;r6:3],500.1704945678711,115.06639377726393,2
[#6X4;r6:1]~;@[#6X4;r6:2]~[#7X3;r6:3],642.9573153076173,106.10452988804688,2
[#7X2;r5:1]~;@[#6X3;r5:2]~[#7X3;r5:3],611.5870194091797,118.08458606960086,2
[#6X3;!r3;!r4;!r5;!r6;!r7;!r8:1]~[#7X3;r4:2]~;@[#6X4;r4:3],389.8287628173828,119.88591185940832,2
[#6X4;!r3;!r4;!r5;!r6;!r7;!r8:1]~[#7X3;r7:2]~;@[#6X4;r7:3],418.9303419189453,109.62504161270323,2
[#16X1;!r3;!r4;!r5;!r6;!r7;!r8:1]~[#6X3;r5:2]~;@[#16X2;r5:3],428.3738053588867,131.91834193151797,2
[#6X3;r6:1]~;@[#6X3;r6:2]~[#6X4;r4:3],412.39980078125,122.57421967521199,2
[#6X3;r6:1]~[#6X4;r4:2]~;@[#6X4;r4:3],477.78830352783206,116.98696100960147,2
[#6X4;!r3;!r4;!r5;!r6;!r7;!r8:1]~[#6X4;r7:2]~;@[#6X4;r7:3],575.1552684326172,109.75061464059392,2
[#6X3;r6:1]~[#6X3;r6:2]~;@[#6X4;r6:3],364.77098498535156,110.57229322793562,2
[#6X3;!r3;!r4;!r5;!r6;!r7;!r8:1]~[#6X3;r6:2]~;@[#7X3;r6:3],800.7497734375,122.4258269853043,2
[#7X2;!r3;!r4;!r5;!r6;!r7;!r8:1]~[#6X3;r6:2]~;@[#7X2;r6:3],511.1277020874024,129.1080879182729,2
[#1X1;!r3;!r4;!r5;!r6;!r7;!r8:1]~[#6X4;r5:2]~;@[#6X4;r4:3],374.68956634521487,106.95849477959524,2
[#6X3;r6:1]~[#6X4;r6:2]~;@[#8X2;r6:3],673.0270700683594,105.71754503005229,2
[#6X2;!r3;!r4;!r5;!r6;!r7;!r8:1]~[#6X4;r5:2]~;@[#6X4;r5:3],488.8569805297852,108.89768110761024,2
[#1X1;!r3;!r4;!r5;!r6;!r7;!r8:1]~[#6X4;r7:2]~;@[#7X2;r7:3],467.55504113769535,107.38549088574776,2
[#6X4;r4:1]~;@[#6X3;r4:2]~[#8X1;!r3;!r4;!r5;!r6;!r7;!r8:3],447.5393101806641,149.05953493674372,2
[#7X2;r5:1]~;@[#6X3;r5:2]~[#8X1;!r3;!r4;!r5;!r6;!r7;!r8:3],597.804769165039,141.83938294625824,2
[#7X2;r5:1]~;@[#6X3;r5:2]~[#7X3;r6:3],607.2926990966797,122.12790779408668,2
[#8X2;!r3;!r4;!r5;!r6;!r7;!r8:1]~[#6X4;r5:2]~;@[#8X2;r5:3],953.3262769775391,109.79586464384525,2
[#16X2;!r3;!r4;!r5;!r6;!r7;!r8:1]~[#6X4;r6:2]~;@[#6X4;r6:3],515.6815751953126,104.78388549126824,2
[#6X3;r6:1]~[#7X3;r4:2]~;@[#6X4;r4:3],418.96047570800783,119.25642796512162,2
[#6X3;r6:1]~;@[#6X4;r6:2]~[#7X3;!r3;!r4;!r5;!r6;!r7;!r8:3],713.1051372070312,109.1967955819326,2
[#6X3;r6:1]~;@[#6X3;r7:2]~[#8X1;!r3;!r4;!r5;!r6;!r7;!r8:3],579.2314379882813,138.78172582089698,2
[#6X3;r6:1]~[#6X4;r5:2]~;@[#8X2;r5:3],646.5650704345703,107.76714136600056,2
[#6X3;r6:1]~[#6X3;r5:2]~;@[#6X4;r5:3],375.8407792358399,120.08057225075369,2
[#1X1;!r3;!r4;!r5;!r6;!r7;!r8:1]~[#6X3;r6:2]~;@[#8X2;r6:3],365.4005385742188,103.47787135969176,2
[#16X2;!r3;!r4;!r5;!r6;!r7;!r8:1]~[#6X3;r6:2]~;@[#7X3;r6:3],393.63468591308595,112.46288959019515,2
[#6X4;r5:1]~;@[#6X3;r5:2]~[#7X2;!r3;!r4;!r5;!r6;!r7;!r8:3],344.6257489624024,139.6653337334432,2
[#1X1;!r3;!r4;!r5;!r6;!r7;!r8:1]~[#7X3;r6:2]~;@[#7X2;r6:3],333.68140576171874,112.02314152086223,2
[#6X3;r5:1]~;@[#7X3;r5:2]~[#8X2;!r3;!r4;!r5;!r6;!r7;!r8:3],452.34210626220704,106.20780917848664,2
[#6X4;r6:1]~;@[#6X4;r6:2]~[#7X2;!r3;!r4;!r5;!r6;!r7;!r8:3],601.4568311767579,107.43293337972266,2
[#6X2;!r3;!r4;!r5;!r6;!r7;!r8:1]~[#6X4;r3:2]~;@[#6X4;r3:3],403.6402211303711,117.04208063620348,2
[#6X3;r5:1]~;@[#6X4;r5:2]~[#7X3;!r3;!r4;!r5;!r6;!r7;!r8:3],793.0461213378907,110.503328807886,2
[#6X3;r5:1]~;@[#6X4;r6:2]~[#6X4;!r3;!r4;!r5;!r6;!r7;!r8:3],533.3029467773438,108.3467375585895,2
[#7X2;!r3;!r4;!r5;!r6;!r7;!r8:1]~[#6X3;r5:2]~;@[#7X2;r5:3],704.2984096679688,122.74983749915135,2
[#6X4;!r3;!r4;!r5;!r6;!r7;!r8:1]~[#6X4;r5:2]~;@[#6X4;r6:3],573.3942932128906,109.64777248226103,2
[#6X4;!r3;!r4;!r5;!r6;!r7;!r8:1]~[#6X3;r6:2]~;@[#8X2;r6:3],497.3068908081055,106.31461284653814,2
[#6X3;r5:1]~;@[#6X3;r5:2]~[#6X4;r3:3],403.4065246582031,127.21123510273364,2
[#16X2;r7:1]~;@[#6X4;r7:2]~[#1X1;!r3;!r4;!r5;!r6;!r7;!r8:3],378.9720757446289,103.633155710472,2
[#16X2;r6:1]~;@[#6X4;r6:2]~[#6X4;!r3;!r4;!r5;!r6;!r7;!r8:3],525.3887731323242,105.67126366823629,2
[#16X4;!r3;!r4;!r5;!r6;!r7;!r8:1]~[#7X3;r5:2]~;@[#6X4;r5:3],223.20049676513673,98.1196699180868,2
[#6X4;r6:1]~;@[#7X3;r6:2]~[#6X4;r6:3],427.00233489990234,106.66739211716929,2
[#6X3;r6:1]~[#7X3;r5:2]~;@[#7X3;r5:3],528.7868685913086,110.20017769176415,2
[#6X4;r5:1]~;@[#6X4;r5:2]~[#7X3;r6:3],631.0468074951173,108.44014039548942,2
[#6X3;r6:1]~;@[#7X3;r6:2]~[#6X4;r5:3],421.49398040771484,115.79233360300957,2
[#6X3;r6:1]~;@[#6X3;r6:2]~[#6X4;r7:3],430.1277897949219,122.52817053982776,2
[#6X2;!r3;!r4;!r5;!r6;!r7;!r8:1]~[#6X4;r6:2]~;@[#6X3;r6:3],560.8714693603516,107.63135037511154,2
[#1X1;!r3;!r4;!r5;!r6;!r7;!r8:1]~[#6X3;r6:2]~;@[#6X4;r5:3],280.63122125244143,110.1716275010335,2
[#6X3;r6:1]~;@[#7X3;r6:2]~[#7X3;!r3;!r4;!r5;!r6;!r7;!r8:3],483.7407483520508,109.94603318293716,2
[#6X4;!r3;!r4;!r5;!r6;!r7;!r8:1]~[#6X4;r6:2]~;@[#7X2;r6:3],706.9375422363281,110.32775196508166,2
[#6X3;!r3;!r4;!r5;!r6;!r7;!r8:1]~[#6X4;r4:2]~;@[#6X4;r4:3],410.9640406494141,114.98215022404099,2
[#6X4;!r3;!r4;!r5;!r6;!r7;!r8:1]~[#6X4;r6:2]~;@[#6X4;r5:3],532.8209657592773,107.2028994386658,2
[#7X3;r4:1]~;@[#6X3;r4:2]~[#8X1;!r3;!r4;!r5;!r6;!r7;!r8:3],618.3415209960938,140.79764249404792,2
[#7X2;r6:1]~;@[#6X3;r6:2]~[#9X1;!r3;!r4;!r5;!r6;!r7;!r8:3],589.6451519775391,117.45485628850403,2
[#6X3;r5:1]~;@[#6X3;r6:2]~[#9X1;!r3;!r4;!r5;!r6;!r7;!r8:3],563.3043259277345,112.2125836476817,2
[#6X4;r3:1]~[#6X3;r5:2]~;@[#7X2;r5:3],527.7229926147461,123.82005984020066,2
[#6X4;!r3;!r4;!r5;!r6;!r7;!r8:1]~[#7X3;r5:2]~;@[#7X3;r5:3],424.90672778320317,106.00907116420679,2
[#6X4;r5:1]~[#6X3;r5:2]~;@[#7X2;r5:3],428.029309753418,120.60558157149589,2
[#6X3;r7:1]~;@[#7X3;r7:2]~[#6X4;!r3;!r4;!r5;!r6;!r7;!r8:3],492.2526180419922,115.95530191660607,2
[#6X4;!r3;!r4;!r5;!r6;!r7;!r8:1]~[#6X3;r6:2]~;@[#7X3;r5:3],461.174434753418,110.4760422021518,2
[#35X1;!r3;!r4;!r5;!r6;!r7;!r8:1]~[#6X3;r6:2]~;@[#6X3;r5:3],313.8618955688477,113.25923500590528,2
[#7X3;!r3;!r4;!r5;!r6;!r7;!r8:1]~[#6X3;r6:2]~;@[#7X3;r5:3],582.56683984375,117.77670846257337,2
[#6X3;!r3;!r4;!r5;!r6;!r7;!r8:1]~[#6X4;r5:2]~;@[#8X2;r5:3],658.8052623291015,106.42242738258679,2
[#6X3;r5:1]~[#6X4;r5:2]~;@[#7X3;r5:3],701.9986652832032,109.79456007771378,2
[#6X3;!r3;!r4;!r5;!r6;!r7;!r8:1]~[#6X4;r6:2]~;@[#7X3;r6:3],648.3336429443359,104.92621980338212,2
[#1X1;!r3;!r4;!r5;!r6;!r7;!r8:1]~[#6X4;r3:2]~;@[#6X4;r6:3],103.35312669372559,132.79517429640754,2
[#6X3;r5:1]~;@[#6X3;r5:2]~[#7X3;r6:3],517.6279498291016,121.81739373403956,2
[#6X4;!r3;!r4;!r5;!r6;!r7;!r8:1]~[#7X4;r5:2]~;@[#6X4;r5:3],630.3541134033203,112.70816851347948,2
[#1X1;!r3;!r4;!r5;!r6;!r7;!r8:1]~[#6X4;r6:2]~;@[#6X4;r4:3],410.56888580322266,103.62678314397638,2
[#6X4;r5:1]~;@[#6X4;r6:2]~[#8X2;!r3;!r4;!r5;!r6;!r7;!r8:3],721.3474307861328,107.69453645512333,2
[#17X1;!r3;!r4;!r5;!r6;!r7;!r8:1]~[#6X4;r5:2]~;@[#6X3;r5:3],452.0108899536133,108.99839224692208,2
[#6X3;!r3;!r4;!r5;!r6;!r7;!r8:1]~[#6X4;r6:2]~;@[#8X2;r6:3],629.1520178222656,103.61430438836277,2
[#6X4;!r3;!r4;!r5;!r6;!r7;!r8:1]~[#6X4;r5:2]~;@[#7X2;r5:3],605.0888465576172,110.83059732196716,2
[#6X3;r5:1]~[#6X4;r6:2]~;@[#6X3;r6:3],529.155241394043,109.43540141039783,2
[#6X4;r6:1]~;@[#6X3;r6:2]~[#7X3;!r3;!r4;!r5;!r6;!r7;!r8:3],465.64694024658206,118.84541450162693,2
[#17X1;!r3;!r4;!r5;!r6;!r7;!r8:1]~[#6X3;r5:2]~;@[#7X2;r5:3],560.3896479492188,118.9063944305368,2
[#16X2;!r3;!r4;!r5;!r6;!r7;!r8:1]~[#6X4;r5:2]~;@[#6X4;r5:3],538.0287803955079,108.71070467908113,2
[#16X2;r5:1]~;@[#6X3;r5:2]~[#7X3;r5:3],382.75498352050784,106.29116480711748,2
[#6X4;r6:1]~;@[#6X3;r6:2]~[#8X2;!r3;!r4;!r5;!r6;!r7;!r8:3],533.4000835571289,110.43450782180895,2
[#8X2;r5:1]~;@[#6X4;r5:2]~[#9X1;!r3;!r4;!r5;!r6;!r7;!r8:3],897.3392291259765,108.217114228521,2
[#6X4;r6:1]~;@[#7X3;r6:2]~[#7X3;!r3;!r4;!r5;!r6;!r7;!r8:3],399.198934753418,101.53843914486664,2
[#1X1;!r3;!r4;!r5;!r6;!r7;!r8:1]~[#6X4;r7:2]~;@[#7X3;r6:3],462.92701464843753,104.23588575377977,2
[#6X3;r5:1]~;@[#7X3;r5:2]~[#7X2;!r3;!r4;!r5;!r6;!r7;!r8:3],460.0271481933594,113.14326522398763,2
[#1X1;!r3;!r4;!r5;!r6;!r7;!r8:1]~[#6X4;r5:2]~;@[#6X4;r7:3],381.65283380126954,105.01233482843766,2
[#1X1;!r3;!r4;!r5;!r6;!r7;!r8:1]~[#6X4;r7:2]~;@[#6X4;r6:3],399.1836763305664,105.10758864660265,2
[#6X3;r6:1]~;@[#6X3;r6:2]~[#7X3;r4:3],528.2133370361329,123.36288795829502,2
[#17X1;!r3;!r4;!r5;!r6;!r7;!r8:1]~[#6X4;r4:2]~;@[#6X4;r4:3],552.8423468017578,113.23743987226376,2
[#6X3;r5:1]~;@[#6X3;r6:2]~[#6X3;r5:3],348.2979852905274,119.7778855874954,2
[#6X3;!r3;!r4;!r5;!r6;!r7;!r8:1]~[#7X3;r7:2]~;@[#6X4;r7:3],346.98761236572267,108.89350103183818,2
[#6X3;r6:1]~;@[#7X3;r7:2]~[#6X4;!r3;!r4;!r5;!r6;!r7;!r8:3],468.2177610473633,114.57496166648151,2
[#16X2;!r3;!r4;!r5;!r6;!r7;!r8:1]~[#6X3;r6:2]~;@[#6X3;r5:3],299.29623065185547,116.90896024927993,2
[#6X3;r6:1]~;@[#6X3;r6:2]~[#7X3;r7:3],500.8946950683594,120.80966762389588,2
[#6X4;r6:1]~[#6X3;r6:2]~;@[#7X2;r6:3],488.66781439208984,122.43354509906641,2
[#1X1;!r3;!r4;!r5;!r6;!r7;!r8:1]~[#6X4;r5:2]~;@[#7X3;r6:3],512.2044423828125,105.80163148892433,2
[#7X3;r5:1]~;@[#6X4;r5:2]~[#8X2;!r3;!r4;!r5;!r6;!r7;!r8:3],1160.8452329101563,110.47634273047528,2
[#6X4;r3:1]~;@[#6X4;r3:2]~[#9X1;!r3;!r4;!r5;!r6;!r7;!r8:3],488.6990973510742,116.87614802050719,2
[#16X4;!r3;!r4;!r5;!r6;!r7;!r8:1]~[#6X3;r5:2]~;@[#7X2;r5:3],226.71028515625,105.32237760543204,2
[#6X2;!r3;!r4;!r5;!r6;!r7;!r8:1]~[#6X3;r5:2]~;@[#7X2;r5:3],424.33559033203124,120.38278080077008,2
[#6X4;r3:1]~[#6X3;r6:2]~;@[#7X2;r6:3],522.5805529785157,124.84636406488677,2
[#6X3;r5:1]~[#7X3;r5:2]~;@[#7X2;r5:3],467.08844622802735,108.12875890141771,2
[#17X1;!r3;!r4;!r5;!r6;!r7;!r8:1]~[#6X3;r5:2]~;@[#7X3;r5:3],367.29283837890625,109.33244996903822,2
[#6X3;r5:1]~;@[#6X3;r6:2]~[#7X3;r6:3],473.74252313232427,125.15915940811668,2
[#7X3;r6:1]~;@[#6X3;r6:2]~[#8X2;!r3;!r4;!r5;!r6;!r7;!r8:3],536.9116595458985,112.4951075925101,2
[#16X2;r5:1]~;@[#6X3;r5:2]~[#6X4;r6:3],304.9026795654297,112.14391292576639,2
[#6X3;r5:1]~[#7X3;r5:2]~;@[#6X4;r5:3],489.8411807250977,116.18512412179867,2
[#16X2;r5:1]~;@[#6X3;r5:2]~[#7X3;r6:3],289.27559661865234,108.03402417762963,2
[#16X4;!r3;!r4;!r5;!r6;!r7;!r8:1]~[#6X3;r6:2]~;@[#7X2;r6:3],325.9190502319336,108.96022514984004,2
[#6X3;r4:1]~;@[#6X3;r4:2]~[#8X1;!r3;!r4;!r5;!r6;!r7;!r8:3],499.3255035400391,140.06856078128408,2
[#6X4;!r3;!r4;!r5;!r6;!r7;!r8:1]~[#7X3;r4:2]~;@[#6X4;r4:3],409.8426742553711,112.89543864014288,2
[#1X1;!r3;!r4;!r5;!r6;!r7;!r8:1]~[#7X3;r4:2]~;@[#6X4;r4:3],305.0551680297852,111.00895405176371,2
[#1X1;!r3;!r4;!r5;!r6;!r7;!r8:1]~[#6X3;r7:2]~;@[#6X3;r6:3],216.89635806274416,128.59468991911973,2
[#16X1;!r3;!r4;!r5;!r6;!r7;!r8:1]~[#6X3;r6:2]~;@[#6X3;r6:3],455.7762728881836,142.8177119222142,2
[#35X1;!r3;!r4;!r5;!r6;!r7;!r8:1]~[#6X4;r6:2]~;@[#6X4;r6:3],602.8357712402344,103.99460249115991,2
[#8X1;!r3;!r4;!r5;!r6;!r7;!r8:1]~[#15X4;r6:2]~;@[#8X2;r6:3],674.1699195556641,114.90420410523281,2
[#6X4;r6:1]~[#6X3;r5:2]~;@[#7X3;r5:3],292.2591928710938,114.19393273344318,2
[#6X3;r6:1]~[#7X3;r3:2]~;@[#6X4;r3:3],397.41794482421875,113.59813533214297,2
[#6X2;!r3;!r4;!r5;!r6;!r7;!r8:1]~[#6X3;r5:2]~;@[#7X3;r5:3],417.1794538574219,117.07285746860356,2
[#6X4;r6:1]~[#6X3;r5:2]~;@[#8X2;r5:3],366.3669585571289,104.87753421497828,2
[#6X3;r7:1]~;@[#6X3;r7:2]~[#6X4;!r3;!r4;!r5;!r6;!r7;!r8:3],183.32734896850587,145.6456151442746,2
[#16X2;r5:1]~;@[#6X3;r5:2]~[#35X1;!r3;!r4;!r5;!r6;!r7;!r8:3],332.1833350830078,107.92388737726318,2
[#6X4;r6:1]~;@[#6X4;r6:2]~[#6X4;r6:3],479.68638110351566,106.23003461404586,2
[#6X3;r5:1]~[#6X3;r6:2]~;@[#6X4;r6:3],226.4316912536621,110.5813637191534,2
[#16X2;r5:1]~;@[#6X4;r5:2]~[#6X3;r6:3],598.8207630615235,108.55994874372061,2
[#6X3;r6:1]~;@[#7X3;r6:2]~[#6X4;r6:3],356.4565809936524,112.96388396581558,2
[#15X4;!r3;!r4;!r5;!r6;!r7;!r8:1]~[#7X3;r3:2]~;@[#6X4;r3:3],448.1355378417969,110.57265522796163,2
[#6X3;r6:1]~[#6X3;r7:2]~;@[#7X2;r7:3],444.96223278808594,129.27535925104652,2
[#1X1;!r3;!r4;!r5;!r6;!r7;!r8:1]~[#6X4;r4:2]~;@[#6X4;r5:3],324.125962097168,110.72598614463925,2
[#1X1;!r3;!r4;!r5;!r6;!r7;!r8:1]~[#7X3;r6:2]~;@[#7X3;r6:3],273.5996739501953,99.92694480266134,2
[#6X3;r5:1]~[#6X4;r6:2]~;@[#7X3;r6:3],739.845810546875,107.26839412261705,2
[#6X3;r5:1]~;@[#6X3;r6:2]~[#7X3;r5:3],347.6168786621094,119.33889566916035,2
[#6X4;r4:1]~;@[#6X4;r4:2]~[#7X3;r5:3],645.0763846435547,115.23447107235961,2
[#6X3;!r3;!r4;!r5;!r6;!r7;!r8:1]~[#6X3;r6:2]~;@[#8X2;r6:3],535.8468897705078,112.96150022979525,2
[#1X1;!r3;!r4;!r5;!r6;!r7;!r8:1]~[#7X4;r6:2]~;@[#6X4;r6:3],412.93623968505864,111.54901027924744,2
[#6X3;r5:1]~;@[#6X4;r6:2]~[#6X3;r6:3],499.01538726806643,108.28098332744979,2
[#6X3;r5:1]~;@[#7X3;r5:2]~[#8X1;!r3;!r4;!r5;!r6;!r7;!r8:3],527.9479745483399,127.44642583661387,2
[#6X4;r6:1]~[#7X3;r5:2]~;@[#7X2;r5:3],441.36794848632815,106.21179117877276,2
[#6X3;r5:1]~[#7X3;r6:2]~;@[#6X3;r6:3],410.2318598022461,111.86301456596044,2
[#6X3;r5:1]~[#6X4;r4:2]~;@[#6X4;r4:3],550.6206182861329,115.53489011281344,2
[#6X3;r4:1]~;@[#6X4;r4:2]~[#6X4;!r3;!r4;!r5;!r6;!r7;!r8:3],456.573892578125,115.37520029001855,2
[#16X3;r5:1]~;@[#6X4;r5:2]~[#1X1;!r3;!r4;!r5;!r6;!r7;!r8:3],338.83428369140626,102.51656321514749,2
[#16X2;r5:1]~;@[#6X3;r5:2]~[#8X2;!r3;!r4;!r5;!r6;!r7;!r8:3],377.90175164794925,105.72770152134811,2
[#6X4;r5:1]~[#7X3;r6:2]~;@[#6X4;r6:3],410.6079256591797,108.67480520480355,2
[#17X1;!r3;!r4;!r5;!r6;!r7;!r8:1]~[#6X4;r3:2]~;@[#6X4;r3:3],398.4477606811524,118.20528917261333,2
[#6X4;r5:1]~[#6X3;r6:2]~;@[#7X2;r6:3],506.909578125,121.26373859991833,2
[#6X3;r7:1]~;@[#6X3;r7:2]~[#8X1;!r3;!r4;!r5;!r6;!r7;!r8:3],727.864373413086,131.7922429790612,2
[#6X4;r6:1]~;@[#7X4;r6:2]~[#8X1;!r3;!r4;!r5;!r6;!r7;!r8:3],933.8323330078125,120.38048585720895,2
[#6X4;r6:1]~;@[#7X3;r6:2]~[#7X2;!r3;!r4;!r5;!r6;!r7;!r8:3],168.32563790893556,98.40405850455862,2
[#1X1;!r3;!r4;!r5;!r6;!r7;!r8:1]~[#7X4;r5:2]~;@[#6X4;r5:3],405.9257924194336,111.97679868734369,2
[#6X4;r3:1]~;@[#6X4;r3:2]~[#7X3;r6:3],563.3212442626954,117.89090922549599,2
[#1X1;!r3;!r4;!r5;!r6;!r7;!r8:1]~[#6X4;r3:2]~;@[#6X3;r6:3],122.85729348754883,133.3679539602048,2
[#6X4;r5:1]~;@[#6X4;r5:2]~[#7X2;!r3;!r4;!r5;!r6;!r7;!r8:3],598.7935021972656,109.86943944158463,2
[#6X3;r6:1]~[#6X3;r6:2]~;@[#8X2;r6:3],519.2442254028321,107.78569898997549,2
[#16X2;!r3;!r4;!r5;!r6;!r7;!r8:1]~[#6X3;r5:2]~;@[#8X2;r5:3],271.3712100219727,102.98293536186513,2
[#35X1;!r3;!r4;!r5;!r6;!r7;!r8:1]~[#6X3;r5:2]~;@[#7X2;r5:3],375.5552105102539,115.35574791126236,2
[#6X3;r5:1]~;@[#6X3;r7:2]~[#8X1;!r3;!r4;!r5;!r6;!r7;!r8:3],630.9580660400391,134.9771465286598,2
[#16X3;r6:1]~;@[#6X4;r6:2]~[#1X1;!r3;!r4;!r5;!r6;!r7;!r8:3],377.6598513793945,100.6374347405044,2
[#1X1;!r3;!r4;!r5;!r6;!r7;!r8:1]~[#7X3;r6:2]~;@[#6X4;r5:3],226.20035696411134,111.46159068806045,2
[#35X1;!r3;!r4;!r5;!r6;!r7;!r8:1]~[#6X3;r5:2]~;@[#7X3;r5:3],356.4007504882813,109.85071106288045,2
[#6X3;!r3;!r4;!r5;!r6;!r7;!r8:1]~[#6X4;r3:2]~;@[#8X2;r3:3],544.2512801513672,116.8332817532762,2
[#16X2;r5:1]~;@[#6X3;r5:2]~[#6X2;!r3;!r4;!r5;!r6;!r7;!r8:3],322.9252710571289,115.84988477695609,2
[#6X4;r3:1]~;@[#6X4;r3:2]~[#7X3;r5:3],489.45617687988283,118.80969261226777,2
[#17X1;!r3;!r4;!r5;!r6;!r7;!r8:1]~[#6X4;r6:2]~;@[#6X3;r6:3],589.7155705566406,104.98687188321185,2
[#1X1;!r3;!r4;!r5;!r6;!r7;!r8:1]~[#7X3;r5:2]~;@[#8X2;r5:3],361.26738934326175,98.0957779163701,2
[#6X4;r7:1]~;@[#6X4;r7:2]~[#7X3;!r3;!r4;!r5;!r6;!r7;!r8:3],682.4769497070313,109.37341744367997,2
[#6X3;r5:1]~[#6X4;r5:2]~;@[#8X2;r5:3],638.7775927734375,106.74595978319195,2
[#6X3;r7:1]~;@[#6X4;r7:2]~[#6X4;!r3;!r4;!r5;!r6;!r7;!r8:3],522.3990479736328,107.3033715213567,2
[#6X4;!r3;!r4;!r5;!r6;!r7;!r8:1]~[#6X4;r6:2]~;@[#7X3;r5:3],693.1081121826172,106.38441737985566,2
[#6X3;r5:1]~;@[#6X4;r5:2]~[#6X3;r5:3],553.7840915527344,109.9471396735827,2
[#7X3;r6:1]~;@[#6X4;r6:2]~[#8X2;!r3;!r4;!r5;!r6;!r7;!r8:3],1269.661281982422,108.21702543606179,2
[#1X1;!r3;!r4;!r5;!r6;!r7;!r8:1]~[#6X3;r7:2]~;@[#6X4;r7:3],304.19925988769535,119.81468664674344,2
[#7X3;r5:1]~[#6X4;r5:2]~;@[#8X2;r5:3],819.2717111816406,106.1533384198558,2
[#1X1;!r3;!r4;!r5;!r6;!r7;!r8:1]~[#6X3;r7:2]~;@[#6X3;r5:3],339.9332412719727,126.3901370814714,2
[#16X4;!r3;!r4;!r5;!r6;!r7;!r8:1]~[#6X4;r3:2]~;@[#6X4;r3:3],395.5873490600586,115.19896774905388,2
[#6X4;r5:1]~;@[#6X3;r5:2]~[#7X3;!r3;!r4;!r5;!r6;!r7;!r8:3],447.80767327880864,118.3411826163399,2
[#15X3;!r3;!r4;!r5;!r6;!r7;!r8:1]~[#6X3;r6:2]~;@[#6X3;r6:3],344.6852504272461,123.00848310264139,2
[#16X4;r6:1]~;@[#7X3;r6:2]~[#6X4;!r3;!r4;!r5;!r6;!r7;!r8:3],238.41884231567383,116.56740980964427,2
[#7X3;!r3;!r4;!r5;!r6;!r7;!r8:1]~[#6X4;r5:2]~;@[#7X3;r5:3],1005.7779674072266,112.82723237109114,2
[#6X3;r6:1]~[#7X3;r7:2]~;@[#6X4;r7:3],423.0987004394531,112.88108158250752,2
[#6X3;r5:1]~;@[#6X3;r5:2]~[#9X1;!r3;!r4;!r5;!r6;!r7;!r8:3],503.8485405883789,118.4392368120646,2
[#17X1;!r3;!r4;!r5;!r6;!r7;!r8:1]~[#6X3;r5:2]~;@[#6X4;r5:3],431.08019628906254,106.89375824664185,2
[#6X2;!r3;!r4;!r5;!r6;!r7;!r8:1]~[#6X3;r6:2]~;@[#6X3;r5:3],308.9080474853516,116.83340469668126,2
[#6X3;r6:1]~;@[#6X3;r7:2]~[#6X3;r6:3],180.29679635620118,129.72871988739527,2
[#53X1;!r3;!r4;!r5;!r6;!r7;!r8:1]~[#6X3;r5:2]~;@[#6X3;r5:3],227.06181942749024,111.8540943389044,2
[#6X4;r5:1]~;@[#7X3;r5:2]~[#8X2;!r3;!r4;!r5;!r6;!r7;!r8:3],430.7455643920899,96.28958903187358,2
[#6X4;r5:1]~[#6X3;r5:2]~;@[#7X3;r5:3],380.4150501098633,115.54099630193144,2
[#6X4;!r3;!r4;!r5;!r6;!r7;!r8:1]~[#6X4;r7:2]~;@[#8X2;r7:3],642.3877739257813,107.51101610231424,2
[#7X2;r6:1]~;@[#16X4;r6:2]~[#8X1;!r3;!r4;!r5;!r6;!r7;!r8:3],631.3756616210937,124.34155844370947,2
[#6X4;r3:1]~[#6X3;r5:2]~;@[#7X3;r5:3],347.5913734741211,116.08877747336646,2
[#6X3;r6:1]~[#7X3;r6:2]~;@[#7X2;r6:3],514.0789938964843,114.0536201573236,2
[#6X4;r5:1]~[#6X3;r5:2]~;@[#8X2;r5:3],355.7698881225586,102.56763253957166,2
[#6X3;r5:1]~;@[#7X3;r5:2]~[#6X4;r3:3],535.2417560424805,116.91980658968191,2
[#6X4;r5:1]~;@[#6X3;r5:2]~[#8X2;!r3;!r4;!r5;!r6;!r7;!r8:3],454.9697471313477,110.490392429598,2
[#6X4;r4:1]~;@[#16X4;r4:2]~[#8X1;!r3;!r4;!r5;!r6;!r7;!r8:3],703.7217178955078,122.55822337217582,2
[#35X1;!r3;!r4;!r5;!r6;!r7;!r8:1]~[#6X4;r5:2]~;@[#6X4;r5:3],495.4813705444336,105.36603617460676,2
[#6X4;!r3;!r4;!r5;!r6;!r7;!r8:1]~[#6X4;r7:2]~;@[#7X3;r7:3],739.9005876464844,109.70860897719834,2
[#6X3;r6:1]~;@[#6X4;r6:2]~[#9X1;!r3;!r4;!r5;!r6;!r7;!r8:3],699.1990958251953,107.08315939232631,2
[#6X4;r7:1]~;@[#6X4;r7:2]~[#8X2;!r3;!r4;!r5;!r6;!r7;!r8:3],629.758971069336,107.8986429980908,2
[#35X1;!r3;!r4;!r5;!r6;!r7;!r8:1]~[#6X3;r6:2]~;@[#7X2;r6:3],405.0895159301758,119.39057288042066,2
[#6X4;r5:1]~;@[#7X3;r5:2]~[#6X4;r6:3],330.068383605957,105.16778310375797,2
[#8X2;!r3;!r4;!r5;!r6;!r7;!r8:1]~[#6X3;r5:2]~;@[#8X2;r5:3],487.1526338500977,104.05535702382717,2
[#6X3;r7:1]~;@[#6X3;r7:2]~[#8X2;!r3;!r4;!r5;!r6;!r7;!r8:3],887.5896076660157,121.74073169079533,2
[#6X3;r6:1]~;@[#7X3;r6:2]~[#6X4;r3:3],452.88010931396485,116.39202421213669,2
[#7X2;!r3;!r4;!r5;!r6;!r7;!r8:1]~[#6X3;r5:2]~;@[#8X2;r5:3],661.2353098144531,122.59252458218762,2
[#6X4;r5:1]~[#7X3;r5:2]~;@[#7X2;r5:3],405.66042993164064,106.91940560697525,2
[#16X4;r6:1]~;@[#7X3;r6:2]~[#1X1;!r3;!r4;!r5;!r6;!r7;!r8:3],237.8745188293457,119.14725422142813,2
[#6X4;r7:1]~;@[#16X4;r7:2]~[#8X1;!r3;!r4;!r5;!r6;!r7;!r8:3],591.7951850585938,130.37044348067465,2
[#7X2;r6:1]~;@[#6X3;r6:2]~[#7X3;r4:3],679.5849997558594,126.23451805142182,2
[#6X3;r6:1]~;@[#6X3;r6:2]~[#7X3;r3:3],890.1585131835938,118.2745609511756,2
[#6X3;r6:1]~[#6X4;r6:2]~;@[#7X2;r6:3],646.6433416748047,110.3268777008679,2
[#6X2;!r3;!r4;!r5;!r6;!r7;!r8:1]~[#6X3;r6:2]~;@[#6X4;r6:3],182.53668814086916,116.23553091787335,2
[#6X2;!r3;!r4;!r5;!r6;!r7;!r8:1]~[#7X3;r5:2]~;@[#6X4;r5:3],452.91397790527344,113.39962271410572,2
[#6X3;r6:1]~[#6X4;r5:2]~;@[#7X2;r5:3],626.712330078125,110.29417475512187,2
[#6X3;r5:1]~;@[#7X3;r5:2]~[#6X4;r4:3],625.5624578857422,117.60643184656496,2
[#6X4;!r3;!r4;!r5;!r6;!r7;!r8:1]~[#7X3;r3:2]~;@[#6X4;r3:3],617.4389757080079,114.23236620790284,2
[#16X2;r6:1]~;@[#6X3;r6:2]~[#7X3;!r3;!r4;!r5;!r6;!r7;!r8:3],573.0529259033203,116.79997775088322,2
[#16X4;!r3;!r4;!r5;!r6;!r7;!r8:1]~[#6X3;r5:2]~;@[#7X3;r5:3],337.09926055908204,109.39752118126094,2
[#6X3;r6:1]~[#6X3;r6:2]~;@[#7X3;r5:3],405.9208126831055,108.73982177551291,2
[#7X3;!r3;!r4;!r5;!r6;!r7;!r8:1]~[#6X4;r6:2]~;@[#7X3;r6:3],1227.2240966796876,109.01481885187596,2
[#6X4;r5:1]~[#6X4;r6:2]~;@[#6X4;r6:3],567.827394897461,106.61559879269309,2
[#6X4;r3:1]~;@[#6X3;r5:2]~[#8X1;!r3;!r4;!r5;!r6;!r7;!r8:3],417.63806842041015,146.55669407766257,2
[#16X1;!r3;!r4;!r5;!r6;!r7;!r8:1]~[#6X3;r6:2]~;@[#7X2;r6:3],590.6192650146485,142.1829141407532,2
[#1X1;!r3;!r4;!r5;!r6;!r7;!r8:1]~[#6X4;r8:2]~;@[#6X3;r8:3],432.0126838378906,112.67597783192122,2
[#6X4;!r3;!r4;!r5;!r6;!r7;!r8:1]~[#7X3;r6:2]~;@[#6X4;r5:3],329.58132708740237,108.1630191302945,2
[#16X2;r5:1]~;@[#6X3;r5:2]~[#6X4;r5:3],292.51028649902344,108.6432019195139,2
[#7X2;r7:1]~;@[#6X3;r7:2]~[#7X3;!r3;!r4;!r5;!r6;!r7;!r8:3],744.1879490966797,129.87536404887547,2
[#16X2;!r3;!r4;!r5;!r6;!r7;!r8:1]~[#6X4;r5:2]~;@[#6X3;r5:3],466.7068579711914,106.24489710567981,2
[#1X1;!r3;!r4;!r5;!r6;!r7;!r8:1]~[#6X4;r5:2]~;@[#8X2;r6:3],465.07953759765627,103.49589622891142,2
[#6X3;r7:1]~[#7X3;r6:2]~;@[#6X4;r6:3],432.90737646484376,109.23177298067225,2
[#35X1;!r3;!r4;!r5;!r6;!r7;!r8:1]~[#6X3;r5:2]~;@[#8X2;r5:3],387.90996826171875,102.80408002825916,2
[#6X4;r6:1]~;@[#7X3;r6:2]~[#8X2;!r3;!r4;!r5;!r6;!r7;!r8:3],399.08545422363284,93.64462559654282,2
[#1X1;!r3;!r4;!r5;!r6;!r7;!r8:1]~[#6X4;r3:2]~;@[#6X3;r5:3],245.42091021728515,122.45126260977342,2
[#6X4;!r3;!r4;!r5;!r6;!r7;!r8:1]~[#6X4;r6:2]~;@[#6X4;r3:3],474.9517371826172,105.74311042811566,2
[#6X3;!r3;!r4;!r5;!r6;!r7;!r8:1]~[#7X3;r7:2]~;@[#6X3;r6:3],505.7572799072266,115.98151618264058,2
[#16X2;!r3;!r4;!r5;!r6;!r7;!r8:1]~[#6X4;r6:2]~;@[#6X3;r6:3],548.8112502441406,107.0705645234968,2
[#6X4;!r3;!r4;!r5;!r6;!r7;!r8:1]~[#6X4;r5:2]~;@[#6X4;r3:3],487.0305983886719,110.50466752496332,2
[#6X4;r3:1]~;@[#6X3;r6:2]~[#8X1;!r3;!r4;!r5;!r6;!r7;!r8:3],540.6691259765626,142.89684649393797,2
[#7X3;!r3;!r4;!r5;!r6;!r7;!r8:1]~[#6X3;r6:2]~;@[#8X2;r6:3],682.4743959960938,112.35055346891595,2
[#6X4;r5:1]~;@[#16X3;r5:2]~[#8X1;!r3;!r4;!r5;!r6;!r7;!r8:3],1012.0066599121094,106.94020353299794,2
[#6X4;r3:1]~;@[#6X4;r3:2]~[#6X4;r6:3],419.44753222656254,119.70506211056473,2
[#7X3;!r3;!r4;!r5;!r6;!r7;!r8:1]~[#6X4;r5:2]~;@[#8X2;r5:3],823.2900391845703,110.20989022076391,2
[#17X1;!r3;!r4;!r5;!r6;!r7;!r8:1]~[#6X3;r6:2]~;@[#6X4;r6:3],400.1572786254883,103.16212537474041,2
[#35X1;!r3;!r4;!r5;!r6;!r7;!r8:1]~[#6X4;r6:2]~;@[#6X3;r6:3],408.0744528808594,101.20222991316193,2
[#16X4;r7:1]~;@[#6X4;r7:2]~[#1X1;!r3;!r4;!r5;!r6;!r7;!r8:3],411.83466455078127,103.00442996718316,2
[#1X1;!r3;!r4;!r5;!r6;!r7;!r8:1]~[#6X4;r6:2]~;@[#6X4;r7:3],442.6138402099609,104.01361090762005,2
[#6X3;r4:1]~;@[#6X3;r4:2]~[#7X3;!r3;!r4;!r5;!r6;!r7;!r8:3],505.54554534912114,106.0584261111493,2
[#6X3;r5:1]~[#6X3;r5:2]~;@[#6X4;r5:3],360.4604805297852,129.11919380586335,2
[#1X1;!r3;!r4;!r5;!r6;!r7;!r8:1]~[#6X4;r3:2]~;@[#6X3;r3:3],333.87954180908207,119.67862927847678,2
[#6X2;!r3;!r4;!r5;!r6;!r7;!r8:1]~[#6X4;r4:2]~;@[#6X4;r4:3],487.58251916503906,115.02086373625663,2
[#16X4;r4:1]~;@[#6X4;r4:2]~[#1X1;!r3;!r4;!r5;!r6;!r7;!r8:3],326.3242603149414,112.72468391089257,2
[#6X4;!r3;!r4;!r5;!r6;!r7;!r8:1]~[#6X4;r3:2]~;@[#7X3;r3:3],450.29157214355473,119.34109499007309,2
[#6X3;r5:1]~;@[#6X4;r6:2]~[#8X2;!r3;!r4;!r5;!r6;!r7;!r8:3],750.7323441162109,108.39127722216715,2
[#1X1;!r3;!r4;!r5;!r6;!r7;!r8:1]~[#6X4;r8:2]~;@[#7X3;r8:3],426.17576251220703,108.0815691244421,2
[#6X3;r5:1]~;@[#6X3;r6:2]~[#7X2;!r3;!r4;!r5;!r6;!r7;!r8:3],397.28767364501954,132.73916674521342,2
[#6X4;r5:1]~;@[#6X4;r5:2]~[#6X4;r6:3],497.33118298339843,108.35117035136084,2
[#6X4;r5:1]~;@[#6X4;r5:2]~[#6X4;r5:3],583.618394165039,109.67650708809929,2
[#7X3;r5:1]~;@[#6X3;r5:2]~[#7X3;r5:3],348.9758040161133,104.76075847073858,2
[#6X3;r4:1]~;@[#6X4;r4:2]~[#9X1;!r3;!r4;!r5;!r6;!r7;!r8:3],548.1642675781251,119.0441047045826,2
[#6X3;r5:1]~[#6X4;r6:2]~;@[#8X2;r6:3],703.3541112060548,105.51176509073815,2
[#7X3;r5:1]~;@[#6X3;r5:2]~[#7X3;r6:3],324.58189526367187,107.64315977218648,2
[#6X3;r5:1]~;@[#16X4;r6:2]~[#8X1;!r3;!r4;!r5;!r6;!r7;!r8:3],454.2253403930664,129.1182649001362,2
[#6X3;!r3;!r4;!r5;!r6;!r7;!r8:1]~[#6X3;r7:2]~;@[#6X3;r7:3],277.2931380004883,122.4325205706909,2
[#6X3;r6:1]~[#6X4;r6:2]~;@[#7X3;r5:3],668.4739311523438,107.40249122659192,2
[#8X1;!r3;!r4;!r5;!r6;!r7;!r8:1]~[#16X4;r6:2]~;@[#8X2;r6:3],601.8510603027344,117.09210494168465,2
[#6X4;r4:1]~;@[#6X4;r4:2]~[#7X3;r6:3],463.96235290527346,115.80506507562247,2
[#6X3;r6:1]~;@[#16X4;r7:2]~[#8X1;!r3;!r4;!r5;!r6;!r7;!r8:3],484.50848962402347,134.39145780733122,2
[#7X2;!r3;!r4;!r5;!r6;!r7;!r8:1]~[#6X3;r6:2]~;@[#8X2;r6:3],839.3531363525391,132.79921776839618,2
[#7X3;r6:1]~[#6X4;r5:2]~;@[#8X2;r5:3],976.1037824707032,106.67550638190326,2
[#1X1;!r3;!r4;!r5;!r6;!r7;!r8:1]~[#6X4;r4:2]~;@[#6X4;r6:3],334.37534478759767,109.00139753015688,2
[#16X1;!r3;!r4;!r5;!r6;!r7;!r8:1]~[#6X3;r5:2]~;@[#8X2;r5:3],533.1081624755859,135.0987512166427,2
[#6X3;r5:1]~[#6X3;r6:2]~;@[#7X3;r6:3],185.7475806274414,113.92929705405103,2
[#6X4;r5:1]~;@[#7X3;r5:2]~[#7X3;!r3;!r4;!r5;!r6;!r7;!r8:3],446.2064645996094,103.74521179399522,2
[#6X4;r3:1]~;@[#6X4;r3:2]~[#8X2;!r3;!r4;!r5;!r6;!r7;!r8:3],451.3151633300781,118.0858974659215,2
[#6X4;r5:1]~;@[#7X3;r5:2]~[#7X2;!r3;!r4;!r5;!r6;!r7;!r8:3],199.37561865234375,109.01056364402304,2
[#6X2;!r3;!r4;!r5;!r6;!r7;!r8:1]~[#6X4;r5:2]~;@[#7X3;r5:3],591.7303846435547,108.78791313745896,2
[#6X4;!r3;!r4;!r5;!r6;!r7;!r8:1]~[#7X3;r5:2]~;@[#8X2;r5:3],396.97066235351565,97.30704816158453,2
[#16X4;r5:1]~;@[#7X3;r5:2]~[#6X4;!r3;!r4;!r5;!r6;!r7;!r8:3],280.84158319091796,109.7497540367585,2
[#1X1;!r3;!r4;!r5;!r6;!r7;!r8:1]~[#6X4;r8:2]~;@[#6X3;r6:3],365.9615250244141,110.08232277763558,2
[#16X2;r8:1]~;@[#6X4;r8:2]~[#1X1;!r3;!r4;!r5;!r6;!r7;!r8:3],322.0468264160156,105.72304333233416,2
[#16X4;!r3;!r4;!r5;!r6;!r7;!r8:1]~[#6X4;r6:2]~;@[#6X4;r6:3],476.4057563476563,100.17040006543728,2
[#16X1;!r3;!r4;!r5;!r6;!r7;!r8:1]~[#6X3;r5:2]~;@[#6X4;r5:3],349.85491900634764,142.59260254754892,2
[#7X2;r5:1]~;@[#16X4;r5:2]~[#8X1;!r3;!r4;!r5;!r6;!r7;!r8:3],588.5410550537109,134.81958772488593,2
[#6X3;r4:1]~;@[#6X4;r4:2]~[#7X3;!r3;!r4;!r5;!r6;!r7;!r8:3],380.77422955322265,107.25051268736996,2
[#16X4;!r3;!r4;!r5;!r6;!r7;!r8:1]~[#6X3;r6:2]~;@[#6X3;r5:3],356.2123504638672,107.89592458280114,2
[#6X3;!r3;!r4;!r5;!r6;!r7;!r8:1]~[#6X4;r6:2]~;@[#6X4;r5:3],521.7022041015625,104.27115685065372,2
[#6X3;r6:1]~;@[#6X3;r6:2]~[#7X4;!r3;!r4;!r5;!r6;!r7;!r8:3],504.4590690307617,111.34260879271883,2
[#6X3;r6:1]~;@[#6X4;r7:2]~[#6X4;!r3;!r4;!r5;!r6;!r7;!r8:3],545.4113033447265,108.63101003184543,2
[#16X1;!r3;!r4;!r5;!r6;!r7;!r8:1]~[#6X3;r5:2]~;@[#6X3;r5:3],425.4855582885742,143.45935355322354,2
[#6X4;!r3;!r4;!r5;!r6;!r7;!r8:1]~[#6X4;r3:2]~;@[#7X2;r3:3],465.59797283935546,121.59859545416737,2
[#6X3;r5:1]~;@[#6X4;r5:2]~[#7X2;!r3;!r4;!r5;!r6;!r7;!r8:3],473.29342114257815,106.75508491592309,2
[#6X4;r4:1]~[#7X3;r6:2]~;@[#6X4;r6:3],406.05922381591796,105.35906938165336,2
[#6X4;r3:1]~;@[#6X4;r5:2]~[#8X2;!r3;!r4;!r5;!r6;!r7;!r8:3],718.9895256347656,109.67228603119221,2
[#6X3;r7:1]~;@[#6X4;r7:2]~[#7X3;!r3;!r4;!r5;!r6;!r7;!r8:3],593.2236671142579,106.19645057389691,2
[#16X2;r5:1]~;@[#6X4;r5:2]~[#6X3;!r3;!r4;!r5;!r6;!r7;!r8:3],553.54646875,105.88556768363462,2
[#6X3;r6:1]~[#6X3;r7:2]~;@[#6X3;r7:3],350.91247454833984,133.47947728897276,2
[#6X4;r3:1]~;@[#6X4;r6:2]~[#8X2;!r3;!r4;!r5;!r6;!r7;!r8:3],642.3774952392579,107.09918301611916,2
[#6X4;r6:1]~;@[#16X3;r6:2]~[#8X1;!r3;!r4;!r5;!r6;!r7;!r8:3],1019.8077360839844,106.25913121991012,2
[#6X3;!r3;!r4;!r5;!r6;!r7;!r8:1]~[#6X4;r7:2]~;@[#6X4;r7:3],434.7621047973633,108.15293094089039,2
[#16X2;!r3;!r4;!r5;!r6;!r7;!r8:1]~[#6X4;r6:2]~;@[#7X3;r6:3],703.6846252441406,108.01395025165897,2
[#16X2;r5:1]~;@[#7X3;r5:2]~[#6X4;!r3;!r4;!r5;!r6;!r7;!r8:3],321.8025639648438,108.10623293753501,2
[#1X1;!r3;!r4;!r5;!r6;!r7;!r8:1]~[#7X3;r7:2]~;@[#6X3;r5:3],337.2842449951172,116.1266713628817,2
[#6X3;!r3;!r4;!r5;!r6;!r7;!r8:1]~[#6X3;r7:2]~;@[#6X3;r6:3],475.59929443359374,130.2754765304548,2
[#6X3;r6:1]~[#6X4;r7:2]~;@[#6X4;r7:3],528.3890004272461,108.18615298101332,2
[#1X1;!r3;!r4;!r5;!r6;!r7;!r8:1]~[#6X3;r7:2]~;@[#7X2;r7:3],308.952833190918,128.51827376268562,2
[#6X3;r6:1]~[#6X4;r6:2]~;@[#6X4;r5:3],584.656796875,107.07747667493686,2
[#7X3;r5:1]~;@[#6X3;r6:2]~[#8X2;!r3;!r4;!r5;!r6;!r7;!r8:3],597.1008387451172,113.26868798771658,2
[#1X1;!r3;!r4;!r5;!r6;!r7;!r8:1]~[#6X4;r6:2]~;@[#7X4;r5:3],493.6125329589844,100.89122407949456,2
[#6X4;!r3;!r4;!r5;!r6;!r7;!r8:1]~[#6X4;r3:2]~;@[#6X4;r5:3],262.39641638183593,125.35330070508512,2
[#6X3;r6:1]~;@[#6X4;r5:2]~[#6X4;!r3;!r4;!r5;!r6;!r7;!r8:3],445.4814660644531,110.08584032505814,2
[#16X1;!r3;!r4;!r5;!r6;!r7;!r8:1]~[#6X3;r6:2]~;@[#6X4;r6:3],526.6956985473633,142.05204771625577,2
[#15X4;!r3;!r4;!r5;!r6;!r7;!r8:1]~[#7X3;r6:2]~;@[#6X4;r6:3],176.22487234497072,97.04233051992234,2
[#6X3;r6:1]~;@[#6X4;r6:2]~[#7X3;r5:3],712.0282373046875,106.91689209736069,2
[#16X1;!r3;!r4;!r5;!r6;!r7;!r8:1]~[#6X3;r6:2]~;@[#16X2;r6:3],418.4944234619141,142.4413958197032,2
[#6X4;!r3;!r4;!r5;!r6;!r7;!r8:1]~[#7X3;r6:2]~;@[#7X3;r6:3],449.4134467163086,103.52531385366666,2
[#6X2;!r3;!r4;!r5;!r6;!r7;!r8:1]~[#6X4;r6:2]~;@[#7X3;r6:3],794.9822811279297,107.99658108059963,2
[#6X3;r6:1]~;@[#16X3;r6:2]~[#8X1;!r3;!r4;!r5;!r6;!r7;!r8:3],963.7550578613282,107.27743046288899,2
[#16X4;!r3;!r4;!r5;!r6;!r7;!r8:1]~[#7X3;r5:2]~;@[#7X2;r5:3],409.68999426269534,101.81511644776552,2
[#6X4;r4:1]~[#6X3;r5:2]~;@[#7X2;r5:3],646.9133966064453,124.454912263175,2
[#16X2;r6:1]~;@[#6X3;r6:2]~[#7X2;!r3;!r4;!r5;!r6;!r7;!r8:3],264.8393122253418,167.64688389493625,2
[#6X3;r5:1]~;@[#16X3;r5:2]~[#8X1;!r3;!r4;!r5;!r6;!r7;!r8:3],789.0480953369141,109.42344174916114,2
[#1X1;!r3;!r4;!r5;!r6;!r7;!r8:1]~[#6X4;r8:2]~;@[#8X2;r8:3],522.8351579589844,108.20703286930606,2
[#16X2;r6:1]~;@[#6X4;r6:2]~[#6X3;!r3;!r4;!r5;!r6;!r7;!r8:3],505.4719665527344,104.63685883919455,2
[#16X4;r5:1]~;@[#7X3;r5:2]~[#1X1;!r3;!r4;!r5;!r6;!r7;!r8:3],248.82087307739258,115.90713542257915,2
[#6X3;r7:1]~;@[#6X3;r7:2]~[#7X3;!r3;!r4;!r5;!r6;!r7;!r8:3],674.4673630371094,128.4247138314348,2
[#7X3;r5:1]~;@[#6X3;r7:2]~[#8X1;!r3;!r4;!r5;!r6;!r7;!r8:3],674.5200333251953,138.75747864934343,2
[#1X1;!r3;!r4;!r5;!r6;!r7;!r8:1]~[#6X4;r5:2]~;@[#7X3;r4:3],466.59880407714843,106.2224189531213,2
[#6X4;r7:1]~;@[#6X3;r7:2]~[#7X3;!r3;!r4;!r5;!r6;!r7;!r8:3],404.01734039306643,129.31587593320305,2
[#6X3;r6:1]~[#7X3;r7:2]~;@[#6X3;r7:3],377.0234346923828,112.16916413512793,2
[#6X3;!r3;!r4;!r5;!r6;!r7;!r8:1]~[#6X3;r4:2]~;@[#6X4;r4:3],178.84304852294923,159.6397848290386,2
[#7X3;!r3;!r4;!r5;!r6;!r7;!r8:1]~[#6X4;r6:2]~;@[#8X2;r6:3],986.2599547119141,107.84211635251978,2
[#6X3;!r3;!r4;!r5;!r6;!r7;!r8:1]~[#6X4;r5:2]~;@[#7X2;r5:3],569.5454039306641,107.61583901550644,2
[#6X3;r5:1]~;@[#6X4;r7:2]~[#6X4;!r3;!r4;!r5;!r6;!r7;!r8:3],597.4685092773437,109.36900514147614,2
[#6X2;!r3;!r4;!r5;!r6;!r7;!r8:1]~[#6X4;r5:2]~;@[#6X3;r5:3],495.1297883911133,109.26580098311724,2
[#7X3;r6:1]~[#6X3;r5:2]~;@[#8X2;r5:3],468.9143495483399,106.76032367101648,2
[#6X3;!r3;!r4;!r5;!r6;!r7;!r8:1]~[#7X3;r3:2]~;@[#6X4;r3:3],353.928215637207,110.44002661465832,2
[#15X4;r6:1]~;@[#6X4;r6:2]~[#1X1;!r3;!r4;!r5;!r6;!r7;!r8:3],252.12537503051757,96.2194976306109,2
[#8X2;!r3;!r4;!r5;!r6;!r7;!r8:1]~[#15X4;r6:2]~;@[#8X2;r6:3],526.2220170898438,94.8501471548609,2
[#15X4;r5:1]~;@[#6X4;r5:2]~[#1X1;!r3;!r4;!r5;!r6;!r7;!r8:3],313.8288888549805,107.53212821703876,2
[#6X3;!r3;!r4;!r5;!r6;!r7;!r8:1]~[#6X3;r6:2]~;@[#6X4;r5:3],41.06725904083252,89.29352871786706,-1
[#15X5;!r3;!r4;!r5;!r6;!r7;!r8:1]~[#6X3;r6:2]~;@[#6X3;r6:3],252.8364398803711,126.54678063989647,2
[#16X2;r6:1]~;@[#6X4;r6:2]~[#6X3;r6:3],465.00768255615236,105.88947455183985,2
[#6X3;r6:1]~[#6X3;r7:2]~;@[#6X4;r7:3],158.6221109313965,136.14781363164332,2
[#1X1;!r3;!r4;!r5;!r6;!r7;!r8:1]~[#6X4;r5:2]~;@[#6X3;r7:3],341.41946911621096,105.92476613928132,2
[#6X3;r6:1]~;@[#6X4;r6:2]~[#6X4;r6:3],490.5916206054688,106.47885157532026,2
[#6X4;r6:1]~;@[#6X4;r5:2]~[#8X2;!r3;!r4;!r5;!r6;!r7;!r8:3],728.5772418212891,107.49021134610238,2
[#6X3;r5:1]~;@[#6X3;r5:2]~[#6X3;r7:3],289.8974571533203,125.13025404754919,2
[#6X4;!r3;!r4;!r5;!r6;!r7;!r8:1]~[#6X3;r7:2]~;@[#7X2;r7:3],618.1047281494141,129.78291060827016,2
[#16X2;r3:1]~;@[#6X4;r3:2]~[#1X1;!r3;!r4;!r5;!r6;!r7;!r8:3],333.22847320556644,118.47568270147579,2
[#7X2;r6:1]~;@[#6X3;r6:2]~[#7X3;r3:3],564.6388952636719,124.44432546996148,2
[#6X3;r6:1]~;@[#7X3;r6:2]~[#7X2;!r3;!r4;!r5;!r6;!r7;!r8:3],396.1464521484375,112.12872941524145,2
[#1X1;!r3;!r4;!r5;!r6;!r7;!r8:1]~[#6X3;r6:2]~;@[#6X4;r3:3],286.31785668945315,107.94493119009599,2
[#16X3;!r3;!r4;!r5;!r6;!r7;!r8:1]~[#6X3;r5:2]~;@[#7X2;r5:3],331.37658587646484,112.46657789234696,2
[#16X4;!r3;!r4;!r5;!r6;!r7;!r8:1]~[#6X3;r5:2]~;@[#8X2;r5:3],279.893645690918,95.428705158696,2
[#6X3;r6:1]~;@[#6X4;r7:2]~[#6X3;r6:3],506.77493371582034,107.94774522803404,2
[#16X2;r6:1]~;@[#6X3;r6:2]~[#8X1;!r3;!r4;!r5;!r6;!r7;!r8:3],622.165703125,139.7537983435732,2
[#16X2;r5:1]~;@[#7X3;r5:2]~[#1X1;!r3;!r4;!r5;!r6;!r7;!r8:3],341.9720283203125,112.95442415381513,2
[#6X3;r6:1]~[#6X4;r3:2]~;@[#8X2;r3:3],597.8124302978516,117.31203703295907,2
[#16X4;r6:1]~;@[#6X4;r6:2]~[#6X4;!r3;!r4;!r5;!r6;!r7;!r8:3],446.09611236572266,101.62592703794533,2
[#16X2;!r3;!r4;!r5;!r6;!r7;!r8:1]~[#6X4;r5:2]~;@[#7X3;r5:3],710.3509599609375,110.33972528669669,2
[#16X2;r5:1]~;@[#6X3;r5:2]~[#6X4;r3:3],277.8372699584961,112.29364433275141,2
[#15X4;!r3;!r4;!r5;!r6;!r7;!r8:1]~[#7X3;r5:2]~;@[#6X4;r5:3],122.387107421875,103.70045356436414,2
[#17X1;!r3;!r4;!r5;!r6;!r7;!r8:1]~[#6X4;r5:2]~;@[#6X4;r4:3],449.87030560302736,103.88680161548959,2
[#6X4;r5:1]~;@[#7X3;r5:2]~[#8X1;!r3;!r4;!r5;!r6;!r7;!r8:3],390.68907611083984,103.65810639151006,2
[#1X1;!r3;!r4;!r5;!r6;!r7;!r8:1]~[#6X4;r8:2]~;@[#6X4;r5:3],439.31530755615233,107.91980975432868,2
[#17X1;!r3;!r4;!r5;!r6;!r7;!r8:1]~[#6X3;r6:2]~;@[#7X3;r6:3],414.7776248779297,105.46317512498268,2
[#6X3;r5:1]~;@[#6X4;r5:2]~[#7X3;r6:3],617.5134802246095,109.26374509617708,2
[#1X1;!r3;!r4;!r5;!r6;!r7;!r8:1]~[#6X3;r7:2]~;@[#7X3;r7:3],385.975819519043,119.52318783334563,2
[#16X4;!r3;!r4;!r5;!r6;!r7;!r8:1]~[#6X4;r5:2]~;@[#6X4;r5:3],539.2545616455078,105.59165781345979,2
[#16X1;!r3;!r4;!r5;!r6;!r7;!r8:1]~[#6X3;r6:2]~;@[#6X3;r5:3],279.41010052490236,156.35999629149018,2
[#6X3;r6:1]~;@[#6X4;r7:2]~[#8X2;!r3;!r4;!r5;!r6;!r7;!r8:3],695.9112568359375,108.390949373087,2
[#7X3;r6:1]~;@[#6X3;r6:2]~[#7X3;r6:3],737.5496413574219,118.89154559928119,2
[#1X1;!r3;!r4;!r5;!r6;!r7;!r8:1]~[#6X3;r4:2]~;@[#6X3;r4:3],158.7824041748047,121.27502207242718,2
[#6X3;r6:1]~;@[#6X4;r6:2]~[#6X4;r5:3],580.8173563232422,106.71363249785028,2
[#8X2;r6:1]~;@[#6X4;r6:2]~[#9X1;!r3;!r4;!r5;!r6;!r7;!r8:3],823.8063995361329,107.34909963784993,2
[#6X3;r5:1]~;@[#6X4;r5:2]~[#7X3;r5:3],703.0932496337891,108.87890491758188,2
[#6X3;r5:1]~;@[#7X3;r5:2]~[#7X3;r6:3],283.2651187133789,99.2671485288381,2
[#6X3;r6:1]~;@[#6X4;r6:2]~[#7X3;r6:3],656.9174953613282,108.43244277229482,2
[#6X3;r6:1]~[#6X4;r7:2]~;@[#7X3;r7:3],660.4244427490235,109.60302791300828,2
[#16X4;!r3;!r4;!r5;!r6;!r7;!r8:1]~[#7X3;r4:2]~;@[#6X4;r4:3],256.6431929321289,103.62543076652071,2
[#6X3;r5:1]~;@[#7X3;r6:2]~[#6X3;r6:3],380.9940721435547,112.27803735049793,2
[#1X1;!r3;!r4;!r5;!r6;!r7;!r8:1]~[#6X4;r8:2]~;@[#6X3;r5:3],428.8810042724609,111.0150602408817,2
[#7X3;r5:1]~[#6X3;r6:2]~;@[#7X3;r6:3],649.1240803222656,115.242079903095,2
[#15X4;!r3;!r4;!r5;!r6;!r7;!r8:1]~[#6X3;r5:2]~;@[#6X3;r5:3],262.5905143737793,119.39428850332915,2
[#6X3;r7:1]~;@[#6X3;r7:2]~[#7X2;!r3;!r4;!r5;!r6;!r7;!r8:3],187.72099267578125,116.89793632395953,2
[#16X2;!r3;!r4;!r5;!r6;!r7;!r8:1]~[#7X3;r5:2]~;@[#6X3;r5:3],328.3374464111328,115.1251880456394,2
[#6X3;r3:1]~;@[#6X4;r3:2]~[#6X4;!r3;!r4;!r5;!r6;!r7;!r8:3],325.79209887695316,126.48409316369408,2
[#6X3;r5:1]~;@[#6X4;r5:2]~[#6X4;r6:3],454.9372192382813,108.67287226126844,2
[#16X1;!r3;!r4;!r5;!r6;!r7;!r8:1]~[#15X4;r6:2]~;@[#8X2;r6:3],656.0874116210938,112.33402441112452,2
[#6X4;r3:1]~;@[#6X4;r3:2]~[#6X4;r5:3],454.66256762695315,119.85017630967083,2
[#16X2;r6:1]~;@[#6X3;r6:2]~[#1X1;!r3;!r4;!r5;!r6;!r7;!r8:3],313.35041918945313,108.3825209196512,2
[#6X3;!r3;!r4;!r5;!r6;!r7;!r8:1]~[#6X4;r6:2]~;@[#6X3;r5:3],426.8252669677735,106.46469259317082,2
[#16X4;!r3;!r4;!r5;!r6;!r7;!r8:1]~[#7X3;r6:2]~;@[#6X3;r6:3],443.7972617797852,110.33869392813202,2
[#7X3;r6:1]~;@[#15X4;r6:2]~[#8X1;!r3;!r4;!r5;!r6;!r7;!r8:3],717.7253110351563,118.02484923511993,2
[#16X3;!r3;!r4;!r5;!r6;!r7;!r8:1]~[#6X3;r5:2]~;@[#6X3;r5:3],432.1243448486328,118.75886234446453,2
[#16X2;r5:1]~;@[#6X3;r5:2]~[#16X3;!r3;!r4;!r5;!r6;!r7;!r8:3],182.77193280029297,95.48805950258341,2
[#16X1;!r3;!r4;!r5;!r6;!r7;!r8:1]~[#6X3;r5:2]~;@[#7X2;r5:3],475.76458337402346,142.16262847891826,2
[#6X4;r5:1]~;@[#7X4;r5:2]~[#8X1;!r3;!r4;!r5;!r6;!r7;!r8:3],597.056021118164,120.1585593506969,2
[#6X4;!r3;!r4;!r5;!r6;!r7;!r8:1]~[#6X4;r3:2]~;@[#6X4;r6:3],211.7545408935547,130.17184890036737,2
[#6X2;!r3;!r4;!r5;!r6;!r7;!r8:1]~[#6X3;r5:2]~;@[#6X4;r5:3],446.2614332275391,120.4080798214558,2
[#7X3;!r3;!r4;!r5;!r6;!r7;!r8:1]~[#15X4;r6:2]~;@[#8X2;r6:3],555.8771768798829,99.86259759049065,2
[#1X1;!r3;!r4;!r5;!r6;!r7;!r8:1]~[#6X4;r7:2]~;@[#6X4;r3:3],340.80271600341797,105.83389047237429,2
[#6X4;!r3;!r4;!r5;!r6;!r7;!r8:1]~[#6X4;r4:2]~;@[#8X2;r4:3],671.0321749267579,110.30587486917011,2
[#6X4;r4:1]~[#6X3;r6:2]~;@[#7X2;r6:3],568.2529708251953,123.40199762148251,2
[#6X3;!r3;!r4;!r5;!r6;!r7;!r8:1]~[#6X3;r6:2]~;@[#7X3;r4:3],479.4013231201172,107.00806829259119,2
[#6X4;!r3;!r4;!r5;!r6;!r7;!r8:1]~[#6X4;r4:2]~;@[#7X3;r4:3],498.6717854614258,111.41545959040619,2
[#8X1;!r3;!r4;!r5;!r6;!r7;!r8:1]~[#7X3;r5:2]~;@[#8X2;r5:3],846.8522362060547,117.43433840023731,2
[#6X4;r4:1]~;@[#16X4;r5:2]~[#8X1;!r3;!r4;!r5;!r6;!r7;!r8:3],505.8965848388672,135.86396463011593,2
[#16X4;r5:1]~;@[#6X4;r5:2]~[#6X4;!r3;!r4;!r5;!r6;!r7;!r8:3],389.69105395507813,103.46465494364779,2
[#16X4;r5:1]~;@[#6X3;r5:2]~[#1X1;!r3;!r4;!r5;!r6;!r7;!r8:3],258.18739001464843,105.4442213500359,2
[#1X1;!r3;!r4;!r5;!r6;!r7;!r8:1]~[#6X3;r7:2]~;@[#8X2;r7:3],350.2104594116211,115.52066965896148,2
[#1X1;!r3;!r4;!r5;!r6;!r7;!r8:1]~[#6X4;r4:2]~;@[#6X3;r5:3],330.31660430908204,114.55516094807764,2
[#6X3;!r3;!r4;!r5;!r6;!r7;!r8:1]~[#6X3;r7:2]~;@[#6X4;r7:3],84.11808113098145,158.09337535943436,2
[#16X4;r5:1]~;@[#7X3;r5:2]~[#6X3;r6:3],409.52113012695315,114.44762644978496,2
[#16X2;r6:1]~;@[#6X3;r6:2]~[#6X3;!r3;!r4;!r5;!r6;!r7;!r8:3],100.44630935668945,87.80624136571845,-1
[#6X4;r5:1]~;@[#6X4;r7:2]~[#8X2;!r3;!r4;!r5;!r6;!r7;!r8:3],630.1766943359376,107.04454833294822,2
[#15X4;!r3;!r4;!r5;!r6;!r7;!r8:1]~[#7X3;r5:2]~;@[#6X3;r5:3],542.0520242919922,119.29393936404333,2
[#6X3;r5:1]~[#6X3;r6:2]~;@[#8X2;r6:3],531.0064902954102,107.55196991657765,2
[#6X3;r7:1]~[#6X3;r6:2]~;@[#6X4;r6:3],188.0375889892578,160.63923274990822,2
[#6X3;r5:1]~;@[#6X4;r6:2]~[#7X3;!r3;!r4;!r5;!r6;!r7;!r8:3],738.2547847900391,109.17353195761955,2
[#1X1;!r3;!r4;!r5;!r6;!r7;!r8:1]~[#6X3;r6:2]~;@[#6X3;r4:3],234.10888052368165,127.408586588612,2
[#6X3;!r3;!r4;!r5;!r6;!r7;!r8:1]~[#6X4;r5:2]~;@[#7X3;r4:3],587.8828360595703,105.6944248397118,2
[#7X2;r6:1]~;@[#7X3;r6:2]~[#8X1;!r3;!r4;!r5;!r6;!r7;!r8:3],883.2041198730469,125.2793024356172,2
[#6X3;r5:1]~;@[#6X3;r5:2]~[#6X4;r7:3],321.2493024902344,129.25130332478975,2
[#6X4;r3:1]~[#6X4;r6:2]~;@[#6X4;r6:3],495.0618277587891,107.63505233764168,2
[#16X2;r6:1]~;@[#6X3;r6:2]~[#6X4;!r3;!r4;!r5;!r6;!r7;!r8:3],466.5871527709961,107.20048155169962,2
[#16X2;r6:1]~;@[#6X3;r6:2]~[#6X3;r6:3],456.9907858886719,108.1536344503749,2
[#6X3;r5:1]~;@[#7X3;r6:2]~[#8X1;!r3;!r4;!r5;!r6;!r7;!r8:3],767.427484741211,122.92582415330591,2
[#6X4;r7:1]~;@[#6X3;r7:2]~[#7X2;!r3;!r4;!r5;!r6;!r7;!r8:3],472.23478027343754,138.41849636083572,2
[#6X4;r6:1]~;@[#6X4;r6:2]~[#7X3;r7:3],710.4517038574219,108.45828137792498,2
[#6X3;r6:1]~;@[#6X4;r6:2]~[#7X2;!r3;!r4;!r5;!r6;!r7;!r8:3],428.83417559814455,103.52250664591779,2
[#16X2;r5:1]~;@[#6X4;r5:2]~[#7X3;!r3;!r4;!r5;!r6;!r7;!r8:3],667.7767680664062,110.39660710210455,2
[#6X3;r5:1]~;@[#6X4;r5:2]~[#9X1;!r3;!r4;!r5;!r6;!r7;!r8:3],601.0253178710938,107.35161314746449,2
[#16X2;!r3;!r4;!r5;!r6;!r7;!r8:1]~[#6X4;r6:2]~;@[#8X2;r6:3],524.3105325317383,105.40836285689333,2
[#35X1;!r3;!r4;!r5;!r6;!r7;!r8:1]~[#6X4;r5:2]~;@[#6X3;r5:3],308.81796533203124,101.55951027845613,2
[#6X4;r6:1]~;@[#7X3;r6:2]~[#7X3;r5:3],536.0147962646485,106.80718559891194,2
[#6X4;r4:1]~;@[#16X4;r6:2]~[#8X1;!r3;!r4;!r5;!r6;!r7;!r8:3],442.8562192993164,129.10505531428143,2
[#6X3;r5:1]~[#7X3;r7:2]~;@[#6X4;r7:3],448.9309868774414,114.1892608840509,2
[#6X3;r5:1]~;@[#6X3;r5:2]~[#6X4;r4:3],360.4282399291992,125.88233983743763,2
[#8X2;!r3;!r4;!r5;!r6;!r7;!r8:1]~[#6X3;r6:2]~;@[#8X2;r6:3],780.594865234375,110.76642769471489,2
[#6X4;r3:1]~[#6X3;r5:2]~;@[#8X2;r5:3],956.6011558837891,119.48316292480936,2
[#8X1;!r3;!r4;!r5;!r6;!r7;!r8:1]~[#6X3;r7:2]~;@[#8X2;r7:3],734.2488422851562,136.2306774866539,2
[#6X4;!r3;!r4;!r5;!r6;!r7;!r8:1]~[#6X3;r6:2]~;@[#6X4;r5:3],477.5388059692383,111.68719866653514,2
[#6X4;r5:1]~[#6X4;r6:2]~;@[#8X2;r6:3],578.245514038086,103.14264567522753,2
[#6X4;!r3;!r4;!r5;!r6;!r7;!r8:1]~[#6X4;r7:2]~;@[#6X4;r5:3],576.7605949707031,107.85339299483948,2
[#6X4;r6:1]~;@[#6X4;r6:2]~[#7X4;!r3;!r4;!r5;!r6;!r7;!r8:3],685.9231187744141,105.24936971339378,2
[#1X1;!r3;!r4;!r5;!r6;!r7;!r8:1]~[#6X4;r7:2]~;@[#7X4;r7:3],510.1409162597656,104.1717161265275,2
[#1X1;!r3;!r4;!r5;!r6;!r7;!r8:1]~[#6X4;r4:2]~;@[#6X3;r6:3],242.58902035522462,109.39868231341984,2
[#6X3;r6:1]~[#7X3;r5:2]~;@[#8X2;r5:3],311.47870867919926,92.47619196541791,2
[#8X1;!r3;!r4;!r5;!r6;!r7;!r8:1]~[#15X4;r5:2]~;@[#8X2;r5:3],651.5647257080078,126.80183356388308,2
[#15X4;r6:1]~[#6X3;r6:2]~;@[#6X3;r6:3],205.06332345581055,116.97839595238229,2
[#16X2;r5:1]~;@[#6X4;r5:2]~[#9X1;!r3;!r4;!r5;!r6;!r7;!r8:3],655.326150390625,108.76115928648002,2
[#53X1;!r3;!r4;!r5;!r6;!r7;!r8:1]~[#6X3;r5:2]~;@[#7X3;r5:3],278.83308953857426,101.93325822983923,2
[#8X1;!r3;!r4;!r5;!r6;!r7;!r8:1]~[#16X4;r5:2]~;@[#8X2;r5:3],576.4663436279297,128.12049720580242,2
[#16X2;!r3;!r4;!r5;!r6;!r7;!r8:1]~[#6X3;r6:2]~;@[#6X4;r6:3],320.5125568847656,107.23198921434089,2
[#6X4;r3:1]~;@[#6X4;r3:2]~[#7X2;!r3;!r4;!r5;!r6;!r7;!r8:3],385.53549591064456,120.80274181207749,2
[#16X2;r4:1]~;@[#6X4;r4:2]~[#1X1;!r3;!r4;!r5;!r6;!r7;!r8:3],336.84404907226565,112.33459131682564,2
[#1X1;!r3;!r4;!r5;!r6;!r7;!r8:1]~[#7X3;r6:2]~;@[#7X3;r5:3],142.43421710205078,97.01995482020138,2
[#17X1;!r3;!r4;!r5;!r6;!r7;!r8:1]~[#15X5;r4:2]~;@[#7X3;r4:3],552.1050266113282,169.96891598630882,3
[#6X4;r7:1]~;@[#6X4;r7:2]~[#9X1;!r3;!r4;!r5;!r6;!r7;!r8:3],748.5967395019532,106.47746504691875,2
[#16X3;!r3;!r4;!r5;!r6;!r7;!r8:1]~[#6X3;r5:2]~;@[#7X3;r5:3],198.3510538635254,90.63784655030898,2
[#7X2;r5:1]~;@[#7X3;r5:2]~[#8X2;!r3;!r4;!r5;!r6;!r7;!r8:3],598.8634738769531,106.61007316965454,2
[#6X3;r5:1]~;@[#6X3;r7:2]~[#6X3;r6:3],0.0,89.99805590056471,0
[#6X3;!r3;!r4;!r5;!r6;!r7;!r8:1]~[#7X3;r5:2]~;@[#7X3;r5:3],431.7162299194336,106.98785776283712,2
[#6X3;r6:1]~;@[#7X3;r7:2]~[#6X3;r6:3],227.79481427001954,108.68597256409652,2
[#6X3;!r3;!r4;!r5;!r6;!r7;!r8:1]~[#6X3;r4:2]~;@[#6X3;r4:3],531.5054215698242,137.2222980107347,2
[#6X4;!r3;!r4;!r5;!r6;!r7;!r8:1]~[#6X4;r7:2]~;@[#7X2;r7:3],641.3646296386719,108.19477950993506,2
[#6X4;r6:1]~;@[#7X3;r6:2]~[#6X4;r7:3],417.1868276977539,107.31036563506679,2
[#16X1;!r3;!r4;!r5;!r6;!r7;!r8:1]~[#6X3;r7:2]~;@[#7X3;r7:3],556.2872390136719,141.8763615904247,2
[#7X2;!r3;!r4;!r5;!r6;!r7;!r8:1]~[#6X3;r6:2]~;@[#7X3;r5:3],444.21457006835936,147.58025256630236,2
[#6X3;r4:1]~;@[#7X3;r4:2]~[#6X4;!r3;!r4;!r5;!r6;!r7;!r8:3],197.79491946411133,110.63672240237635,2
[#7X2;r6:1]~;@[#6X3;r6:2]~[#7X3;r7:3],712.22998046875,126.05726098208164,2
[#17X1;!r3;!r4;!r5;!r6;!r7;!r8:1]~[#6X4;r4:2]~;@[#6X3;r4:3],437.8693006591797,115.24244873331018,2
[#6X4;r3:1]~[#6X4;r6:2]~;@[#7X3;r6:3],695.8262182617187,106.96245628931385,2
[#6X3;r6:1]~;@[#6X4;r5:2]~[#8X2;!r3;!r4;!r5;!r6;!r7;!r8:3],544.116125,107.47067700507615,2
[#17X1;!r3;!r4;!r5;!r6;!r7;!r8:1]~[#7X3;r5:2]~;@[#6X3;r5:3],372.85003259277346,96.46544591243389,2
[#7X3;!r3;!r4;!r5;!r6;!r7;!r8:1]~[#15X4;r6:2]~;@[#7X3;r6:3],691.2938282470703,105.7612992218754,2
[#6X4;r5:1]~;@[#15X4;r5:2]~[#8X1;!r3;!r4;!r5;!r6;!r7;!r8:3],484.4657149658203,133.37953796103713,2
[#6X4;r3:1]~;@[#6X4;r3:2]~[#6X4;r3:3],792.2102279052734,123.80167297095498,2
[#16X2;r5:1]~;@[#6X4;r5:2]~[#6X3;r5:3],586.8725241699219,109.79238124736855,2
[#6X4;!r3;!r4;!r5;!r6;!r7;!r8:1]~[#15X4;r5:2]~;@[#6X4;r5:3],471.0409204101563,125.11461291434985,2
[#6X3;r6:1]~;@[#6X4;r7:2]~[#7X3;!r3;!r4;!r5;!r6;!r7;!r8:3],737.3793726806641,108.7129927924531,2
[#6X4;r3:1]~[#7X3;r6:2]~;@[#6X4;r6:3],430.306421875,109.69266048548636,2
[#16X3;!r3;!r4;!r5;!r6;!r7;!r8:1]~[#6X3;r6:2]~;@[#7X2;r6:3],300.05024572753905,118.64634180807774,2
[#7X2;r5:1]~;@[#7X3;r5:2]~[#7X3;!r3;!r4;!r5;!r6;!r7;!r8:3],600.7822684326172,107.2521655931491,2
[#16X1;!r3;!r4;!r5;!r6;!r7;!r8:1]~[#6X3;r6:2]~;@[#8X2;r6:3],499.6716271362305,141.93032008486782,2
[#6X3;r5:1]~;@[#6X4;r7:2]~[#6X3;r6:3],576.9862791748047,109.26181215264195,2
[#1X1;!r3;!r4;!r5;!r6;!r7;!r8:1]~[#6X4;r5:2]~;@[#7X2;r6:3],506.9767088012695,104.39051440639969,2
[#16X4;!r3;!r4;!r5;!r6;!r7;!r8:1]~[#7X3;r7:2]~;@[#6X4;r7:3],126.21144117736817,97.89268224139977,2
[#6X3;r5:1]~[#6X4;r6:2]~;@[#7X2;r6:3],498.0834743041992,108.95105903597388,2
[#16X1;!r3;!r4;!r5;!r6;!r7;!r8:1]~[#6X3;r6:2]~;@[#7X3;r5:3],699.1959036865235,136.25663220549995,2
[#1X1;!r3;!r4;!r5;!r6;!r7;!r8:1]~[#7X4;r5:2]~;@[#6X3;r5:3],429.4532908935547,111.65847772107524,2
[#6X3;r5:1]~;@[#6X3;r7:2]~[#6X4;!r3;!r4;!r5;!r6;!r7;!r8:3],387.0642111206055,126.61110736149965,2
[#7X3;r7:1]~;@[#16X4;r7:2]~[#8X1;!r3;!r4;!r5;!r6;!r7;!r8:3],474.5334712524414,134.899938070282,2
[#6X3;r5:1]~[#6X3;r7:2]~;@[#6X4;r7:3],161.02879196166992,146.77467273483435,2
[#15X4;r6:1]~;@[#7X3;r6:2]~[#1X1;!r3;!r4;!r5;!r6;!r7;!r8:3],202.5535523071289,114.27684439977797,2
[#7X3;r5:1]~;@[#6X3;r6:2]~[#7X3;r6:3],415.1046594848633,110.20489052229146,2
[#6X3;!r3;!r4;!r5;!r6;!r7;!r8:1]~[#6X3;r5:2]~;@[#7X3;r4:3],307.6164443359375,100.64836304317643,2
[#6X3;r4:1]~;@[#6X3;r4:2]~[#8X2;!r3;!r4;!r5;!r6;!r7;!r8:3],443.9720313720703,95.54955852587021,2
[#6X4;r4:1]~[#6X3;r5:2]~;@[#7X3;r5:3],556.3055618896485,123.63498903444999,2
[#6X2;!r3;!r4;!r5;!r6;!r7;!r8:1]~[#7X3;r6:2]~;@[#6X4;r6:3],419.7515834350586,110.77135909129565,2
[#6X3;!r3;!r4;!r5;!r6;!r7;!r8:1]~[#7X3;r6:2]~;@[#7X3;r6:3],522.5591975708008,106.90299266239971,2
[#6X4;!r3;!r4;!r5;!r6;!r7;!r8:1]~[#6X3;r7:2]~;@[#6X4;r7:3],0.0,112.51731253750181,0
[#16X4;!r3;!r4;!r5;!r6;!r7;!r8:1]~[#6X4;r6:2]~;@[#6X3;r6:3],485.14024578857425,103.66660997702672,2
[#6X4;r4:1]~[#7X3;r5:2]~;@[#7X2;r5:3],362.3709116821289,104.584047816532,2
[#6X3;r7:1]~;@[#6X4;r7:2]~[#8X2;!r3;!r4;!r5;!r6;!r7;!r8:3],832.4320051269532,107.2226933268805,2
[#17X1;!r3;!r4;!r5;!r6;!r7;!r8:1]~[#6X4;r4:2]~;@[#6X4;r5:3],611.9766518554687,113.3444142950445,2
[#16X2;!r3;!r4;!r5;!r6;!r7;!r8:1]~[#6X3;r6:2]~;@[#7X3;r5:3],556.7630592041016,110.94491419810566,2
[#1X1;!r3;!r4;!r5;!r6;!r7;!r8:1]~[#6X3;r4:2]~;@[#6X4;r4:3],210.93433682250978,107.88921050684702,2
[#15X4;r6:1]~;@[#7X3;r6:2]~[#6X4;!r3;!r4;!r5;!r6;!r7;!r8:3],388.4594310913086,108.54178044052838,2
[#15X4;!r3;!r4;!r5;!r6;!r7;!r8:1]~[#6X4;r6:2]~;@[#6X4;r6:3],198.4697854614258,88.34624295168884,2
[#15X4;!r3;!r4;!r5;!r6;!r7;!r8:1]~[#6X4;r5:2]~;@[#6X4;r5:3],447.77702874755863,104.66262231274384,2
[#16X3;!r3;!r4;!r5;!r6;!r7;!r8:1]~[#6X4;r6:2]~;@[#6X4;r6:3],340.7961082763672,99.23144029985728,2
[#15X3;r6:1]~;@[#6X4;r6:2]~[#1X1;!r3;!r4;!r5;!r6;!r7;!r8:3],423.0860595703125,103.34275655753056,2
[#8X1;!r3;!r4;!r5;!r6;!r7;!r8:1]~[#6X3;r4:2]~;@[#8X2;r4:3],534.1341477661133,137.57895682881443,2
[#6X3;r5:1]~;@[#6X4;r3:2]~[#6X4;!r3;!r4;!r5;!r6;!r7;!r8:3],145.36209457397462,131.42206038642485,2
[#6X4;r5:1]~;@[#6X4;r6:2]~[#9X1;!r3;!r4;!r5;!r6;!r7;!r8:3],425.82593603515625,101.4170257021805,2
[#6X4;r6:1]~;@[#7X3;r6:2]~[#7X3;r6:3],438.9725037841797,105.85604760604181,2
[#1X1;!r3;!r4;!r5;!r6;!r7;!r8:1]~[#7X3;r7:2]~;@[#7X2;r7:3],281.4325119018555,105.65737789365366,2
[#6X4;r5:1]~[#6X4;r5:2]~;@[#8X2;r5:3],484.4478070678711,106.50221765247088,2
[#6X3;r5:1]~[#6X3;r7:2]~;@[#7X2;r7:3],805.7901604003906,121.49813703185482,2
[#6X4;r4:1]~;@[#6X4;r4:2]~[#6X4;r6:3],367.0683352661133,114.05708989342197,2
[#6X3;r6:1]~;@[#6X3;r6:2]~;@[#6X3;r6:3],470.5838380737305,120.93793857650871,2
[#6X4;r6:1]~;@[#6X4;r6:2]~;@[#6X4;r6:3],496.16171105957034,106.41152640067145,2
[#6X3;r5:1]~;@[#6X3;r5:2]~;@[#6X3;r6:3],252.13324365234377,128.96963998379675,2
[#6X3;r5:1]~;@[#6X3;r5:2]~;@[#6X3;r5:3],354.11109326171874,116.84681918821116,2
[#6X3;r6:1]~;@[#6X3;r6:2]~;@[#7X2;r6:3],588.8692707519532,126.41344168691947,2
[#6X3;r5:1]~;@[#6X3;r5:2]~;@[#7X3;r5:3],691.7901419677735,123.19733783319225,2
[#6X3;r5:1]~;@[#6X3;r6:2]~;@[#6X3;r6:3],565.8582283935547,119.51725922914606,2
[#6X3;r6:1]~;@[#7X2;r6:2]~;@[#6X3;r6:3],534.7554656372071,114.1963437902202,2
[#6X4;r5:1]~;@[#6X4;r5:2]~;@[#6X4;r5:3],586.2339049072266,108.44554990531208,2
[#6X3;r5:1]~;@[#6X3;r5:2]~;@[#7X2;r5:3],587.081353881836,120.66757236840293,2
[#6X3;r5:1]~;@[#7X3;r5:2]~;@[#6X3;r5:3],720.3741477050781,124.09668250158617,2
[#6X4;r6:1]~;@[#6X4;r6:2]~;@[#7X3;r6:3],741.8265964355469,106.90588183241863,2
[#6X3;r6:1]~;@[#6X3;r6:2]~;@[#6X4;r6:3],310.9466110839844,133.91670501850197,2
[#16X2;r5:1]~;@[#6X3;r5:2]~;@[#6X3;r5:3],494.02687255859377,125.06431540130188,2
[#6X3;r6:1]~;@[#6X3;r6:2]~;@[#7X3;r6:3],437.88056890869143,126.47963988035524,2
[#6X3;r5:1]~;@[#7X2;r5:2]~;@[#6X3;r5:3],775.9973555908203,112.87257799699086,2
[#6X3;r6:1]~;@[#6X4;r6:2]~;@[#6X4;r6:3],549.6383333740234,108.01145040242274,2
[#6X3;r5:1]~;@[#6X3;r5:2]~;@[#8X2;r5:3],739.8818817138672,124.30104176155295,2
[#7X2;r5:1]~;@[#6X3;r5:2]~;@[#7X3;r5:3],828.9963062744141,128.77637295104208,2
[#6X3;r6:1]~;@[#6X3;r5:2]~;@[#7X3;r5:3],162.04159371948242,116.26811092021431,2
[#6X3;r5:1]~;@[#16X2;r5:2]~;@[#6X3;r5:3],1243.1450798339845,98.77803185218433,2
[#6X4;r5:1]~;@[#6X4;r5:2]~;@[#7X3;r5:3],745.9163645019531,108.23976996599792,2
[#6X4;r6:1]~;@[#7X3;r6:2]~;@[#6X4;r6:3],418.87917193603516,106.63343924680515,2
[#6X3;r5:1]~;@[#7X3;r5:2]~;@[#7X2;r5:3],951.0877578125001,126.63226728754834,2
[#6X3;r5:1]~;@[#6X4;r5:2]~;@[#6X4;r5:3],634.2193464355469,110.68202704714105,2
[#6X3;r6:1]~;@[#7X3;r6:2]~;@[#6X3;r6:3],506.40691204833985,121.96689291459279,2
[#6X4;r3:1]~;@[#6X4;r3:2]~;@[#6X4;r3:3],278.4945313110352,115.8958246293136,2
[#6X3;r5:1]~;@[#6X3;r5:2]~;@[#6X4;r5:3],345.47881610107424,134.6607311851698,2
[#6X3;r5:1]~;@[#7X2;r5:2]~;@[#7X3;r5:3],1045.342738647461,119.06973157434848,2
[#6X3;r6:1]~;@[#6X3;r6:2]~;@[#8X2;r6:3],282.6096130371094,124.36841474752596,2
[#6X3;r5:1]~;@[#7X2;r5:2]~;@[#7X2;r5:3],896.3213199462891,117.95173889024412,2
[#7X2;r6:1]~;@[#6X3;r6:2]~;@[#7X2;r6:3],632.5077216796875,133.40251471740507,2
[#6X4;r6:1]~;@[#6X4;r6:2]~;@[#8X2;r6:3],695.078364013672,106.43275462861185,2
[#6X3;r6:1]~;@[#6X3;r5:2]~;@[#7X2;r5:3],483.93333007812504,128.42254183127872,2
[#6X3;r5:1]~;@[#6X3;r5:2]~;@[#7X2;r6:3],407.81256982421877,131.64538025152757,2
[#6X4;r5:1]~;@[#6X4;r5:2]~;@[#8X2;r5:3],703.0248740234375,109.02651213573502,2
[#6X3;r5:1]~;@[#8X2;r5:2]~;@[#6X3;r5:3],1221.8836486816406,119.50074383173298,2
[#6X3;r5:1]~;@[#7X2;r6:2]~;@[#6X3;r6:3],532.8392247924805,114.72570394146369,2
[#16X2;r5:1]~;@[#6X3;r5:2]~;@[#7X2;r5:3],654.98191015625,129.33752763287197,2
[#6X3;r5:1]~;@[#7X3;r5:2]~;@[#6X4;r5:3],486.3412879638672,123.26578998905411,2
[#6X3;r5:1]~;@[#7X3;r5:2]~;@[#6X3;r6:3],476.6379525146485,119.73462316929255,2
[#6X3;r5:1]~;@[#6X3;r5:2]~;@[#6X4;r6:3],404.52536926269534,127.96041123203567,2
[#6X4;r5:1]~;@[#6X4;r5:2]~;@[#6X4;r6:3],474.3419429321289,110.03733915176188,2
[#6X3;r6:1]~;@[#6X3;r5:2]~;@[#6X4;r5:3],399.56785021972655,132.69608191192899,2
[#6X3;r6:1]~;@[#7X3;r6:2]~;@[#6X4;r6:3],311.8753319091797,113.54944974373912,2
[#6X4;r5:1]~;@[#7X3;r5:2]~;@[#6X4;r5:3],382.3854296264649,113.04930914176494,2
[#6X3;r5:1]~;@[#8X2;r5:2]~;@[#6X4;r5:3],902.7318366699219,117.4083290398779,2
[#6X4;r4:1]~;@[#6X4;r4:2]~;@[#6X4;r4:3],613.1195651855469,110.67818165063834,2
[#6X3;r6:1]~;@[#6X3;r5:2]~;@[#8X2;r5:3],492.1744744873047,123.48658268416395,2
[#7X2;r6:1]~;@[#6X3;r5:2]~;@[#7X3;r5:3],586.6788251953125,128.536045914906,2
[#6X3;r5:1]~;@[#6X3;r6:2]~;@[#7X2;r6:3],822.8319672851563,122.60182729983718,2
[#6X4;r5:1]~;@[#6X4;r6:2]~;@[#6X4;r6:3],552.9702238769531,106.1525870990471,2
[#7X2;r6:1]~;@[#6X3;r6:2]~;@[#7X3;r6:3],385.2472457885742,139.3683434479527,2
[#6X3;r6:1]~;@[#6X3;r6:2]~;@[#7X3;r5:3],535.1987260131837,123.22747262781034,2
[#6X4;r6:1]~;@[#8X2;r6:2]~;@[#6X4;r6:3],498.6244460449219,106.22574525524709,2
[#6X4;r5:1]~;@[#6X3;r5:2]~;@[#7X3;r5:3],659.4963603515625,130.88866359338186,2
[#7X2;r5:1]~;@[#6X3;r5:2]~;@[#8X2;r5:3],891.9117634277344,129.58233527310358,2
[#7X3;r5:1]~;@[#6X3;r5:2]~;@[#7X3;r5:3],867.5275268554688,126.03907901851107,2
[#6X3;r6:1]~;@[#8X2;r6:2]~;@[#6X4;r6:3],476.10384387207034,108.01136844015271,2
[#6X3;r5:1]~;@[#6X4;r6:2]~;@[#6X4;r6:3],593.064634765625,105.89749319392546,2
[#6X4;r5:1]~;@[#8X2;r5:2]~;@[#6X4;r5:3],548.0469245605469,115.09845468522798,2
[#6X3;r5:1]~;@[#7X2;r5:2]~;@[#8X2;r5:3],1091.1962145996094,116.79036084453183,2
[#16X2;r5:1]~;@[#6X3;r5:2]~;@[#6X3;r6:3],379.81725830078125,126.63769045774933,2
[#6X4;r6:1]~;@[#6X3;r6:2]~;@[#7X3;r6:3],297.2975368652344,143.76835131127493,2
[#7X2;r5:1]~;@[#6X3;r5:2]~;@[#7X2;r5:3],651.5780688476563,127.50591678428468,2
[#6X3;r6:1]~;@[#6X4;r6:2]~;@[#6X3;r6:3],555.5051650390625,111.41183275995691,2
[#6X3;r6:1]~;@[#7X2;r6:2]~;@[#7X2;r6:3],636.2311599121094,112.94926053080259,2
[#6X3;r6:1]~;@[#6X4;r6:2]~;@[#7X3;r6:3],773.1671416015625,107.32927842887855,2
[#7X2;r5:1]~;@[#7X2;r5:2]~;@[#7X3;r5:3],1388.847057373047,121.87885177619133,2
[#7X3;r6:1]~;@[#6X3;r6:2]~;@[#7X3;r6:3],320.38627587890625,142.41691642171784,2
[#6X3;r5:1]~;@[#6X4;r5:2]~;@[#7X3;r5:3],790.3899427490235,110.34078396601804,2
[#6X3;r6:1]~;@[#6X3;r6:2]~;@[#6X4;r7:3],393.2111848754883,125.71684435384822,2
[#16X2;r5:1]~;@[#6X3;r5:2]~;@[#7X3;r5:3],566.9515358886719,126.58421007654813,2
[#16X2;r6:1]~;@[#6X3;r6:2]~;@[#6X3;r6:3],277.20554571533205,131.118226251386,2
[#6X3;r5:1]~;@[#6X3;r6:2]~;@[#7X3;r6:3],347.28617309570313,125.02491887016924,2
[#6X3;r5:1]~;@[#8X2;r5:2]~;@[#7X2;r5:3],1315.0321704101564,120.8972852905688,2
[#6X3;r6:1]~;@[#6X3;r6:2]~;@[#6X3;r7:3],386.7660334472656,125.45597210868875,2
[#6X3;r6:1]~;@[#6X3;r6:2]~;@[#7X3;r7:3],527.2059619140625,125.96467093769296,2
[#6X3;r6:1]~;@[#6X4;r5:2]~;@[#6X4;r5:3],432.8723587036133,110.11471836486896,2
[#6X3;r6:1]~;@[#8X2;r6:2]~;@[#6X3;r6:3],535.6738758544922,113.50119445725298,2
[#6X3;r5:1]~;@[#7X3;r5:2]~;@[#7X3;r5:3],851.126318359375,120.63874897010548,2
[#6X3;r5:1]~;@[#6X4;r5:2]~;@[#6X3;r5:3],878.2917376708984,111.89575849284148,2
[#6X4;r6:1]~;@[#6X3;r6:2]~;@[#7X2;r6:3],182.76649020385742,156.22563281013768,2
[#6X4;r7:1]~;@[#6X4;r7:2]~;@[#6X4;r7:3],593.5001701660157,110.12542810148754,2
[#6X3;r5:1]~;@[#6X3;r5:2]~;@[#7X3;r6:3],316.61884997558593,122.13703292681781,2
[#6X4;r3:1]~;@[#6X4;r3:2]~;@[#8X2;r3:3],208.5761922607422,105.13264861066743,2
[#6X4;r4:1]~;@[#6X4;r4:2]~;@[#7X3;r4:3],994.8131625976563,103.24671043742185,2
[#6X3;r6:1]~;@[#6X3;r6:2]~;@[#6X4;r5:3],326.6265877685547,131.44612997305998,2
[#6X4;r3:1]~;@[#6X4;r3:2]~;@[#6X4;r5:3],513.7347217407226,115.45385674850041,2
[#6X3;r5:1]~;@[#7X3;r5:2]~;@[#6X4;r6:3],331.69066040039064,110.70455301102375,2
[#16X2;r5:1]~;@[#6X4;r5:2]~;@[#6X4;r5:3],525.5324193725586,104.99420750638043,2
[#6X3;r5:1]~;@[#6X4;r5:2]~;@[#6X4;r6:3],427.4939242553711,110.00208854545545,2
[#6X3;r5:1]~;@[#6X4;r5:2]~;@[#8X2;r5:3],823.6487078857422,110.58356987025532,2
[#8X2;r5:1]~;@[#6X4;r5:2]~;@[#8X2;r5:3],754.3739997558594,114.16077216502278,2
[#6X4;r6:1]~;@[#6X3;r6:2]~;@[#6X4;r6:3],131.81836093139648,148.39904198362515,2
[#6X3;r5:1]~;@[#7X3;r6:2]~;@[#6X3;r6:3],626.5130129394531,121.5086418627983,2
[#6X3;r5:1]~;@[#7X3;r5:2]~;@[#7X2;r6:3],816.5776738281251,121.8940284565271,2
[#6X3;r6:1]~;@[#6X4;r6:2]~;@[#8X2;r6:3],750.2820610351563,106.9864507438681,2
[#6X4;r6:1]~;@[#6X4;r5:2]~;@[#7X3;r5:3],617.8180740966798,110.66129059282089,2
[#6X4;r5:1]~;@[#6X3;r5:2]~;@[#7X2;r5:3],655.7531947021484,132.17262987431755,2
[#6X3;r6:1]~;@[#7X3;r5:2]~;@[#7X2;r5:3],537.5758797607422,114.79087760652396,2
[#6X4;r6:1]~;@[#6X4;r5:2]~;@[#8X2;r5:3],658.4855377197266,108.73896117167747,2
[#6X3;r5:1]~;@[#7X2;r5:2]~;@[#6X4;r5:3],641.6059553222657,122.43426909911842,2
[#6X4;r7:1]~;@[#6X4;r7:2]~;@[#7X3;r7:3],749.7017940673828,110.03453194401301,2
[#6X3;r5:1]~;@[#16X2;r5:2]~;@[#6X4;r5:3],738.4883854980469,95.38117387226188,2
[#7X2;r5:1]~;@[#6X3;r5:2]~;@[#7X2;r6:3],472.6639313964844,131.30104309471056,2
[#6X3;r6:1]~;@[#7X3;r6:2]~;@[#7X2;r6:3],496.26175268554687,126.39431715724344,2
[#6X3;r6:1]~;@[#7X2;r6:2]~;@[#7X3;r6:3],715.1994355468751,122.34062720559756,2
[#6X3;r6:1]~;@[#6X3;r6:2]~;@[#8X2;r7:3],515.4415263671875,121.19614704789187,2
[#6X4;r5:1]~;@[#6X4;r5:2]~;@[#7X2;r5:3],793.572249633789,112.41669019064919,2
[#6X4;r5:1]~;@[#7X3;r5:2]~;@[#7X3;r5:3],611.8545206298828,109.123091010599,2
[#6X4;r6:1]~;@[#6X3;r5:2]~;@[#7X3;r5:3],359.42772790527346,116.81322831787303,2
[#16X2;r5:1]~;@[#6X3;r5:2]~;@[#7X2;r6:3],389.51759313964845,124.87640323685649,2
[#7X2;r5:1]~;@[#7X2;r5:2]~;@[#7X2;r5:3],1143.3216684570314,123.22278711803972,2
[#6X4;r6:1]~;@[#6X4;r6:2]~;@[#7X3;r5:3],718.0168171386719,105.44429648211677,2
[#16X2;r6:1]~;@[#6X4;r6:2]~;@[#6X4;r6:3],641.1539484863282,106.05776358279981,2
[#16X2;r5:1]~;@[#7X2;r5:2]~;@[#6X3;r5:3],732.3009992675782,125.37713806528846,2
[#6X4;r3:1]~;@[#6X4;r3:2]~;@[#6X4;r6:3],682.7141256103516,120.27491845339723,2
[#7X3;r5:1]~;@[#6X3;r5:2]~;@[#8X2;r5:3],921.9915415039063,126.36154590960572,2
[#6X4;r3:1]~;@[#8X2;r3:2]~;@[#6X4;r3:3],0.0,47.965782087979925,0
[#6X3;r7:1]~;@[#6X3;r7:2]~;@[#6X3;r7:3],333.16233209228517,125.63036049857752,2
[#7X2;r5:1]~;@[#6X3;r5:2]~;@[#7X3;r6:3],460.6655759277344,122.70358345809203,2
[#6X4;r3:1]~;@[#6X4;r3:2]~;@[#7X3;r3:3],199.13478775024416,91.09863160228555,2
[#6X4;r5:1]~;@[#6X3;r5:2]~;@[#8X2;r5:3],673.7403853759766,130.64321391536828,2
[#6X4;r5:1]~;@[#16X2;r5:2]~;@[#6X4;r5:3],612.5022055664062,91.56292054130634,2
[#6X4;r5:1]~;@[#6X3;r5:2]~;@[#6X4;r5:3],458.59397369384766,130.0442882874282,2
[#6X3;r5:1]~;@[#6X3;r5:2]~;@[#6X4;r7:3],350.32783435058593,130.53275609611086,2
[#6X3;r5:1]~;@[#6X4;r5:2]~;@[#6X3;r6:3],438.9956467895508,114.18434997803766,2
[#6X3;r5:1]~;@[#6X3;r6:2]~;@[#6X4;r6:3],159.2176363220215,134.2383796076529,2
[#6X3;r6:1]~;@[#7X3;r5:2]~;@[#6X4;r5:3],400.63948309326173,117.55051991801923,2
[#6X3;r5:1]~;@[#6X3;r5:2]~;@[#6X3;r7:3],503.6910723876953,126.1801770663852,2
[#6X4;r4:1]~;@[#7X3;r4:2]~;@[#6X4;r4:3],453.2765090942383,116.88572394572356,2
[#6X3;r6:1]~;@[#7X2;r6:2]~;@[#7X3;r5:3],594.7444658203125,118.79920144170262,2
[#6X4;r6:1]~;@[#6X4;r5:2]~;@[#6X4;r6:3],507.6129658813477,107.73916491116019,2
[#6X3;r5:1]~;@[#6X4;r6:2]~;@[#7X3;r6:3],801.3862858886719,106.38660304039007,2
[#6X3;r5:1]~;@[#16X2;r5:2]~;@[#7X2;r5:3],1170.4335236816407,108.19699249122614,2
[#6X4;r3:1]~;@[#6X4;r5:2]~;@[#6X4;r5:3],652.0805753173828,108.6625859963784,2
[#6X3;r6:1]~;@[#6X4;r6:2]~;@[#6X4;r5:3],519.7859313354493,107.04922018234052,2
[#6X4;r6:1]~;@[#6X4;r6:2]~;@[#7X4;r6:3],668.9138078613281,103.94412739319351,2
[#6X3;r5:1]~;@[#6X4;r3:2]~;@[#6X4;r3:3],463.85442669677735,115.63935102597962,2
[#6X3;r6:1]~;@[#7X2;r6:2]~;@[#6X4;r6:3],598.8832651367188,121.8063834690975,2
[#6X3;r6:1]~;@[#6X3;r6:2]~;@[#7X2;r7:3],459.48167553710937,125.78862964202504,2
[#7X3;r6:1]~;@[#6X4;r6:2]~;@[#7X3;r6:3],1141.266569580078,108.28791596945734,2
[#6X4;r6:1]~;@[#6X3;r5:2]~;@[#7X2;r5:3],372.73125311279296,122.42840879681056,2
[#6X4;r4:1]~;@[#6X4;r4:2]~;@[#6X4;r5:3],474.90669610595705,114.20026431880379,2
[#6X3;r4:1]~;@[#6X4;r4:2]~;@[#6X4;r4:3],581.9799970703125,113.63346790071945,2
[#16X4;r6:1]~;@[#6X3;r6:2]~;@[#6X3;r6:3],362.83402716064455,125.34290515716836,2
[#16X2;r5:1]~;@[#6X4;r5:2]~;@[#6X3;r5:3],591.4360056152344,108.60635304894168,2
[#6X3;r6:1]~;@[#16X2;r6:2]~;@[#6X4;r6:3],627.5143868408203,95.67036408172022,2
[#16X2;r7:1]~;@[#6X3;r6:2]~;@[#6X3;r6:3],364.42709588623046,126.45667678436565,2
[#6X3;r6:1]~;@[#6X4;r3:2]~;@[#6X4;r3:3],588.5524829101563,120.1674659173746,2
[#6X4;r6:1]~;@[#6X4;r6:2]~;@[#7X2;r6:3],545.6530759277344,111.28726376987422,2
[#6X4;r7:1]~;@[#7X3;r7:2]~;@[#6X4;r7:3],465.2262482910156,110.88508857116553,2
[#6X3;r6:1]~;@[#16X2;r6:2]~;@[#6X3;r6:3],712.4296168212891,100.87543268213349,2
[#7X3;r5:1]~;@[#6X3;r5:2]~;@[#7X3;r6:3],568.7321108398438,117.99123104402513,2
[#7X2;r5:1]~;@[#7X3;r5:2]~;@[#7X2;r5:3],1023.1410949707032,132.75299104809352,2
[#6X4;r5:1]~;@[#7X3;r5:2]~;@[#7X2;r5:3],542.9603154296875,116.95525527147427,2
[#6X4;r5:1]~;@[#7X3;r5:2]~;@[#6X4;r6:3],421.05688085937504,109.0528698357421,2
[#6X3;r6:1]~;@[#6X4;r7:2]~;@[#6X4;r7:3],579.998828125,109.68258595646058,2
[#8X2;r6:1]~;@[#6X4;r6:2]~;@[#8X2;r6:3],939.8503443603516,107.779934310316,2
[#16X2;r5:1]~;@[#6X4;r5:2]~;@[#7X3;r5:3],776.7814086914062,105.9399154988604,2
[#6X3;r5:1]~;@[#7X3;r5:2]~;@[#6X4;r7:3],359.90019635009764,112.43420962587027,2
[#6X4;r6:1]~;@[#7X4;r6:2]~;@[#6X4;r6:3],542.2369129638672,114.00642355015883,2
[#16X2;r5:1]~;@[#6X3;r5:2]~;@[#6X4;r6:3],296.4061640625,114.94123739091262,2
[#6X3;r6:1]~;@[#7X3;r7:2]~;@[#6X3;r7:3],370.8801638183594,118.43798005725732,2
[#6X3;r6:1]~;@[#6X4;r5:2]~;@[#7X3;r5:3],516.6147969360352,109.18644101515086,2
[#7X3;r5:1]~;@[#6X4;r5:2]~;@[#7X3;r5:3],769.3301909179688,110.49976344913925,2
[#6X4;r4:1]~;@[#6X4;r4:2]~;@[#8X2;r4:3],1009.4646960449219,104.53954913408937,2
[#6X4;r6:1]~;@[#6X3;r6:2]~;@[#8X2;r6:3],169.31199279785156,133.09518352551117,2
[#6X3;r7:1]~;@[#6X4;r7:2]~;@[#6X4;r7:3],464.6208911132813,108.46170330269915,2
[#6X4;r3:1]~;@[#6X4;r6:2]~;@[#6X4;r6:3],449.33855914306645,105.782937261166,2
[#7X2;r6:1]~;@[#6X3;r6:2]~;@[#7X3;r5:3],578.6930518798829,128.99185175897762,2
[#16X4;r5:1]~;@[#6X4;r5:2]~;@[#6X4;r5:3],642.0541954345704,106.74824106637473,2
[#6X4;r6:1]~;@[#16X2;r6:2]~;@[#6X4;r6:3],658.053641357422,94.63060438436918,2
[#16X4;r5:1]~;@[#6X3;r5:2]~;@[#6X3;r5:3],502.47943231201174,130.07618527085216,2
[#6X3;r5:1]~;@[#6X4;r7:2]~;@[#6X4;r7:3],616.03066796875,109.91950472820082,2
[#16X2;r6:1]~;@[#6X4;r6:2]~;@[#6X3;r6:3],585.9159678955078,105.55804645255417,2
[#6X4;r7:1]~;@[#6X3;r7:2]~;@[#7X3;r7:3],308.68242712402343,139.16227664069342,2
[#16X4;r6:1]~;@[#6X4;r6:2]~;@[#6X4;r6:3],594.5679405517578,106.64575407787869,2
[#6X4;r5:1]~;@[#6X4;r5:2]~;@[#7X3;r6:3],625.2190476074219,110.59455964462987,2
[#6X4;r3:1]~;@[#7X3;r3:2]~;@[#6X4;r3:3],0.0,44.3197178260004,0
[#6X3;r6:1]~;@[#6X3;r6:2]~;@[#6X4;r3:3],326.1177289428711,129.37741593762485,2
[#6X3;r7:1]~;@[#7X3;r7:2]~;@[#6X4;r7:3],406.61973144531254,115.20236918326054,2
[#6X4;r5:1]~;@[#6X4;r6:2]~;@[#7X3;r6:3],719.3322974853515,106.5909486399785,2
[#7X2;r6:1]~;@[#6X3;r6:2]~;@[#8X2;r6:3],105.62145245361329,156.84017225052042,2
[#6X4;r5:1]~;@[#6X3;r6:2]~;@[#7X3;r6:3],401.16979309082035,138.22118585609238,2
[#6X4;r5:1]~;@[#6X4;r5:2]~;@[#6X4;r7:3],394.65332928466796,108.42822171538775,2
[#6X4;r5:1]~;@[#6X3;r5:2]~;@[#7X2;r6:3],572.4985152587891,133.69823458770995,2
[#6X4;r6:1]~;@[#6X4;r3:2]~;@[#8X2;r3:3],836.2019208984375,116.78683646692011,2
[#6X3;r5:1]~;@[#7X3;r5:2]~;@[#8X2;r5:3],976.1747756347656,118.19120532254476,2
[#6X4;r5:1]~;@[#6X4;r5:2]~;@[#7X4;r5:3],775.0666556396485,105.63360883534202,2
[#6X4;r7:1]~;@[#6X4;r7:2]~;@[#8X2;r7:3],727.0021129150391,108.42257997913332,2
[#6X3;r4:1]~;@[#7X3;r4:2]~;@[#6X4;r4:3],782.1913814697266,112.64907371678053,2
[#6X3;r6:1]~;@[#6X3;r7:2]~;@[#6X3;r7:3],521.4115598754883,131.69928410445732,2
[#6X3;r5:1]~;@[#6X3;r6:2]~;@[#6X3;r5:3],447.1346108398438,118.10877859964106,2
[#6X4;r5:1]~;@[#6X4;r5:2]~;@[#8X2;r6:3],602.162549194336,107.90323288521306,2
[#16X2;r6:1]~;@[#6X3;r6:2]~;@[#7X2;r6:3],127.64033821105957,161.52729394579328,2
[#6X3;r6:1]~;@[#6X3;r7:2]~;@[#7X3;r7:3],407.4720005493164,135.86049489401756,2
[#6X4;r4:1]~;@[#6X4;r5:2]~;@[#6X4;r5:3],548.1714818115234,108.14487814785895,2
[#6X4;r5:1]~;@[#6X4;r3:2]~;@[#8X2;r3:3],633.836162109375,112.83355712626258,2
[#6X4;r4:1]~;@[#6X3;r4:2]~;@[#7X3;r4:3],843.8283870849609,120.18515610732493,2
[#6X3;r4:1]~;@[#6X3;r4:2]~;@[#6X4;r4:3],580.826677368164,133.26970851918333,2
[#6X3;r5:1]~;@[#6X3;r5:2]~;@[#6X4;r3:3],235.94563711547852,137.9817740653051,2
[#16X4;r5:1]~;@[#6X3;r5:2]~;@[#6X3;r6:3],433.8551543579102,125.97863184435646,2
[#6X3;r6:1]~;@[#6X4;r5:2]~;@[#8X2;r5:3],656.0470629882813,109.5791085905349,2
[#16X2;r5:1]~;@[#16X2;r5:2]~;@[#6X3;r5:3],967.3071420898438,103.6662957883249,2
[#7X3;r5:1]~;@[#6X4;r5:2]~;@[#8X2;r5:3],833.426037109375,110.3548473255191,2
[#6X3;r5:1]~;@[#6X4;r5:2]~;@[#7X2;r5:3],1130.47471484375,113.40826290340578,2
[#6X3;r5:1]~;@[#6X4;r6:2]~;@[#6X3;r6:3],506.33888757324223,110.2159759193144,2
[#6X3;r6:1]~;@[#7X2;r7:2]~;@[#6X3;r7:3],441.7951843261719,108.37023340933435,2
[#16X2;r5:1]~;@[#7X3;r5:2]~;@[#6X3;r5:3],677.3007053222657,129.60096802915936,2
[#6X3;r6:1]~;@[#8X2;r7:2]~;@[#6X4;r7:3],533.6824920654298,109.98303914786028,2
[#6X3;r7:1]~;@[#6X3;r7:2]~;@[#6X4;r7:3],359.46568243408205,132.68433398655657,2
[#6X4;r4:1]~;@[#6X4;r4:2]~;@[#6X4;r6:3],446.301845703125,113.57335540583416,2
[#6X4;r3:1]~;@[#6X4;r5:2]~;@[#7X3;r5:3],897.7807657470704,108.06034772669086,2
[#6X3;r4:1]~;@[#6X3;r4:2]~;@[#6X3;r4:3],598.8765616455079,133.07163303325297,2
[#6X4;r7:1]~;@[#6X4;r7:2]~;@[#7X3;r5:3],766.4286007080078,109.12540644472763,2
[#6X4;r7:1]~;@[#6X3;r5:2]~;@[#7X3;r5:3],400.17780407714844,120.8760570626284,2
[#6X3;r6:1]~;@[#6X4;r6:2]~;@[#7X3;r5:3],607.3331754150391,105.21793718283338,2
[#6X4;r8:1]~;@[#6X4;r8:2]~;@[#6X4;r8:3],522.755418334961,112.6453239429262,2
[#6X3;r5:1]~;@[#8X2;r5:2]~;@[#7X3;r5:3],1143.5831684570312,115.84965255052431,2
[#6X3;r5:1]~;@[#7X2;r6:2]~;@[#7X2;r6:3],856.3612342529298,114.51691871891475,2
[#6X3;r5:1]~;@[#6X3;r5:2]~;@[#8X2;r6:3],828.553109741211,124.58124344206355,2
[#6X3;r6:1]~;@[#6X4;r3:2]~;@[#8X2;r3:3],727.1458868408204,115.14256404688791,2
[#16X2;r5:1]~;@[#6X3;r5:2]~;@[#6X4;r5:3],423.1869630737305,128.48589866601978,2
[#6X3;r5:1]~;@[#16X2;r5:2]~;@[#7X3;r5:3],1423.8973784179689,100.32743294464504,2
[#6X3;r6:1]~;@[#7X3;r5:2]~;@[#7X3;r5:3],438.824356628418,110.71307708710792,2
[#15X4;r6:1]~;@[#8X2;r6:2]~;@[#6X4;r6:3],258.5946590270996,112.72012817471617,2
[#6X4;r5:1]~;@[#8X2;r5:2]~;@[#7X2;r5:3],808.9342254638672,113.31121274548907,2
[#6X3;r7:1]~;@[#7X2;r7:2]~;@[#6X4;r7:3],496.04717712402345,110.25544075233873,2
[#6X3;r6:1]~;@[#7X3;r7:2]~;@[#6X4;r7:3],372.45976171875003,114.79594560688811,2
[#16X2;r5:1]~;@[#6X4;r5:2]~;@[#6X4;r6:3],566.0228150634766,109.31244434495926,2
[#6X3;r6:1]~;@[#7X3;r6:2]~;@[#7X3;r6:3],443.62929144287114,111.9812588008717,2
[#7X2;r6:1]~;@[#6X3;r5:2]~;@[#8X2;r5:3],590.5749581298828,121.80029094035784,2
[#6X3;r6:1]~;@[#6X4;r5:2]~;@[#6X4;r6:3],473.03651782226564,109.16456391923931,2
[#6X4;r7:1]~;@[#6X3;r7:2]~;@[#7X2;r7:3],472.8154622192383,132.51610642729915,2
[#7X2;r5:1]~;@[#8X2;r5:2]~;@[#7X2;r5:3],1557.4724211425782,122.0702746578701,2
[#6X3;r6:1]~;@[#7X3;r6:2]~;@[#6X4;r5:3],351.3565329589844,120.4378048047237,2
[#6X3;r6:1]~;@[#6X4;r7:2]~;@[#7X3;r7:3],648.2643096923829,109.94570533385699,2
[#6X4;r6:1]~;@[#7X3;r6:2]~;@[#7X3;r6:3],546.7319549560547,105.21542367321881,2
[#6X4;r6:1]~;@[#7X3;r5:2]~;@[#7X2;r5:3],462.005125,107.09037890227901,2
[#6X3;r6:1]~;@[#6X3;r7:2]~;@[#7X2;r7:3],516.2801969604492,130.33610128952785,2
[#6X4;r4:1]~;@[#8X2;r4:2]~;@[#6X4;r4:3],804.7505446777344,104.52726162377252,2
[#6X4;r5:1]~;@[#6X4;r6:2]~;@[#8X2;r6:3],698.0963395996095,105.00225346922271,2
[#6X4;r5:1]~;@[#6X4;r7:2]~;@[#6X4;r7:3],373.5312669067383,104.92496304857485,2
[#6X3;r7:1]~;@[#6X3;r5:2]~;@[#7X3;r5:3],348.58380938720705,117.82033971099142,2
[#16X4;r6:1]~;@[#7X3;r6:2]~;@[#6X3;r6:3],574.327546875,120.91921019780453,2
[#6X4;r5:1]~;@[#7X4;r5:2]~;@[#6X4;r5:3],308.05367156982425,115.14853363222251,2
[#6X4;r6:1]~;@[#6X3;r5:2]~;@[#8X2;r5:3],441.3642136840821,110.72075421973501,2
[#6X3;r5:1]~;@[#6X3;r6:2]~;@[#8X2;r6:3],154.84954568481447,113.34898369159924,2
[#6X4;r5:1]~;@[#6X3;r5:2]~;@[#6X4;r6:3],371.84045489501955,117.30315778703805,2
[#6X3;r5:1]~;@[#6X3;r7:2]~;@[#6X3;r7:3],487.428849609375,130.2239359229779,2
[#16X4;r6:1]~;@[#7X3;r6:2]~;@[#6X4;r6:3],422.14737927246097,108.00830168521537,2
[#16X4;r5:1]~;@[#7X3;r5:2]~;@[#6X3;r5:3],445.2774245605469,133.19633862711905,2
[#16X2;r5:1]~;@[#6X3;r5:2]~;@[#16X2;r5:3],75.70428192138672,105.1878433693503,-1
[#6X4;r7:1]~;@[#6X3;r5:2]~;@[#7X2;r5:3],343.76237121582034,125.29467036124973,2
[#16X2;r6:1]~;@[#6X3;r6:2]~;@[#7X3;r6:3],188.73942855834963,142.21889557730086,2
[#6X3;r5:1]~;@[#6X4;r6:2]~;@[#8X2;r6:3],748.5362165527345,106.25618057818868,2
[#6X3;r5:1]~;@[#7X3;r6:2]~;@[#6X4;r6:3],359.78843957519535,107.77678559310861,2
[#6X3;r5:1]~;@[#6X3;r5:2]~;@[#7X3;r7:3],535.9433562011719,128.502700931378,2
[#7X3;r6:1]~;@[#6X3;r6:2]~;@[#8X2;r6:3],219.07797735595705,135.6973763162593,2
[#6X3;r7:1]~;@[#6X4;r7:2]~;@[#7X3;r7:3],621.8070344238281,107.71687117370927,2
[#7X2;r6:1]~;@[#6X3;r6:2]~;@[#7X3;r7:3],867.8355682373048,124.25547073941063,2
[#6X3;r5:1]~;@[#6X4;r4:2]~;@[#6X4;r4:3],595.610173828125,115.60275487240669,2
[#7X3;r5:1]~;@[#7X3;r5:2]~;@[#7X3;r5:3],728.3520045166016,112.47694611950703,2
[#6X4;r5:1]~;@[#16X4;r5:2]~;@[#6X4;r5:3],891.5318989257813,111.68844176096408,2
[#7X3;r5:1]~;@[#6X3;r6:2]~;@[#7X3;r6:3],353.88802661132814,131.20633569167916,2
[#6X3;r6:1]~;@[#16X4;r6:2]~;@[#7X3;r6:3],860.0875454101563,110.39629974359191,2
[#6X3;r5:1]~;@[#6X4;r5:2]~;@[#6X4;r3:3],530.1086693725587,113.75053734309347,2
[#16X3;r6:1]~;@[#6X3;r6:2]~;@[#6X3;r6:3],273.55051501464845,124.94747818535964,2
[#6X4;r5:1]~;@[#7X2;r5:2]~;@[#7X2;r5:3],1132.7042321777344,123.9005194686234,2
[#6X4;r6:1]~;@[#6X3;r6:2]~;@[#7X3;r5:3],561.9659260253907,130.66272093563785,2
[#16X2;r6:1]~;@[#6X3;r5:2]~;@[#6X3;r5:3],232.1499288635254,118.77600611928126,2
[#6X4;r5:1]~;@[#8X2;r5:2]~;@[#7X3;r5:3],749.9690399169922,111.47857053833711,2
[#7X3;r5:1]~;@[#6X4;r5:2]~;@[#7X3;r6:3],1082.3811875000001,113.15643382870742,2
[#6X4;r5:1]~;@[#7X3;r5:2]~;@[#8X2;r5:3],656.2876864013672,110.99045106930214,2
[#7X3;r6:1]~;@[#6X4;r6:2]~;@[#8X2;r6:3],933.6302706298828,107.30822778585657,2
[#6X4;r6:1]~;@[#16X4;r6:2]~;@[#6X4;r6:3],798.8647517089844,113.67987903612968,2
[#6X4;r6:1]~;@[#6X4;r6:2]~;@[#6X4;r7:3],452.6532440185547,108.29159061123082,2
[#16X2;r5:1]~;@[#7X2;r5:2]~;@[#7X2;r5:3],971.7578771972657,127.60857452750997,2
[#6X3;r6:1]~;@[#6X4;r6:2]~;@[#7X2;r6:3],699.2268035888673,114.65902763478603,2
[#6X3;r5:1]~;@[#16X4;r5:2]~;@[#7X3;r5:3],1461.9797204589845,107.89596556393617,2
[#16X2;r6:1]~;@[#6X3;r5:2]~;@[#7X3;r5:3],196.34240060424804,98.25858230542651,2
[#6X3;r6:1]~;@[#7X3;r7:2]~;@[#6X3;r6:3],334.93240490722656,117.05004463677571,2
[#7X2;r5:1]~;@[#16X2;r5:2]~;@[#7X2;r5:3],1860.8517482910156,110.38693555423981,2
[#6X3;r5:1]~;@[#16X2;r6:2]~;@[#6X4;r6:3],670.5318391113282,89.34851857087484,2
[#6X4;r6:1]~;@[#6X4;r5:2]~;@[#7X2;r5:3],571.7878813476563,111.0243766189096,2
[#6X3;r6:1]~;@[#7X3;r6:2]~;@[#6X4;r7:3],476.04839642333985,115.42175485940136,2
[#6X3;r6:1]~;@[#6X4;r4:2]~;@[#6X4;r4:3],406.60345153808595,114.69197646734217,2
[#6X3;r5:1]~;@[#6X3;r7:2]~;@[#7X3;r7:3],358.5139143676758,132.5887249985547,2
[#16X2;r5:1]~;@[#6X3;r5:2]~;@[#7X3;r6:3],373.5654866333008,112.04820831511617,2
[#6X4;r7:1]~;@[#6X4;r7:2]~;@[#7X2;r7:3],544.8858134765625,109.3855273690784,2
[#6X4;r5:1]~;@[#8X2;r6:2]~;@[#6X4;r6:3],552.5563950195312,108.05072399015032,2
[#6X3;r7:1]~;@[#6X3;r7:2]~;@[#7X3;r7:3],280.3482381591797,133.7887072734559,2
[#6X4;r5:1]~;@[#7X3;r6:2]~;@[#6X4;r6:3],469.08761883544923,109.11818010458576,2
[#6X4;r5:1]~;@[#6X3;r6:2]~;@[#7X2;r6:3],348.06952392578125,129.457329150914,2
[#6X4;r6:1]~;@[#7X3;r6:2]~;@[#6X4;r7:3],478.36272888183595,110.71404014378089,2
[#8X2;r6:1]~;@[#15X4;r6:2]~;@[#8X2;r6:3],791.3498188476563,101.78136848307648,2
[#16X2;r6:1]~;@[#6X4;r6:2]~;@[#16X2;r6:3],690.499368774414,107.10610882793755,2
[#16X2;r7:1]~;@[#6X4;r7:2]~;@[#6X4;r7:3],643.3078759765625,108.80352694990161,2
[#6X3;r6:1]~;@[#6X4;r5:2]~;@[#7X2;r5:3],498.66747607421877,111.4696434810919,2
[#6X3;r5:1]~;@[#6X4;r5:2]~;@[#6X4;r7:3],542.8261179199219,108.86581827513213,2
[#6X3;r6:1]~;@[#8X2;r7:2]~;@[#6X3;r6:3],466.264938293457,107.66240724526757,2
[#6X3;r7:1]~;@[#6X4;r7:2]~;@[#6X3;r7:3],450.95100415039065,107.5332142171168,2
[#16X2;r5:1]~;@[#6X4;r5:2]~;@[#16X2;r5:3],720.4897669677734,102.03841582230073,2
[#6X4;r4:1]~;@[#6X4;r6:2]~;@[#6X4;r6:3],516.0619504394532,104.99259558173631,2
[#6X3;r7:1]~;@[#7X3;r5:2]~;@[#6X4;r5:3],412.90684008789066,115.59000973941545,2
[#7X2;r6:1]~;@[#6X4;r6:2]~;@[#7X3;r6:3],809.3889775390626,112.06317325958767,2
[#16X4;r7:1]~;@[#6X3;r6:2]~;@[#6X3;r6:3],205.87356805419924,119.11179187925742,2
[#6X4;r7:1]~;@[#6X4;r7:2]~;@[#7X3;r6:3],614.2965067138672,107.97130255048141,2
[#6X4;r6:1]~;@[#7X3;r5:2]~;@[#7X3;r5:3],287.8682784423828,88.7489918862878,2
[#6X4;r5:1]~;@[#6X3;r5:2]~;@[#7X3;r6:3],521.743350769043,118.82067555645314,2
[#6X4;r7:1]~;@[#8X2;r7:2]~;@[#6X4;r7:3],550.4559677734376,109.28021268226597,2
[#16X4;r5:1]~;@[#7X3;r5:2]~;@[#6X4;r5:3],255.65781164550782,129.4752788880528,2
[#7X2;r5:1]~;@[#7X3;r5:2]~;@[#7X3;r5:3],939.1713126220703,124.09486567126694,2
[#6X3;r5:1]~;@[#7X3;r5:2]~;@[#7X3;r6:3],702.2622720947265,118.23300608026524,2
[#6X3;r5:1]~;@[#8X2;r6:2]~;@[#6X3;r6:3],441.7294901123047,112.38416482982159,2
[#6X3;r6:1]~;@[#6X3;r6:2]~;@[#6X4;r8:3],415.59621691894534,127.08128392358498,2
[#16X2;r6:1]~;@[#6X4;r6:2]~;@[#7X3;r6:3],869.3900759277344,107.53664980226931,2
[#6X3;r5:1]~;@[#16X4;r5:2]~;@[#6X4;r5:3],826.9606794433594,114.97496486503414,2
[#16X3;r5:1]~;@[#6X3;r5:2]~;@[#6X3;r5:3],1107.3632478027343,118.62602882548612,2
[#6X3;r6:1]~;@[#6X4;r6:2]~;@[#6X4;r3:3],459.0044508056641,108.69045316819205,2
[#6X3;r5:1]~;@[#6X4;r3:2]~;@[#8X2;r3:3],563.2024328613281,110.50639556282334,2
[#6X3;r7:1]~;@[#6X4;r5:2]~;@[#6X4;r5:3],564.3390895996095,109.94556873007359,2
[#6X3;r5:1]~;@[#6X3;r7:2]~;@[#6X4;r7:3],123.85375149536134,144.9376523764244,2
[#6X3;r6:1]~;@[#6X4;r7:2]~;@[#6X3;r6:3],398.3017841796875,107.73022419353664,2
[#16X2;r6:1]~;@[#6X3;r5:2]~;@[#7X2;r5:3],339.7574182739258,117.62768739526203,2
[#6X4;r5:1]~;@[#6X3;r6:2]~;@[#6X4;r6:3],246.3242854614258,139.7691526088274,2
[#16X2;r5:1]~;@[#6X4;r5:2]~;@[#8X2;r5:3],632.9953527832032,107.81755499226442,2
[#16X4;r5:1]~;@[#6X4;r5:2]~;@[#6X3;r5:3],707.4595207519532,108.91096582554592,2
[#6X3;r5:1]~;@[#7X2;r6:2]~;@[#6X3;r5:3],770.1026246337891,113.36273969258765,2
[#6X4;r5:1]~;@[#7X4;r5:2]~;@[#6X4;r6:3],135.23849810791017,109.80624653138368,2
[#7X2;r5:1]~;@[#6X4;r5:2]~;@[#7X3;r5:3],1086.0257160644533,109.47787835684613,2
[#6X4;r7:1]~;@[#6X4;r5:2]~;@[#7X3;r5:3],693.1035793457031,109.96266469356614,2
[#6X3;r7:1]~;@[#6X3;r7:2]~;@[#8X2;r7:3],399.2328352661133,129.52580862753254,2
[#6X3;r6:1]~;@[#6X4;r5:2]~;@[#6X3;r6:3],439.04273083496093,113.55125974386917,2
[#6X3;r6:1]~;@[#16X2;r7:2]~;@[#6X4;r7:3],658.1711759033203,98.78675400375442,2
[#6X4;r7:1]~;@[#6X3;r6:2]~;@[#7X2;r6:3],495.38286114501955,123.65291145083211,2
[#6X3;r5:1]~;@[#6X3;r6:2]~;@[#7X3;r5:3],501.8235755004883,118.93068258322536,2
[#15X4;r6:1]~;@[#7X3;r6:2]~;@[#6X4;r6:3],132.15872271728517,95.74988114403752,2
[#16X4;r6:1]~;@[#6X4;r6:2]~;@[#6X3;r6:3],825.8089558105469,109.63805995326128,2
[#6X3;r5:1]~;@[#6X4;r5:2]~;@[#7X3;r6:3],664.0097252197265,110.62373821276415,2
[#16X2;r6:1]~;@[#6X4;r6:2]~;@[#6X3;r5:3],711.84590234375,105.70630936886762,2
[#16X3;r6:1]~;@[#6X4;r6:2]~;@[#6X4;r6:3],442.6597750854492,102.61446031652127,2
[#16X4;r6:1]~;@[#6X3;r5:2]~;@[#6X3;r5:3],341.4417502441406,129.50444379580875,2
[#7X3;r5:1]~;@[#6X3;r5:2]~;@[#8X2;r6:3],416.7890872192383,106.3376920557436,2
[#16X2;r5:1]~;@[#6X3;r5:2]~;@[#6X4;r7:3],229.49271282958986,115.63085427065212,2
[#6X3;r5:1]~;@[#6X3;r6:2]~;@[#6X4;r7:3],291.49984692382816,118.4286909999861,2
[#16X3;r5:1]~;@[#6X4;r5:2]~;@[#6X4;r5:3],544.8404851074218,107.65772173549695,2
[#6X4;r6:1]~;@[#7X3;r6:2]~;@[#7X2;r6:3],341.6871937866211,117.48362504528812,2
[#6X4;r3:1]~;@[#6X3;r5:2]~;@[#7X3;r5:3],642.0654956054688,128.8217117467526,2
[#6X3;r6:1]~;@[#6X3;r6:2]~;@[#6X4;r4:3],297.4402573852539,139.90776446784363,2
[#7X2;r6:1]~;@[#7X2;r6:2]~;@[#7X3;r6:3],1032.103151977539,121.53930941217166,2
[#6X4;r3:1]~;@[#6X4;r5:2]~;@[#8X2;r5:3],872.1928375244141,108.07257376530518,2
[#16X2;r6:1]~;@[#6X4;r5:2]~;@[#6X4;r5:3],428.3074727172852,107.79513148121927,2
[#6X4;r4:1]~;@[#7X3;r4:2]~;@[#6X4;r5:3],350.27746240234376,113.79929123338901,2
[#6X3;r5:1]~;@[#6X3;r5:2]~;@[#6X4;r4:3],136.88988720703125,151.4200073327651,2
[#6X3;r6:1]~;@[#8X2;r6:2]~;@[#6X4;r5:3],491.80268609619145,109.25755011459987,2
[#6X3;r4:1]~;@[#6X3;r4:2]~;@[#6X3;r6:3],17.1497211227417,137.49863380417506,-1
[#6X4;r6:1]~;@[#6X4;r7:2]~;@[#6X4;r7:3],457.2925387573242,105.55905049036215,2
[#6X3;r7:1]~;@[#6X3;r5:2]~;@[#6X4;r5:3],140.1541362915039,156.38391561396355,2
[#16X2;r5:1]~;@[#16X2;r5:2]~;@[#6X4;r5:3],718.5841240234375,96.30467008956097,2
[#6X3;r7:1]~;@[#6X3;r7:2]~;@[#7X2;r7:3],700.6946766357422,125.59831325099181,2
[#6X3;r6:1]~;@[#6X3;r5:2]~;@[#6X4;r3:3],586.4385209960938,130.65288546323302,2
[#6X3;r6:1]~;@[#6X3;r6:2]~;@[#7X3;r4:3],513.1946437988281,130.63802297159907,2
[#16X2;r5:1]~;@[#6X4;r5:2]~;@[#6X3;r6:3],493.81418035888674,110.07566334319482,2
[#6X3;r6:1]~;@[#16X2;r7:2]~;@[#6X3;r6:3],511.8828344116211,98.27744728791409,2
[#6X3;r5:1]~;@[#7X3;r5:2]~;@[#6X3;r7:3],510.5868899536133,116.24678706962554,2
[#6X3;r6:1]~;@[#6X3;r7:2]~;@[#6X3;r6:3],0.0,112.87048112891566,0
[#6X4;r6:1]~;@[#16X4;r6:2]~;@[#7X3;r6:3],1121.2053825683595,109.67042138954879,2
[#6X3;r4:1]~;@[#7X3;r4:2]~;@[#6X4;r5:3],344.1533443603516,119.8597249141305,2
[#6X4;r5:1]~;@[#6X4;r5:2]~;@[#7X2;r6:3],551.109781616211,111.38087151244925,2
[#6X3;r5:1]~;@[#6X3;r6:2]~;@[#6X3;r7:3],338.2455256347656,118.60251931436294,2
[#6X3;r5:1]~;@[#6X4;r5:2]~;@[#6X4;r4:3],623.2826962890625,108.81807525283374,2
[#6X4;r3:1]~;@[#6X4;r3:2]~;@[#7X3;r5:3],590.2456571044922,115.11456027129086,2
[#8X2;r5:1]~;@[#6X3;r5:2]~;@[#8X2;r5:3],1127.4559731445313,123.87117697594903,2
[#6X3;r6:1]~;@[#6X3;r6:2]~;@[#6X3;r8:3],441.8912677001953,122.17055549526424,2
[#6X4;r6:1]~;@[#8X2;r6:2]~;@[#8X2;r6:3],621.9084805908203,101.45079415743703,2
[#6X3;r3:1]~;@[#6X3;r3:2]~;@[#6X4;r3:3],261.90072512817386,135.63279004746767,2
[#6X3;r5:1]~;@[#6X4;r5:2]~;@[#8X2;r6:3],608.7966433105469,110.0631640970137,2
[#6X3;r5:1]~;@[#6X4;r7:2]~;@[#7X3;r7:3],775.3126418457032,111.2668824853909,2
[#7X2;r5:1]~;@[#8X2;r5:2]~;@[#7X3;r5:3],1702.954524169922,115.00449860300527,2
[#6X4;r3:1]~;@[#6X4;r3:2]~;@[#8X2;r6:3],694.6321668701172,119.0185051555734,2
[#6X3;r4:1]~;@[#6X3;r6:2]~;@[#6X3;r6:3],271.13128887939456,119.56568527036146,2
[#6X4;r7:1]~;@[#6X4;r5:2]~;@[#8X2;r5:3],353.80803161621094,104.31129104221671,2
[#6X4;r5:1]~;@[#8X2;r5:2]~;@[#8X2;r5:3],688.5434815673829,109.23996237748709,2
[#16X4;r6:1]~;@[#7X2;r6:2]~;@[#6X3;r6:3],638.8602691650391,124.5659028371877,2
[#6X4;r5:1]~;@[#7X3;r5:2]~;@[#6X4;r7:3],489.2111802368164,114.6077875556326,2
[#6X3;r6:1]~;@[#7X3;r4:2]~;@[#6X4;r4:3],320.3644097290039,123.20690009803027,2
[#6X3;r4:1]~;@[#7X3;r4:2]~;@[#6X3;r6:3],412.52553912353517,124.37845512560588,2
[#6X3;r5:1]~;@[#6X3;r7:2]~;@[#7X2;r7:3],471.4816270751953,128.05759116354662,2
[#16X3;r7:1]~;@[#6X3;r6:2]~;@[#6X3;r6:3],156.35208535766603,124.70262956399303,2
[#6X3;r5:1]~;@[#16X4;r5:2]~;@[#6X3;r5:3],1086.653162841797,116.19801951895164,2
[#6X3;r6:1]~;@[#6X3;r4:2]~;@[#6X4;r4:3],254.0056883544922,148.72276562952706,2
[#16X2;r6:1]~;@[#6X3;r6:2]~;@[#6X3;r5:3],387.57654937744144,118.11511701519082,2
[#6X4;r3:1]~;@[#7X2;r3:2]~;@[#7X2;r3:3],313.5112710571289,38.53132716480594,1
[#6X3;r6:1]~;@[#6X4;r6:2]~;@[#6X4;r7:3],409.6560618286133,106.77964627617845,2
[#6X4;r4:1]~;@[#6X4;r5:2]~;@[#7X3;r5:3],1029.5957270507813,106.9435161747454,2
[#6X3;r7:1]~;@[#6X4;r6:2]~;@[#6X4;r6:3],561.1866611328126,106.91599051239025,2
[#6X3;r7:1]~;@[#7X2;r7:2]~;@[#7X3;r7:3],607.5266190185547,108.95556013063693,2
[#6X4;r3:1]~;@[#6X4;r3:2]~;@[#6X4;r7:3],432.4036250610352,124.34882576498636,2
[#6X4;r4:1]~;@[#6X4;r4:2]~;@[#7X3;r5:3],468.00928247070317,115.46656090035664,2
[#6X4;r5:1]~;@[#6X4;r3:2]~;@[#7X3;r3:3],487.45943029785155,110.2066595412865,2
[#6X3;r5:1]~;@[#7X2;r6:2]~;@[#6X4;r6:3],367.6910257568359,115.25569930030001,2
[#6X4;r6:1]~;@[#6X4;r3:2]~;@[#6X4;r6:3],340.04688140869143,123.30703067126265,2
[#6X3;r6:1]~;@[#6X4;r7:2]~;@[#8X2;r7:3],671.9913487548829,107.67201732142979,2
[#6X3;r7:1]~;@[#6X4;r7:2]~;@[#8X2;r7:3],698.556837524414,108.75631668235849,2
[#6X4;r6:1]~;@[#6X4;r5:2]~;@[#7X4;r5:3],557.6302994384766,106.37057941659722,2
[#6X3;r6:1]~;@[#6X4;r7:2]~;@[#6X3;r7:3],411.8304828491211,106.6097658111419,2
[#16X4;r4:1]~;@[#6X4;r4:2]~;@[#6X4;r4:3],1022.5176702880859,99.2367883379774,2
[#16X2;r5:1]~;@[#6X4;r5:2]~;@[#7X3;r6:3],880.5964617919922,110.15276251854593,2
[#6X3;r7:1]~;@[#6X3;r5:2]~;@[#7X2;r5:3],567.9230313720703,123.11839450676524,2
[#6X4;r5:1]~;@[#16X4;r5:2]~;@[#7X3;r5:3],1092.2010998535156,110.06011783264388,2
[#6X4;r4:1]~;@[#6X3;r4:2]~;@[#6X4;r4:3],622.6903630371094,121.98504755740669,2
[#6X4;r8:1]~;@[#6X4;r8:2]~;@[#7X3;r8:3],462.49961920166015,110.88311464649539,2
[#6X4;r5:1]~;@[#6X4;r5:2]~;@[#7X3;r4:3],768.6485416259766,104.74496707337751,2
[#6X3;r6:1]~;@[#7X2;r6:2]~;@[#6X4;r5:3],626.5111614990235,121.31848939630514,2
[#6X4;r5:1]~;@[#16X3;r5:2]~;@[#6X4;r5:3],961.7280498046875,94.03765517195286,2
[#6X3;r5:1]~;@[#6X4;r6:2]~;@[#6X4;r5:3],331.85116113281254,99.26425935881919,2
[#6X4;r5:1]~;@[#6X4;r3:2]~;@[#6X4;r5:3],216.83382406616212,111.04774269606021,2
[#6X3;r5:1]~;@[#8X2;r6:2]~;@[#6X4;r6:3],654.1825347900391,107.21816491146078,2
[#8X2;r5:1]~;@[#6X4;r5:2]~;@[#8X2;r6:3],778.3887781982422,109.35757140480554,2
[#6X4;r5:1]~;@[#6X4;r4:2]~;@[#7X3;r4:3],476.58231353759766,111.17451100705564,2
[#6X4;r5:1]~;@[#6X4;r6:2]~;@[#6X4;r5:3],499.41788403320317,103.89449923868419,2
[#16X2;r3:1]~;@[#6X4;r3:2]~;@[#6X4;r3:3],411.15228106689455,113.02151027184298,2
[#6X4;r6:1]~;@[#6X3;r6:2]~;@[#7X2;r7:3],340.540641418457,146.2189958647188,2
[#6X4;r6:1]~;@[#7X2;r6:2]~;@[#7X2;r6:3],688.8457770996094,124.4081254673604,2
[#6X3;r7:1]~;@[#7X3;r7:2]~;@[#7X2;r7:3],337.51471740722656,118.18524939758852,2
[#6X3;r5:1]~;@[#7X3;r7:2]~;@[#6X3;r6:3],299.79854559326174,118.61962210804465,2
[#6X3;r4:1]~;@[#6X4;r4:2]~;@[#6X4;r5:3],642.5614262695312,115.8882157985782,2
[#6X3;r6:1]~;@[#16X4;r6:2]~;@[#6X4;r6:3],551.6325900878907,116.44480791404254,2
[#7X2;r7:1]~;@[#6X3;r7:2]~;@[#7X3;r7:3],510.6909217529297,134.65989790209105,2
[#6X4;r6:1]~;@[#6X4;r5:2]~;@[#8X2;r6:3],465.110214050293,105.42117629177628,2
[#7X3;r6:1]~;@[#15X4;r6:2]~;@[#8X2;r6:3],1249.5379121093752,105.51915535542011,2
[#7X2;r6:1]~;@[#6X3;r6:2]~;@[#8X2;r7:3],505.1855678710938,126.4710611627577,2
[#6X4;r3:1]~;@[#6X3;r6:2]~;@[#6X4;r6:3],233.65079266357424,133.75601798808825,2
[#6X4;r6:1]~;@[#8X2;r6:2]~;@[#7X3;r6:3],721.0120008544923,104.40130610528831,2
[#6X3;r5:1]~;@[#6X4;r3:2]~;@[#6X3;r5:3],443.2871260986328,115.94845806705771,2
[#16X3;r5:1]~;@[#6X3;r5:2]~;@[#6X3;r6:3],385.79290997314456,125.54051619023517,2
[#6X4;r3:1]~;@[#6X4;r3:2]~;@[#7X3;r6:3],990.9506109619141,118.9693277935493,2
[#16X4;r5:1]~;@[#7X2;r5:2]~;@[#6X3;r5:3],734.9773521728516,129.7246627550283,2
[#6X3;r7:1]~;@[#6X4;r7:2]~;@[#7X2;r7:3],429.22674481201176,104.30910538168231,2
[#6X3;r6:1]~;@[#8X2;r7:2]~;@[#6X3;r7:3],434.5494764404297,110.2996115857012,2
[#6X3;r7:1]~;@[#6X4;r5:2]~;@[#7X3;r5:3],581.293048828125,109.11253836833133,2
[#6X3;r6:1]~;@[#6X3;r6:2]~;@[#7X4;r6:3],709.2128348388673,123.55048593403859,2
[#6X3;r6:1]~;@[#6X3;r6:2]~;@[#7X3;r8:3],366.45215673828125,115.97471331422724,2
[#6X3;r5:1]~;@[#6X3;r5:2]~;@[#7X2;r7:3],442.32897375488284,126.24938054305576,2
[#6X4;r4:1]~;@[#6X4;r4:2]~;@[#8X2;r5:3],699.6399301757813,114.7961505125632,2
[#6X4;r7:1]~;@[#6X3;r5:2]~;@[#8X2;r5:3],425.0284759521484,110.15255761287082,2
[#6X4;r3:1]~;@[#6X3;r5:2]~;@[#6X4;r5:3],486.3525242919922,128.48401353380885,2
[#6X3;r5:1]~;@[#6X3;r5:2]~;@[#7X3;r4:3],793.7292390136719,122.40816411611064,2
[#6X4;r6:1]~;@[#6X4;r6:2]~;@[#7X3;r7:3],687.6180805664063,108.27709694981205,2
[#6X4;r3:1]~;@[#6X4;r3:2]~;@[#6X4;r4:3],226.59731536865235,110.12402108251851,2
[#6X3;r3:1]~;@[#6X4;r3:2]~;@[#6X4;r3:3],207.43155517578126,68.28493234041837,-1
[#15X4;r5:1]~;@[#8X2;r5:2]~;@[#6X4;r5:3],533.6998572998048,116.65540996691072,2
[#16X2;r7:1]~;@[#16X2;r7:2]~;@[#16X2;r7:3],545.79340234375,103.86564851963006,2
[#6X3;r4:1]~;@[#8X2;r4:2]~;@[#6X4;r4:3],903.8197813720703,108.56126014004126,2
[#6X4;r3:1]~;@[#6X4;r3:2]~;@[#8X2;r5:3],608.712307006836,116.11611189042485,2
[#16X2;r6:1]~;@[#6X4;r4:2]~;@[#6X4;r4:3],217.61166845703127,114.88522983971852,2
[#6X4;r5:1]~;@[#6X4;r5:2]~;@[#6X4;r8:3],448.75072680664067,109.1271208222093,2
[#16X2;r5:1]~;@[#6X3;r5:2]~;@[#8X2;r5:3],663.9775484619141,126.04339569806652,2
[#6X3;r6:1]~;@[#6X4;r6:2]~;@[#7X4;r6:3],660.7949862060547,104.46514788346042,2
[#6X3;r5:1]~;@[#16X4;r5:2]~;@[#7X2;r5:3],817.5071607666016,128.78967815954525,2
[#16X2;r6:1]~;@[#6X3;r6:2]~;@[#6X4;r6:3],89.28340042114259,144.41135898011825,2
[#6X4;r6:1]~;@[#6X4;r4:2]~;@[#7X3;r4:3],542.4165665283203,111.85647124473557,2
[#6X3;r4:1]~;@[#7X3;r4:2]~;@[#6X3;r5:3],247.94917980957032,122.25673882221146,2
[#6X3;r5:1]~;@[#7X3;r4:2]~;@[#6X4;r4:3],538.7507144775391,116.60231207630304,2
[#6X4;r7:1]~;@[#6X4;r6:2]~;@[#7X3;r6:3],677.1556545410157,107.23350551633663,2
[#6X4;r7:1]~;@[#7X3;r5:2]~;@[#7X2;r5:3],633.6244594726563,112.64317243333764,2
[#7X3;r5:1]~;@[#6X4;r6:2]~;@[#7X3;r6:3],852.4698256835937,107.66970871749032,2
[#6X3;r8:1]~;@[#6X4;r8:2]~;@[#6X4;r8:3],329.670004699707,112.94623475700027,2
[#16X2;r6:1]~;@[#16X2;r6:2]~;@[#6X4;r6:3],627.7237911376953,98.29168823233357,2
[#6X3;r7:1]~;@[#7X2;r7:2]~;@[#7X2;r7:3],348.85108715820314,90.52087956077251,2
[#7X2;r5:1]~;@[#6X4;r5:2]~;@[#7X2;r5:3],883.4523405761719,123.1582418303831,2
[#15X4;r6:1]~;@[#6X3;r6:2]~;@[#6X3;r6:3],939.7576446533203,124.83260806389836,2
[#6X3;r5:1]~;@[#7X3;r7:2]~;@[#6X3;r7:3],560.5131198730469,117.57142029687947,2
[#6X4;r7:1]~;@[#6X3;r7:2]~;@[#7X3;r5:3],421.3343415527344,134.77487730657904,2
[#6X4;r4:1]~;@[#16X2;r6:2]~;@[#6X4;r6:3],480.05446661376953,86.74146268543765,2
[#6X3;r5:1]~;@[#7X2;r6:2]~;@[#7X3;r6:3],721.0062550048829,119.15408441059814,2
[#6X4;r7:1]~;@[#16X2;r7:2]~;@[#6X4;r7:3],703.9436353759766,96.49108644257812,2
[#6X3;r5:1]~;@[#6X4;r5:2]~;@[#7X4;r5:3],983.9402275390626,106.77476269092189,2
[#16X2;r5:1]~;@[#6X4;r5:2]~;@[#7X2;r5:3],570.3573563232422,108.64892561803838,2
[#7X2;r7:1]~;@[#6X3;r6:2]~;@[#7X3;r6:3],490.85152453613284,139.97491888776318,2
[#6X4;r6:1]~;@[#6X4;r6:2]~;@[#8X2;r7:3],478.3910112304688,103.17872273442354,2
[#6X4;r7:1]~;@[#6X3;r6:2]~;@[#7X3;r6:3],365.62114727783205,114.75728673618583,2
[#6X4;r3:1]~;@[#6X4;r5:2]~;@[#6X4;r6:3],326.9972269897461,110.25364441258702,2
[#6X3;r6:1]~;@[#6X4;r6:2]~;@[#6X4;r4:3],401.0638140869141,103.37462622019784,2
[#6X3;r6:1]~;@[#6X4;r3:2]~;@[#6X4;r6:3],192.49285693359377,132.15515825042064,2
[#6X4;r6:1]~;@[#7X3;r6:2]~;@[#8X2;r6:3],512.1456431884766,103.79160926902712,2
[#6X3;r6:1]~;@[#6X3;r6:2]~;@[#7X2;r8:3],446.3561120605469,116.86948175587726,2
[#16X2;r6:1]~;@[#16X2;r6:2]~;@[#6X4;r5:3],476.5678531494141,100.62912923047367,2
[#6X4;r8:1]~;@[#6X4;r8:2]~;@[#8X2;r8:3],729.2511661376953,110.80353611247557,2
[#6X4;r6:1]~;@[#6X4;r7:2]~;@[#7X3;r7:3],624.246466796875,108.63186380549168,2
[#6X4;r4:1]~;@[#6X4;r4:2]~;@[#8X2;r6:3],496.65917395019534,111.72233998981486,2
[#7X3;r5:1]~;@[#7X2;r5:2]~;@[#8X2;r5:3],939.6270861816406,122.19424259130584,2
[#6X4;r3:1]~;@[#6X4;r6:2]~;@[#8X2;r6:3],737.4270632324219,105.41666153673489,2
[#6X3;r5:1]~;@[#6X4;r7:2]~;@[#6X3;r6:3],618.9009752197265,108.46658688795571,2
[#16X4;r6:1]~;@[#8X2;r6:2]~;@[#6X3;r6:3],447.5191358642578,111.40641641994509,2
[#7X3;r6:1]~;@[#6X3;r6:2]~;@[#7X3;r7:3],198.77474642944335,129.27503140196634,2
[#6X4;r4:1]~;@[#6X3;r4:2]~;@[#8X2;r4:3],824.4945607910156,122.21253383790314,2
[#6X3;r5:1]~;@[#6X4;r7:2]~;@[#8X2;r7:3],665.0904556884766,109.51449500098657,2
[#6X4;r3:1]~;@[#6X4;r6:2]~;@[#6X4;r5:3],585.440403076172,106.48215738687854,2
[#6X3;r5:1]~;@[#6X4;r3:2]~;@[#6X4;r5:3],67.6644257965088,144.80485983858102,-1
[#6X3;r5:1]~;@[#16X2;r6:2]~;@[#6X3;r6:3],1154.3770661621095,98.88266352007975,2
